time,N,P,Q,R
0.0,65.36302724951558,0.6767818669056073,51.244452169460814,60.21375357290574
0.13653020891416023,65.36170443755049,0.6796852489420102,51.46371986288142,60.338746148909536
0.27306041782832047,65.3577567887728,0.6826214132792018,51.68066115431447,60.460640249161486
0.4095906267424807,65.35121510231102,0.685590458143539,51.89525744473974,60.579447748085386
0.5461208356566409,65.34210966382521,0.6885924805549822,52.107490880479,60.695180973272976
0.6826510445708012,65.33047024039934,0.6916275763100231,52.31734434581555,60.80785268195377
0.8191812534849614,65.31632607637141,0.6946958399640574,52.52480145522724,60.91747603792359
0.9557114623991216,65.29970589005673,0.69779736481319,52.72984654525369,61.024064588943
1.0922416713132819,65.28063787131977,0.700932242875467,52.932464666018085,61.1276322446152
1.228771880227442,65.2591496799519,0.7041005648715247,53.13264157242363,61.228193254752036
1.3653020891416023,65.23526844481282,0.7073024202046507,53.33036371504464,61.325762188235096
1.5018322980557626,65.20902076369484,0.7105378969402483,53.525618230731666,61.4203539123781
1.6383625069699228,65.18043270387055,0.7138070817846986,53.7183929329498,61.51198357279533
1.774892715884083,65.14952980328506,0.7171100600636162,53.90867630186907,61.600666573780074
1.9114229247982433,65.11633707235586,0.72044691569949,54.09645747422532,61.68641855919579
2.0479531337124035,65.08087899634405,0.7238177311887075,54.28172623296959,61.769255393881835
2.1844833426265637,65.04317953826222,0.7272225875779563,54.464472996723636,61.84919314557486
2.321013551540724,65.0032621422854,0.7306615644399993,54.6446888090589,61.926248067345774
2.457543760454884,64.96114973763262,0.7341347398488207,54.822365327615586,62.00043658055175
2.5940739693690444,64.91686474288834,0.7376421903541391,54.99749481307837,62.07177525830166
2.7306041782832047,64.87042907073327,0.7411839909552853,55.17007011802448,62.14028080943293
2.867134387197365,64.82186413305654,0.7447602150744418,55.340084675659845,62.20597006299687
3.003664596111525,64.77119084642135,0.7483709345292445,55.50753248845809,62.26885995324912
3.1401948050256854,64.71842963785788,0.7520162195047418,55.67240811671718,62.328967505141215
3.2767250139398456,64.66360045095847,0.7556961385247128,55.83470666704767,62.38630982030866
3.413255222854006,64.6067227522509,0.7594107584223426,55.994423780806244,62.44090406355061
3.549785431768166,64.54781553782698,0.7631601443102543,56.1515556224878,62.49276744979563
3.6863156406823263,64.48689734020466,0.7669443595498985,56.30609886808877,62.541917231547664
3.8228458495964865,64.42398623540288,0.7707634657203006,56.458050693453906,62.58837068680601
3.959376058510647,64.35909985020943,0.7746175225861657,56.60740876261849,62.63214510745264
4.095906267424807,64.2922553696234,0.7785065880653427,56.75417121615723,62.67325778810008
4.232436476338967,64.22346954445396,0.7824307181956501,56.89833665955079,62.71172601539263
4.3689666852531275,64.15275869905939,0.7863899671010638,57.039904151580494,62.747567057753415
4.505496894167288,64.08013873920984,0.7903843869572695,57.1788731927612,62.780798155569926
4.642027103081448,64.0056251600594,0.7944140279565826,57.315243713822,62.81143651180988
4.778557311995608,63.929233054213,0.7984789382722373,57.44901606424389,62.839499283059716
4.915087520909768,63.85097711987506,0.8025791640220499,57.580191000863245,62.86500357097742
5.051617729823929,63.770871669067304,0.8067147492314575,57.708769676549416,62.8879664141516
5.188147938738089,63.68893063590405,0.8108857357959368,57.83475362896443,62.908404780358325
5.324678147652249,63.60516758491399,0.8150921634428084,57.95814476941236,62.92633555920746
5.461208356566409,63.519595719398154,0.8193340696924281,58.078945371785515,62.94177555517002
5.59773856548057,63.43222788981448,0.8236114898187721,58.19715806161426,62.954741480977965
5.73426877439473,63.34307660217996,0.8279244568094214,58.31278580522691,62.96524995138808
5.87079898330889,63.25215402648215,0.8322730013249479,58.42583189902572,62.97331747730126
6.00732919222305,63.15947200509214,0.8366571516577115,58.53629995888469,62.97896046022882
6.1438594011372105,63.065042061171894,0.841076933690072,58.644193909674605,62.98219518709736
6.280389610051371,62.96887540706933,0.8455323708520218,58.74951797492022,62.983037825383626
6.416919818965531,62.870982952694916,0.8500234840782475,58.85227666659436,62.981504418571134
6.553450027879691,62.77137531387419,0.8545502917646257,58.952474775053446,62.9776108819201
6.6899802367938515,62.67006282067106,0.8591128097241626,59.05011735911819,62.97137299854251
6.826510445708012,62.56705552567711,0.8637110511423817,59.14520973630359,62.962806415774125
6.963040654622172,62.462363212262474,0.8683450265321703,59.23775747320155,62.95192664183531
7.099570863536332,62.3559954027846,0.873014743688092,59.327766376019255,62.938749042772706
7.236101072450492,62.24796136675107,0.877720207640173,59.41524248127647,62.92328883967392
7.372631281364653,62.13827012893354,0.8824614206071738,59.500192046664196,62.90556110614737
7.509161490278813,62.026930477429644,0.8872383819493507,59.58262154206725,62.88558076605958
7.645691699192973,61.9139509716706,0.8920510881207229,59.66253764075293,62.86336259152265
7.782221908107133,61.799339950372044,0.8968995326208498,59.739947210727664,62.83892120112405
7.918752117021294,61.6831055394262,0.9017837059461321,59.81485730626343,62.81227105839188
8.055282325935455,61.56525565973365,0.9067035955406461,59.8872751595954,62.78342647048814
8.191812534849614,61.44579803497325,0.9116591857465218,59.95720817279209,62.75240158712312
8.328342743763773,61.324740199308884,0.9166504577538787,60.02466390979923,62.71921039968402
8.464872952677934,61.20208950503209,0.921677389550327,60.08965008865803,62.683866740571005
8.601403161592096,61.077853130139694,0.9267399558700511,60.1521745738988,62.64638428273414
8.737933370506255,60.95203808584575,0.9318381281424836,60.21224536911034,62.60677653940467
8.874463579420414,60.824651224027406,0.9369718744405868,60.26987060968549,62.56505686401447
9.010993788334575,60.69569924460427,0.942141159428752,60.32505855574305,62.52123845029733
9.147523997248737,60.56518870285119,0.9473459443103317,60.377817585226154,62.4753343325661
9.284054206162896,60.4331260166443,0.9525861867748192,60.42815618717701,62.427357386159855
9.420584415077055,60.29951747364054,0.9578618409446898,60.47608295518775,62.3773203280553
9.557114623991216,60.1643692383907,0.9631728573219193,60.521606581027044,62.32523571763678
9.693644832905377,60.02768735938643,0.968519182734193,60.56473584844206,62.2711159576195
9.830175041819537,59.889477776041474,0.9739007602808258,60.60547962713505,62.21497329512058
9.966705250733696,59.74974632560766,0.9793175292784047,60.64384686691392,62.15681982287278
10.103235459647857,59.60849875002618,0.984769425206174,60.679846592016006,62.096667480575896
10.239765668562018,59.46574070271478,0.990256379651179,60.713487895604,62.034528056380886
10.376295877476178,59.3214777552915,0.9957783202531866,60.74477993443315,61.97041318850192
10.512826086390337,59.17571540423566,1.0013351706494011,60.77373192368854,61.90433436695179
10.649356295304498,59.02845907748692,1.0069268504189943,60.80035313199128,61.8363029353961
10.78588650421866,58.87971414098313,1.0125532750274662,60.82465287657239,61.766330093121965
10.922416713132819,58.72948590513784,1.0182143557708623,60.84664051861288,61.69442689711683
11.058946922046978,58.577779631258245,1.0239099997198606,60.86632545874884,61.620604264253316
11.19547713096114,58.424600537904496,1.029640109663755,60.883717132739875,61.544872973576254
11.3320073398753,58.26995380719125,1.0354045840543515,60.89882500729942,61.46724366868766
11.46853754878946,58.113844591032176,1.0412033169498032,60.91165857608532,61.387726860226294
11.605067757703619,57.9562780173285,1.0470361979584033,60.92222735584912,61.30633292843782
11.74159796661778,57.797259196102274,1.0529031121823613,60.930540882742186,61.22307212583213
11.878128175531941,57.63679322557534,1.0588039401615834,60.93660870877714,61.13795457992444
12.0146583844461,57.47488519819472,1.0647385578174824,60.940440398442675,61.05099029605673
12.15118859336026,57.31154020660535,1.0707068363968437,60.94204552546996,60.962189160296326
12.287718802274421,57.14676334957082,1.076708642415767,60.94143366974888,60.87156094240842
12.424249011188582,56.980559737843,1.0827438376037137,60.93861441439214,60.779115298899676
12.560779220102742,56.812934499981246,1.0888122788476864,60.933597342945355,60.68486177612966
12.6973094290169,56.64389278812177,1.0949138181365632,60.926392036741184,60.588809813487515
12.833839637931062,56.47343978369798,1.101048302505619,60.91700807239563,60.490968746630905
12.970369846845223,56.30158070311233,1.1072155739812561,60.905455019444446,60.39134781078464
13.106900055759382,56.12832080336018,1.1134154695259793,60.89174243811767,60.289956144096344
13.243430264673542,55.953665387606286,1.1196478209836374,60.87587987725037,60.18680279104654
13.379960473587703,55.77761981071424,1.1259124550249666,60.857876872327516,60.081896705910836
13.516490682501864,55.600189484729476,1.132209193093461,60.83774294366092,59.97524675627165
13.653020891416023,55.4213798843159,1.1385378513516051,60.81548759469634,59.866861726577305
13.789551100330183,55.24119655214666,1.144898240627497,60.79112031044861,59.75675032174607
13.926081309244344,55.05964510424923,1.1512901663618937,60.7646505560627,59.64492117081304
14.062611518158505,54.87673123530476,1.1577134285557145,60.73608777549888,59.53138283061773
14.199141727072664,54.69246072390217,1.1641678217180298,60.70544139033968,59.416143789530175
14.335671935986824,54.50683943774653,1.1706531348145754,60.67272079871676,59.2992124712136
14.472202144900985,54.31987333882205,1.177169151216821,60.63793537435561,59.18059723842166
14.608732353815146,54.131568488509416,1.1837156486516296,60.60109446573598,59.060306396828224
14.745262562729305,53.94193105265713,1.1902923991515446,60.562207395366116,58.938348198887866
14.881792771643465,53.750967306606825,1.1968991690057387,60.521283459168586,58.814730847725244
15.018322980557626,53.55868364017193,1.2035357187116595,60.47833192597588,58.689462501051416
15.154853189471787,53.36508656256944,1.2102018029274133,60.43336203713351,58.56255127510544
15.291383398385946,53.17018270730413,1.216897170424919,60.38638300620885,58.43400524861937
15.427913607300106,52.97397883700467,1.2236215640438752,60.33740401880348,58.303832466805034
15.564443816214267,52.77648184821089,1.2303747206465756,60.28643423246715,58.17204094536078
15.700974025128428,52.577698776111404,1.237156371073612,60.23348277671129,58.03863867449665
15.837504234042587,52.37763679923083,1.2439662401005076,60.1785587531202,57.90363362297616
15.974034442956746,52.17630324406541,1.2508040463953167,60.12167123555771,57.76703374217315
16.11056465187091,51.973705589666224,1.257669502477233,60.06282927046763,57.62884697014206
16.24709486078507,51.76985147216873,1.2645623146762477,60.00204187726573,57.48908123569996
16.383625069699228,51.564748689267304,1.2714821830938994,59.939318048821505,57.3477444625189
16.520155278613387,51.358405204633634,1.2784288015651566,59.874666752027665,57.204844573226616
16.656685487527547,51.15082915227742,1.2854018576214754,59.80809692845544,57.060389493514556
16.79321569644171,50.94202884084786,1.2924010324550756,59.7396174950938,56.91438715625105
16.92974590535587,50.732012757874436,1.2994260008844776,59.66923734517061,56.76684550559852
17.06627611427003,50.52078957394502,1.306476431321346,59.59696534905378,56.617772501132734
17.20280632318419,50.30836814681985,1.31355198573868,59.522810355230675,56.46717612196292
17.33933653209835,50.09475752547924,1.3206523196403979,59.44678119136362,56.315064370850756
17.47586674101251,49.87996695410299,1.32777708203236,59.368886665419836,56.16144527832688
17.61239694992667,49.66400587597973,1.334925915394874,59.2891355668738,56.006326906803245
17.74892715884083,49.44688393734361,1.3420984556567266,59.20753666798019,55.849717354679576
17.88545736775499,49.22861099113636,1.3492943321707922,59.12409872511552,55.69162476044246
18.02198757666915,49.00919710069227,1.356513167691256,59.038830480186604,55.5320573067553
18.15851778558331,48.788652543343574,1.3637545783525065,58.95174066210398,55.37102322453742
18.295047994497473,48.56698781394377,1.3710181736497369,58.86283798831849,55.20853079703073
18.431578203411632,48.34421362830624,1.3783035564213035,58.772131166419044,55.04458836385221
18.568108412325792,48.120340926555386,1.3856103228328902,58.679628895789826,54.87920432503029
18.70463862123995,47.895380876387556,1.3929380623635195,58.58533986932501,54.71238714502364
18.84116883015411,47.669344876238796,1.4002863577934639,58.48927277519924,54.544145356720406
18.977699039068273,47.442244558356506,1.4076547851940986,58.39143629869187,54.374487565416025
19.114229247982433,47.214091791771956,1.4150429139197445,58.291839124063294,54.20342245276792
19.250759456896592,46.98489868517042,1.4224503066015473,58.19048993648133,54.03095878072507
19.387289665810755,46.7546775896559,1.4298765191434404,58.087397423996016,53.8571053954306
19.523819874724914,46.523441101407016,1.4373211007202347,57.98257027956077,53.681871231095414
19.660350083639074,46.29120206422075,1.4447835937778868,57.8760172030982,53.50526531384091
19.796880292553233,46.05797357194065,1.452263534035986,57.767746903608625,53.327296765508756
19.933410501467392,45.82376897076606,1.4597604504925084,57.657768101319476,53.14797480743572
20.069940710381555,45.588601861438704,1.4672738654308861,57.54608952987372,52.96730876419139
20.206470919295715,45.35248610130318,1.4748032944294296,57.432719938555415,52.7853080672767
20.343001128209874,45.115435806237606,1.4823482463731574,57.317668094550534,52.601982258781184
20.479531337124037,44.87746535245084,1.4899082234680685,57.200942785241125,52.417340994996614
20.616061546038196,44.63858937814247,1.4974827212579078,57.08255282053101,52.23139404998495
20.752591754952356,44.398822785021736,1.505071228643465,56.96250703520101,52.04415131909819
20.889121963866515,44.15818073968181,1.512673227904451,56.84081429129183,51.85562282244797
21.025652172780674,43.916678674825384,1.5202881947239915,56.71748348051274,51.665818708322426
21.162182381694837,43.67433229033782,1.5279155982157846,56.59252352667404,51.47474925654802
21.298712590608996,43.43115755420405,1.535554900953957,56.46594338814134,51.282424881793986
21.435242799523156,43.18717070326519,1.543205559005666,56.33775206030983,51.08885613681673
21.57177300843732,42.942388243811244,1.5508670219664773,56.207958578096445,50.89405371564201
21.708303217351478,42.69682695200587,1.5585387329985672,56.076572018448026,50.69802845668206
21.844833426265637,42.45050387413931,1.5662201288717799,55.94360150286339,50.500791345785395
21.981363635179797,42.203436326705855,1.5739106400075795,55.80905619992743,50.3023535192165
22.117893844093956,41.95564189630191,1.5816096905259296,55.67294532785513,50.10272626656294
22.25442405300812,41.70713843934088,1.5893166982951383,55.53527815704346,49.90192103356715
22.39095426192228,41.45794408158125,1.5970310749846985,55.39606401262913,49.699949424880366
22.527484470836438,41.20807721746407,1.6047522261211595,55.255312277050166,49.49682320673585
22.6640146797506,40.95755650925635,1.6124795511470562,55.11303239260911,49.29255430953879
22.80054488866476,40.70640088599682,1.6202124434829273,54.96923386403593,49.08715483037022
22.93707509757892,40.454629542240454,1.6279502905924532,54.823926261048314,48.880637035401946
23.07360530649308,40.20226193659857,1.6356924740507348,54.677119220907386,48.673013362220104
23.210135515407238,39.94931779007115,1.6434383696157429,54.52882245096666,48.46429642205413
23.3466657243214,39.69581708416818,1.6511873473029588,54.37904573121195,48.25449900190873
23.48319593323556,39.44178005881705,1.6589387714632289,54.227798916790306,48.0436340665958
23.61972614214972,39.18722721005299,1.666692000863856,54.0750919405255,47.83171476066361
23.756256351063882,38.932179287489795,1.674446388772939,53.9209348154181,47.618754410220404
23.892786559978042,38.67665729156836,1.6822012830469852,53.76533763712774,47.40476652464968
24.0293167688922,38.420682470580154,1.6899560262218043,53.60831058643548,47.189764798214185
24.16584697780636,38.16427631746376,1.6977099556066995,53.449863931683865,46.97376311154607
24.30237718672052,37.90746056637207,1.7054624033819656,53.290008031192606,46.756775533020246
24.438907395634683,37.65025718900826,1.7132126966997026,53.12875333564742,46.538816320008266
24.575437604548842,37.39268839072881,1.7209601577879499,52.96611039045989,46.31989992001
24.711967813463,37.13477660641203,1.7287041040581501,52.80208983809597,46.10004097166038
24.848498022377164,36.87654449609075,1.7364438482159372,52.63670242037084,45.87925430560844
24.985028231291324,36.618014940348104,1.7441786983752552,52.46995898070785,45.65755494526634
25.121558440205483,36.35921103547552,1.7519079581758006,52.30187046635915,45.43495810742527
25.258088649119642,36.10015608839237,1.759630926903786,52.13244793058574,45.21147920273611
25.3946188580338,35.84087361132692,1.767346899616014,51.961702534794604,44.987133836052195
25.531149066947965,35.58138731625846,1.775055167267257,51.78964555063053,44.76193780663163
25.667679275862124,35.32172110912088,1.782755016840923,51.61628836202041,44.53590710819695
25.804209484776283,35.061899083768154,1.790445731482997,51.44164246716749,44.30905792884963
25.940739693690446,34.801945515702506,1.7981265906392403,51.26571948049344,44.08140665083738
26.077269902604606,34.54188485556642,1.8057968701956215,51.08853113452574,43.852969850171874
26.213800111518765,34.2817417223998,1.813455842621963,50.91008928172816,43.62376429609495
26.350330320432924,34.021540896664035,1.8211027771187707,50.73040589627202,43.39380695039121
26.486860529347084,33.761307313035125,1.828736939767222,50.54949307574573,43.163114966545166
26.623390738261246,33.50106605296807,1.8363575936822765,50.367363042800626,42.93170568874106
26.759920947175406,33.240842337035396,1.8439639991688763,50.18402814673053,42.69959665070378
26.896451156089565,32.98066151704281,1.851555413881199,49.99950086498291,42.466805574379094
27.032981365003728,32.72054906792543,1.8591310929849194,49.813793804599335,42.23335036845191
27.169511573917887,32.4605305794284,1.8666902893224386,49.62691970358299,41.999249126701145
27.306041782832047,32.20063174757585,1.8742322535810332,49.43889143219111,41.76452012618996
27.442571991746206,31.94087836593302,1.8817562344638732,49.249721994149986,41.52918182529029
27.579102200660365,31.681296316666046,1.8892614788638566,49.05942452779059,41.293252861540765
27.71563240957453,31.421911561404844,1.8967472320402048,48.868012307102546,41.056752049337184
27.852162618488688,31.162750131914667,1.9042127377977582,48.67549874270439,40.81969837745488
27.988692827402847,30.903838120582144,1.9116572386689128,48.48189738272812,40.582111006402485
28.12522303631701,30.645201670722276,1.9190799760981276,48.2872219136159,40.34400926560686
28.26175324523117,30.386866966713004,1.9264801906289384,48.09148616082712,40.105412650428846
28.39828345414533,30.128860223964324,1.9338571220934053,47.894704089453704,39.86634081901
28.534813663059488,29.871207678729412,1.9412100098039182,47.69688980474191,39.6268135889504
28.671343871973647,29.613935577765513,1.9485380927472844,47.49805755251876,39.386850933817904
28.80787408088781,29.357070167852587,1.955840609781015,47.29822171952133,39.14647297948944
28.94440428980197,29.10063768517824,1.9631167998317296,47.097396833627165,38.90570000032501
29.08093449871613,28.8446643445976,1.9703659020955908,46.8955975639842,38.66455241517531
29.217464707630292,28.58917632877731,1.9775871562406782,46.692838721038605,38.423050783224134
29.35399491654445,28.334199777232968,1.98477980261121,46.48913525645905,38.18121579966691
29.49052512545861,28.079760775269683,1.99194308243352,46.284502262955804,37.939068291226654
29.62705533437277,27.825885342835843,1.9990762380236837,46.07895497399358,37.69662921150941
29.76358554328693,27.57259942330025,2.0061785129967022,45.872508763396496,37.453919636200816
29.900115752201092,27.31992887216318,2.0132491524771337,45.665179144844224,37.21096075810593
30.03664596111525,27.067899445712232,2.0202874033110665,45.45698177125802,36.9677738820349
30.17317617002941,26.816536789633812,2.02729251427933,45.24793243407564,36.72438041953667
30.309706378943574,26.56586642759172,2.034263736311824,45.03804706241421,36.48080188348372
30.446236587857733,26.315913749784123,2.0412003227028612,44.827341722120174,36.23705988251072
30.582766796771892,26.066704001490567,2.0481015293273983,44.61583261470553,35.99317611531022
30.71929700568605,25.81826227162092,2.054966614858045,44.40353607616975,35.7491723647888
30.85582721460021,25.57061348127808,2.0617948409827234,44.190468575706674,35.505070492087256
30.992357423514374,25.32378237234664,2.068585472622858,43.97664671429615,35.260892430468566
31.128887632428533,25.07779349611964,2.0753377781519746,43.76208722317979,35.016660179077704
31.265417841342693,24.832671201975664,2.0820510296145764,43.54680696222079,34.772395796577335
31.401948050256856,24.588439626118696,2.0887245029451713,43.330822918147575,34.52812139466397
31.538478259171015,24.345122680393096,2.0953574781873185,43.11415220268128,34.283859131469036
31.675008468085174,24.102744041186085,2.101949239712568,42.89681205054716,34.03963120484963
31.811538676999334,23.861327138430177,2.1084990764391525,42.67881981737004,33.795459845573944
31.948068885913493,23.620895144717956,2.1150062820503033,42.46019297745426,33.551367310406526
32.08459909482765,23.38147096454151,2.121470155212052,42.240949121448466,33.30737587509859
32.22112930374182,23.1430772236688,2.1278899997903835,42.02110595389579,33.063507827288966
32.35765951265598,22.905736258669215,2.134265125067597,41.80068129067023,32.81978545932127
32.49418972157014,22.669470106600123,2.1405948459577466,41.57969305629975,32.57623106098305
32.6307199304843,22.434300494866708,2.1468784832210157,41.35815928117744,32.33286691217299
32.767250139398456,22.200248831266492,2.153115363676884,41.13609809866136,32.08971527550218
32.903780348312615,21.96733619423028,2.159304820415956,40.91352774206452,31.846798388835612
33.040310557226775,21.73558332327082,2.165446193010305,40.690466541536246,31.604138457780454
33.176840766140934,21.50501060965027,2.1715388277221885,40.46693292083621,31.361757648127355
33.31337097505509,21.275638087277315,2.177582077711011,40.24294539400285,31.119678078251525
33.44990118396926,21.047485423844524,2.1835753032383756,40.01852256191778,30.87792181148017
33.58643139288342,20.82057191221621,2.189517871871096,39.79368310876792,30.63651084843319
33.72296160179758,20.59491646207654,2.1954091586820343,39.56844579840734,30.395467119343717
33.85949181071174,20.37053759184784,2.201248546448616,39.34282947062085,30.154812476365798
33.9960220196259,20.147453420887945,2.207035425848891,39.11685303729145,29.91456868587591
34.13255222854006,19.92568166197567,2.2127691956550093,38.89053547847389,29.67475742077544
34.269082437454216,19.70523961409268,2.218449262923968,38.66389583837688,29.435400252801223
34.40561264636838,19.486144155509884,2.2240750431855054,38.43695322125616,29.196518644851214
34.54214285528254,19.2684117371859,2.2296459606270007,38.20972678722143,28.958133943332452
34.6786730641967,19.052058376484577,2.2351614482752633,37.98223574795946,28.7202673705383
34.81520327311086,18.837099651218455,2.24062094817507,37.75449936237654,28.482940017062266
34.95173348202502,18.623550694024196,2.246023911564332,37.52653693216305,28.246172834255432
35.08826369093918,18.41142618707566,2.2513697990457673,37.298367797283106,28.009986626734477
35.22479389985334,18.200740357139885,2.256658080754954,37.07001133139267,27.774402044947447
35.3613241087675,17.99150697098062,2.261888236524652,36.84148693718906,27.539439577804202
35.49785431768166,17.783739331113498,2.2670597560452674,36.61281404169535,27.30511954537843
35.634384526595824,17.577450271916575,2.2721721390213556,36.38401209148307,27.071462091688144
35.77091473550998,17.372652156099296,2.277224895324046,36.1551005478366,26.83848717756137
35.90744494442414,17.169356871532308,2.2822175451392868,35.92609888186281,26.60621457359366
36.0439751533383,16.96757582844042,2.2871496191117995,35.69702656954983,26.37466385320409
36.18050536225246,16.767319956959916,2.2920206584846463,35.467903086778186,26.14385438579609
36.31703557116662,16.568599705061274,2.2968302152343103,35.238747904288644,25.913805330029465
36.45356578008078,16.37142503683769,2.301577852201199,35.009580482610104,25.684535627209787
36.590095988994946,16.175805431159205,2.3062631432154745,34.78042026695172,25.456063994801116
36.726626197909106,15.981749880691847,2.3108856732181313,34.55128668206315,25.228408920068116
36.863156406823265,15.789266891280393,2.3154450383772334,34.322199127066675,25.00158865385294
36.999686615737424,15.598364481693242,2.3199408461992346,34.09317697026566,24.775621204492815
37.136216824651584,15.40905018372696,2.3243727156353073,33.86423954393295,24.55052433188335
37.27274703356574,15.221331042667847,2.3287402771826127,33.63540613908361,24.326315541692917
37.4092772424799,15.035213618107168,2.3330431729804415,33.40669600023592,24.103012079733006
37.54580745139406,14.85070398510638,2.337281056901165,33.17812832016493,23.880630926489257
37.68233766030822,14.667807735708045,2.3414535946359467,32.94972223465255,23.65918879181783
37.81886786922239,14.486529980787797,2.345560463775148,32.72149681723836,23.438702109811324
37.95539807813655,14.306875352242217,2.3496013538833957,32.49347107397549,23.219187033838462
38.091928287050706,14.128848005506924,2.353575966569257,32.265663938195324,23.000659431761214
38.228458495964865,13.952451622399044,2.357484015549485,32.03809426528551,22.78313488133325
38.364988704879025,13.77768941427754,2.361325226707813,31.810780827485313,22.56662866578294
38.501518913793184,13.60456412551463,2.3650993381482417,31.583742308702288,22.351155769584086
38.63804912270734,13.433078037271153,2.3688061002428307,31.356997299354454,22.136730874417363
38.77457933162151,13.26323297156834,2.372445275673941,31.13056429124199,21.92336835532503
38.91110954053567,13.0950302956482,2.3760166394709383,30.904461672452527,21.711082277061422
39.04763974944983,12.928470926614233,2.379519979041332,30.67870772230379,21.49988639064125
39.18416995836399,12.76355533634421,2.382955094196355,30.453320606327782,21.28979413008775
39.32070016727815,12.600283556666138,2.386321797170976,30.22831837130017,21.080818609382234
39.45723037619231,12.438655184788507,2.389619912638355,30.003718940318777,20.87297261961647
39.593760585106466,12.278669388975612,2.3928492777187462,29.779540107934917,20.666268626349012
39.730290794020625,12.120324914458509,2.3960097419828705,29.5557995353412,20.460718767166384
39.866821002934785,11.963620089572036,2.3991011674497624,29.3325147456195,20.256334849449708
40.00335121184895,11.808552832108086,2.4021234285791313,29.109703119052515,20.053128348347236
40.13988142076311,11.65512065587529,2.40507641225825,28.88738188850255,19.85111040495285
40.27641162967727,11.503320677454944,2.4079600177834175,28.665568134860607,19.650291824690374
40.41294183859143,11.353149623143157,2.4107741568360193,28.444278782569384,19.450683075903502
40.54947204750559,11.204603836068943,2.413518753453235,28.223530595223153,19.25229428865059
40.68600225641975,11.057679283477913,2.416193743993441,28.003340171247707,19.055135253703565
40.82253246533391,10.912371564171323,2.418799077096347,27.78372393966334,18.859215421749838
40.959062674248074,10.768675916090025,2.4213347136379366,27.564698155933783,18.66454390279601
41.09559288316223,10.626587224033058,2.423800626680257,27.34627889790392,18.471129465771824
41.23212309207639,10.486100027500381,2.4261968014161255,27.128482061828826,18.27898053833257
41.36865330099055,10.347208528649606,2.4285232351088237,26.91132335849689,18.088105206858163
41.50518350990471,10.20990660035633,2.4307799370268373,26.6948183094494,17.898511216646675
41.64171371881887,10.074187794367944,2.4329669283737303,26.478982243298912,17.710205972299956
41.77824392773303,9.940045349540764,2.435084242213221,26.263830292148697,17.523196538298926
41.91477413664719,9.807472200150503,2.43713192338954,26.049377388115335,17.337489639765717
42.05130434556135,9.676460984266187,2.4391100284431655,25.83563825995652,17.15309166340992
42.187834554475515,9.547004052177737,2.4410186255220085,25.622627429805846,16.970008658655757
42.324364763389674,9.419093474867644,2.442857794288151,25.410359210016487,16.788246338947104
42.460894972303834,9.292721052517207,2.4446276258202206,25.198847700115195,16.607810083226827
42.59742518121799,9.167878323038142,2.446328222511509,24.988106783868343,16.428704937587135
42.73395539013215,9.044556570620419,2.4479596979639227,24.778150126461266,16.250935617087155
42.87048559904631,8.922746834287407,2.4495221768778723,24.56899117179221,16.074506507733975
43.00701580796047,8.802439916449673,2.451015794938207,24.360643139881986,15.899421668623324
43.14354601687464,8.683626391448914,2.4524406986962957,24.15311902440041,15.725684834235784
43.2800762257888,8.566296614083832,2.4537970454483653,23.94643159031042,15.553299416884549
43.416606434702956,8.45044072810981,2.455085003110209,23.7405933716305,15.38226850931031
43.553136643617115,8.336048674704745,2.4563047500883712,23.53561666931628,15.212594887419202
43.689666852531275,8.223110200893416,2.457456475147931,23.331513549261672,15.044281013159253
43.826197061445434,8.111614867923109,2.458540377276988,23.12829584042002,14.877329037530936
43.96272727035959,8.00155205958351,2.4595566655479835,22.925975133045508,14.711740803727325
44.09925747927375,7.892910990464077,2.4605055589759597,22.724562777055066,14.547517850399212
44.23578768818791,7.785680714142388,2.461387286373885,22.524069880510734,14.38466141504061
44.37231789710208,7.67985013129726,2.4622020862051652,22.324507308222493,14.223172437489927
44.50884810601624,7.575407997740686,2.462950206433458,22.125885680471416,14.06305156354217
44.6453783149304,7.472342932362834,2.463631904369918,21.92821537185271,13.904299148667299
44.78190852384456,7.370643424984827,2.464247446517986,21.731506510238432,13.746915261830171
44.918438732758716,7.270297844114055,2.4647971084158575,21.53576897585932,13.590899689407156
45.054968941672875,7.171294444597219,2.465281174476743,21.34101240050505,13.436251939194708
45.191499150587035,7.073621375166497,2.465699937827047,21.14724616684236,13.282971244505132
45.3280293595012,6.977266685874529,2.4660537001425924,20.95447940785013,13.131056568344741
45.46455956841536,6.882218335414197,2.466342771483006,20.7627210063706,12.98050660766973
45.60108977732952,6.788464198319359,2.466567470124394,20.571979594775627,12.831319797714897
45.73761998624368,6.69599207204312,2.466728122390432,20.382263554747045,12.683494316390693
45.87415019515784,6.604789683910325,2.466825062481978,20.19358101716984,12.537028088743774
46.010680404072,6.51484469794132,2.4668586323053505,20.005939862136948,12.391918791476513
46.14721061298616,6.426144721544233,2.4668291812993735,19.81934771906431,12.248163857520833
46.28374082190032,6.338677312073312,2.466737066261318,19.63381196691478,12.105760480661862
46.420271030814476,6.2524299832510595,2.4665826511718576,19.44933973452944,11.964705620206873
46.55680123972864,6.167390211452191,2.4663663070191535,19.265937901064646,11.824996005695125
46.6933314486428,6.083545441847666,2.466088411622187,19.083613096533384,11.686628141644215
46.82986165755696,6.000883094407197,2.4657493494534566,18.902371702448928,11.549598312328609
46.96639186647112,5.919390569759036,2.4653495114611483,18.72221985256939,11.413902586586188
47.10292207538528,5.839055254905866,2.4648892948908983,18.543163433741082,11.279536822648584
47.23945228429944,5.759864528795954,2.464369103107253,18.365208086838944,11.146496672991265
47.3759824932136,5.681805767748894,2.4637893454149387,18.1883592078021,11.014777589199351
47.512512702127765,5.604866350735469,2.46315043688005,18.01262194876249,10.884374826845228
47.649042911041924,5.529033664511363,2.4624527981512583,17.838001219264715,10.755283450374193
47.785573119956084,5.454295108604581,2.4616968552811462,17.66450168757481,10.627498337994272
47.92210332887024,5.380638100156735,2.460883039547773,17.49212778207606,10.501014186566676
48.0586335377844,5.308050078618394,2.4600117872765668,17.320883692749593,10.37582551649327
48.19516374669856,5.2365185102989535,2.4590835396626423,17.150773372737593,10.2519266765976
48.33169395561272,5.166030892771571,2.458098742593641,16.981800539986963,10.129311848996116
48.46822416452688,5.096574759133929,2.457057846473186,16.81396867897116,10.007975053956315
48.60475437344104,5.028137682125686,2.455961306045048,16.647281042488018,9.88791015473864
48.741284582355206,4.960707278103603,2.4548095802180994,16.481740653531183,9.769110862419033
48.877814791269365,4.89427121087554,2.4536031318921605,16.317350307233006,9.65157074068925
49.014345000183525,4.828817195394511,2.452342427784805,16.15411257287639,9.535283210631924
49.150875209097684,4.764333001314244,2.451027938259222,15.992029795973476,9.420241555467769
49.28740541801184,4.700806456407699,2.449660137153201,15.831104100408698,9.306438925272145
49.423935626926,4.638225449850139,2.4482395016093275,15.671337390643933,9.193868341658474
49.56046583584016,4.576577935368446,2.4467665119064597,15.51273135398336,9.082522702426012
49.69699604475433,4.515851934258459,2.445241651292557,15.355287462895724,8.972394786169643
49.83352625366849,4.45603553827221,2.443665405818934,15.199006977391672,8.863477256849443
49.97005646258265,4.397116912376949,2.4420382641760052,15.04389094745372,8.755762668317782
50.10658667149681,4.339084297388036,2.4403607175305844,14.889940215516665,8.649243468802027
50.243116880410966,4.281926012477723,2.438633259364803,14.737155418996018,8.543912005340783
50.379647089325125,4.225630457561995,2.4368563853167093,14.585536992862158,8.43976052817186
50.516177298239285,4.170186115567635,2.4350305930225997,14.435085172257915,8.336781195070214
50.652707507153444,4.115581554581772,2.4331563819611404,14.285799995157301,8.23496607563415
50.7892377160676,4.061805429886196,2.431234253299336,14.137681305063083,8.134307155518268
50.92576792498177,4.008846485878738,2.4292647097403863,13.99072875374098,8.034796340611644
51.06229813389593,3.9566935578841176,2.427248255373486,13.844941803988247,7.936425461159891
51.19882834281009,3.9053355738565774,2.4251853955256077,13.700319732434359,7.839186275829753
51.33535855172425,3.8547615559767867,2.4230766366153156,13.556861632371735,7.743070475715101
51.47188876063841,3.804960622145388,2.420922486008642,13.414566416614234,7.6480696882831705
51.60841896955257,3.7559219873756624,2.418723451877073,13.273432820381313,7.554175481260016
51.744949178466726,3.7076349650877605,2.4164800430576765,13.133459404205762,7.46137936645426
51.88147938738089,3.6600889683069564,2.4141927689153984,12.994644556862884,7.36967280351824
52.01800959629505,3.6132735107684306,2.411862139207566,12.856986498319156,7.279047203645831
52.15453980520921,3.567178207930989,2.4094886639506274,12.720483282698224,7.189493933206155
52.29107001412337,3.5217927779022498,2.407072853289144,12.585132801262375,7.101004317312642
52.42760022303753,3.4771070422777246,2.40461521736707,12.450932785407465,7.0135696433268455
52.56413043195169,3.433110926896253,2.4021162662013342,12.317880809669395,6.92718116429654
52.70066064086585,3.3897944625142347,2.3995765095577477,12.185974294740255,6.841830102327694
52.83719084978001,3.3471477854010834,2.3969964568292514,12.055210510492323,6.757507651890007
52.97372105869417,3.305161137858316,2.394376616916523,11.925586579008046,6.6742049830556995
53.110251267608334,3.2638248686646563,2.39171749811095,11.797099477614307,6.5919132446713835
53.24678147652249,3.223129433449545,2.3890196079799892,11.669746041919218,6.510623567462879
53.38331168543665,3.1830653949973606,2.3862834532549138,11.543522968849706,6.430327067072829
53.51984189435081,3.143623423484716,2.383509539720962,11.418426819688317,6.351014847031184
53.65637210326497,3.1047942966530844,2.380698372109888,11.294454023107592,6.272678001658527
53.79290231217913,3.0665688999190395,2.377850453994922,11.171600878200424,6.195307618902335
53.92943252109329,3.028938226424325,2.3749662876881423,11.049863557504898,6.118894783106343
54.065962730007456,2.9918933770279614,2.3720463741402527,10.929238110022116,6.043430577713166
54.202492938921615,2.955425560242557,2.369091212842778,10.80972046422557,5.968906087900459
54.339023147835775,2.9195260921169313,2.3661013017326593,10.691306431060614,5.895312403150842
54.475553356749934,2.8841863960671748,2.3630771370992543,10.573991706932736,5.822640619755992
54.61208356566409,2.849398002658184,2.3600192134937332,10.457771876683273,5.75088184325522
54.74861377457825,2.8151525493376894,2.3569280236408656,10.34264241655128,5.680027190808959
54.88514398349241,2.781441780124766,2.3538040583531834,10.22859869712034,5.610067793507628
55.02167419240657,2.748257545254759,2.3506478064475176,10.115635986249089,5.540994798616346
55.15820440132073,2.7155918007825317,2.34745975466389,10.003749451984332,5.4727993717560155
55.2947346102349,2.6834366081458936,2.344240387586752,9.892934165455603,5.4054726990213435
55.43126481914906,2.651784133691037,2.340990187568557,9.783185103750146,5.3390059890363935
55.567795028063216,2.620626648161738,2.3377096346556403,9.674497152767179,5.273390474948239
55.704325236977375,2.5899565261540953,2.334399206516409,9.566865110050593,5.2086174163594245
55.840855445891535,2.5597662455384724,2.331059378371808,9.460283687599016,5.144678101199866
55.977385654805694,2.53004838685032,2.327690622928049,9.35474751465238,5.081563847538887
56.11391586371985,2.5007956326514758,2.3242934103115878,9.250251140454113,5.019266005338126
56.25044607263402,2.472000766863525,2.3208682080063174,9.146789036988096,4.957775958146031
56.38697628154818,2.4436566740747567,2.3174154807929743,9.044355601689666,4.897085124734723
56.52350649046234,2.4157563388221823,2.313935690690711,8.942945160129762,4.837184960679973
56.6600366993765,2.3882928448500955,2.3104292969008378,8.842551968671646,4.7780669598851215
56.79656690829066,2.3612593743465626,2.306896755752688,8.743170217099438,4.719722656049731
56.93309711720482,2.334649207159215,2.3033385206515957,8.644794031217815,4.662143624083788
57.069627326118976,2.3084557199916707,2.299755042028956,8.547417475422275,4.605321481468301
57.206157535033135,2.2826723855818765,2.296146767294341,8.45103455523941,4.549247889563143
57.342687743947295,2.257292771863616,2.292514140789647,8.355639219836604,4.493914554862985
57.47921795286146,2.232310541112388,2.2888576037452446,8.261225364500682,4.439313230202191
57.61574816177562,2.2077194490768424,2.285177594238103,8.167786833085033,4.385435715909564
57.75227837068978,2.1835133440968835,2.281474547151866,8.075317420424735,4.332273860913785
57.88880857960394,2.1596861662095574,2.2777488941388406,7.983810874719309,4.279819563800482
58.0253387885181,2.1362319462437735,2.274001063583881,7.893260899882705,4.228064773821775
58.16186899743226,2.11314480490488,2.2702314805701316,7.803661157860192,4.177001491859225
58.29839920634642,2.09041895185009,2.2664405668465983,7.715005270911797,4.12662177134106
58.434929415260584,2.068048684755698,2.2626287407975227,7.6272868238620415,4.076917719114591
58.57145962417474,2.046028388377024,2.258796417413529,7.540499366315723,4.027881496274728
58.7079898330889,2.02435253360194,2.2549440082645047,7.454636414839452,3.979505318949448
58.84452004200306,2.0030156764988627,2.251071921474197,7.36969145510882,3.9317814590431874
58.98105025091722,1.9820124573600113,2.2471805616964837,7.285657944020973,3.884702244938998
59.11758045983138,1.9613375997407196,2.243270330093292,7.202529311772447,3.8382600621603835
59.25411066874554,1.9409859094955653,2.2393416243141346,7.120298963902156,3.792447353993712
59.3906408776597,1.920952273812038,2.2353948384772266,7.038960283299418,3.7472566220720824
59.52717108657386,1.9012316602424408,2.231430363152162,6.95850663217694,3.7026804269215443
59.663701295488025,1.8818191157346982,2.2274485853441073,6.878931354008734,3.65871138847053
59.800231504402184,1.8627097656627063,2.2234498884794855,6.800227775432911,3.6153421865234017
59.93676171331634,1.8438988128568305,2.2194346523931223,6.722389208119328,3.5725655611989424
60.0732919222305,1.8253815366351513,2.215403253316818,6.645408950602153,3.5303743133346908
60.20982213114466,1.8071532918360007,2.2113560638693164,6.569280290077336,3.4887613048579547
60.34635234005882,1.7892095078523325,2.2072934530476367,6.4939965041650565,3.447719459124349
60.48288254897298,1.7715456876684292,2.2032157862197437,6.419550862637212,3.4072417612247055
60.61941275788715,1.7541574068994341,2.1991234251185174,6.345936629110051,3.367321258261173
60.75594296680131,1.7370403128341692,2.195016727836997,6.273147062702057,3.327951059593356
60.892473175715466,1.7201901234816683,2.1908960488248637,6.201175419657175,3.28912433705526
61.029003384629625,1.7036026266218587,2.186761738886136,6.130014954933591,3.250834325143894
61.165533593543785,1.6872736788607678,2.1826141451780465,6.059658923758155,3.2130743211802963
61.302063802457944,1.6711992046906423,2.178453611211068,5.990100583146664,3.1758376854437755
61.4385940113721,1.655375195555325,2.1742804768500585,5.921333193390171,3.139117841280137
61.57512422028626,1.6397977089212297,2.170095078316499,5.853350019507538,3.102908275184664
61.71165442920042,1.6244628673542227,2.165897748191792,5.786144332664431,3.067202536860604
61.84818463811459,1.6093668576027165,2.161688815421592,5.719709411559007,3.0319942392538923
61.98471484702875,1.5945059296872486,2.157468605321139,5.654038543774529,2.997277058564869
62.12124505594291,1.5798763959968076,2.1532374395815688,5.589125027099123,2.9630447342376702
62.25777526485707,1.5654746303921585,2.148995636277163,5.524962170813014,2.9292910689280425
62.394305473771226,1.5512970673163897,2.1447435098735266,5.461543296943458,2.8960099284502485
62.530835682685385,1.5373402009129022,2.140481371236649,5.398861741487669,2.8631952417037656
62.667365891599545,1.523600584151036,2.1362095276428326,5.336910855604045,2.8308410005804387
62.80389610051371,1.5100748279595215,2.1319282827894535,5.275684006771993,2.7989412598527603
62.94042630942787,1.4967596003679289,2.1276379368065372,5.215174579920665,2.7674901370439264
63.07695651834203,1.483651625656267,2.1233387862691124,5.1553759785269,2.7364818122802923
63.21348672725619,1.4707476835128868,2.1190311242103257,5.096281625682756,2.705910528126879
63.35001693617035,1.4580446082008147,2.1147152401352853,5.03788496513291,2.675770589406528
63.48654714508451,1.4455392877326418,2.110391420035614,4.980179462282299,2.6460563630033107
63.62307735399867,1.4332286630540751,2.106059946404683,4.923158605174341,2.6167622776507873
63.75960756291283,1.4211097272362536,2.1017210982535013,4.866815905440086,2.5878828237056934
63.896137771826986,1.4091795246769159,2.0973751511272396,4.811144899218668,2.5594125529076184
64.03266798074115,1.3974351503104965,2.0930223771223644,4.756139148049401,2.5313460781252335
64.1691981896553,1.3858737488272272,2.0886630449043584,4.70179223973592,2.503678073089624
64.30572839856947,1.3744925139012836,2.084297419725999,4.6480977891826765,2.476403272115225
64.44225860748364,1.3632886874280608,2.079925763446189,4.595049439204271,2.4495164698089393
64.57878881639779,1.3522595587705872,2.075548334549293,4.542640861307885,2.423012520767885
64.71531902531196,1.3414024640151252,2.071165388164977,4.490865756449251,2.396886339266299
64.85184923422611,1.3307147852359977,2.0667771760885287,4.439717855762594,2.371132898932109
64.98837944314027,1.3201939497696302,2.0623839468016194,4.3891909212648,2.345747232413584
65.12490965205443,1.3098374294978552,2.0579859454935154,4.339278746534368,2.320724431036608
65.2614398609686,1.2996427401404504,2.0535834140826896,4.289975157365366,2.296059644452945
65.39797006988275,1.2896074405569447,2.0491765912388407,4.241274012396951,2.2717480802800223
65.53450027879691,1.2797291320576487,2.0447657124052734,4.193169203718677,2.2477850037325853
65.67103048771108,1.2700054577239341,2.040351009821649,4.1456546574521544,2.224165737246713
65.80756069662523,1.2604341017377132,2.035932712547064,4.098724334309319,2.2008856600965516
65.9440909055394,1.2510127887201106,2.031511046483449,4.052372230127759,2.1779402080041863
66.08062111445355,1.2417392830793041,2.0270862343992793,4.006592376383547,2.1553248727430625
66.21715132336772,1.2326113883674816,2.0226584959535536,3.9613788406818506,2.1330352017352827
66.35368153228187,1.2236269466469034,2.0182280477200574,3.9167257272258524,2.111066797643214
66.49021174119603,1.2147838378650015,2.013795103211863,3.8726271772642433,2.0894153179556927
66.62674195011019,1.2060799792384993,2.0093598729060766,3.8290773695178113,2.068076474569257
66.76327215902435,1.1975133246464706,2.0049225642687953,3.7860705205853833,2.0470460333646585
66.89980236793852,1.1890818640323193,2.0004833817802727,3.7436008853296405,2.0263198137790708
67.03633257685267,1.1807836228145965,1.9960425269602737,3.701662757243093,2.0058936883742446
67.17286278576684,1.1726166613066094,1.9916001983935985,3.6602504687946373,1.9857635824009559
67.30939299468099,1.1645790741447655,1.9871565917557734,3.6193583917571317,1.9659254733600626
67.44592320359516,1.1566689897255693,1.9827118998388809,3.5789809375162585,1.9463753905604158
67.58245341250931,1.148884569651229,1.978266312577528,3.5391125573611886,1.9271094146739716
67.71898362142348,1.1412240081837803,1.9738200170749278,3.499747742757296,1.9081236772883179
67.85551383033764,1.133685531707677,1.9693731976290936,3.4608810256014144,1.8894143604569456
67.9920440392518,1.1262673982007612,1.9649260357591214,3.422506978459923,1.8709776962474716
68.12857424816596,1.11896789671354,1.9604787102315564,3.3846202147900537,1.8528099662880912
68.26510445708011,1.1117853468567036,1.956031397086831,3.347215389144844,1.8349075013125167
68.40163466599428,1.1047180982967881,1.9515842696657568,3.3102871973619896,1.8172666807035949
68.53816487490843,1.0977645302599226,1.9471374986360694,3.273830376737078,1.7998839320358875
68.6746950838226,1.0909230510435592,1.9426912520190038,3.2378397061814486,1.7827557306173785
68.81122529273676,1.0841920975361283,1.938245695215901,3.202310006365136,1.7658785990305763
68.94775550165092,1.0775701347445124,1.9338009910348268,3.167236139845164,1.749249106673174
69.08428571056508,1.0710556553292665,1.9293572997171962,3.1326130111795694,1.732863869298483
69.22081591947924,1.0646471791475065,1.924914778964398,3.0984355670275403,1.7167195485558515
69.3573461283934,1.0583432528033605,1.920473583964401,3.0646987962359096,1.7008128515312106
69.49387633730755,1.0521424492059204,1.916033867418344,3.0313977299124586,1.6851405302879776
69.63040654622172,1.0460433671345848,1.9115957795670881,2.9985274414862446,1.6696993814084382
69.76693675513587,1.0400446308117284,1.9071594682177395,2.9660830467553962,1.6544862455358262
69.90346696405004,1.034144889482586,1.9027250787701138,2.9340597039225824,1.639498006917206
70.0399971729642,1.0283428170022895,1.8982927542431554,2.902452613618591,1.6247315929473682
70.17652738187836,1.0226371114299493,1.8938626353012893,2.8712570189142386,1.6101839737138381
70.31305759079252,1.0170264946297,1.889434860280701,2.840468205320964,1.595852161543166
70.44958779970668,1.0115097118786291,1.8850095652155474,2.810081500780441,1.5817332105486406
70.58611800862084,1.006085531481486,1.8805868838640745,2.780092275643436,1.5678242161795293
70.722648217535,1.0007527443921005,1.8761669477346523,2.7504959426383024,1.5541223147720096
70.85917842644916,0.9955101638414058,1.8717498861117088,2.7212879568293165,1.5406246831018715
70.99570863536331,0.9903566249719964,1.8673358260815651,2.692463815565233,1.52732853793915
71.13223884427748,0.9852909844791167,1.8629248925581574,2.6640190584182575,1.5142311356047535
71.26876905319165,0.9803121202580086,1.8585172083086503,2.6359492671138036,1.5013297715292409
71.4052992621058,0.975418931057521,1.8541128939789284,2.6082500654512457,1.4886217798138075
71.54182947101997,0.9706103361398974,1.8497120681189607,2.5809171192159646,1.4761045327936002
71.67835967993412,0.9658852749466647,1.8453148472080434,2.5539461360829834,1.4637754406034569
71.81488988884828,0.9612427067705217,1.840921345679899,2.527332865512393,1.4516319507461353
71.95142009776244,0.9566816104331619,1.8365316759476464,2.5010730986369043,1.439671547663149
72.0879503066766,0.9522009839689285,1.83214594842862,2.4751626681417087,1.427891752308252
72.22448051559077,0.9477998443142338,1.8277642715690485,2.449597448136966,1.4162901217236872
72.36101072450492,0.94347722700265,1.8233867518685796,2.4243733540231145,1.404864248619239
72.49754093341909,0.9392321858655913,1.8190134939046492,2.399486342349264,1.393611760954172
72.63407114233324,0.9350637927385134,1.8146446003566965,2.3749324106649414,1.3825303215221292
72.77060135124741,0.9309711371725367,1.8102801720302142,2.3507075973653544,1.3716176275390268
72.90713156016156,0.9269533261514276,1.8059203078806363,2.3268079815304867,1.360871410234034
73.04366176907573,0.9230094838138457,1.8015651050370562,2.303229682758167,1.3502894344436598
73.18019197798989,0.9191387511807906,1.7972146588257787,2.279968860991412,1.3398694982090287
73.31672218690404,0.9153402858881605,1.7928690627936938,2.257021716340202,1.3296094323763712
73.45325239581821,0.9116132619243519,1.7885284087314774,2.2343844888979185,1.3195071002007788
73.58978260473236,0.9079568693728253,1.7841927866966165,2.2120534585526883,1.3095603969532814
73.72631281364653,0.904370314159556,1.7798622850362482,2.1900249447937714,1.2997672495312576
73.86284302256068,0.900852817805304,1.7755369904098244,2.1682953065132713,1.2901256160722467
73.99937323147485,0.8974036171826205,1.7712169878115838,2.146860941803287,1.2806334855711636
74.135903440389,0.8940219642775289,1.7669023605928464,2.1257182877487772,1.2712888775009805
74.27243364930317,0.8907071259557983,1.7625931904841137,2.104863820216249,1.2620898414368715
74.40896385821733,0.887458383733749,1.7582895576169837,2.0842940536385304,1.2530344566838787
74.54549406713149,0.8842750335535122,1.7539915405458746,2.0640055407957463,1.244120831908096
74.68202427604565,0.8811563855626785,1.7496992162695548,2.0439948725927075,1.235347104771406
74.8185544849598,0.8781017638982704,1.745412660252484,2.024258677832893,1.2267114415697957
74.95508469387397,0.8751105064749646,1.7411319464459551,2.004793622989161,1.2182120368752465
75.09161490278812,0.8721819647775058,1.736857147309047,1.9855964119713994,1.209847113181243
75.22814511170229,0.8693155036572405,1.7325883338293757,1.9666637858912317,1.2016149205518827
75.36467532061644,0.8665105011327138,1.7283255755436544,1.9479925228239872,1.1935137362746302
75.50120552953061,0.8637663481942552,1.7240689405580514,1.9295794375680335,1.1855418645166937
75.63773573844477,0.8610824486125055,1.7198184955683564,1.9114213814016865,1.1776976359850606
75.77426594735893,0.8584582187508097,1.7155743058799426,1.8935152418377899,1.1699794075901773
75.9107961562731,0.8558930873814234,1.7113364354275338,1.8758579423761341,1.162385562113286
76.04732636518725,0.8533864955054731,1.7071049467947736,1.858446442253875,1.1549145078774274
76.18385657410141,0.8509378961766062,1.7028799012335925,1.841277736194038,1.147564678422096
76.32038678301556,0.8485467543282813,1.6986613586833805,1.8243488541523067,1.1403345321815666
76.45691699192973,0.846212546604633,1.694449377789956,1.807656861062162,1.1332225521668684
76.5934472008439,0.8439347611948638,1.6902440159243415,1.7911988565785626,1.1262272456514306
76.72997740975805,0.8417128976711028,1.6860453292013355,1.7749719748202408,1.1193471438603708
76.86650761867222,0.8395464668296772,1.6818533724978884,1.7589733841107575,1.112580801663434
77.00303782758637,0.8374349905357488,1.6776681994712814,1.7432002867184502,1.1059267972715798
77.13956803650053,0.8353780015712553,1.6734898625771053,1.7276499185953462,1.0993837319371933
77.27609824541469,0.8333750434861132,1.669318413087044,1.7123195491152106,1.0929502296579339
77.41262845432885,0.8314256704526249,1.6651539011064593,1.6972064808107774,1.0866249368841885
77.54915866324302,0.8295294471230453,1.6609963755917816,1.6823080491103293,1.0804065222301427
77.68568887215717,0.8276859484902572,1.6568458843677045,1.6676216220736848,1.0742936761884372
77.82221908107134,0.8258947597515064,1.6527024741441814,1.6531446001277108,1.0682851108484082
77.95874928998549,0.8241554761751543,1.6485661905332327,1.6388744158014763,1.0623795596179022
78.09527949889966,0.8224677029703945,1.6444370780655555,1.6248085334611013,1.0565757769486366
78.23180970781381,0.8208310551598962,1.6403151802069442,1.6109444490444436,1.05087253806511
78.36833991672798,0.8192451574553226,1.636200539374514,1.5972796897956636,1.0452686386970276
78.50487012564213,0.8177096441356873,1.6320931969527412,1.583811813999805,1.0397628948152424
78.6414003345563,0.8162241589284998,1.6279931933093044,1.570538410717426,1.034354142371183
78.77793054347046,0.8147883548936635,1.6239005678107457,1.5574570995194128,1.0290412370397588
78.91446075238461,0.8134018943100816,1.619815358837937,1.5445655302220151,1.023823053965719
79.05099096129878,0.8120644485649309,1.6157376038013627,1.5318613826222012,1.0186984875134464
79.18752117021293,0.8107756980455662,1.6116673391562173,1.5193423662334167,1.0136664510201772
79.3240513791271,0.8095353320340131,1.6076046004173148,1.5070062200217902,1.0087258765526086
79.46058158804125,0.8083430486040153,1.6035494221738193,1.4948507121428947,1.0038757146668953
79.59711179695542,0.8071985545205941,1.5995018381037893,1.4828736396790951,0.9991149341719943
79.73364200586957,0.8061015651420894,1.5954618809885437,1.4710728283775867,0.9944425218963556
79.87017221478374,0.8050518043246407,1.5914295827268448,1.4594461323891503,0.9898574824579195
80.0067024236979,0.8040490043290778,1.5874049743489074,1.4479914340077242,0.9853588380374168
80.14323263261205,0.8030929057301844,1.583388086030227,1.4367066434108222,0.9809456281549345
80.27976284152622,0.8021832573283014,1.5793789471052313,1.4255896984008702,0.9766169094497333
80.41629305044037,0.8013198160632381,1.5753775860807615,1.4146385641475268,0.972371755463296
80.55282325935454,0.8005023469304576,1.5713840306493763,1.403851232931014,0.9682092564255736
80.68935346826869,0.7997306228995072,1.5673983077024862,1.3932257238865497,0.9641285190444208
80.82588367718286,0.7990044248346605,1.5634204433433156,1.3827600827498887,0.9601286662981828
80.96241388609702,0.7983235414177431,1.5594504628996988,1.3724523816040641,0.9562088372314245
81.09894409501118,0.7976877690731126,1.5554883909367048,1.3623007186273448,0.9523681867537657
81.23547430392534,0.7970969118947623,1.5515342512690973,1.352303217842463,0.9486058854418059
81.3720045128395,0.7965507815755233,1.5475880669736335,1.3424580288671726,0.9449211193441176
81.50853472175366,0.7960491973383352,1.5436498604011923,1.332763326666148,0.9413130897892727
81.64506493066781,0.7955919858695607,1.5397196531887483,1.3232173113042998,0.9377810131968939
81.78159513958198,0.7951789812543162,1.5357974662711802,1.3138182077015117,0.9343241208916916
81.91812534849615,0.7948100249137947,1.5318833198929238,1.304564265388869,0.9309416589204749
82.0546555574103,0.7944849655445556,1.5279772336194657,1.2954537582663885,0.9276328878721047
82.19118576632447,0.7942036590597562,1.524079226348681,1.286484984362294,0.9243970827003671
82.32771597523862,0.7939659685323025,1.5201893163220201,1.277656265593881,0.9212335325497464
82.46424618415278,0.7937717641398969,1.5163075211355372,1.2689659475299786,0.9181415405840663
82.60077639306694,0.7936209231119585,1.512433857750774,1.260412399155066,0.9151204238179852
82.7373066019811,0.7935133296783954,1.5085683425054874,1.2519940126350468,0.91216951295131
82.87383681089526,0.7934488750202087,1.5047109911242347,1.2437092030847336,0.9092881522061178
83.01036701980942,0.7934274572219057,1.5008618187288076,1.2355564083370445,0.9064756991666474
83.14689722872359,0.7934489812257027,1.4970208398485254,1.2275340887139607,0.9037315246219499
83.28342743763774,0.7935133587875006,1.4931880684303809,1.2196407267992515,0.9010550124112671
83.41995764655191,0.7936205084346091,1.4893635178490454,1.2118748272129938,0.8984455592721133
83.55648785546606,0.7937703554252064,1.485547200916736,1.2042349163879194,0.8959025746910457
83.69301806438023,0.7939628317095137,1.4817391298929394,1.19671954234759,0.8934254807570883
83.82954827329438,0.7941978758926678,1.4779393164940025,1.1893272744864436,0.8910137120177968
83.96607848220854,0.794475433199275,1.474147771902583,1.1820567033517033,0.8886667153379341
84.1026086911227,0.7947954554396303,1.4703645067769715,1.1749064404271976,0.8863839497607381
84.23913890003686,0.7951579009775858,1.4665895312602737,1.167875117919077,0.8841648863717558
84.37566910895103,0.7955627347000538,1.4628228549894668,1.1609613885434702,0.8820090081652252
84.51219931786518,0.7960099279881293,1.459064487104325,1.1541639253160754,0.879915809912978
84.64872952677935,0.7964994586898175,1.4553144362562136,1.1474814213437066,0.8778847980358436
84.7852597356935,0.7970313110943531,1.451572710616761,1.1409125896178165,0.8759154904775353
84.92178994460767,0.7976054759080986,1.4478393178864015,1.1344561628099898,0.8740074165809885
85.05832015352182,0.7982219502320076,1.4441142653027985,1.1281108930694395,0.8721601169671408
85.19485036243599,0.7988807375406421,1.4403975596491394,1.121875551822494,0.8703731434161217
85.33138057135015,0.7995818476627313,1.4366892072623172,1.115748929574111,0.8686460587508396
85.4679107802643,0.8003252967632614,1.4329892140409868,1.1097298357113996,0.8669784367229393
85.60444098917847,0.801111107327084,1.4292975854535046,1.1038170983091786,0.8653698619011122
85.74097119809262,0.8019393081440356,1.4256143265457564,1.0980095639375744,0.8638199295617399
85.87750140700679,0.8028099342955546,1.421939441948862,1.0923060974716559,0.8623282455818467
86.01403161592094,0.8037230271427899,1.4182729358867752,1.0867055819031286,0.8608944263343474
86.15056182483511,0.8046786343161896,1.414614812183764,1.081206918154076,0.8595180985855643
86.28709203374927,0.8056768097065627,1.4109650742717867,1.0758090248927707,0.8581988993949999
86.42362224266343,0.8067176134576051,1.4073237251977544,1.0705108383515447,0.8569364760173422
86.5601524515776,0.8078011119598821,1.403690767630686,1.0653113121467304,0.8557304858066846
86.69668266049175,0.8089273778462613,1.4000662038687604,1.0602094171006782,0.854580596122945
86.83321286940591,0.8100964899887875,1.3964500358462582,1.0552041410658441,0.8534864842404601
86.96974307832006,0.8113085334969937,1.3928422651404058,1.0502944887509607,0.8524478372587436
87.10627328723423,0.8125635997176446,1.3892428929781109,1.0454794815492812,0.851464352015385
87.24280349614838,0.8138617862359023,1.3856519202426032,1.040758157368912,0.8505357350010744
87.37933370506255,0.8152031968779146,1.3820693474799701,1.0361295704652198,0.849661702276737
87.51586391397672,0.8165879417148166,1.3784951749055983,1.0315927912753275,0.8488419793927576
87.65239412289087,0.8180161370681441,1.3749294024105163,1.027146906254687,0.8480763013102819
87.78892433180503,0.8194879055166551,1.3713720295676401,1.0227910177157358,0.847364412324575
87.92545454071919,0.8210033759045525,1.3678230556379303,1.0185242436686381,0.846706065990426
88.06198474963335,0.8225626833511112,1.364282479576447,1.014345717664099,0.8461010250495766
88.1985149585475,0.824165969261699,1.3607503000383223,1.0102545886382657,0.8455490613601656
88.33504516746167,0.8258133813401981,1.3572265153846355,1.0062500207596958,0.845049955828168
88.47157537637582,0.8275050736028157,1.3537111236882031,1.0023311932784114,0.844603498340819
88.60810558528999,0.8292412063932917,1.3502041227392787,0.9984973003770145,0.8442094877020054
88.74463579420416,0.8310219463994949,1.346705510051167,0.994747551023881,0.8438677315696118
88.88116600311831,0.8328474666714114,1.3432152828657526,0.9910811688284162,0.8435780463948076
89.01769621203248,0.8347179466405247,1.3397334381589427,0.9874973918983737,0.8433402573632615
89.15422642094663,0.8366335721405834,1.3362599726460298,0.9839954726992381,0.8431541983382708
89.2907566298608,0.8385945354297649,1.332794882786969,0.9805746779156593,0.8430197118057917
89.42728683877495,0.8406010352142269,1.3293381647915778,0.9772342883149436,0.8429366488213603
89.56381704768911,0.8426532766730565,1.3258898146246536,0.9739735986125886,0.8429048689588888
89.70034725660328,0.844751471484611,1.322449828011014,0.9707919173398664,0.8429242402613301
89.83687746551743,0.8468958378542588,1.3190182004404611,0.9676885667134432,0.8429946391931935
89.9734076744316,0.8490866005435195,1.3155949271726661,0.9646628825070344,0.8431159505949064
90.10993788334575,0.8513239909006048,1.3121800032419828,0.9617142139250916,0.843288067639007
90.24646809225992,0.8536082468923694,1.3087734234621842,0.9588419234785122,0.8435108917881584
90.38299830117407,0.8559396131376661,1.305375182431129,0.9560453868623713,0.8437843327549763
90.51952851008824,0.8583183409421199,1.3019852745353524,0.9533239928356663,0.8441083084636581
90.6560587190024,0.8607446883343153,1.2986036939545909,0.950677143103074,0.8444827450134046
90.79258892791655,0.8632189201034092,1.2952304346662342,0.9481042521987098,0.8449075766436257
90.92911913683072,0.8657413078381706,1.2918654904497089,0.9456047473718848,0.8453827457009219
91.06564934574487,0.868312129967453,1.2885088548907964,0.9431780684748606,0.8459082026078316
91.20217955465904,0.8709316718021078,1.2851605213858814,0.9408236678525863,0.8464839058333375
91.33870976357319,0.8736002255783397,1.2818204831461388,0.9385410102344223,0.8471098218651245
91.47523997248736,0.8763180905025183,1.2784887332016515,0.9363295726278362,0.8477859251835802
91.61177018140151,0.8790855727974451,1.275165264405469,0.9341888442140738,0.8485121982375332
91.74830039031568,0.8819029857500904,1.2718500694375996,0.9321183262457903,0.8492886314217212
91.88483059922984,0.8847706497608003,1.2685431408089447,0.9301175319466445,0.8501152230559822
92.021360808144,0.8876888923939904,1.2652444708651698,0.9281859864128441,0.850991979366164
92.15789101705816,0.8906580484303281,1.2619540517905157,0.9263232265166388,0.8519189144667465
92.29442122597231,0.8936784599204148,1.2586718756115538,0.9245288008117558,0.8528960503451696
92.43095143488648,0.896750476239979,1.2553979342008796,0.9228022694407704,0.8539234168478641
92.56748164380063,0.8998744541465853,1.2521322192807542,0.9211432040444079,0.8550010516679795
92.7040118527148,0.9030507578378768,1.2488747224266834,0.9195511876727687,0.8561290003348058
92.84054206162895,0.9062797590113525,1.2456254350709481,0.918025814698474,0.8573073162048833
92.97707227054312,0.9095618369256991,1.2423843485060764,0.916566690731722,0.8585360604548004
93.11360247945728,0.9128973784636809,1.2391514538882633,0.9151734325372558,0.8598153020756713
93.25013268837144,0.9162867781966055,1.2359267422407392,0.9138456679532291,0.861145117869296
93.3866628972856,0.9197304384503753,1.2327102044570835,0.9125830358119715,0.8625255924459979
93.52319310619976,0.9232287693731331,1.2295018313044923,0.9113851858626457,0.8639568182241337
93.65972331511392,0.926782189004524,1.2263016134269906,0.9102517786957874,0.8654388954312814
93.79625352402807,0.9303911233465755,1.2231095413485997,0.9091824856697304,0.866971932107096
93.93278373294224,0.9340560064362203,1.2199256054764533,0.9081769888389042,0.8685560441078415
94.06931394185641,0.9377772804194664,1.2167497961038687,0.9072349808840052,0.8701913551125884
94.20584415077056,0.9415553956272359,1.213582103413368,0.9063561650440318,0.8718779966310855
94.34237435968473,0.9453908106528858,1.2104225174796557,0.9055402550501818,0.8736161080133004
94.47890456859888,0.9492839924314201,1.207271028272551,0.9047869750616069,0.8754058364606306
94.61543477751304,0.9532354163204211,1.2041276256598732,0.9040960596030183,0.8772473370387882
94.7519649864272,0.9572455661827007,1.2009922994102868,0.903467253504141,0.8791407726923538
94.88849519534136,0.9613149344707048,1.1978650391961005,0.9029003118410114,0.88108631426101
95.02502540425553,0.9654440223126711,1.1947458345960265,0.9023949998791139,0.8830841404974458
95.16155561316968,0.969633339600572,1.1916346750978954,0.901951093018354,0.885134438086943
95.29808582208385,0.9738834050798519,1.188531550101333,0.9015683767398625,0.8872374016686441
95.434616030998,0.9781947464409781,1.1854364489203955,0.901246646554628,0.8893932338585011
95.57114623991217,0.982567900412829,1.1823493607861644,0.9009857079539543,0.8916021452739166
95.70767644882632,0.9870034128579305,1.1792702748493058,0.9007853763617387,0.8938643545600715
95.84420665774049,0.9915018388695701,1.176199180182587,0.9006454770885698,0.8961800884179532
95.98073686665464,0.9960637428707975,1.173136065783361,0.900565845287639,0.898549581634079
96.1172670755688,1.000689698715344,1.1700809205760074,0.9005463259124663,0.9009730771119296
96.25379728448297,1.0053802897904707,1.167033733414346,0.9005867736764349,0.9034508259050883
96.39032749339712,1.0101361091217738,1.1639944930840054,0.9006870530141349,0.9059830872520989
96.52685770231129,1.0149577594799692,1.1609631883047642,0.9008470380445108,0.9085701286130463
96.66338791122544,1.0198458534896702,1.1579398077328544,0.9010666125358148,0.9112122257078623
96.79991812013961,1.0248010137401948,1.1549243399632316,0.9013456698723601,0.9139096625563717
96.93644832905376,1.0298238728984108,1.1519167735318125,0.9016841130230757,0.9166627315200753
97.07297853796793,1.034915073823657,1.1489170969176796,0.9020818545118604,0.9194717333456888
97.20950874688208,1.0400752696847495,1.1459252985452562,0.9025388163897335,0.9223369772104356
97.34603895579625,1.0453051240791154,1.1429413667864452,0.9030549302087845,0.9252587807691098
97.48256916471041,1.0506053111540585,1.1399652899627437,0.903630136997917,0.9282374702029115
97.61909937362456,1.0559765157302035,1.1369970563473228,0.9042643872403918,0.9312733802700689
97.75562958253873,1.0614194334271299,1.134036654167078,0.9049576408531624,0.934366854358256
97.89215979145288,1.0669347707912256,1.1310840716046549,0.9057098671680094,0.9375182445388103
98.02869000036705,1.0725232454257965,1.1281392968004398,0.9065210449144697,0.9407279116227715
98.1652202092812,1.078185586123442,1.1252023178545303,0.907391162204563,0.9439962252187397
98.30175041819537,1.0839225330007454,1.1222731228286704,0.9083202165193166,0.947323563792577
98.43828062710953,1.08973483763529,1.1193516997481652,0.9093082146970882,0.9507103147289514
98.57481083602369,1.0956232632050404,1.1164380366037667,0.9103551729236894,0.9541568743947467
98.71134104493785,1.1015885846301192,1.113532121353532,0.9114611167243113,0.9576636482043445
98.847871253852,1.107631588716998,1.1106339419246611,0.9126260809572533,0.9612310506867897
98.98440146276617,1.1137530743051534,1.1077434862153037,0.9138501098094587,0.9648595055548607
99.12093167168032,1.1199538524161958,1.104860742096348,0.9151332567938565,0.9685494457760481
99.25746188059449,1.1262347464055271,1.1019856974131808,0.9164755847485181,0.9723013136454665
99.39399208950866,1.1325965921165368,1.099118339987427,0.9178771658376239,0.9761155608607032
99.53052229842281,1.139040238037388,1.0962586576186648,0.9193380815542502,0.9799926485986292
99.66705250733698,1.1455665454604205,1.0934066380861194,0.9208584227249765,0.9839330475941827
99.80358271625113,1.1521763886441956,1.0905622691503354,0.9224382895163159,0.9879372382211379
99.9401129251653,1.1588706549782397,1.0877255385548252,0.9240777914429782,0.9920057105748864
100.07664313407945,1.1656502451504953,1.0848964340277,0.925777047377962,0.9961389645572342
100.21317334299361,1.1725160733175413,1.0820749432832768,0.92753618556449,1.0003375099632448
100.34970355190777,1.1794690672775952,1.0792610540236676,0.9293553436297833,1.004601866570136
100.48623376082193,1.1865101686463584,1.076454753940348,0.9312346686006887,1.0089325642282556
100.6227639697361,1.1936403330357193,1.0736560307157066,0.9331743169211565,1.0133301429541506
100.75929417865025,1.2008605302353708,1.0708648720245768,0.9351744544715832,1.017795153025751
100.89582438756442,1.2081717443973743,1.068081265535747,0.9372352565900186,1.0223281550796897
101.03235459647857,1.2155749742237032,1.0653051989134572,0.939356908095247,1.0269297202107712
101.16888480539274,1.2230712331568232,1.062536659818874,0.9415396033117509,1.0316004300736243
101.30541501430689,1.2306615495733302,1.0597756359115518,0.943783546096561,1.036340876986539
101.44194522322105,1.2383469669807081,1.057022114850874,0.9460889498680043,1.041151664037534
101.5784754321352,1.2461285442172279,1.0542760842974812,0.9484560376363537,1.0460334051926523
101.71500564104937,1.2540073556550526,1.0515375319146802,0.9508850420363935,1.0509867254065295
101.85153584996354,1.2619844914065703,1.04880644536984,0.9533762053619028,1.0560122607352402
101.98806605887769,1.270061057534018,1.046082812335772,0.9559297796020717,1.0611106584514576
102.12459626779186,1.2782381762624342,1.0433666204920926,0.9585460264798574,1.066282577161948
102.26112647670601,1.2865169861959764,1.0406578575265766,0.9612252174922882,1.0715286869274183
102.39765668562018,1.2948986425376732,1.037956511136491,0.9639676339527298,1.0768496693847545
102.53418689453433,1.3033843173126294,1.0352625690299206,0.9667735670351203,1.0822462178716608
102.6707171034485,1.3119751995947615,1.032576018927074,0.9696433178201894,1.0877190375537447
102.80724731236266,1.3206724957370841,1.0298968485615827,0.9725771973436669,1.0932688455540531
102.94377752127681,1.3294774296056198,1.0272250456817837,0.9755755266464989,1.0988963710851072
103.08030773019098,1.3383912428169717,1.0245605980519905,0.9786386368270806,1.1046023555834523
103.21683793910513,1.3474151949796036,1.0219034934537536,0.9817668690955155,1.11038755284675
103.3533681480193,1.3565505639388988,1.0192537196871077,0.9849605748299214,1.1162527291734528
103.48989835693345,1.3657986460260245,1.0166112645718093,0.9882201156347866,1.1221986635050745
103.62642856584762,1.3751607563106814,1.0139761159485605,0.9915458634014012,1.128226147571105
103.76295877476178,1.3846382288577668,1.0113482616802267,0.9949382003703656,1.1343359860365823
103.89948898367594,1.3942324169880274,1.0087276896530402,0.9983975191962015,1.1405289966523648
104.0360191925901,1.4039446935427475,1.006114387777794,1.001924223014074,1.1468060104081361
104.17254940150426,1.4137764511525215,1.0035083439910302,1.0055187255086402,1.1531678716881604
104.30907961041842,1.4237291025101888,1.0009095462562128,1.0091814509850456,1.1596154384298445
104.44560981933257,1.433804080647961,0.9983179825648981,1.0129128344420752,1.166149582285116
104.58214002824674,1.444002839218832,0.9957336409378903,1.016713321647487,1.1727711887846743
104.7186702371609,1.454326852782296,0.9931565094263939,1.020583369215533,1.1794811575051265
104.85520044607506,1.4647776170944684,0.9905865761131543,1.024523444686699,1.186280402239067
104.99173065498923,1.4753566494026387,0.9880238291135934,1.0285340266096654,1.1931698511681148
105.12826086390338,1.4860654887443407,0.9854682565769367,1.0326156046255215,1.200150447038964
105.26479107281754,1.496905696250998,0.9829198466873316,1.0367686795542443,1.2072231473424728
105.4013212817317,1.5078788554561895,0.980378587664963,1.0409937634834614,1.2143889244958292
105.53785149064586,1.5189865726086365,0.9778444677671575,1.0452913798595227,1.2216487660278434
105.67438169956002,1.530230476989932,0.9753174752894864,1.0496620635808933,1.2290036747673874
105.81091190847418,1.5416122212371233,0.9727975985668577,1.0541063610938979,1.2364546690350433
105.94744211738833,1.5531334816701727,0.9702848259746071,1.0586248304908266,1.244002782837979
106.0839723263025,1.5647959586244036,0.9677791459295799,1.0632180416104373,1.2516490660681123
106.22050253521667,1.5766013767879647,0.965280546891211,1.0678865761408611,1.2593945847035886
106.35703274413082,1.58855148554441,0.962789017362598,1.0726310277249473,1.2672404210136252
106.49356295304499,1.6006480593204555,0.9603045458915698,1.0774520020680651,1.2751876737667656
106.63009316195914,1.6128928979389683,0.9578271210717532,1.0823501170483807,1.2832374584425745
106.7666233708733,1.6252878269772955,0.9553567315436324,1.087326002829646,1.29139090744684
106.90315357978746,1.6378346981309646,0.9528933659956087,1.0923803019765108,1.2996491703303032
107.03968378870162,1.6505353895828692,0.950437013165052,1.097513669572393,1.308013414010986
107.17621399761579,1.6633918063779787,0.9479876618393546,1.1027267733399246,1.3164848230001402
107.31274420652994,1.6764058808036768,0.945545300856978,1.1080202937640087,1.3250645996318824
107.44927441544411,1.6895795727757936,0.9431099191084986,1.113394924217507,1.3337539642965592
107.58580462435826,1.702914870230397,0.9406815055376523,1.118851371089583,1.3425541556778782
107.72233483327243,1.7164137895214522,0.9382600491423749,1.1243903539167421,1.3514664309938789
107.85886504218658,1.7300783758243912,0.9358455389758433,1.130012605516576,1.3604920662417643
107.99539525110075,1.7439107035457109,0.9334379641475121,1.1357188721242626,1.3696323564466744
108.13192546001491,1.7579128767386438,0.9310373138241528,1.141509913531831,1.378888615914424
108.26845566892906,1.7720870295250117,0.9286435772308889,1.1473865032302348,1.3882621784882792
108.40498587784323,1.7864353265233397,0.9262567436522313,1.1533494285542611,1.3977543978098188
108.54151608675738,1.8009599632832902,0.9238768024331154,1.159399490830298,1.4073666475839228
108.67804629567155,1.8156631667265462,0.9215037429799338,1.165537505527007,1.4171003218479672
108.8145765045857,1.8305471955941777,0.9191375547615741,1.1717643024089164,1.4269568352452493
108.95110671349987,1.8456143409006291,0.916778227310453,1.1780807256929842,1.436937623302733
109.08763692241402,1.860866926394365,0.9144257502235539,1.1844876342081465,1.4470441427131366
109.22416713132819,1.8763073090253097,0.912080113163463,1.1909859015579047,1.4572778716214552
109.36069734024235,1.891937879419126,0.9097413058594099,1.1975764162859663,1.4676403099159407
109.4972275491565,1.9077610623584547,0.9074093181083062,1.2042600820449882,1.4781329795236298
109.63375775807067,1.9237793172711974,0.905084139775787,1.2110378177684573,1.4887574247104625
109.77028796698482,1.939995138725912,0.9027657607972573,1.2179105578457303,1.499515212386047
109.90681817589899,1.9564110569344548,0.9004541711789349,1.2248792523002927,1.5104079324131545
110.04334838481314,1.973029638261914,0.898149360998902,1.2319448669712496,1.5214371979219774
110.17987859372731,1.9898534857439754,0.8958513204081542,1.2391083836981107,1.5326046456292401
110.31640880264146,2.006885239611767,0.8935600396316575,1.2463708005088825,1.5439119361622025
110.45293901155563,2.024127577824328,0.8912755089694039,1.2537331318115343,1.555360754387644
110.5894692204698,2.041583216608743,0.8889977187974746,1.261196408588851,1.5669528097458671
110.72599942938395,2.059254911008089,0.8867266595691047,1.2687616785967335,1.5786898365898108
110.86252963829811,2.0771454554372606,0.8844623218157524,1.2764300065659815,1.5905735945293276
110.99905984721227,2.0952576842467687,0.8822046961481733,1.2842024744075904,1.6026058687806837
111.13559005612643,2.113594472294646,0.8799537732574985,1.292080181421625,1.6147884705213766
111.27212026504058,2.1321587355265,0.877709543916319,1.3000642445096895,1.6271232372503033
111.40865047395475,2.1509534315638796,0.8754719989797726,1.3081557983910606,1.6396120331533852
111.54518068286892,2.1699815603009918,0.8732411293866397,1.3163559958225066,1.6522567494746867
111.68171089178307,2.189246164509914,0.8710169261604428,1.3246660078218537,1.6650593048931224
111.81824110069724,2.2087503304543876,0.8687993804105509,1.3330870238953394,1.6780216459048187
111.95477130961139,2.2284971885122733,0.8665884833332939,1.3416202522687894,1.6911457472111853
112.09130151852555,2.248489913806813,0.864384226213079,1.350266920122688,1.7044336121128016
112.2278317274397,2.2687317268467466,0.8621866004235182,1.35902827383116,1.7178872729091559
112.36436193635387,2.2892258941754413,0.8599955974285594,1.3679055792049424,1.731508791304347
112.50089214526804,2.309975729029078,0.857811208783627,1.376900121738365,1.7453002588187876
112.63742235418219,2.330984592004046,0.8556334261367698,1.3860132068604154,1.7592637972070162
112.77395256309636,2.352255891733626,0.8534622412298157,1.3952461601899246,1.7734015588816814
112.91048277201051,2.37379308557404,0.8512976458995366,1.404600327794919,1.7877157273437594
113.04701298092468,2.395599680300031,0.8491396320788192,1.4140770764562087,1.8022085176191203
113.18354318983883,2.41767923281,0.8469881917978479,1.423677793935241,1.8168821767014758
113.320073398753,2.4400353508408714,0.8448433171852936,1.4334038892462966,1.8317389840018328
113.45660360766715,2.4626716936927235,0.8427050004695138,1.443256792933053,1.8467812518044848
113.59313381658131,2.4855919729633498,0.8405732339797615,1.4532379573496021,1.8620113257296707
113.72966402549548,2.5087999532927805,0.8384480101474044,1.4633488569459416,1.8774315852029315
113.86619423440963,2.5322994531179317,0.836329321507155,1.473590988558025,1.8930444439312875
114.0027244433238,2.5560943454374425,0.834217160698309,1.4839658717024118,1.908852350386297
114.13925465223795,2.5801885585867876,0.8321115204659976,1.4944750488755676,1.9248577882940663
114.27578486115212,2.6045860770238143,0.8300123936624482,1.5051200858578946,1.9410632771323317
114.41231507006627,2.629290942124731,0.8279197732482592,1.5159025720225172,1.9574713726346444
114.54884527898044,2.6543072529907143,0.8258336522936832,1.5268241206489186,1.9740846673017958
114.68537548789459,2.6796391672651585,0.8237540239799263,1.537886369241448,1.9909057909205103
114.82190569680876,2.7052909019617295,0.8216808816004556,1.5490909798527952,2.007937411089545
114.95843590572292,2.7312667343032446,0.8196142185623234,1.5604396394124593,2.025182233753227
115.09496611463707,2.7575710025715283,0.8175540283875015,1.5719340600602985,2.0426430037425503
115.23149632355124,2.7842081069683062,0.8155003047142291,1.5835759794852087,2.0603225053239065
115.3680265324654,2.811182510487195,0.8134530412983769,1.5953671612689873,2.078223562755509
115.50455674137956,2.8384987397969432,0.8114122320148218,1.6073093952354676,2.0963490408516425
115.64108695029371,2.8661613861359174,0.8093778708588384,1.6194044978049513,2.114701845554763
115.77761715920788,2.894175106217999,0.8073499519475034,1.6316543123540432,2.1332849245155914
115.91414736812204,2.922544623149888,0.8053284695211169,1.6440607095809117,2.1521012676812337
116.0506775770362,2.951274727359949,0.8033134179446374,1.6566255878760694,2.171153907891441
116.18720778595036,2.980370277538652,0.8013047917091324,1.6693508736987301,2.1904459214830947
116.32373799486452,3.0098362015906375,0.7993025854332472,1.6822385219587894,2.2099804289029623
116.46026820377868,3.039677497598548,0.7973067938646866,1.695290516404531,2.2297605953288686
116.59679841269283,3.0698992347985894,0.7953174118817173,1.708508870016081,2.2497896312992918
116.733328621607,3.1005065545679855,0.7933344344946832,1.7218956254047213,2.270070793351538
116.86985883052117,3.1315046714242674,0.7913578568475423,1.735452855218084,2.290607384668506
117.00638903943532,3.162898874036534,0.7893876742194184,1.7491826625513331,2.3114027557341807
117.14291924834949,3.1946945262486968,0.7874238820261712,1.7630871813643822,2.3324603049979027
117.27944945726364,3.2268970681147024,0.785466475821988,1.7771685769052024,2.3537834795474835
117.4159796661778,3.2595120169458576,0.7835154513009894,1.7914290461393254,2.375375775791287
117.55250987509196,3.2925449683701786,0.7815708042988594,1.8058708181855665,2.3972407401492886
117.68904008400612,3.32600159740389,0.7796325307944909,1.8204961547580776,2.4193819697532626
117.82557029292028,3.35988765953498,0.777700626911655,1.8353073506147557,2.4418031131560913
117.96210050183444,3.394208991818932,0.7757750889206873,1.8503067340121213,2.464507871050342
118.09863071074861,3.428971513986521,0.7738559132401981,1.865496667166689,2.4874999969961173
118.23516091966276,3.464181229563759,0.7719430964388027,1.8808795467229358,2.5107832981582985
118.37169112857693,3.4998442270039387,0.7700366352368718,1.8964578042279214,2.534361636053225
118.50822133749108,3.535966680831711,0.768136526508308,1.9122339066126142,2.5582389273048523
118.64475154640525,3.5725548527992657,0.7662427672823404,1.9282103566800275,2.582419144410513
118.7812817553194,3.609615093054445,0.7643553547453458,1.9443896936001885,2.606906316516261
118.91781196423356,3.6471538413208737,0.7624742862426903,1.9607744934120561,2.6317045302019344
119.05434217314772,3.685177628089911,0.7605995592805982,1.9773673695324052,2.6568179302759165
119.19087238206188,3.723693075824479,0.758731171528041,1.994170973271797,2.6822507205797237
119.32740259097605,3.762706900174566,0.7568691208186556,2.0111879943576496,2.708007164802386
119.4639327998902,3.8022259112044012,0.7550134051526844,2.0284211614645185,2.734091587304738
119.60046300880437,3.8422570146311568,0.7531640226989418,2.045873242751634,2.760508373953631
119.73699321771852,3.8828072130750164,0.7513209717968083,2.0635470464077477,2.78726197296607
119.87352342663269,3.923883607320572,0.7494842509582493,2.081445421203387,2.8143568957633933
120.01005363554684,3.965493397589272,0.7476538588698627,2.099571257050539,2.841797717835422
120.146583844461,4.007643884822893,0.7458297943949516,2.117927485569874,2.8695890796147023
120.28311405337517,4.050342471977719,0.7440120565756287,2.1365170806655143,2.897735687360774
120.41964426228932,4.093596665329334,0.742200644634946,2.155343059107465,2.926242314054542
120.55617447120349,4.137414075787775,0.7403955579790544,2.174408481121733,2.9551138003027444
120.69270468011764,4.181802420222769,0.7385967961993947,2.1937164509881844,2.9843550552524802
120.82923488903181,4.226769522798893,0.7368043590749151,2.213270117646245,3.013971057515874
120.96576509794596,4.272323316320269,0.7350182465743239,2.2330726753084265,3.0439668561047766
121.10229530686013,4.318471843584631,0.7332384588583681,2.2531273640818137,3.07434757137558
121.2388255157743,4.365223258746298,0.7314649962821488,2.2734374705974854,3.105118395984032
121.37535572468845,4.412585828687844,0.7296978593974653,2.2940063286479817,3.136284595850093
121.51188593360261,4.460567934400041,0.7279370489551926,2.3148373198328405,3.167851511132779
121.64841614251677,4.509178072369646,0.7261825659076938,2.3359338742122238,3.199824557214892
121.78494635143093,4.558424855974723,0.7244344114112641,2.3572994709687407,3.232209225697684
121.92147656034508,4.608317016886921,0.7226925868286116,2.3789376390774315,3.2650110854052796
122.05800676925925,4.658863406480382,0.7209570937313704,2.4008519579840253,3.2982357833988893
122.1945369781734,4.710072997246614,0.7192279339026522,2.423046058291436,3.3318890460006245
122.33106718708757,4.761954884214965,0.7175051093396317,2.445523622454599,3.365976679826935
122.46759739600174,4.814518286377958,0.7157886222561705,2.468288385483611,3.400504572831441
122.60412760491589,4.867772548121034,0.7140784750854773,2.49134413565525,3.435478695357151
122.74065781383005,4.921727140655989,0.7123746704828059,2.5146947152328822,3.470905101197882
122.8771880227442,4.976391663457385,0.7106772113281938,2.5383440211947432,3.506789928668722
123.01371823165837,5.031775845701372,0.7089861007292372,2.5622960059706745,3.5431394016854503
123.15024844057253,5.087889547705965,0.7073013420239083,2.586554678187244,3.579959830852653
123.28677864948669,5.144742762372176,0.7056229387834115,2.611124103421338,3.6172576145604545
123.42330885840084,5.202345616624977,0.7039508948150822,2.636008404962147,3.655039240089548
123.55983906731501,5.26070837285338,0.7022852141653257,2.6612117645816165,3.6933112847244383
123.69636927622918,5.319841430348528,0.7006259011226007,2.6867384233132827,3.7320804168745307
123.83289948514333,5.379755326738945,0.6989729602204438,2.7125926822395297,3.771353397202931
123.9694296940575,5.440460739421862,0.697326396240539,2.738778903287236,3.811137079762631
124.10595990297165,5.501968486989455,0.695686214215833,2.7653015100317426,3.8514384131397663
124.24249011188581,5.564289530649,0.6940524194336919,2.7921649885091853,3.8922644416037255
124.37902032079997,5.627434975635549,0.6924250174391089,2.81937388803706,3.9336223062636666
124.51555052971413,5.691416072616057,0.6908040140379536,2.8469328220430667,3.9755192462312143
124.6520807386283,5.756244219083429,0.6891894153002729,2.8748464689020823,4.017962599788835
124.78861094754245,5.82193096073925,0.6875812275636375,2.903119572781275,4.060959805563599
124.92514115645662,5.888487992863668,0.6859794574365369,2.931756944493261,4.10451840370586
125.06167136537077,5.955927161670822,0.6843841118018265,2.960763462357182,4.148646037072361
125.19820157428494,6.024260465648368,0.6827951978202218,2.990144073067703,4.193350452413397
125.33473178319909,6.093500056879217,0.6812127229338466,3.0199037925717214,4.2386395015634
125.47126199211326,6.163658242343906,0.6796366948698299,3.0500477069527894,4.284521142634533
125.60779220102742,6.234747485201566,0.6780671216439587,3.0805809733230194,4.331003441212616
125.74432240994157,6.3067804060477055,0.6765040115643812,3.1115088207224257,4.378094571554867
125.88085261885574,6.37976978414671,0.6749473732353654,3.1428365510255287,4.425802817788815
126.0173828277699,6.453728558636871,0.6733972155611133,3.1745695398550247,4.474136575111632
126.15391303668406,6.528669829705905,0.6718535477496288,3.206713237502444,4.523104350989333
126.29044324559821,6.604606859734418,0.6703163793166441,3.2392731698555037,4.572714766354935
126.42697345451238,6.681553074405131,0.6687857200896017,3.27225493933207,4.62297655680495
126.56350366342653,6.7595220637751,0.6672615802116957,3.3056642258204105,4.673898573793243
126.7000338723407,6.838527583308541,0.6657439701459706,3.339506787625616,4.7254897858215275
126.83656408125486,6.918583554867244,0.6642329006794819,3.3737884624218464,4.7777592796254655
126.97309429016902,6.999704067655935,0.6627283829275147,3.408515168210225,4.8307162613555095
127.10962449908318,7.081903379119476,0.6612304283378646,3.4436929042820714,4.884370057751458
127.24615470799733,7.1651959157887255,0.6597390486951822,3.4793277521871397,4.938730117309596
127.3826849169115,7.249596274071987,0.6582542561253774,3.51542587670664,4.993806011441468
127.51921512582565,7.33511922098841,0.6567760631000911,3.5519935268305964,5.049607435622944
127.65574533473982,7.421779694840086,0.6553044824412277,3.5890370367392994,5.106144210532539
127.79227554365397,7.509592805818866,0.6538395273255572,3.6265628267883674,5.163426283177551
127.92880575256814,7.598573836544382,0.6523812112893786,3.6645774044971278,5.221463728006826
128.0653359614823,7.688738242528983,0.6509295482332562,3.703087365539785,5.280266748008633
128.20186617039647,7.780101652565699,0.6494845524268182,3.7420993947390233,5.339845675792283
128.3383963793106,7.87267986903476,0.6480462385136283,3.7816202670615073,5.400210974651901
128.47492658822478,7.966488868124348,0.6466146215161233,3.8216568486148494,5.461373239610832
128.61145679713894,8.061544799960648,0.6451897168406248,3.8622160976453945,5.523343198444845
128.7479870060531,8.157863988642752,0.6437715402824193,3.9033050655364274,5.5861317126826195
128.88451721496727,8.255462932177084,0.6423601080309121,3.9449308978061017,5.6497497785815245
129.0210474238814,8.354358302306272,0.6409554366748522,3.987100835104505,5.714208528076832
129.15757763279558,8.454566944227139,0.6395575432076319,4.0298222142092675,5.779519229702466
129.29410784170975,8.556105876191896,0.6381664450326622,4.0731024690188935,5.845693289481002
129.4306380506239,8.658992288987164,0.6367821599688211,4.1169491315432785,5.9127422517810455
129.56716825953805,8.76324354528443,0.6354047062559797,4.161369832890524,5.980677800139505
129.70369846845222,8.868877178855984,0.6340341025606024,4.206372304249348,6.049511758046595
129.84022867736638,8.975910893649498,0.6326703679814298,4.251964377866153,6.119256089690903
129.97675888628055,9.084362562715011,0.6313135220552345,4.298153988016018,6.189922900662251
130.11328909519472,9.19425022697703,0.6299635847626589,4.344949171966614,6.261524438609513
130.24981930410885,9.305592093844725,0.6286205765341326,4.392358070934103,6.334073093850682
130.38634951302302,9.418406535652908,0.6272845182558686,4.440388931030077,6.407581399932429
130.5228797219372,9.532712087925773,0.6259554312759436,4.489050104198352,6.4820620341359305
130.65940993085135,9.648527447455967,0.6246333374104573,4.538350049140715,6.557527817926184
130.7959401397655,9.76587147019044,0.6233182589497762,4.588297332230321,6.633991717341354
130.93247034867966,9.884763168914905,0.6220102186648584,4.638900628411665,6.711466843319
131.06900055759382,10.005221710727847,0.6207092398136652,4.6901687220857164,6.789966451955475
131.205530766508,10.127266414295558,0.6194153461476543,4.74211050797912,6.869503944695202
131.34206097542216,10.250916746878595,0.6181285619183586,4.794734991995949,6.950092868445878
131.4785911843363,10.376192321120255,0.616848911884052,4.8480512920506245,7.031746915615821
131.61512139325046,10.50311289158738,0.6155764213164969,4.9020686388805945,7.114479924069526
131.75165160216463,10.631698351052984,0.6143111160077842,4.9567963768370635,7.1983058769970265
131.8881818110788,10.761968726510881,0.6130530222772539,5.0122439646523524,7.28323890269312
132.02471201999293,10.893944174911175,0.611802166978507,5.06842097618208,7.369293274241715
132.1612422289071,11.027644978605997,0.6105585775065022,5.125337101120517,7.456483409100911
132.29777243782127,11.163091540493797,0.6093222818047426,5.183002145687137,7.544823868583768
132.43430264673543,11.300304378851179,0.6080933083725483,5.241426033282679,7.634329357230194
132.5708328556496,11.439304121840044,0.6068716862724182,5.300618805112614,7.725014722064602
132.70736306456374,11.580111501678067,0.6056574451374804,5.3605906207759935,7.816894951734154
132.8438932734779,11.722747348460224,0.6044506151790294,5.421351758817652,7.909985175522289
132.98042348239207,11.867232583618271,0.6032512271941537,5.482912617241336,8.004300662231621
133.11695369130624,12.013588213005777,0.6020593125734505,5.54528371398175,8.09985681893084
133.25348390022037,12.161835319595008,0.600874903308829,5.608475687332915,8.196669189559342
133.39001410913454,12.311995055772538,0.5996980320014008,5.6724992963305505,8.294753453383708
133.5265443180487,12.46408863521933,0.5985287318694604,5.737365421085689,8.394125423299364
133.66307452696287,12.618137324361891,0.5973670367565509,5.803085063067146,8.49480104397139
133.79960473587704,12.77416243337983,0.5962129811396176,5.869669345329917,8.59679638980741
133.93613494479118,12.932185306755478,0.5950666001372489,5.9371295126866785,8.700127662755879
134.07266515370534,13.092227313351106,0.5939279295180012,6.005476931819577,8.804811189922745
134.2091953626195,13.25430983599835,0.5927970057088119,6.07472309132899,8.910863420998991
134.34572557153368,13.418454260585492,0.5916738658034948,6.144879601716441,9.01830092549199
134.48225578044784,13.584681964626913,0.5905585475713201,6.215958195298158,9.127140389752801
134.61878598936198,13.753014305299553,0.5894510894656769,6.287970726046012,9.237398613791648
134.75531619827615,13.923472606931128,0.5883515306328166,6.36092916935242,9.349092507873756
134.89184640719031,14.096078147924096,0.5872599109206786,6.434845621715393,9.462239088887026
135.02837661610448,14.270852147100483,0.5861762708877932,6.509732300340362,9.576855476473641
135.16490682501862,14.447815749451447,0.585100651812263,6.585601542654677,9.692958888916733
135.30143703393279,14.626990011276485,0.5840330957008196,6.662465805731087,9.81056663877371
135.43796724284695,14.808395884696147,0.582973645297956,6.740337665615848,9.929696128246958
135.57449745176112,14.992054201523612,0.5819223440951299,6.8192298165576455,10.050364844283445
135.71102766067528,15.177985656479345,0.5808792363400379,6.899155070132794,10.172590353393625
135.84755786958942,15.366210789733888,0.5798443670459589,6.980126354262374,10.29639029618051
135.9840880785036,15.5567499687642,0.578817782001161,7.06215671211688,10.42178238156953
136.12061828741776,15.749623369508413,0.5777995277783747,7.145259300903467,10.548784380729256
136.25714849633192,15.944850956805631,0.5767896517443251,7.229447390531361,10.677414120673768
136.39367870524606,16.14245246410635,0.5757882020693216,7.314734362150286,10.8076894775365
136.53020891416023,16.34244737244076,0.574795227736903,7.401133706557072,10.939628369505932
136.6667391230744,16.544854888631544,0.5738107785535349,7.488659022465069,11.073248749412778
136.80326933198856,16.749693922739947,0.5728349051583541,7.5773240146314365,11.20856859695917
136.93979954090273,16.9569830647331,0.5718676590329574,7.667142491836705,11.34560591057935
137.07632974981686,17.166740560362317,0.5709090925112323,7.758128364711195,11.484378698921958
137.21285995873103,17.378984286242865,0.5699592587892218,7.850295643402809,11.624904971943913
137.3493901676452,17.59373172412591,0.5690182119350248,7.943658435080212,11.767202731605455
137.48592037655936,17.81099993435594,0.5680860068987212,8.038230941265963,11.911289962156857
137.62245058547353,18.03080552850655,0.5671626995223221,8.134027454993413,12.057184620006446
137.75898079438767,18.25316464118978,0.5662483465497362,8.231062357781463,12.204904623160227
137.89551100330183,18.478092901035513,0.565343005636749,8.329350116421171,12.354467840223581
138.032041212216,18.705605400838092,0.5644467353610115,8.428905279567738,12.505892078954973
138.16857142113017,18.935716666870572,0.5635595952320273,8.529742474132018,12.659195074362986
138.3051016300443,19.16844062736719,0.5626816457011361,8.631876401464863,12.814394476337059
138.44163183895847,19.40379058017776,0.5618129481714863,8.735321833328207,12.971507836803474
138.57816204787264,19.64177915959853,0.5609535650079903,8.840093607646047,13.13055259639755
138.7146922567868,19.882418302387904,0.5601035595472539,8.946206624029271,13.291546070644536
138.85122246570097,20.125719212976033,0.5592629961074751,9.053675839067475,13.454505435640982
138.9877526746151,20.371692327880858,0.558431939998303,9.162516261381315,13.619447713229414
139.12428288352928,20.620347279345737,0.5576104575306495,9.272742946428943,13.786389755659753
139.26081309244344,20.871692858215578,0.5567986160264468,9.38437099105961,13.95534822973068
139.3973433013576,21.12573697607316,0.5559964838283391,9.497415527808336,14.126339600406054
139.53387351027175,21.382486626658544,0.5552041303093048,9.61189171892477,14.299380113900888
139.6704037191859,21.641947846599237,0.5544216258821939,9.727814750130038,14.474485780233108
139.80693392810008,21.904125675480653,0.5536490420091779,9.845199824094783,14.651672355237096
139.94346413701425,22.16902411529199,0.5528864512110961,9.964062153632552,14.830955322037232
140.0799943459284,22.43664608928437,0.552133927076694,10.084416954601963,15.012349871979263
140.21652455484255,22.706993400283256,0.5513915442717381,10.206279438511638,15.195870885019078
140.35305476375672,22.98006668850096,0.5506593785480006,10.329664804822107,15.381532909569584
140.48958497267088,23.255865388898343,0.5499375067521023,10.4545882329385,15.569350141806664
140.62611518158505,23.534387688150957,0.5492260068341985,10.58106487388896,15.759336404437889
140.7626453904992,23.815630481277342,0.5485249578565026,10.709109841682992,15.951505124937468
140.89917559941335,24.09958932799343,0.5478344400016287,10.838738204344939,16.145869313253456
141.03570580832752,24.386258408859945,0.5471545345807477,10.969964974617314,16.34244153899352
141.1722360172417,24.675630481296746,0.5464853240415377,11.102805100329999,16.541233908098622
141.30876622615585,24.96769683554082,0.5458268919759208,11.23727345443067,16.74225803901413
141.44529643507,25.262447250630743,0.5451793231275706,11.373384824672785,16.94552503837036
141.58182664398416,25.559869950505558,0.5445427033991768,11.511153902957837,17.15104547618643
141.71835685289832,25.859951560309792,0.5439171198594553,11.650595274328408,17.358829360612223
141.8548870618125,26.162677063003606,0.5433026607498872,11.791723405610142,17.568886112226668
141.99141727072663,26.468029756379938,0.5426994154911737,11.934552633700092,17.781224537911182
142.1279474796408,26.77599121059733,0.5421074746893915,12.079097153500362,17.995852804320187
142.26447768855496,27.086541226340344,0.5415269301418365,12.225371005495676,18.212778410971712
142.40100789746913,27.39965779372673,0.5409578748425367,12.373388062975181,18.432008162984864
142.5375381063833,27.7153170520831,0.5404004029874225,12.523162018898471,18.65354814349164
142.67406831529743,28.033493250716944,0.5398546099791384,12.674706372407053,18.877403685753894
142.8105985242116,28.35415871081709,0.5393205924314779,12.828034414983268,19.103579345018584
142.94712873312577,28.677283788618077,0.5387984481734324,12.983159216258835,19.33207887014603
143.08365894203993,29.002836839970048,0.5382882762528296,13.140093609477086,19.562905175050005
143.2201891509541,29.33078418645728,0.5377901769395537,13.298850176612753,19.796060309989404
143.35671935986824,29.661090083213438,0.5373042517283273,13.459441233154692,20.03154543275467
143.4932495687824,29.993716688584545,0.5368306033410388,13.621878812557897,20.269360779794894
143.62977977769657,30.328624035792163,0.5363693357286037,13.786174650371448,20.509505637332897
143.76630998661074,30.665770006753934,0.535920554072338,13.952340168051286,20.75197831252011
143.90284019552487,31.005110308217827,0.5354843647848342,14.120386456466512,20.99677610468373
144.03937040443904,31.34659845036976,0.5350608755103186,14.290324259109983,21.243895276722675
144.1759006133532,31.69018572807292,0.5346501951244805,14.462163955024156,21.493331026709804
144.31243082226737,32.035821204899605,0.5342524337337523,14.635915541455525,21.74507745976234
144.44896103118154,32.38345170011356,0.5338677026740302,14.811588616250992,21.9991275602429
144.58549124009568,32.733021778760566,0.5334961145088182,14.989192360011419,22.255473164356925
144.72202144900984,33.08447374502332,0.5331377830267818,15.16873551801893,22.514104933214483
144.858551657924,33.43774763899208,0.5327928232386997,15.35022638195495,22.775012326425532
144.99508186683818,33.79278123700165,0.532461351373795,15.533672771428696,23.03818357630147
145.13161207575232,34.1495100556781,0.5321434848754385,15.719082015335681,23.303605662735748
145.26814228466648,34.50786735983515,0.5318393423962082,15.906460933068256,23.571264288839505
145.40467249358065,34.867784174352096,0.5315490437922941,16.095815815600385,23.841143857408042
145.54120270249481,35.22918930016039,0.5312727101172374,16.287152406471638,24.113227448297376
145.67773291140898,35.59200933445545,0.5310104636149934,16.480475882695284,24.38749679678902
145.81426312032312,35.95616869524245,0.530762427712307,16.675790835617526,24.663932273023285
145.95079332923729,36.321589650315225,0.5305287270103942,16.873101251756136,24.942512862581836
146.08732353815145,36.688192350754605,0.53030948727592,17.072410493647315,25.22321614829949
146.22385374706562,37.05589486902336,0.5301048354312639,17.273721280732175,25.50601829338714
146.36038395597978,37.424613241719705,0.5299148995440698,17.47703567031412,25.790894025945647
146.49691416489392,37.79426151703879,0.5297398088160726,17.682355038620322,26.077816624950746
146.6334443738081,38.1647518069774,0.5295796935711978,17.88968006200165,26.366757907788475
146.76997458272226,38.53599434429989,0.5294346852429302,18.0990106983057,26.65768821941789
146.90650479163642,38.90789754427027,0.5293049163609509,18.310346168459922,26.950576423238466
147.04303500055056,39.28036807113552,0.5291905205370401,18.52368493830142,27.245389893735386
147.17956520946473,39.65331090932986,0.5290916324502463,18.73902470069199,27.54209451097532
147.3160954183789,40.02662943934992,0.5290083878313242,18.956362357956486,27.84065465702079
147.45262562729306,40.400225518234365,0.5289409234464426,19.17569400468503,28.1410332143304
147.58915583620723,40.77399956456052,0.5288893770801666,19.397014910938452,28.44319156620659
147.72568604512136,41.14785064785247,0.5288538875177212,19.620319505897836,28.74708959934985
147.86221625403553,41.52167658227589,0.5288345945265392,19.845601361999535,29.052685708574245
147.9987464629497,41.89537402447377,0.5288316388371064,20.07285317959611,29.35993680373316
148.13527667186386,42.268838575380435,0.5288451621231081,20.302066772185675,29.66879831890139
148.271806880778,42.64196488582924,0.5288753069808932,20.533233052250328,29.979224223852256
148.40833708969217,43.014646765752296,0.5289222169082636,20.766342017745586,30.291167037864383
148.54486729860633,43.38677729675013,0.5289860362826049,21.0013827392812,30.604577845885135
148.6813975075205,43.75824894779341,0.5290669103383736,21.238343348034963,30.91940631707373
148.81792771643467,44.1289536937992,0.5291649851439564,21.477211024438997,31.235600725738184
148.9544579253488,44.498783136808854,0.5292804075779192,21.717971987678215,31.553107974674862
149.09098813426297,44.86762862947902,0.5294133253046666,21.960611486039895,31.87187362091222
149.22751834317714,45.23538140058113,0.5295638867495309,22.205113788151166,32.19184190385192
149.3640485520913,45.60193268219377,0.529732241073314,22.451462175142012,32.512955775795376
149.50057876100544,45.96717383825756,0.5299185381463022,22.699638933768124,32.83515693483378
149.6371089699196,46.33099649415338,0.5301229285217843,22.949625350527988,33.15838586007414
149.77363917883378,46.693292666953354,0.5303455634090917,23.20140170680549,33.48258184916392
149.91016938774794,47.053954895988966,0.530586594646192,23.454947275069532,33.80768305807213
150.0466995966621,47.41287637337203,0.5308461746718627,23.7102403161583,34.13362654307402
150.18322980557625,47.769951074101385,0.531124456497473,23.96725807767497,34.460348304880874
150.3197600144904,48.125073885385504,0.5314215936784039,24.225976793519404,34.78778333484847
150.45629022340458,48.47814073480913,0.531737740285139,24.486371684576973,35.11586566318921
150.59282043231875,48.829048716975734,0.5320730508740538,24.748416960585235,35.44452840910805
150.72935064123288,49.17769621825792,0.5324276804579402,25.012085823194617,35.77370383277296
150.86588085014705,49.523983039294876,0.5328017844762953,25.277350470238133,36.1033233890259
151.00241105906122,49.8678105148806,0.5331955187654097,25.544182101221015,36.433317782731834
151.13894126797538,50.209081630897984,0.5336090395282891,25.8125509240401,36.7636170256599
151.27547147688955,50.5477011379616,0.5340425033044431,26.082426162938262,37.09415049478257
151.4120016858037,50.88357566144547,0.5344960669395753,26.35377606769704,37.42484699187503
151.54853189471785,51.21661380758607,0.5349698875552102,26.62656792406782,37.755634804291724
151.68506210363202,51.546726265364825,0.5354641225182905,26.90076806543774,38.086441766791836
151.8215923125462,51.87382590389315,0.5359789294107804,27.176341885725208,38.4171953242835
151.95812252146035,52.19782786503963,0.5365144659993091,27.453253853495138,38.747822595351195
152.0946527303745,52.518649651058986,0.537070890204888,27.731467527281872,39.0782504364291
152.23118293928866,52.836211207003664,0.5376483600727369,28.01094557210469,39.408405506481
152.36771314820282,53.15043499771872,0.5382470337422514,28.291649777156735,39.73821433204435
152.504243357117,53.46124607924559,0.5388670694171439,28.573541074647128,40.06760337249733
152.64077356603113,53.76857216448092,0.5395086253357934,28.856579559770953,40.39649908540474
152.7773037749453,54.07234368296216,0.540171859741831,29.140724511780657,40.72482799180052
152.91383398385946,54.37249383467393,0.5408569308549964,29.425934416127962,41.05251674126348
153.05036419277363,54.668958637795306,0.5415639968422904,29.712166987644572,41.37949217664648
153.1868944016878,54.96167697033073,0.5422932157894569,29.999379194725655,41.70568139831847
153.32342461060193,55.25059060559238,0.5430447456728175,30.287527284478397,42.0310118277828
153.4599548195161,55.535644241525816,0.5438187443314889,30.5765668087958,42.35541127053778
153.59648502843027,55.816785523893216,0.5446153694400042,30.866452651312322,42.67880797804753
153.73301523734443,56.09396506335361,0.545434778481366,31.157139055198048,43.00113070869748
153.86954544625857,56.367136446499565,0.5462771287205503,31.44857965174382,43.32230878761049
154.00607565517274,56.636256240933434,0.5471425771784854,31.74072748968988,43.64227216520641
154.1426058640869,56.901283994484935,0.5480312806065202,32.03353506524698,43.96095147439094
154.27913607300107,57.16218222869387,0.5489433954614065,32.32695435275986,44.27827808626779
154.41566628191524,57.418916426698345,0.5498790778808056,32.62093683595946,44.594184164271205
154.55219649082937,57.671455015687286,0.5508384836593374,32.91543353975031,44.90860271662388
154.68872669974354,57.919769344092465,0.5518217682251845,33.21039506247873,45.221467647031204
154.8252569086577,58.16383365370871,0.5528290866172603,33.50577160862537,45.53271380352833
154.96178711757187,58.403625046946615,0.553860593462954,33.80151302186728,45.84227702540553
155.09831732648604,58.63912344943226,0.5549164429564597,34.09756881845199,46.15009418814196
155.23484753540018,58.870311568179936,0.5559967888376931,34.39388822082743,46.456103246286254
155.37137774431434,59.09717484557363,0.5571017843718056,34.690420191471034,46.76024327422949
155.5079079532285,59.319701409399286,0.5582315823292922,34.987113466860684,47.06245450482196
155.64443816214268,59.53788201917831,0.559386334966701,35.28391659153232,47.36267836579457
155.78096837105682,59.751710009056104,0.5605661940079391,35.58077795216745,47.660857513950305
155.91749857997098,59.96118122750395,0.5617713106261755,35.877645811656166,47.95693586710026
156.05402878888515,60.166293974093996,0.5630018354263355,36.174468343080136,48.25085863372385
156.19055899779931,60.3670489336095,0.5642579184281835,36.47119366356343,48.54257234034166
156.32708920671348,60.563449107750564,0.5655397090499852,36.767769867937886,48.8320248565942
156.46361941562762,60.75549974469525,0.5668473560927431,37.06414506217195,49.11916541802726
156.60014962454179,60.943208266773254,0.5681810077249954,37.3602673965137,49.40394464659087
156.73667983345595,61.126584196504815,0.5695408114681643,37.65608509829843,49.68631456886396
156.87321004237012,61.30563908125459,0.5709269141824462,37.95154650437541,49.966228632024205
157.00974025128426,61.48038641674295,0.5723394620532267,38.246600093107425,50.24364171758637
157.14627046019842,61.650841569652265,0.573778600578008,38.5411945159006,50.5185101529392
157.2828006691126,61.81702169955724,0.5752444745538284,38.83527862822163,50.79079172071408
157.41933087802676,61.97894568040243,0.5767372280651643,39.12880152006417,51.06044566602577
157.55586108694092,62.13663402173985,0.5782570044722887,39.42171254582555,51.327432701627416
157.69239129585506,62.29010878993197,0.579803946400073,39.71396135355838,51.591715011027645
157.82892150476923,62.43939352951584,0.581378195727211,40.005497913563744,51.853256249620934
157.9654517136834,62.584513184913824,0.582979893575839,40.296272546293395,52.11202154388489
158.10198192259756,62.725494022667725,0.5846091803015415,40.5862359495328,52.36797748870308
158.2385121315117,62.86236355436155,0.5862661954837086,40.87533922483662,52.621092142872726
158.37504234042586,62.995150460389034,0.5879510779162327,41.16353390319234,52.87133502286062
158.51157254934003,63.12388451471059,0.5896639655985111,41.45077196988797,53.11867709487136
158.6481027582542,63.248596510735126,0.5914049957267411,41.737005888564234,53.3630907652954
158.78463296716836,63.36931818845069,0.5931743046854746,42.02218862443162,53.60454986960444
158.9211631760825,63.48608216291829,0.5949720280394143,42.306273666636045,53.843029659763886
159.05769338499667,63.59892185423285,0.5967983005254226,42.589215049758906,54.078506790232844
159.19422359391083,63.70787141904506,0.5986532560447188,42.87096737443829,54.310959302622095
159.330753802825,63.81296568372866,0.6005370276552413,43.15148582710204,54.54036660908258
159.46728401173914,63.91424007926747,0.6024497475641485,43.43072619880352,54.766709474495144
159.6038142206533,64.01173057792785,0.6043915471204329,43.708644903154116,54.98996999753396
159.74034442956747,64.10547363177267,0.6063625568076207,43.98519899334726,55.21013159067421
159.87687463848164,64.19550611306502,0.6083629062365375,44.26034617827216,55.42717895921575
160.0134048473958,64.28186525660092,0.610392724138109,44.534044837715605,55.64109807939265
160.14993505630994,64.3645886040028,0.6124521383561738,44.806254036652966,55.85187617563782
160.2864652652241,64.44371394999786,0.6145412758402875,45.07693353863091,56.059501697071845
160.42299547413828,64.51927929069822,0.6166602626384821,45.34604381824519,56.263964293282164
160.55952568305244,64.59132277389324,0.6188092238899711,45.6135460727202,56.465254789459756
160.6960558919666,64.65988265135775,0.6209882838177654,45.87940223259626,56.663365160956985
160.83258610088075,64.72499723317428,0.6231975657211792,46.14357497153356,56.85828850732992
160.9691163097949,64.78670484406162,0.6254371919682071,46.4060277152424,57.05001902592659
161.10564651870908,64.8450437816968,0.6277072839877388,46.66672464955019,57.238551985080164
161.24217672762325,64.90005227701339,0.6300079622616019,46.925630727618035,57.42388369696565
161.37870693653738,64.95176845645365,0.6323393463164005,47.18271167631937,57.60601149017533
161.51523714545155,65.00023030614923,0.6347015547151349,47.43793400179553,57.78493368206743
161.65176735436572,65.04547563800021,0.6370947050485731,47.69126499420228,57.96064955093928
161.78829756327988,65.08754205762025,0.6395189139263644,47.94267273166458,58.13315930807573
161.92482777219405,65.12646693411158,0.641974296967865,48.192126083455534,58.30246406972017
162.0613579811082,65.16228737163156,0.6444609687926622,48.43959471241718,58.46856582901413
162.19788819002235,65.1950401827102,0.646979043010777,48.68504907664169,58.631467427949445
162.33441839893652,65.22476186327563,0.6495286322125217,48.92846043043092,58.791172529374066
162.4709486078507,65.25148856934315,0.6521098479580034,49.16980082455466,58.947685589091996
162.60747881676483,65.27525609532191,0.6547228007662498,49.40904310582657,59.10101182809414
162.744009025679,65.29609985389217,0.6573676001039429,49.64616091601846,59.251157204956094
162.88053923459316,65.31405485740476,0.6600443543737411,49.88112869013285,59.39812838843593
163.01706944350732,65.32915570075411,0.6627531709021807,50.1139216540554,59.54193273030388
163.1535996524215,65.34143654567552,0.6654941559271359,50.344515821607736,59.68257823843322
163.29012986133563,65.35093110641667,0.668267414584825,50.57288799102192,59.820073550180105
163.4266600702498,65.35767263673387,0.6710730508963522,50.79901574085843,59.95442790607803
163.56319027916396,65.361693918163,0.6739111677537623,51.02287742538813,60.085651123870704
163.69972048807813,65.36302724951554,0.6767818669056084,51.24445216946091,60.21375357290578
