key,label,normalized_time,n,p,q,r
theta_1,$1-n$,0.0,0.7320597909715206,0.13397010451423888,0.6570415275859784,0.7052255969217747
theta_1,$1-n$,0.0016666666666576636,0.7320482410795719,0.13479081104731733,0.6583834791323432,0.7059670764670861
theta_1,$1-n$,0.003333333333315327,0.7320135837851272,0.13562354861228026,0.6597085428753162,0.7066874246159396
theta_1,$1-n$,0.0049999999999729905,0.7319558079132579,0.1364683882503487,0.6610166007765811,0.7073865866037218
theta_1,$1-n$,0.006666666666630654,0.731874902625317,0.13732540102070398,0.662307536563142,0.7080645088751447
theta_1,$1-n$,0.008333333333366605,0.7317708574192552,0.13819465796084934,0.6635812357115777,0.7087211390601627
theta_1,$1-n$,0.010000000000024269,0.731643662131608,0.13907623004568045,0.6648375854319025,0.7093564259504199
theta_1,$1-n$,0.011666666666681933,0.7314933069410737,0.13997018814585072,0.6660764746520302,0.7099703194767073
theta_1,$1-n$,0.013333333333339597,0.7313197823737801,0.14087660298458646,0.6672977940017435,0.7105627706868305
theta_1,$1-n$,0.01499999999999726,0.7311230793102238,0.14179554509359232,0.6685014357968067,0.7111337317244019
theta_1,$1-n$,0.016666666666654922,0.7309031889943275,0.14272708476824006,0.6696872940199612,0.7116831558087199
theta_1,$1-n$,0.018333333333312586,0.7306601030435881,0.14367129202098736,0.670855264305758,0.7122109972151094
theta_1,$1-n$,0.01999999999997025,0.7303938134611591,0.14462823653384602,0.6720052439240799,0.712717211256138
theta_1,$1-n$,0.021666666666627914,0.7301043126496644,0.1455979876097414,0.6731371317630529,0.7132017542638683
theta_1,$1-n$,0.023333333333363866,0.7297915934266724,0.1465806141226866,0.6742508283122629,0.71366458357298
theta_1,$1-n$,0.02500000000002153,0.7294556490419515,0.14757618446651197,0.6753462356457886,0.7141056575046705
theta_1,$1-n$,0.026666666666679193,0.7290964731962803,0.1485847665028328,0.6764232574058253,0.7145249353516966
theta_1,$1-n$,0.028333333333336857,0.7287140600621069,0.14960642750732134,0.6774817987858528,0.7149223773641561
theta_1,$1-n$,0.02999999999999452,0.728308404305834,0.1506412341149625,0.6785217665141248,0.7152979447363739
theta_1,$1-n$,0.03166666666665218,0.7278795011118158,0.15168925226400748,0.6795430688371642,0.7156515995947963
theta_1,$1-n$,0.033333333333309845,0.7274273462080499,0.1527505471386593,0.6805456155033082,0.7159833049869511
theta_1,$1-n$,0.03499999999996751,0.7269519358935614,0.15382518311048005,0.6815293177463,0.716293024871509
theta_1,$1-n$,0.036666666666703464,0.7264532670674518,0.1549132236785427,0.6824940882692597,0.7165807241093491
theta_1,$1-n$,0.03833333333336113,0.7259313372597699,0.15601473140800862,0.6834398412295705,0.7168463684550708
theta_1,$1-n$,0.04000000000001879,0.7253861446637678,0.15712976786795238,0.6843664922227981,0.7170899245507057
theta_1,$1-n$,0.041666666666676455,0.7248176881700583,0.1582583935672692,0.6852739582677226,0.7173113599197433
theta_1,$1-n$,0.04333333333333412,0.7242259674023668,0.159400667889633,0.686162157790942,0.7175106429626481
theta_1,$1-n$,0.04499999999999178,0.7236109827549261,0.1605566490270298,0.6870310106119816,0.7176877429534525
theta_1,$1-n$,0.046666666666649446,0.7229727354314831,0.16172639391191818,0.6878804379289929,0.7178426300374232
theta_1,$1-n$,0.04833333333330711,0.7223112274859104,0.1629099581480309,0.688710362304939,0.7179752752298524
theta_1,$1-n$,0.04999999999996477,0.7216264618644195,0.16410739593983065,0.6895207076541651,0.7180856504160196
theta_1,$1-n$,0.05166666666670072,0.7209184424493374,0.16531876002069187,0.6903113992292891,0.7181737283523771
theta_1,$1-n$,0.053333333333358386,0.7201871741046412,0.16654410157947877,0.6910823636080898,0.7182394826689824
theta_1,$1-n$,0.05500000000001605,0.7194326627227455,0.16778347018638912,0.6918335286808452,0.7182828878732851
theta_1,$1-n$,0.056666666666673714,0.7186549152732035,0.16903691371693907,0.6925648236372771,0.7183039193552345
theta_1,$1-n$,0.05833333333333138,0.7178539398526937,0.170304478274784,0.693276178954963,0.7183025533933989
theta_1,$1-n$,0.05999999999998904,0.7170297457361708,0.1715862081126957,0.6939675263921186,0.7182787671611577
theta_1,$1-n$,0.061666666666646705,0.7161823434300982,0.17288214555303102,0.6946387989738179,0.7182325387362803
theta_1,$1-n$,0.06333333333330436,0.7153117447267556,0.17419233090633807,0.6952899309832381,0.7181638471103517
theta_1,$1-n$,0.06499999999996203,0.714417962760116,0.17551680238889897,0.695920857951693,0.7180726721999765
theta_1,$1-n$,0.06666666666669799,0.7135010120630274,0.17685559603895976,0.6965315166496658,0.7179589948591458
theta_1,$1-n$,0.06833333333335564,0.7125609086259287,0.17820874563128644,0.6971218450787166,0.7178227968927846
theta_1,$1-n$,0.07000000000001332,0.7115976699564391,0.17957628259104044,0.6976917824645019,0.7176640610714496
theta_1,$1-n$,0.07166666666667097,0.7106113151406684,0.1809582359057644,0.698241269250147,0.7174827711473395
theta_1,$1-n$,0.07333333333332863,0.7096018649055956,0.18235463203646804,0.6987702470902076,0.7172789118715924
theta_1,$1-n$,0.0749999999999863,0.708569341682757,0.1837654948274866,0.6992786588448647,0.7170524690129552
theta_1,$1-n$,0.07666666666664396,0.7075137696731911,0.18519084541522302,0.6997664485741858,0.7168034293778727
theta_1,$1-n$,0.07833333333330163,0.7064351749136287,0.18663070213582164,0.7002335615322677,0.716531780832052
theta_1,$1-n$,0.08000000000003758,0.7053335853435204,0.18808508043145258,0.7006799441641273,0.7162375123227454
theta_1,$1-n$,0.08166666666669524,0.7042090308727456,0.189553992754372,0.7011055441086953,0.715920613900968
theta_1,$1-n$,0.08333333333335291,0.7030615434511015,0.19103744847217455,0.7015103101913026,0.7155810767477886
theta_1,$1-n$,0.08500000000001057,0.7018911571384667,0.19253545377023412,0.7018941924242518,0.7152188931999656
theta_1,$1-n$,0.08666666666666824,0.7006979081759204,0.19404801155388998,0.7022571420055068,0.714834056777501
theta_1,$1-n$,0.0883333333333259,0.699481835057711,0.19557512134945343,0.7025991113187646,0.7144265622122883
theta_1,$1-n$,0.08999999999998357,0.6982429786039777,0.197116779204168,0.702920053934862,0.7139964054778378
theta_1,$1-n$,0.09166666666664122,0.6969813820342007,0.1986729775852183,0.7032199246142469,0.7135435838201372
theta_1,$1-n$,0.09333333333329889,0.6956970910413559,0.20024370527788196,0.7034986793102478,0.7130680957896951
theta_1,$1-n$,0.09500000000003483,0.6943901538666888,0.2018289472829945,0.7037562751728832,0.7125699412748012
theta_1,$1-n$,0.0966666666666925,0.6930606213754542,0.20342868471337358,0.7039926705528731,0.7120491215361932
theta_1,$1-n$,0.09833333333335016,0.691708547132673,0.20504289469041628,0.7042078250057623,0.711505639242834
theta_1,$1-n$,0.10000000000000783,0.6903339874801124,0.20667155023947487,0.7044016992956476,0.7109394985093179
theta_1,$1-n$,0.10166666666666549,0.6889370016128697,0.20831462018435018,0.704574255403659,0.7103507049333465
theta_1,$1-n$,0.10333333333332316,0.6875176516556226,0.20997206904035623,0.7047254565425431,0.7097392656331072
theta_1,$1-n$,0.10499999999998082,0.6860760027409435,0.21164385690917156,0.7048552671581083,0.7091051892890122
theta_1,$1-n$,0.10666666666663849,0.6846121230865619,0.2133299393717087,0.7049636529413313,0.7084484861840745
theta_1,$1-n$,0.10833333333329614,0.6831260840731705,0.21503026738128078,0.7050505808377469,0.7077691682462126
theta_1,$1-n$,0.1100000000000321,0.6816179603220707,0.2167447871564097,0.7051160190585903,0.7070672490913162
theta_1,$1-n$,0.11166666666668976,0.6800878297730326,0.21847344007292605,0.7051599370934417,0.7063427440672897
theta_1,$1-n$,0.11333333333334743,0.6785357737612706,0.2202161625567228,0.7051823057240715,0.7055956702986239
theta_1,$1-n$,0.11500000000000508,0.6769618770949085,0.22197288597570486,0.7051830970390887,0.7048260467321994
theta_1,$1-n$,0.11666666666666275,0.6753662281318428,0.2237435365322928,0.705162284449099,0.7040338941838755
theta_1,$1-n$,0.11833333333332041,0.6737489188563854,0.22552803515615197,0.7051198427020116,0.7032192353861065
theta_1,$1-n$,0.11999999999997808,0.6721100449555805,0.22732629739737867,0.7050557478981588,0.702382095036597
theta_1,$1-n$,0.12166666666663574,0.6704497058951566,0.22913823332029698,0.7049699775048885,0.7015224998480426
theta_1,$1-n$,0.1233333333333717,0.6687680049938474,0.23096374739655823,0.7048625103783583,0.7006404785971279
theta_1,$1-n$,0.12500000000002937,0.6670650494968869,0.23280273839787702,0.7047333267891308,0.6997360621738316
theta_1,$1-n$,0.12666666666668702,0.6653409506498961,0.23465509929289144,0.7045824084344892,0.6988092836340313
theta_1,$1-n$,0.12833333333334468,0.6635958237711137,0.23652071714197845,0.7044097384622923,0.6978601782507001
theta_1,$1-n$,0.13000000000000234,0.6618297883227372,0.23839947299416953,0.7042153014916425,0.696888783566424
theta_1,$1-n$,0.13166666666666002,0.6600429679810333,0.24029124178473185,0.7039990836354753,0.6958951394462337
theta_1,$1-n$,0.13333333333331768,0.6582354907050945,0.2421958922337123,0.7037610725246793,0.694879288130744
theta_1,$1-n$,0.13499999999997533,0.6564074888041939,0.24411328674566118,0.7035012573333363,0.6938412742896338
theta_1,$1-n$,0.136666666666633,0.6545590990036966,0.2460432813107517,0.7032196288046711,0.6927811450755035
theta_1,$1-n$,0.13833333333336895,0.6526904625093909,0.24798572540760344,0.7029161792772901,0.6916989501780918
theta_1,$1-n$,0.14000000000002663,0.650801725070725,0.2499404619074769,0.7025909027113847,0.6905947418791961
theta_1,$1-n$,0.1416666666666843,0.6488930370415846,0.2519073269814265,0.7022437947142752,0.6894685751075659
theta_1,$1-n$,0.14333333333334194,0.6469645534403208,0.25388615000880105,0.7018748525651782,0.6883205074948182
theta_1,$1-n$,0.1449999999999996,0.6450164340059032,0.2558767534860963,0.7014840752502134,0.6871505994291215
theta_1,$1-n$,0.14666666666665726,0.6430488432522825,0.25787895293836155,0.7010714634963661,0.6859589141094304
theta_1,$1-n$,0.14833333333331494,0.6410619505222991,0.2598925568353432,0.7006370197948212,0.684745517601978
theta_1,$1-n$,0.1499999999999726,0.63905593003782,0.2619173665080626,0.7001807484346416,0.6835104788946158
theta_1,$1-n$,0.15166666666663026,0.6370309609480085,0.26395317606887375,0.6997026555332757,0.6822538699518857
theta_1,$1-n$,0.1533333333333662,0.6349872273747742,0.2659997723340862,0.6992027490688771,0.6809757657695479
theta_1,$1-n$,0.15500000000002387,0.6329249184559462,0.2680569347488507,0.6986810389140992,0.679676244428957
theta_1,$1-n$,0.15666666666668155,0.6308442283846877,0.27012443531602587,0.6981375368705327,0.6783553871504155
theta_1,$1-n$,0.1583333333333392,0.6287453564470373,0.27220203852737934,0.6975722567037755,0.6770132783467311
theta_1,$1-n$,0.15999999999999687,0.6266285070561027,0.27428950129883733,0.696985214178306,0.6756500056761141
theta_1,$1-n$,0.16166666666665452,0.6244938897834421,0.2763865729094845,0.6963764270918209,0.6742656600947996
theta_1,$1-n$,0.1633333333333122,0.6223417193875033,0.2784929949446829,0.6957459153085354,0.6728603359093666
theta_1,$1-n$,0.16499999999996987,0.6201722158390641,0.2806085012435549,0.6950937007910889,0.6714341308287558
theta_1,$1-n$,0.16666666666670582,0.6179856043411792,0.2827328178472321,0.6944198076460174,0.6699871460126007
theta_1,$1-n$,0.16833333333336348,0.6157821153473212,0.2848656629528615,0.6937242621619959,0.6685194861208312
theta_1,$1-n$,0.17000000000002113,0.6135619845760426,0.2870067468747468,0.6930070928410379,0.6670312593629807
theta_1,$1-n$,0.1716666666666788,0.6113254530217961,0.2891557720071345,0.6922683304381677,0.6655225775455882
theta_1,$1-n$,0.17333333333333648,0.6090727669619808,0.29131243279308017,0.6915080079978327,0.663993556118956
theta_1,$1-n$,0.17499999999999413,0.6068041779600414,0.293476415697736,0.6907261608918879,0.6624443142225254
theta_1,$1-n$,0.1766666666666518,0.6045199428645164,0.2956473991864675,0.6899228268585698,0.6608749747288419
theta_1,$1-n$,0.17833333333330945,0.6022203238040323,0.29782505370811174,0.6890980460419056,0.659285664286154
theta_1,$1-n$,0.17999999999996713,0.5999055881782422,0.30000904168368747,0.6882518610310079,0.6576765133596815
theta_1,$1-n$,0.18166666666670306,0.5975760086445944,0.30219901750097067,0.687384316898659,0.6560476562715217
theta_1,$1-n$,0.18333333333336074,0.5952318631015884,0.30439462751462876,0.6864954612388813,0.6543992312396933
theta_1,$1-n$,0.1850000000000184,0.5928734346668724,0.30659551005376773,0.6855853442023263,0.6527313804152064
theta_1,$1-n$,0.18666666666667606,0.5905010116523055,0.3088012954350183,0.6846540185301812,0.6510442499186332
theta_1,$1-n$,0.1883333333333337,0.5881148875316189,0.3110116059773191,0.6837015396047963,0.6493379898706607
theta_1,$1-n$,0.1899999999999914,0.5857153609057728,0.31322605602717957,0.6827279654855793,0.6476127544243379
theta_1,$1-n$,0.19166666666664905,0.5833027354640903,0.3154442519910055,0.68173335694272,0.6458687017956181
theta_1,$1-n$,0.1933333333333067,0.5808773199399844,0.3176657923724263,0.6807177774963363,0.6441059942908111
theta_1,$1-n$,0.19499999999996437,0.5784394280624523,0.31989026781719254,0.6796812934525154,0.6423247983326297
theta_1,$1-n$,0.19666666666670032,0.5759893785026053,0.3221172611646329,0.6786239739403775,0.6405252844836635
theta_1,$1-n$,0.19833333333335798,0.5735274948159882,0.3243463475053446,0.67754589094984,0.638707627467869
theta_1,$1-n$,0.20000000000001567,0.5710541053790192,0.3265770942469873,0.6764471193687038,0.636872006188884
theta_1,$1-n$,0.20166666666667332,0.5685695433219138,0.328809061186391,0.675327737019435,0.6350186037469377
theta_1,$1-n$,0.20333333333333098,0.5660741464564258,0.33104180058984756,0.6741878246942686,0.6331476074531701
theta_1,$1-n$,0.20499999999998864,0.5635682571991587,0.3332748572812596,0.6730274661883067,0.6312592088419433
theta_1,$1-n$,0.20666666666664632,0.5610522224903882,0.3355077687385541,0.6718467483299368,0.6293536036811446
theta_1,$1-n$,0.20833333333330398,0.5585263937083387,0.33774006519832594,0.6706457610089724,0.6274309919802888
theta_1,$1-n$,0.20999999999996163,0.5559911265762635,0.3399712697614325,0.6694245972249852,0.6254915779906329
theta_1,$1-n$,0.2116666666666976,0.5534467810674181,0.3422008985136706,0.6681833531125747,0.6235355702082868
theta_1,$1-n$,0.21333333333335525,0.5508937213055529,0.34442846065273314,0.6669221279698844,0.6215631813738234
theta_1,$1-n$,0.21500000000001293,0.54833231545919,0.3466534586231096,0.6656410242888522,0.6195746284675611
theta_1,$1-n$,0.2166666666666706,0.545762935632803,0.3488753882586922,0.6643401477829147,0.617570132703425
theta_1,$1-n$,0.21833333333332824,0.5431859577527408,0.3510937389335048,0.663019607414913,0.6155499195190033
theta_1,$1-n$,0.2199999999999859,0.5406017614487522,0.35330799372015503,0.6616795154248627,0.613514218562499
theta_1,$1-n$,0.22166666666664356,0.5380107299311324,0.3555176295563457,0.6603199873568413,0.6114632636766356
theta_1,$1-n$,0.22333333333330124,0.5354132498636326,0.35772211741967624,0.6589411420843035,0.6093972928796687
theta_1,$1-n$,0.2250000000000372,0.5328097112321503,0.3599209225110673,0.6575431018330727,0.607316548343556
theta_1,$1-n$,0.22666666666669485,0.5302005072100762,0.36211350444642043,0.6561259922017137,0.6052212763700245
theta_1,$1-n$,0.2283333333333525,0.5275860340186026,0.3642993174582921,0.6546899421776134,0.6031117273632183
theta_1,$1-n$,0.23000000000001017,0.5249666907844048,0.36647781060505497,0.653235084151383,0.6009881558004364
theta_1,$1-n$,0.23166666666666785,0.5223428793907519,0.3686484279801286,0.6517615539539443,0.59885082019199
theta_1,$1-n$,0.2333333333333255,0.5197150043277887,0.37081060893943135,0.6502694908622807,0.5966999830469727
theta_1,$1-n$,0.23499999999998317,0.5170834725383705,0.37296378833352023,0.6487590376136771,0.5945359108327102
theta_1,$1-n$,0.23666666666664082,0.5144486932603842,0.37510739674728205,0.6472303404190591,0.5923588739310249
theta_1,$1-n$,0.2383333333332985,0.511811077865954,0.3772408607479837,0.6456835489732649,0.5901691465916652
theta_1,$1-n$,0.24000000000003444,0.5091710396972954,0.37936360314062356,0.6441188164651367,0.5879670068819066
theta_1,$1-n$,0.24166666666669212,0.506528993900178,0.3814750432300871,0.6425362995871586,0.5857527366331938
theta_1,$1-n$,0.24333333333334978,0.5038853572533477,0.38357459709169606,0.640936158542816,0.5835266213835123
theta_1,$1-n$,0.24500000000000743,0.5012405479966004,0.385661677848257,0.6393185570524321,0.5812889503178057
theta_1,$1-n$,0.2466666666666651,0.49859498565586213,0.3877356959552019,0.6376836623556632,0.5790400162051331
theta_1,$1-n$,0.24833333333332278,0.4959490908662308,0.38979605949332086,0.6360316452103753,0.5767801153334298
theta_1,$1-n$,0.24999999999998043,0.4933032851930682,0.3918421744692829,0.6343626798871107,0.5745095474420134
theta_1,$1-n$,0.2516666666666381,0.4906579909511678,0.3938734451228618,0.6326769441617446,0.5722286156509306
theta_1,$1-n$,0.2533333333332958,0.4880136310206982,0.39588927423110926,0.6309746193326461,0.5699376263781356
theta_1,$1-n$,0.2550000000000317,0.4853706286636854,0.3978890634317539,0.6292558901993921,0.5676368892662434
theta_1,$1-n$,0.25666666666668936,0.4827294073388698,0.3998722135466811,0.627520945055723,0.5653267171013086
theta_1,$1-n$,0.258333333333347,0.48009039051428165,0.4018381249126154,0.6257699756778706,0.563007425728363
theta_1,$1-n$,0.26000000000000467,0.47745400148025546,0.4037861977167084,0.6240031773108891,0.56067933396536
theta_1,$1-n$,0.2616666666666624,0.47482066316110416,0.40571583233736525,0.6222207486539741,0.5583427635132128
theta_1,$1-n$,0.26333333333332004,0.4721907979264439,0.4076264296896722,0.6204228918445713,0.5559980388629104
theta_1,$1-n$,0.2649999999999777,0.469564827402288,0.4095173915754481,0.6186098124405064,0.5536454871999329
theta_1,$1-n$,0.26666666666663535,0.4669431722821553,0.4113881210378476,0.6167817193994549,0.5512854383062963
theta_1,$1-n$,0.2683333333333713,0.4643262521383148,0.41323802272053234,0.6149388250549787,0.5489182244604498
theta_1,$1-n$,0.27000000000002894,0.4617144852341463,0.41506650323081673,0.6130813450889653,0.5465441803360225
theta_1,$1-n$,0.27166666666668665,0.4591082883360205,0.41687297150801933,0.6112094984984865,0.5441636428980822
theta_1,$1-n$,0.2733333333333443,0.456508076527245,0.41865683919353497,0.6093235075628974,0.5417769512975726
theta_1,$1-n$,0.27500000000000197,0.4539142630216621,0.4204175209949816,0.6074235978339805,0.5393844467528931
theta_1,$1-n$,0.2766666666666596,0.45132725898003884,0.4221544350662891,0.6055099980848075,0.5369864724451031
theta_1,$1-n$,0.2783333333333173,0.4487474733273439,0.42386700338290734,0.6035829402762746,0.5345833734032732
theta_1,$1-n$,0.27999999999997494,0.4461753125718638,0.42555465211974924,0.6016426595178475,0.5321754963894179
theta_1,$1-n$,0.2816666666666326,0.44361118062636573,0.4272168120304316,0.5996893940260013,0.5297631897816472
theta_1,$1-n$,0.2833333333333686,0.4410554786313404,0.4288529188269805,0.5977233850816668,0.5273468034550031
theta_1,$1-n$,0.28500000000002623,0.4385086047812622,0.43046241355931586,0.5957448769866737,0.5249266886610294
theta_1,$1-n$,0.2866666666666839,0.4359709541522793,0.4320447429954355,0.5937541170172365,0.522503197904741
theta_1,$1-n$,0.28833333333334155,0.4334429185339508,0.43359936000053545,0.591751355375764,0.5200766848216295
theta_1,$1-n$,0.2899999999999992,0.4309248862634431,0.43512572391599297,0.5897368451390407,0.517647504053373
theta_1,$1-n$,0.29166666666665686,0.428417242063123,0.4366233009375217,0.5877108422027671,0.5152160111232972
theta_1,$1-n$,0.2933333333333145,0.4259203668816392,0.43809156449234826,0.5856736052218003,0.5127825623118427
theta_1,$1-n$,0.29499999999997223,0.4234346377385928,0.43952999561330547,0.5836253955513014,0.5103475145298755
theta_1,$1-n$,0.2966666666666299,0.4209604275725425,0.44093808330344,0.5815664772069714,0.5079112251820547
theta_1,$1-n$,0.2983333333333658,0.4184981050936329,0.44231532490930436,0.5794971167873774,0.5054740520453428
theta_1,$1-n$,0.30000000000002347,0.41604803464053886,0.4436612264839151,0.577417583414977,0.5030363531387922
theta_1,$1-n$,0.3016666666666811,0.4136105760405893,0.4449753031477527,0.5753281486700859,0.5005984865936854
theta_1,$1-n$,0.30333333333333884,0.411186084475541,0.4462570794447364,0.5732290865241658,0.498160810524531
theta_1,$1-n$,0.3049999999999965,0.40877491035137725,0.4475060896934805,0.571120673271712,0.49572368289904056
theta_1,$1-n$,0.30666666666665415,0.4063773991729555,0.4487218783331266,0.5690031874609642,0.4932874614080886
theta_1,$1-n$,0.3083333333333118,0.4039938914235187,0.4499040002635031,0.566876909822985,0.49085250333586194
theta_1,$1-n$,0.30999999999996947,0.4016247224491984,0.4510520211792963,0.5647421231987478,0.48841916543051744
theta_1,$1-n$,0.3116666666667054,0.39927022234853077,0.45216551789797144,0.5625991124637739,0.48598780377555256
theta_1,$1-n$,0.3133333333333631,0.39693071586777606,0.45324407868081695,0.5604481644505656,0.48355877366289346
theta_1,$1-n$,0.31500000000002076,0.39460652230051424,0.4542873035475795,0.5582895678669646,0.48113242946630647
theta_1,$1-n$,0.3166666666666784,0.3922979553936835,0.45529480458192234,0.5561236132174542,0.47870912451523334
theta_1,$1-n$,0.3183333333333361,0.39000532325806814,0.45626620622554676,0.5539505927358234,0.4762892109628587
theta_1,$1-n$,0.31999999999999373,0.38772892828525213,0.457201145570533,0.5517708002911453,0.4738730396674104
theta_1,$1-n$,0.3216666666666514,0.3854690670697295,0.45809927263862243,0.5495845313079796,0.4714609600674348
theta_1,$1-n$,0.32333333333330905,0.38322603033674246,0.458960250652015,0.5473920826822762,0.46905332005986067
theta_1,$1-n$,0.3249999999999667,0.3810001028758229,0.4597837562945525,0.5451937526962874,0.4666504658795242
theta_1,$1-n$,0.3266666666667027,0.3787915634799414,0.4605694799629167,0.5429898409327133,0.46425274198002914
theta_1,$1-n$,0.32833333333336034,0.37660068489090387,0.46131712600732844,0.5407806481886231,0.4618604909167931
theta_1,$1-n$,0.330000000000018,0.37442773374946353,0.4620264129619987,0.5385664763875135,0.4594740532307713
theta_1,$1-n$,0.33166666666667566,0.3722729705522413,0.46269707376429686,0.5363476284914908,0.45709376733528645
theta_1,$1-n$,0.3333333333333333,0.3701366496139175,0.463328855962897,0.534124408411942,0.4547199694044544
theta_1,$1-n$,0.33499999999999097,0.36801901903533873,0.4639215219143806,0.5318971209192325,0.4523529932640586
theta_1,$1-n$,0.3366666666666487,0.36592032067745545,0.46447484896803487,0.5296660715512415,0.4499931702849391
theta_1,$1-n$,0.33833333333330634,0.3638407901407159,0.46498862963858806,0.5274315665231918,0.4476408292779514
theta_1,$1-n$,0.339999999999964,0.3617806567494759,0.4654626717665499,0.5251939126417354,0.4452962963892137
theta_1,$1-n$,0.3416666666666999,0.35974014354321604,0.46589679866668426,0.5229534172083105,0.4429598950024419
theta_1,$1-n$,0.3433333333333576,0.35771946727297155,0.4662908492633938,0.5207103879292915,0.4406319456414485
theta_1,$1-n$,0.34500000000001524,0.35571883840247376,0.4666446782131992,0.5184651328243277,0.4383127658744403
theta_1,$1-n$,0.34666666666667295,0.35373846111561047,0.4669581560142361,0.5162179601352512,0.43600267022242084
theta_1,$1-n$,0.3483333333333306,0.35177853332867903,0.4672311691028995,0.5139691782342404,0.43370197007000466
theta_1,$1-n$,0.34999999999998826,0.3498392467079349,0.46746361993732566,0.5117190955320827,0.4314109735792828
theta_1,$1-n$,0.3516666666666459,0.34792078669226506,0.46765542706754804,0.5094680203866374,0.42912998560660665
theta_1,$1-n$,0.3533333333333036,0.34602333252091094,0.4678065251921429,0.5072162610117102,0.4268593076222686
theta_1,$1-n$,0.35499999999996124,0.34414705726616723,0.46791686520117987,0.5049641253865474,0.42459923763305957
theta_1,$1-n$,0.3566666666666972,0.34229212787089414,0.4679864142052959,0.5027119211660541,0.42235007010757447
theta_1,$1-n$,0.3583333333333549,0.34045870519129046,0.4680151555506913,0.5004599555925798,0.4201120959048785
theta_1,$1-n$,0.36000000000001253,0.33864694404283374,0.46800308882235425,0.4982085354047083,0.4178856022068775
theta_1,$1-n$,0.3616666666666702,0.33685699325096186,0.4679502298350866,0.49595796674705644,0.41567087245552997
theta_1,$1-n$,0.36333333333332785,0.3350889957072507,0.46785661060641165,0.4937085550846955,0.41346818628966603
theta_1,$1-n$,0.3649999999999855,0.3333430884287095,0.4677222793193557,0.4914606051148759,0.4112778194875749
theta_1,$1-n$,0.36666666666664316,0.3316194026213814,0.4675473002704007,0.48921442068203913,0.4091000439115493
theta_1,$1-n$,0.3683333333333008,0.32991806374772625,0.46733175380457176,0.4869703046926758,0.40693512745634974
theta_1,$1-n$,0.3700000000000368,0.328239191597576,0.46707573623763404,0.48472855903036105,0.40478333400128236
theta_1,$1-n$,0.37166666666669446,0.3265829003630036,0.4667793597654461,0.4824894844720595,0.40264492336627855
theta_1,$1-n$,0.3733333333333521,0.3249492987157979,0.46644275236025606,0.48025338060458,0.400520151270242
theta_1,$1-n$,0.37500000000000977,0.3233384898889921,0.4660660576541537,0.4780205457437461,0.3984092692934671
theta_1,$1-n$,0.3766666666666674,0.32175057176113186,0.4656494348094737,0.4757912768551621,0.39631252484239277
theta_1,$1-n$,0.37833333333332514,0.3201856369436299,0.4651930583761906,0.473565869477667,0.3942301611170803
theta_1,$1-n$,0.3799999999999828,0.3186437728709988,0.46469711813626624,0.47134461764983004,0.3921624170810965
theta_1,$1-n$,0.38166666666664045,0.31712506189293893,0.464161818940352,0.4691278138286452,0.39010952743987226
theta_1,$1-n$,0.3833333333332981,0.3156295813686876,0.46358738053297177,0.46691574881029985,0.38807172262207734
theta_1,$1-n$,0.38500000000003404,0.31415740376488716,0.4629740373597012,0.4647087116649156,0.3860492287567263
theta_1,$1-n$,0.3866666666666917,0.3127085967548599,0.46232203836858654,0.46250698966294174,0.38404226766004523
theta_1,$1-n$,0.3883333333333494,0.31128322331937547,0.4616316467983502,0.4603108682066243,0.38205105682215895
theta_1,$1-n$,0.39000000000000706,0.3098813418498007,0.46090313995692184,0.4581206307625962,0.3800758093986872
theta_1,$1-n$,0.3916666666666647,0.30850300625245153,0.46013680898996895,0.45593655879465134,0.378116734205471
theta_1,$1-n$,0.3933333333333224,0.30714826605442463,0.4593329586397022,0.4537589316979461,0.3761740357166463
theta_1,$1-n$,0.39499999999998003,0.30581716651069885,0.45849190699402975,0.45158802673514403,0.37424791406561747
theta_1,$1-n$,0.3966666666666377,0.3045097487123675,0.4576139852261655,0.44942411897512263,0.37233856504857643
theta_1,$1-n$,0.39833333333329535,0.30322604969586087,0.4566995373247944,0.4472674812348635,0.37044618013021563
theta_1,$1-n$,0.40000000000003133,0.3019661025529607,0.4557489198148535,0.4451183840250436,0.368570946451193
theta_1,$1-n$,0.401666666666689,0.30072993654181807,0.4547625014693408,0.4429770955004622,0.36671304683757067
theta_1,$1-n$,0.40333333333334664,0.2995175771973242,0.4537406630196474,0.4408438813948285,0.3648726598208752
theta_1,$1-n$,0.4050000000000043,0.2983290464425642,0.4526837968559449,0.43871900496639704,0.3630499596576084
theta_1,$1-n$,0.40666666666666196,0.29716436270080326,0.4515923067151939,0.4366027269570669,0.3612451163441041
theta_1,$1-n$,0.4083333333333196,0.296023541007026,0.4504666073676788,0.43449530554149973,0.35945829564075144
theta_1,$1-n$,0.40999999999997727,0.2949065931195184,0.4493071242953742,0.43239699628312106,0.35768965909614486
theta_1,$1-n$,0.411666666666635,0.293813527631224,0.448114293365194,0.4303080520904013,0.3559393640744415
theta_1,$1-n$,0.4133333333333709,0.2927443500807037,0.4468885604972257,0.4282287231739848,0.3542075637854479
theta_1,$1-n$,0.41500000000002857,0.291699063062875,0.44563038132846355,0.426159257005922,0.35249440731752985
theta_1,$1-n$,0.4166666666666862,0.2906776663386578,0.4443402208713342,0.42409989828020644,0.35080003967173123
theta_1,$1-n$,0.4183333333333439,0.2896801569444093,0.4430185531683298,0.42205088887723907,0.34912460179833454
theta_1,$1-n$,0.42000000000000154,0.28870652930026897,0.4416658609420526,0.4200124678314206,0.3474682306342457
theta_1,$1-n$,0.42166666666665925,0.28775677531759497,0.4402826352411752,0.4179848713031265,0.34583105914129875
theta_1,$1-n$,0.4233333333333169,0.28683088450532235,0.4388693750825769,0.4159683325552253,0.3442132163452003
theta_1,$1-n$,0.42499999999997456,0.28592884407528957,0.4374265870991662,0.4139630819099839,0.3426148273867948
theta_1,$1-n$,0.4266666666666322,0.28505063904616873,0.4359547851794703,0.4119693467244505,0.3410360135670438
theta_1,$1-n$,0.42833333333336815,0.28419625234612433,0.4344544901031337,0.40998735137407744,0.33947689239001594
theta_1,$1-n$,0.43000000000002586,0.28336566491414933,0.4329262291793113,0.4080173172286892,0.33793757761311916
theta_1,$1-n$,0.4316666666666835,0.2825588557994483,0.4313705358819526,0.4060594626336747,0.33641817929598905
theta_1,$1-n$,0.4333333333333412,0.28177580225966786,0.42978794948594157,0.40411400289247945,0.3349188038521234
theta_1,$1-n$,0.43499999999999883,0.2810164798572751,0.4281790147031792,0.4021811502496119,0.3334395541018122
theta_1,$1-n$,0.4366666666666565,0.2802808625542327,0.4265442813191698,0.40026111387533275,0.33198052932645683
theta_1,$1-n$,0.43833333333331415,0.27956892280483625,0.4248843038301804,0.39835409985254583,0.3305418253238542
theta_1,$1-n$,0.4399999999999718,0.27888063164662025,0.4231996410811146,0.39646031116649993,0.3291235344640973
theta_1,$1-n$,0.44166666666662946,0.27821595878923744,0.42149085590424124,0.3945799476979132,0.32772574574574354
theta_1,$1-n$,0.44333333333336544,0.27757487270118947,0.4197585147588353,0.3927132062200429,0.3263485448518358
theta_1,$1-n$,0.4450000000000231,0.27695734069453437,0.41800318737268216,0.3908602803999459,0.32499201420619345
theta_1,$1-n$,0.44666666666668076,0.2763633290082025,0.4162254463933398,0.38902136077789307,0.3236562330395345
theta_1,$1-n$,0.4483333333333384,0.27579280288842467,0.4144258670349757,0.3871966347715343,0.3223412774473837
theta_1,$1-n$,0.44999999999999607,0.2752457266669,0.412605026728207,0.38538628668088826,0.3210472204480698
theta_1,$1-n$,0.4516666666666537,0.27472206383692493,0.4107635047756322,0.38359049768853776,0.3197741320444764
theta_1,$1-n$,0.45333333333331144,0.2742217771271161,0.40890188201002464,0.38180944586442384,0.31852207928485204
theta_1,$1-n$,0.4549999999999691,0.27374482857290644,0.40702074045697534,0.3800433061709938,0.3172911263243609
theta_1,$1-n$,0.456666666666705,0.2732911795857272,0.40512066300196115,0.3782922504690973,0.3160813344870698
theta_1,$1-n$,0.4583333333333627,0.2728607910199362,0.40320223306243774,0.3765564475255984,0.31489276232846325
theta_1,$1-n$,0.46000000000002034,0.2724536232371095,0.4012660342636828,0.3748360630219467,0.31372546569738746
theta_1,$1-n$,0.461666666666678,0.2720696361680563,0.3993126501202364,0.37313125956582915,0.3125794977983139
theta_1,$1-n$,0.4633333333333357,0.2717087893721702,0.39734266372166804,0.37144219670514117,0.31145490925281816
theta_1,$1-n$,0.46499999999999336,0.2713710420941792,0.3953566574232671,0.36976903094524927,0.31035174816037
theta_1,$1-n$,0.466666666666651,0.2710563533183298,0.39335521254208855,0.3681119157686264,0.30927006015858194
theta_1,$1-n$,0.4683333333333087,0.27076468182187213,0.3913389090656374,0.36647100163612767,0.30820988849011494
theta_1,$1-n$,0.46999999999996633,0.2704959862240184,0.3893083253586575,0.3648464360120056,0.3071712740614197
theta_1,$1-n$,0.47166666666670226,0.2702502250329112,0.3872640378779812,0.36323836338499793,0.3061542555026443
theta_1,$1-n$,0.47333333333336,0.2700273566903513,0.3852066208951813,0.3616469252877435,0.305158869228813
theta_1,$1-n$,0.47500000000001763,0.2698273396137907,0.3831366462242094,0.3600722603183106,0.30418514949935815
theta_1,$1-n$,0.4766666666666753,0.2696501322360638,0.381054682956954,0.35851450416274666,0.30323312847778355
theta_1,$1-n$,0.47833333333333294,0.2694956930426386,0.37896129720526045,0.3569737896178117,0.3023028362906134
theta_1,$1-n$,0.4799999999999906,0.2693639806064195,0.3768570518499633,0.3554502466146459,0.3013943010857849
theta_1,$1-n$,0.48166666666664826,0.2692549536200475,0.3747425062968143,0.35394400224359207,0.30050754909030974
theta_1,$1-n$,0.4833333333333059,0.26916857092565766,0.37261821623928315,0.3524551807804689,0.2996426046670739
theta_1,$1-n$,0.48499999999996357,0.2691047915420522,0.37048473342820976,0.35098390371459137,0.2987994903706487
theta_1,$1-n$,0.48666666666669955,0.269063574689247,0.3683426054481843,0.3495302897787671,0.29797822700194593
theta_1,$1-n$,0.4883333333333572,0.2690448798105767,0.36619237550171363,0.3480944549805927,0.2971788336621236
theta_1,$1-n$,0.49000000000001487,0.2690486665944299,0.3640345822042917,0.3466765126203573,0.2964013278082872
theta_1,$1-n$,0.4916666666666725,0.26907489499094134,0.361869759381788,0.3452765733276435,0.29564572530466476
theta_1,$1-n$,0.4933333333333302,0.2691235252272821,0.359698435876945,0.34389474509228085,0.2949120404737879
theta_1,$1-n$,0.49499999999998784,0.269194517820659,0.35752113536366825,0.3425311332947798,0.2942002861472386
theta_1,$1-n$,0.49666666666664555,0.2692878335888927,0.35533837616848835,0.34118584073817837,0.2935104737150244
theta_1,$1-n$,0.4983333333333032,0.2694034336587861,0.35315067109960335,0.33985896768003593,0.29284261317383237
theta_1,$1-n$,0.5000000000000392,0.26954127947227174,0.35095852728331656,0.3385506118646158,0.2921967131741108
theta_1,$1-n$,0.5016666666666968,0.269701332790278,0.3487624460084048,0.3372608685557258,0.29157278106613976
theta_1,$1-n$,0.5033333333333545,0.26988355569439715,0.34656292257678983,0.33598983056940035,0.29097082294461696
theta_1,$1-n$,0.5050000000000121,0.2700879105862059,0.344360446162489,0.3347375883077555,0.2903908436923451
theta_1,$1-n$,0.5066666666666698,0.27031436018431576,0.3421554996772186,0.3335042297931958,0.2898328470225436
theta_1,$1-n$,0.5083333333333274,0.2705628675190975,0.3399485596431849,0.332289840703446,0.2892968355199482
theta_1,$1-n$,0.5099999999999851,0.2708333959253494,0.3377400960731793,0.33109450440662197,0.28878281068054995
theta_1,$1-n$,0.5116666666666428,0.2711259090346663,0.33553057235985784,0.32991830199064887,0.2882907729496432
theta_1,$1-n$,0.5133333333333004,0.27144037076313365,0.3333204451690646,0.3287613123009781,0.28782072175920154
theta_1,$1-n$,0.5150000000000364,0.2717767452981813,0.33111016434130897,0.32762361197519146,0.28737265556329833
theta_1,$1-n$,0.516666666666694,0.27213499708328015,0.32890017280080847,0.3265052754771586,0.2869465718727458
theta_1,$1-n$,0.5183333333333517,0.27251509080077924,0.3266909064701857,0.3254063751311139,0.28654246728797744
theta_1,$1-n$,0.5200000000000093,0.2729169913527141,0.32448279419292864,0.3243269811563046,0.2861603375305724
theta_1,$1-n$,0.5216666666666671,0.27334066383982425,0.3222762576619553,0.3232671617013226,0.2858001774731668
theta_1,$1-n$,0.5233333333333248,0.27378607353869294,0.32007171135480533,0.32222698287836055,0.2854619811679427
theta_1,$1-n$,0.5249999999999824,0.27425318587702846,0.31786956247525133,0.32120650879725565,0.2851457418737369
theta_1,$1-n$,0.5266666666666401,0.27474196640709175,0.3156702109012284,0.32020580159923795,0.28485145208183316
theta_1,$1-n$,0.5283333333332977,0.27525238077727615,0.31347404913898125,0.31922492149030096,0.28457910354050026
theta_1,$1-n$,0.5300000000000337,0.27578439470186794,0.3112814622832226,0.31826392677406745,0.2843286872783281
theta_1,$1-n$,0.5316666666666914,0.2763379739291083,0.3090928279837172,0.31732287388486946,0.28410019362577943
theta_1,$1-n$,0.533333333333349,0.27691308420902305,0.30690851641643774,0.3164018174214436,0.2838936122324156
theta_1,$1-n$,0.5350000000000067,0.27750969125748753,0.3047288902618294,0.3155008101780723,0.28370893208736964
theta_1,$1-n$,0.5366666666666643,0.2781277607198084,0.30255430468773264,0.3146199031772613,0.2835461415355427
theta_1,$1-n$,0.538333333333322,0.2787672581326359,0.3003851073382456,0.31375914570039987,0.2834052282932209
theta_1,$1-n$,0.5399999999999796,0.27942814888434947,0.2982216383277519,0.3129185853184217,0.2832861794620348
theta_1,$1-n$,0.5416666666666373,0.2801103981740054,0.29606423023998807,0.3120982679224218,0.28318898154118316
theta_1,$1-n$,0.5433333333332949,0.28081397096887784,0.29391320813206584,0.31129823775398535,0.28311362043804134
theta_1,$1-n$,0.5450000000000309,0.2815388319606554,0.2917688895432679,0.3105185374349468,0.28306008147727385
theta_1,$1-n$,0.5466666666666886,0.2822849455201176,0.28963158450913584,0.30975920799655227,0.2830283494085837
theta_1,$1-n$,0.5483333333333462,0.28305227565083313,0.28750159557925803,0.3090202889072329,0.28301840841318526
theta_1,$1-n$,0.5500000000000039,0.28384078594122847,0.28537921784068876,0.30830181809947665,0.2830302421091708
theta_1,$1-n$,0.5516666666666615,0.2846504395155646,0.28326473894540377,0.30760383199500246,0.28306383355585163
theta_1,$1-n$,0.5533333333333192,0.2854811989837916,0.2811584391415838,0.30692636553098823,0.28311916525573755
theta_1,$1-n$,0.554999999999977,0.2863330263907391,0.27906059130716815,0.30626945219224955,0.2831962191513178
theta_1,$1-n$,0.5566666666666346,0.2872058831633957,0.27697146099062336,0.3056331240299842,0.28329497662755126
theta_1,$1-n$,0.5583333333333705,0.2880997300576479,0.27489130645319987,0.30501741168802,0.2834154185084514
theta_1,$1-n$,0.5600000000000281,0.2890145271038023,0.2728203787161243,0.30442234442521005,0.2835575250536445
theta_1,$1-n$,0.5616666666666859,0.2899502335515553,0.27075892161007775,0.30384795013748755,0.28372127595332713
theta_1,$1-n$,0.5633333333333435,0.29090680781363676,0.2687071718287795,0.30329425538013427,0.2839066503214927
theta_1,$1-n$,0.5650000000000012,0.2918842074088108,0.26666535898516863,0.3027612853894504,0.28411362668766815
theta_1,$1-n$,0.5666666666666589,0.2928823889040377,0.2646337056707275,0.30224906410362623,0.2843421829872864
theta_1,$1-n$,0.5683333333333165,0.29390130785589397,0.262612427517808,0.30175761418241065,0.28459229655085894
theta_1,$1-n$,0.5699999999999742,0.29494091875130396,0.2606017332649181,0.30128695702520103,0.28486394409210625
theta_1,$1-n$,0.5716666666666318,0.2960011749476402,0.25860182482492716,0.3008371127871789,0.2851571016952051
theta_1,$1-n$,0.5733333333333678,0.29708202861229566,0.25661289735605486,0.3004081003930961,0.28547174480132576
theta_1,$1-n$,0.5750000000000255,0.2981834306613866,0.25463513933465304,0.29999993755431065,0.2858078481922075
theta_1,$1-n$,0.5766666666666831,0.29930533069839327,0.25266873262701,0.2996126407935658,0.2861653859690331
theta_1,$1-n$,0.5783333333333408,0.30044767695206537,0.25071385256938855,0.29924622544909496,0.28654433153808784
theta_1,$1-n$,0.5799999999999984,0.3016104162140272,0.24877066804611184,0.29890070569119553,0.2869446575898045
theta_1,$1-n$,0.5816666666666561,0.3027934937761334,0.24683934157085635,0.2985760945330248,0.2873663360784229
theta_1,$1-n$,0.5833333333333137,0.30399685336749577,0.24492002936943028,0.2982724038415348,0.28780933820013926
theta_1,$1-n$,0.5849999999999714,0.3052204370912522,0.24301288146397185,0.29798964434834746,0.28827363436982556
theta_1,$1-n$,0.586666666666629,0.30646418536115644,0.2411180417585725,0.29772782566010203,0.2887591941965018
theta_1,$1-n$,0.588333333333365,0.30772803683812694,0.23923564812624024,0.2974869562677964,0.2892659864577699
theta_1,$1-n$,0.5900000000000227,0.3090119283664733,0.2373658324977373,0.29726704355472033,0.2897939790732478
theta_1,$1-n$,0.5916666666666803,0.31031579491077294,0.23550872095097078,0.2970680938023443,0.2903431390775469
theta_1,$1-n$,0.593333333333338,0.31163956949228716,0.23366443380270954,0.29689011219392425,0.2909134325925012
theta_1,$1-n$,0.5949999999999956,0.3129831831258839,0.23183308570130307,0.2967331028151808,0.2915048247991853
theta_1,$1-n$,0.5966666666666534,0.3143465647567811,0.230014785718626,0.29659706866122815,0.2921172799065248
theta_1,$1-n$,0.5983333333333111,0.315729641197253,0.22820963744099063,0.2964820116500224,0.2927507611164606
theta_1,$1-n$,0.5999999999999687,0.31713233706458194,0.2264177390663515,0.2963879326119841,0.2934052305961095
theta_1,$1-n$,0.6016666666667047,0.31855457471878723,0.22463918349802497,0.2963148312951004,0.2940806494434501
theta_1,$1-n$,0.6033333333333623,0.3199962742007275,0.2228740584407455,0.2962627063632005,0.29477697765401123
theta_1,$1-n$,0.60500000000002,0.3214573531712992,0.22112244649600238,0.296231555394614,0.2954941740866898
theta_1,$1-n$,0.6066666666666777,0.322937726850483,0.21938442525834323,0.2962213748808747,0.2962321964282261
theta_1,$1-n$,0.6083333333333353,0.3244373079573326,0.21766006741143093,0.2962321602248986,0.2969910011570128
theta_1,$1-n$,0.609999999999993,0.32595600665060204,0.21594944082439893,0.2962639057381401,0.29777054350625026
theta_1,$1-n$,0.6116666666666506,0.32749373047016994,0.2142526086484628,0.2963166046362054,0.29857077742668187
theta_1,$1-n$,0.6133333333333083,0.32905038427935757,0.2125696294138296,0.2963902490324047,0.29939165554911046
theta_1,$1-n$,0.6149999999999659,0.33062587020823225,0.2109005571269476,0.2964848299287262,0.3002331291468981
theta_1,$1-n$,0.6166666666667019,0.33222008759806765,0.20924544136806056,0.29660033720371903,0.3010951480986914
theta_1,$1-n$,0.6183333333333596,0.33383293294583943,0.20760432738657938,0.2967367596102821,0.30197766084707917
theta_1,$1-n$,0.6200000000000172,0.3354642998504158,0.20597725619485063,0.2968940847752596,0.30288061435646174
theta_1,$1-n$,0.6216666666666749,0.33711407896031487,0.2043642646670658,0.29707229917746086,0.30380395407663774
theta_1,$1-n$,0.6233333333333325,0.3387821579221567,0.20276538563380142,0.2972713881410349,0.3047476239011461
theta_1,$1-n$,0.6249999999999902,0.34046842133065397,0.20118064797750984,0.29749133582216875,0.3057115661271241
theta_1,$1-n$,0.6266666666666478,0.34217275067986436,0.19961007672725195,0.2977321251964347,0.3066957214144728
theta_1,$1-n$,0.6283333333333055,0.34389502431580127,0.19805369315273366,0.29799373804627116,0.30770002874454055
theta_1,$1-n$,0.6299999999999633,0.3456351173905002,0.196511514857711,0.29827615494807613,0.3087244253785361
theta_1,$1-n$,0.6316666666666991,0.34739290181772114,0.19498355587275684,0.2985793552584075,0.3097688468159356
theta_1,$1-n$,0.6333333333333568,0.3491682462298873,0.1934698267478823,0.29890331709867957,0.31083322675279845
theta_1,$1-n$,0.6350000000000144,0.35096101593759776,0.19197033464400304,0.2992480173380521,0.3119174970409443
theta_1,$1-n$,0.6366666666666722,0.3527710728901607,0.19048508342474996,0.2996134315737051,0.3130215876472215
theta_1,$1-n$,0.6383333333333298,0.3545982756384777,0.18901407374760298,0.2999995341082244,0.3141454266138036
theta_1,$1-n$,0.6399999999999875,0.3564424792988037,0.18755730315149444,0.3004062979403978,0.3152889400141762
theta_1,$1-n$,0.6416666666666452,0.35830353551867616,0.1861147661444229,0.3008336947510323,0.31645205191072795
theta_1,$1-n$,0.6433333333333028,0.36018129244576264,0.18468645429312416,0.3012816948738324,0.317634684316947
theta_1,$1-n$,0.6450000000000388,0.3620755946979834,0.18327235630913985,0.30175026727870524,0.3188367571559435
theta_1,$1-n$,0.6466666666666964,0.36398628333557065,0.1818724581352332,0.30223937954962876,0.32005818822050836
theta_1,$1-n$,0.6483333333333541,0.3659131958360771,0.18048674302995302,0.3027489978635269,0.3212988931336864
theta_1,$1-n$,0.6500000000000118,0.3678561660706354,0.1791151916517443,0.30327908696923384,0.32255878530894644
theta_1,$1-n$,0.6516666666666694,0.36981502428288393,0.17775778214167823,0.30382961016639914,0.3238377759110054
theta_1,$1-n$,0.6533333333333271,0.37178959707010867,0.17641449020527147,0.3044005292837269,0.3251357738171829
theta_1,$1-n$,0.6549999999999847,0.37377970736677246,0.1750852891933986,0.30499180465609416,0.3264526855795542
theta_1,$1-n$,0.6566666666666424,0.37578517443051296,0.17377015018236805,0.30560339510007173,0.32778841538811443
theta_1,$1-n$,0.6583333333333,0.37780581383069284,0.1724690420532316,0.3062352578873711,0.3291428650351671
theta_1,$1-n$,0.660000000000036,0.37984143743966475,0.171181931570302,0.30688734871598045,0.3305159338811452
theta_1,$1-n$,0.6616666666666937,0.3818918534250228,0.16990878345615454,0.3075596216963581,0.33190751881580516
theta_1,$1-n$,0.6633333333333513,0.38395686624601216,0.16864956046667384,0.30825202932755763,0.33331751422425904
theta_1,$1-n$,0.665000000000009,0.3860362766521453,0.1674042234669578,0.30896452246536266,0.3347458119555308
theta_1,$1-n$,0.6666666666666666,0.3881298816842574,0.16617273150413656,0.30969705029949957,0.33619230128945693
theta_1,$1-n$,0.6683333333333243,0.3902374746783589,0.16495504187972795,0.3104495603271857,0.33765686890561564
theta_1,$1-n$,0.6699999999999819,0.39235884527211073,0.16375111022068967,0.31122199832758096,0.3391393988528925
theta_1,$1-n$,0.6716666666666397,0.3944937794139703,0.16256089054923145,0.31201430833676025,0.3406397725198768
theta_1,$1-n$,0.6733333333332974,0.39664205937505537,0.16138433535144928,0.31282643262282195,0.3421578686062813
theta_1,$1-n$,0.6750000000000332,0.39880346376387565,0.16022139564479054,0.3136583116607892,0.3436935630956531
theta_1,$1-n$,0.676666666666691,0.4009777675433683,0.15907202104473883,0.31450988410668307,0.3452467292291341
theta_1,$1-n$,0.6783333333333486,0.40316474205180985,0.15793615982996342,0.3153810867709727,0.3468172374815498
theta_1,$1-n$,0.6800000000000063,0.4053641550256216,0.1568137590070886,0.31627185459023766,0.34840495553857675
theta_1,$1-n$,0.681666666666664,0.40757577062560496,0.15570476437425682,0.31718212059768874,0.35000974827610026
theta_1,$1-n$,0.6833333333333216,0.40979934946486585,0.15460912058139883,0.318111815908192,0.3516314777356652
theta_1,$1-n$,0.6849999999999793,0.4120346486404195,0.15352677119129898,0.31906086969066194,0.353270003106003
theta_1,$1-n$,0.6866666666666369,0.41428142176781635,0.1524576587398408,0.32002920913882466,0.35492518070651335
theta_1,$1-n$,0.6883333333332946,0.41653941901813496,0.15140172479423095,0.32101675944776303,0.356596863970354
theta_1,$1-n$,0.6900000000000305,0.4188083871580501,0.15035891001038346,0.32202344378857956,0.35828490342990893
theta_1,$1-n$,0.6916666666666882,0.421088069592125,0.14932915418933188,0.3230491832838089,0.3599891467031251
theta_1,$1-n$,0.6933333333333459,0.4233782064089263,0.1483123963319814,0.32409389698404456,0.36170943848205944
theta_1,$1-n$,0.6950000000000035,0.42567853442882564,0.14730857469322664,0.32515750184458525,0.3634456205221991
theta_1,$1-n$,0.6966666666666612,0.42798878725508527,0.1463176268347444,0.3262399127025585,0.36519753163389285
theta_1,$1-n$,0.6983333333333188,0.4303086953275854,0.14533948967680196,0.3273410422539933,0.3669650076755691
theta_1,$1-n$,0.6999999999999765,0.4326379859792971,0.14437409954907798,0.32846080103063835,0.368747881548969
theta_1,$1-n$,0.7016666666666341,0.43497638349549883,0.1434213922405407,0.32959909737627807,0.3705459831965447
theta_1,$1-n$,0.7033333333333701,0.4373236091758017,0.14248130304831197,0.3307558374229316,0.37235913960100797
theta_1,$1-n$,0.7050000000000278,0.43967938139741103,0.14155376682432425,0.33193092507791294,0.3741871747817489
theta_1,$1-n$,0.7066666666666854,0.4420434156828452,0.1406387180219383,0.33312426200082784,0.3760299097987386
theta_1,$1-n$,0.7083333333333431,0.44441542476903156,0.13973609074185148,0.3343357475818146,0.37788716275674517
theta_1,$1-n$,0.7100000000000007,0.4467951186791479,0.13884581877635988,0.3355652789236413,0.37975874881076677
theta_1,$1-n$,0.7116666666666585,0.4491822047968558,0.13796783565281462,0.3368127508232711,0.3816444801737219
theta_1,$1-n$,0.713333333333316,0.4515763879428727,0.13710207467605467,0.3380780557544317,0.3835441661258528
theta_1,$1-n$,0.7149999999999738,0.45397737045382563,0.13624846896984086,0.3393610838511069,0.3854576130259199
theta_1,$1-n$,0.7166666666666315,0.45638485226333164,0.13540695151731477,0.3406617228918685,0.38738462432426624
theta_1,$1-n$,0.7183333333333674,0.4587985309853613,0.13457745520046877,0.34197985828503025,0.38932500057792135
theta_1,$1-n$,0.7200000000000251,0.4612181019991487,0.13375991283888292,0.34331537305416787,0.39127853946727464
theta_1,$1-n$,0.7216666666666827,0.4636432585372939,0.132954257227171,0.34466814782485605,0.3932450358157651
theta_1,$1-n$,0.7233333333333404,0.4660736917747323,0.13216042117193838,0.34603806081130084,0.39522428161084316
theta_1,$1-n$,0.7249999999999981,0.4685090909201843,0.13137833752765893,0.3474249878040569,0.39721606602741005
theta_1,$1-n$,0.7266666666666557,0.4709491433088847,0.13060793923127906,0.3488288021630234,0.39922017545029936
theta_1,$1-n$,0.7283333333333134,0.473393534497491,0.12984915933641644,0.35024937480634694,0.4012363935020359
theta_1,$1-n$,0.729999999999971,0.4758419483605843,0.12910193104667417,0.3516865742010154,0.40326450107167594
theta_1,$1-n$,0.7316666666666287,0.4782940671885803,0.1283661877479068,0.3531402663561509,0.4053042763449705
theta_1,$1-n$,0.7333333333333647,0.4807495717872732,0.12764186303968006,0.3546103148168841,0.4073554948367798
theta_1,$1-n$,0.7350000000000223,0.4832081415781915,0.12692889076610678,0.35609658065879424,0.4094179294248714
theta_1,$1-n$,0.73666666666668,0.48566945470139894,0.12622720504555293,0.357598922484054,0.41149135038653406
theta_1,$1-n$,0.7383333333333376,0.4881331881183326,0.12553674029989587,0.359117196417998,0.41357552543606496
theta_1,$1-n$,0.7399999999999953,0.49059901771631065,0.12485743128282464,0.3606512561072497,0.415670219764559
theta_1,$1-n$,0.7416666666666529,0.49306661841391836,0.12418921310739024,0.36220095271909375,0.41777519608140895
theta_1,$1-n$,0.7433333333333106,0.49553566426728907,0.123532021272773,0.3637661349422643,0.41989021465759707
theta_1,$1-n$,0.7449999999999682,0.4980058285771802,0.12288579169026922,0.36534664898924785,0.42201503337076296
theta_1,$1-n$,0.7466666666667042,0.5004767839968796,0.12225046070854804,0.36694233859973435,0.4241494077521408
theta_1,$1-n$,0.7483333333333619,0.5029482026401911,0.12162596513881622,0.368553045041897,0.42629309103444607
theta_1,$1-n$,0.7500000000000195,0.5054197561909479,0.12101224227827743,0.3701786071203712,0.42844583420260013
theta_1,$1-n$,0.7516666666666773,0.5078911160118936,0.12040922993365516,0.37181886118154556,0.4306073860453729
theta_1,$1-n$,0.7533333333333349,0.5103619532543137,0.11981686644368941,0.3734736411223781,0.43277749320855136
theta_1,$1-n$,0.7549999999999926,0.5128319389677577,0.11923509070104524,0.3751427784000521,0.4349559002497395
theta_1,$1-n$,0.7566666666666503,0.5153007442098718,0.11866384217365286,0.3768261020423185,0.4371423496948307
theta_1,$1-n$,0.7583333333333079,0.5177680401562204,0.11810306092546106,0.37852343865880245,0.4393365820960359
theta_1,$1-n$,0.7599999999999656,0.5202334982099809,0.11755268763658558,0.3802346124535535,0.44153833609135235
theta_1,$1-n$,0.7616666666667015,0.5226967901115079,0.11701266362280915,0.3819594452391983,0.4437473484654606
theta_1,$1-n$,0.7633333333333592,0.5251575880469541,0.11648293085456621,0.38369775645248694,0.44596335421130995
theta_1,$1-n$,0.7650000000000168,0.5276155647575651,0.11596343197501457,0.3854493631727291,0.44818608659383496
theta_1,$1-n$,0.7666666666666745,0.5300703936472158,0.11545411031768342,0.3872140801417763,0.450415277213611
theta_1,$1-n$,0.7683333333333322,0.5325217488899197,0.11495490992355833,0.3889917197847356,0.45265065607250715
theta_1,$1-n$,0.7699999999999898,0.5349693055369774,0.11446577555880097,0.39078209222191423,0.4548919516429521
theta_1,$1-n$,0.7716666666666475,0.5374127396224785,0.11398665273009694,0.3925850052982098,0.45713889093403337
theta_1,$1-n$,0.7733333333333051,0.5398517282683224,0.113517487700566,0.3944002646043436,0.459391199561201
theta_1,$1-n$,0.7749999999999628,0.5422859497880312,0.11305822750482283,0.396227673502705,0.4616486018159034
theta_1,$1-n$,0.7766666666666988,0.5447150837895582,0.11260881996358196,0.39806703315401326,0.4639108207364612
theta_1,$1-n$,0.7783333333333564,0.54713881127634,0.11216921369799217,0.3999181425438662,0.4661775781795725
theta_1,$1-n$,0.7800000000000141,0.5495568147481935,0.11173935814334966,0.40178079851090587,0.46844859489383806
theta_1,$1-n$,0.7816666666666717,0.5519687782996642,0.11131920356257746,0.40365479577530783,0.47072359059297486
theta_1,$1-n$,0.7833333333333294,0.5543743877174294,0.11090870105911796,0.40553992696932245,0.47300228403010525
theta_1,$1-n$,0.784999999999987,0.5567733305759597,0.11050780258933142,0.40743598266978376,0.47528439307227865
theta_1,$1-n$,0.7866666666666448,0.5591652963314424,0.1101164609743441,0.4093427514331076,0.47756963477512593
theta_1,$1-n$,0.7883333333333024,0.5615499764138596,0.10973462991131093,0.4112600198332107,0.4798577254574397
theta_1,$1-n$,0.7900000000000383,0.5639270643174784,0.10936226398455232,0.41318757249785265,0.48214838077724514
theta_1,$1-n$,0.791666666666696,0.5662962556896799,0.10899931867790089,0.4151251921309142,0.4844413158125268
theta_1,$1-n$,0.7933333333333537,0.5686572484175552,0.10864575038377337,0.4170726595632701,0.4867362451345577
theta_1,$1-n$,0.7950000000000114,0.5710097427121675,0.10830151641371846,0.41902975378753593,0.4890328828857978
theta_1,$1-n$,0.796666666666669,0.5733534411910092,0.10796657500798243,0.42099625199971863,0.49133094285667916
theta_1,$1-n$,0.7983333333333267,0.5756880489582095,0.10764088534483363,0.42297192964086977,0.4936301385627379
theta_1,$1-n$,0.7999999999999844,0.5780132736825696,0.10732440754966178,0.4249565604385768,0.4959301833222049
theta_1,$1-n$,0.801666666666642,0.5803288256733417,0.10701710270380488,0.4269499164488454,0.49823079033378387
theta_1,$1-n$,0.8033333333332997,0.582634417953674,0.10671893285305556,0.4289517680989262,0.5005316727543494
theta_1,$1-n$,0.8050000000000356,0.5849297663317489,0.10642986101578644,0.4309618842317337,0.5028325437764044
theta_1,$1-n$,0.8066666666666933,0.5872145894688894,0.10614985119072701,0.43298003215184244,0.5051331167043794
theta_1,$1-n$,0.808333333333351,0.589488608946169,0.10587886836414201,0.4350059776750315,0.5074331050311265
theta_1,$1-n$,0.8100000000000086,0.5917515493272894,0.10561687851663518,0.43703948518004165,0.509732222512177
theta_1,$1-n$,0.8116666666666663,0.5940031382197067,0.10536384863014332,0.43908031765595384,0.5120301832421871
theta_1,$1-n$,0.8133333333333239,0.5962431063339286,0.10511974669619989,0.44112823673428,0.5143267017365313
theta_1,$1-n$,0.8149999999999816,0.5984711875384651,0.10488454172073478,0.4431830027551713,0.5166214930003721
theta_1,$1-n$,0.8166666666666392,0.6006871189132288,0.10465820373069958,0.4452443748125251,0.5189142726050088
theta_1,$1-n$,0.8183333333332969,0.602890640799917,0.1044407037797495,0.44731211080703664,0.5212047567609935
theta_1,$1-n$,0.8200000000000329,0.605081496849863,0.10423201395379941,0.44938596749857085,0.5234926623911715
theta_1,$1-n$,0.8216666666666905,0.6072594340687286,0.10403210737650782,0.4514657005573492,0.5257777072029071
theta_1,$1-n$,0.8233333333333482,0.6094242028595416,0.1038409582144867,0.4535510646160419,0.5280596097608109
theta_1,$1-n$,0.8250000000000058,0.6115755570619776,0.10365854168237669,0.45564181332144704,0.5303380895575255
theta_1,$1-n$,0.8266666666666636,0.6137132539893945,0.10348483404758331,0.457737699387846,0.5326128670838874
theta_1,$1-n$,0.8283333333333212,0.6158370544629586,0.10331981263467754,0.4598384746520805,0.5348836638975263
theta_1,$1-n$,0.8299999999999789,0.6179467228429285,0.10316345582939442,0.46194389013107806,0.5371502026897138
theta_1,$1-n$,0.8316666666666366,0.6200420270570548,0.10301574308217311,0.46405369608245456,0.5394122073501694
theta_1,$1-n$,0.8333333333332942,0.6221227386266998,0.10287665491234146,0.4661676420562375,0.5416694030341601
theta_1,$1-n$,0.8350000000000302,0.6241886326910634,0.10274617291330672,0.4682854769338607,0.5439215162333944
theta_1,$1-n$,0.8366666666666878,0.6262394880264357,0.10262427975437291,0.4704069490017264,0.546168274832308
theta_1,$1-n$,0.8383333333333455,0.6282750870649476,0.1025109591845409,0.4725318060016785,0.5484094081731966
theta_1,$1-n$,0.8400000000000031,0.6302952159092831,0.10240619603541969,0.47465979518895596,0.5506446471159838
theta_1,$1-n$,0.8416666666666608,0.632299664345313,0.10230997622408379,0.4767906633890191,0.5528737240978299
theta_1,$1-n$,0.8433333333333185,0.6342882258520767,0.10222228675587545,0.47892415705306646,0.5550963731917556
theta_1,$1-n$,0.8449999999999761,0.6362606976092031,0.10214311572708383,0.481060022313004,0.5573123301641014
theta_1,$1-n$,0.8466666666666338,0.6382168805017707,0.10207245232743974,0.48319800503652816,0.5595213325305385
theta_1,$1-n$,0.8483333333333697,0.6401565791226899,0.10201028684236176,0.48533785088308523,0.5617231196104527
theta_1,$1-n$,0.8500000000000274,0.6420796017720625,0.1019566106549088,0.48747930536076595,0.5639174325787969
theta_1,$1-n$,0.8516666666666851,0.6439857604548775,0.10191141624733495,0.4896221138863053,0.5661040145166781
theta_1,$1-n$,0.8533333333333427,0.6458748708752174,0.10187469720224351,0.49176602184683826,0.5682826104583293
theta_1,$1-n$,0.8550000000000004,0.6477467524291999,0.10184644820474682,0.4939107746489335,0.5704529674417887
theta_1,$1-n$,0.856666666666658,0.6496012281958847,0.10182666504506704,0.496056117760734,0.5726148345602993
theta_1,$1-n$,0.8583333333333157,0.6514381249243133,0.10181534461821168,0.4982017967842676,0.5747679630009601
theta_1,$1-n$,0.8599999999999733,0.6532572730194673,0.10181248492556616,0.5003475575045147,0.5769121060902279
theta_1,$1-n$,0.861666666666631,0.6550585065256422,0.1018180850755963,0.5024931459461909,0.5790470193348679
theta_1,$1-n$,0.863333333333367,0.656841663107861,0.10183214528456419,0.5046383084283999,0.5811724604619966
theta_1,$1-n$,0.8650000000000246,0.6586065840308493,0.10185466687719265,0.5067827916171646,0.5832881894573886
theta_1,$1-n$,0.8666666666666824,0.6603531141368479,0.10188565228722539,0.5089263425780031,0.5853939686032972
theta_1,$1-n$,0.86833333333334,0.6620811018206043,0.10192510505780626,0.5110687088271914,0.5874895625135464
theta_1,$1-n$,0.8699999999999977,0.6637903990028223,0.10197302984162267,0.5132096383838772,0.5895747381671477
theta_1,$1-n$,0.8716666666666553,0.6654808611015871,0.10202943240074616,0.5153488798230974,0.5916492649395948
theta_1,$1-n$,0.873333333333313,0.6671523470018654,0.10209431960610743,0.5174861823304544,0.5937129146316922
theta_1,$1-n$,0.8749999999999707,0.6688047190231058,0.10216769943654248,0.5196212957590954,0.5957654614956746
theta_1,$1-n$,0.8766666666666283,0.6704378428860424,0.10224958097919187,0.5217539706694799,0.5978066822654088
theta_1,$1-n$,0.8783333333333643,0.6720515876778674,0.10233997442952464,0.5238839583709558,0.5998363561841632
theta_1,$1-n$,0.8800000000000219,0.67364582581431,0.10243889108923207,0.526011010983403,0.6018542650227376
theta_1,$1-n$,0.8816666666666796,0.6752204330019318,0.10254634336563444,0.5281348814811009,0.6038601931032834
theta_1,$1-n$,0.8833333333333373,0.6767752881978991,0.10266234477028138,0.5302553237413493,0.6058539273182041
theta_1,$1-n$,0.8849999999999949,0.6783102735688701,0.10278690991755819,0.5323720925911146,0.6078352571484111
theta_1,$1-n$,0.8866666666666526,0.6798252744485686,0.10292005452321028,0.5344849438517153,0.609803974680169
theta_1,$1-n$,0.8883333333333102,0.6813201792941497,0.10306179540272599,0.5365936343822642,0.6117598746204305
theta_1,$1-n$,0.8899999999999679,0.6827948796413832,0.10321215046951467,0.5386979221224828,0.6137027543104678
theta_1,$1-n$,0.8916666666667038,0.6842492700587516,0.10337113873282394,0.5407975661356009,0.6156324137376993
theta_1,$1-n$,0.8933333333333615,0.6856832481000825,0.10353878029528743,0.5428923266513688,0.6175486555449703
theta_1,$1-n$,0.8950000000000192,0.6870967142567649,0.10371509635015218,0.5449819651112728,0.6194512850384581
theta_1,$1-n$,0.8966666666666768,0.6884895719082204,0.1039001091779888,0.5470662442144361,0.6213401101922447
theta_1,$1-n$,0.8983333333333345,0.6898617272729617,0.10409384214496832,0.5491449279445353,0.6232149416578344
theta_1,$1-n$,0.8999999999999921,0.6912130893582253,0.1042963196999736,0.5512177816058091,0.6250755927687062
theta_1,$1-n$,0.9016666666666499,0.6925435699081972,0.10450756737040484,0.5532845718697893,0.6269218795395302
theta_1,$1-n$,0.9033333333333075,0.6938530833523004,0.10472761175892363,0.5553450668085052,0.6287536206680842
theta_1,$1-n$,0.9049999999999652,0.6951415467526333,0.10495648053953352,0.5573990359313937,0.6305706375341324
theta_1,$1-n$,0.9066666666667011,0.696408879751038,0.10519420245357954,0.559446250219847,0.6323727541973815
theta_1,$1-n$,0.9083333333333588,0.6976550045154718,0.10544080730553756,0.561486482159373,0.6341597973938669
theta_1,$1-n$,0.9100000000000165,0.6988798456865922,0.10569632595870106,0.563519505771361,0.6359315965319
theta_1,$1-n$,0.9116666666666741,0.7000833303233938,0.10596079033048018,0.5655450966430773,0.637687983685743
theta_1,$1-n$,0.9133333333333318,0.7012653878488124,0.106234233387419,0.5675630319578867,0.6394287935881426
theta_1,$1-n$,0.9149999999999894,0.7024259499949663,0.10651668913980275,0.5695730905256723,0.6411538636210782
theta_1,$1-n$,0.9166666666666471,0.7035649507481154,0.10680819263580554,0.5715750528140979,0.6428630338046645
theta_1,$1-n$,0.9183333333333048,0.7046823262933941,0.1071087799551608,0.5735687009808128,0.6445561467842118
theta_1,$1-n$,0.9199999999999624,0.7057780149607243,0.10741848820434023,0.5755538188860694,0.6462330478216308
theta_1,$1-n$,0.9216666666666984,0.7068519571698014,0.10773735550997796,0.577530192119501,0.6478935847811569
theta_1,$1-n$,0.923333333333356,0.7079040953746475,0.10806542101153985,0.5794976080292288,0.6495376081124337
theta_1,$1-n$,0.9250000000000137,0.7089343740092807,0.10840272485456347,0.5814558557430871,0.6511649708356358
theta_1,$1-n$,0.9266666666666714,0.7099427394328705,0.10874930818312357,0.5834047261909648,0.652775528523768
theta_1,$1-n$,0.928333333333329,0.7109291398754682,0.10910521313215388,0.5853440121253823,0.6543691392846369
theta_1,$1-n$,0.9299999999999867,0.7118935253840264,0.10947048281947867,0.5872735081402102,0.655945663741941
theta_1,$1-n$,0.9316666666666443,0.7128358477687708,0.10984516133751149,0.5891930106880876,0.657504965015463
theta_1,$1-n$,0.933333333333302,0.7137560605499444,0.1102292937445636,0.5911023180970058,0.6590469087002774
theta_1,$1-n$,0.935000000000038,0.7146541189049762,0.1106229260557235,0.5930012305866108,0.6605713628449549
theta_1,$1-n$,0.9366666666666956,0.7155299796158434,0.11102610523313826,0.5948895502841562,0.6620781979282432
theta_1,$1-n$,0.9383333333333533,0.7163836010172706,0.11143887917591762,0.5967670812419072,0.6635672868352096
theta_1,$1-n$,0.9400000000000109,0.7172149429449972,0.11186129670931412,0.5986336294538933,0.6650385048315361
theta_1,$1-n$,0.9416666666666687,0.7180239666861353,0.112293407575278,0.6004890028553979,0.6664917295419712
theta_1,$1-n$,0.9433333333333263,0.7188106349288749,0.1127352624208206,0.6023330113383377,0.6679268409233423
theta_1,$1-n$,0.944999999999984,0.7195749117130205,0.11318691278609322,0.6041654667641052,0.6693437212373922
theta_1,$1-n$,0.9466666666666416,0.7203167623815683,0.11364841109240764,0.605986182971366,0.6707422550240931
theta_1,$1-n$,0.9483333333332993,0.7210361535329518,0.11411981062959939,0.607794975784738,0.6721223290738394
theta_1,$1-n$,0.9500000000000353,0.7217330529742307,0.11460116554302244,0.6095916630217216,0.6734838323993719
theta_1,$1-n$,0.9516666666666929,0.722407429675037,0.11509253081998702,0.6113760644977414,0.6748266562070067
theta_1,$1-n$,0.9533333333333506,0.7230592537227699,0.11559396227592855,0.6131480020309299,0.6761506938680729
theta_1,$1-n$,0.9550000000000082,0.7236884962783958,0.116105516539804,0.6149072994453333,0.6774558408892346
theta_1,$1-n$,0.9566666666666659,0.7242951295333507,0.11662725103900123,0.6166537825741712,0.678741994882607
theta_1,$1-n$,0.9583333333333236,0.7248791266673541,0.11715922398357512,0.6183872792630101,0.6800090555352332
theta_1,$1-n$,0.9599999999999812,0.7254404618071751,0.11770149434978051,0.6201076193733006,0.6812569245779374
theta_1,$1-n$,0.9616666666666389,0.7259791099864468,0.11825412186296418,0.621814634785605,0.6824855057537604
theta_1,$1-n$,0.9633333333332965,0.7264950471077558,0.11881716698132323,0.6235081593885535,0.6836947047894267
theta_1,$1-n$,0.9650000000000325,0.7269882499045279,0.11939069087734147,0.625188029082937,0.68488442936277
theta_1,$1-n$,0.9666666666666901,0.7274586959043625,0.11997475541893979,0.6268540817802747,0.6860545890708254
theta_1,$1-n$,0.9683333333333478,0.7279063633939297,0.1205694231504164,0.6285061573997799,0.6872050953987278
theta_1,$1-n$,0.9700000000000055,0.7283312313848005,0.12117475727235677,0.630144097864744,0.6883358616877046
theta_1,$1-n$,0.9716666666666631,0.7287332795807179,0.12179082162106934,0.6317677470979952,0.6894468031034273
theta_1,$1-n$,0.9733333333333208,0.7291124883461688,0.12241768064734151,0.633376951016214,0.6905378366043671
theta_1,$1-n$,0.9749999999999784,0.7294688386762812,0.1230553993944985,0.6349715575234484,0.6916088809101947
theta_1,$1-n$,0.9766666666666362,0.7298023121680478,0.12370404347572012,0.6365514165040833,0.692659856470208
theta_1,$1-n$,0.9783333333333721,0.7301128909928911,0.12436367905060264,0.638116379815602,0.6936906854318184
theta_1,$1-n$,0.9800000000000297,0.7304005578704846,0.12503437280073407,0.6396663012809556,0.6947012916087904
theta_1,$1-n$,0.9816666666666874,0.730665296044049,0.12571619190470432,0.6412010366819029,0.6956916004499407
theta_1,$1-n$,0.983333333333345,0.73090708925694,0.1264092040120169,0.6427204437510157,0.6966615390075483
theta_1,$1-n$,0.9850000000000028,0.7311259217316909,0.12711347721744906,0.6442243821542001,0.6976110359082135
theta_1,$1-n$,0.9866666666666604,0.7313217781492602,0.1278290800330819,0.6457127134849296,0.6985400213213132
theta_1,$1-n$,0.9883333333333181,0.731494643630262,0.12855608136005492,0.6471853012532467,0.6994484269287713
theta_1,$1-n$,0.9899999999999757,0.7316445037177185,0.12929455045949065,0.6486420108739211,0.7003361858952307
theta_1,$1-n$,0.9916666666666334,0.7317713443613029,0.13004455692249195,0.6500827096545784,0.7012032328384874
theta_1,$1-n$,0.9933333333333694,0.7318751519031653,0.1308061706393189,0.6515072667831394,0.7020495038004175
theta_1,$1-n$,0.995000000000027,0.7319559130653129,0.13157946176749533,0.6529155533143246,0.7028749362181709
theta_1,$1-n$,0.9966666666666847,0.7320136149386138,0.13236450069934863,0.6543074421563723,0.7036794688962327
theta_1,$1-n$,0.9983333333333423,0.7320482449733257,0.1331613580282332,0.6556828080567835,0.7044630419785676
theta_1,$1-n$,1.0,0.7320597909712231,0.13397010451393865,0.6570415275882516,0.7052255969214517
theta_1,$1-n$,1.0016666666666576,0.7320482410792915,0.13479081104703453,0.6583834791345212,0.7059670764667632
theta_1,$1-n$,1.0033333333333154,0.73201358378499,0.1356235486121532,0.6597085428763946,0.7066874246157773
theta_1,$1-n$,1.004999999999973,0.7319558079131882,0.13646838825028967,0.6610166007772179,0.7073865866036065
theta_1,$1-n$,1.0066666666666306,0.7318749026253333,0.13732540102072893,0.662307536563247,0.7080645088750799
theta_1,$1-n$,1.0083333333333666,0.731770857419375,0.13819465796098152,0.6635812357109732,0.7087211390601834
theta_1,$1-n$,1.0100000000000242,0.7316436621317964,0.13907623004588643,0.6648375854307936,0.7093564259505103
theta_1,$1-n$,1.011666666666682,0.7314933069412418,0.1399701881460373,0.6660764746510246,0.7099703194767987
theta_1,$1-n$,1.0133333333333396,0.7313197823738513,0.14087660298467114,0.6672977940013822,0.7105627706868595
theta_1,$1-n$,1.0149999999999972,0.7311230793102685,0.14179554509365247,0.6685014357965817,0.7111337317244294
theta_1,$1-n$,1.0166666666666548,0.7309031889943495,0.1427270847682889,0.6696872940197389,0.7116831558087922
theta_1,$1-n$,1.0183333333333127,0.730660103043562,0.14367129202099932,0.6708552643056742,0.7122109972152242
theta_1,$1-n$,1.0199999999999703,0.7303938134610787,0.1446282365338145,0.6720052439241662,0.7127172112562968
theta_1,$1-n$,1.0216666666666279,0.730104312649557,0.14559798760969112,0.6731371317631965,0.71320175426406
theta_1,$1-n$,1.0233333333333638,0.7297915934265928,0.1465806141226646,0.6742508283122804,0.7136645835731589
theta_1,$1-n$,1.0250000000000214,0.7294556490419336,0.14757618446654447,0.6753462356456174,0.7141056575047824
theta_1,$1-n$,1.0266666666666793,0.7290964731962751,0.148584766502864,0.6764232574057759,0.7145249353517217
theta_1,$1-n$,1.0283333333333369,0.7287140600621088,0.1496064275073355,0.677481798786087,0.7149223773640325
theta_1,$1-n$,1.0299999999999945,0.7283084043058425,0.15064123411496477,0.6785217665146143,0.7152979447361106
theta_1,$1-n$,1.031666666666652,0.7278795011118175,0.15168925226399274,0.6795430688378621,0.7156515995944469
theta_1,$1-n$,1.03333333333331,0.7274273462080273,0.15275054713862127,0.6805456155040877,0.7159833049866237
theta_1,$1-n$,1.0349999999999675,0.7269519358935097,0.15382518311042198,0.681529317747011,0.7162930248712939
theta_1,$1-n$,1.0366666666667035,0.7264532670673917,0.15491322367848348,0.6824940882699209,0.7165807241091783
theta_1,$1-n$,1.038333333333361,0.7259313372597254,0.15601473140799021,0.6834398412298497,0.7168463684550422
theta_1,$1-n$,1.0400000000000187,0.7253861446637595,0.15712976786800234,0.684366492222437,0.7170899245508974
theta_1,$1-n$,1.0416666666666765,0.72481768817011,0.15825839356741533,0.6852739582665174,0.7173113599201989
theta_1,$1-n$,1.0433333333333341,0.724225967402479,0.15940066788986554,0.6861621577890594,0.7175106429632868
theta_1,$1-n$,1.0449999999999917,0.7236109827550563,0.1605566490272774,0.6870310106101222,0.7176877429540313
theta_1,$1-n$,1.0466666666666495,0.7229727354315788,0.1617263939121041,0.6878804379278194,0.7178426300377388
theta_1,$1-n$,1.0483333333333071,0.7223112274859637,0.16290995814814382,0.6887103623043654,0.7179752752299758
theta_1,$1-n$,1.0499999999999647,0.7216264618643885,0.16410739593981044,0.6895207076546583,0.7180856504158175
theta_1,$1-n$,1.0516666666667007,0.7209184424492087,0.16531876002053203,0.6903113992309039,0.7181737283518483
theta_1,$1-n$,1.0533333333333583,0.7201871741044339,0.16654410157921617,0.6910823636104724,0.7182394826682553
theta_1,$1-n$,1.0550000000000161,0.7194326627225267,0.16778347018611947,0.6918335286831478,0.7182828878726272
theta_1,$1-n$,1.0566666666666737,0.718654915273032,0.16903691371673973,0.6925648236388545,0.7183039193548341
theta_1,$1-n$,1.0583333333333313,0.7178539398525252,0.1703044782746008,0.6932761789563847,0.718302553393067
theta_1,$1-n$,1.059999999999989,0.7170297457360675,0.1715862081126202,0.6939675263927517,0.7182787671610619
theta_1,$1-n$,1.0616666666666468,0.7161823434301288,0.17288214555314732,0.694638798973058,0.7182325387365629
theta_1,$1-n$,1.0633333333333044,0.715311744726969,0.1741923309067023,0.6952899309807284,0.71816384711108
theta_1,$1-n$,1.064999999999962,0.7144179627604702,0.17551680238944714,0.6959208579479584,0.7180726722009899
theta_1,$1-n$,1.066666666666698,0.7135010120633676,0.17685559603948237,0.6965315166462566,0.7179589948600263
theta_1,$1-n$,1.0683333333333556,0.7125609086261319,0.17820874563162153,0.697121845076762,0.7178227968932471
theta_1,$1-n$,1.0700000000000134,0.7115976699565417,0.17957628259122277,0.6976917824635731,0.717664061071632
theta_1,$1-n$,1.071666666666671,0.7106113151405848,0.18095823590568155,0.6982412692510104,0.7174827711470454
theta_1,$1-n$,1.0733333333333286,0.7096018649053051,0.1823546320361096,0.6987702470929383,0.7172789118708237
theta_1,$1-n$,1.0749999999999862,0.7085693416823234,0.18376549482694726,0.6992786588487615,0.7170524690119168
theta_1,$1-n$,1.076666666666644,0.707513769672777,0.18519084541471545,0.699766448577726,0.7168034293769692
theta_1,$1-n$,1.0783333333333016,0.7064351749133395,0.18663070213547803,0.7002335615345361,0.7165317808315138
theta_1,$1-n$,1.0800000000000376,0.7053335853432426,0.18808508043114158,0.7006799441661692,0.7162375123222918
theta_1,$1-n$,1.0816666666666952,0.7042090308725939,0.18955399275425278,0.7011055441095324,0.7159206139008373
theta_1,$1-n$,1.0833333333333528,0.703061543451194,0.19103744847239118,0.7015103101900405,0.7155810767481713
theta_1,$1-n$,1.0850000000000106,0.70189115713887,0.192535453770863,0.7018941924204648,0.7152188932009351
theta_1,$1-n$,1.0866666666666682,0.7006979081765337,0.1940480115547899,0.7022571420001354,0.7148340567788131
theta_1,$1-n$,1.0883333333333258,0.6994818350582557,0.19557512135025618,0.7025991113141391,0.7144265622133782
theta_1,$1-n$,1.0899999999999836,0.6982429786042854,0.1971167792046537,0.7029200539322996,0.7139964054784039
theta_1,$1-n$,1.0916666666666412,0.6969813820343408,0.19867297758545444,0.7032199246131267,0.7135435838203424
theta_1,$1-n$,1.0933333333332989,0.6956970910411981,0.20024370527770224,0.703498679311576,0.7130680957893003
theta_1,$1-n$,1.0950000000000348,0.694390153866213,0.20182894728239353,0.703756275176697,0.7125699412738222
theta_1,$1-n$,1.0966666666666924,0.6930606213747815,0.20342868471252273,0.7039926705580962,0.7120491215349098
theta_1,$1-n$,1.0983333333333503,0.691708547132069,0.20504289468966186,0.7042078250102657,0.7115056392417618
theta_1,$1-n$,1.1000000000000079,0.6903339874797036,0.20667155023897574,0.7044016992984812,0.7109394985086763
theta_1,$1-n$,1.1016666666666655,0.6889370016124843,0.20831462018390706,0.7045742554061807,0.7103507049328085
theta_1,$1-n$,1.103333333333323,0.6875176516554363,0.20997206904021018,0.7047254565434402,0.7097392656329703
theta_1,$1-n$,1.1049999999999809,0.6860760027411227,0.21164385690953144,0.7048552671562534,0.7091051892895006
theta_1,$1-n$,1.1066666666666385,0.6846121230871811,0.21332993937266082,0.7049636529363087,0.7084484861852528
theta_1,$1-n$,1.108333333333296,0.6831260840740534,0.2150302673825787,0.7050505808309545,0.7077691682477524
theta_1,$1-n$,1.110000000000032,0.6816179603228077,0.21674478715750278,0.7051160190530505,0.7070672490925369
theta_1,$1-n$,1.1116666666666897,0.6800878297734458,0.2184734400735752,0.7051599370903793,0.7063427440679316
theta_1,$1-n$,1.1133333333333475,0.6785357737614328,0.22021616255699444,0.7051823057229101,0.7055956702988192
theta_1,$1-n$,1.115000000000005,0.6769618770946545,0.2219728859753851,0.7051830970409672,0.7048260467316948
theta_1,$1-n$,1.1166666666666627,0.675366228131162,0.2237435365313919,0.7051622844539648,0.7040338941827097
theta_1,$1-n$,1.1183333333333205,0.6737489188554692,0.22552803515494227,0.7051198427083926,0.7032192353846309
theta_1,$1-n$,1.1199999999999781,0.6721100449547996,0.22732629739636095,0.7050557479033938,0.7023820950354135
theta_1,$1-n$,1.1216666666666357,0.6704497058946239,0.22913823331961708,0.7049699775082281,0.7015224998473129
theta_1,$1-n$,1.1233333333333717,0.6687680049933615,0.23096374739597583,0.7048625103812349,0.7006404785965351
theta_1,$1-n$,1.1250000000000293,0.6670650494966835,0.2328027383977249,0.7047333267899544,0.6997360621737148
theta_1,$1-n$,1.126666666666687,0.6653409506501855,0.23465509929345021,0.7045824084319496,0.6988092836346375
theta_1,$1-n$,1.1283333333333447,0.6635958237719652,0.23652071714333156,0.7044097384560547,0.6978601782520745
theta_1,$1-n$,1.1300000000000023,0.6618297883238841,0.23839947299592923,0.7042153014835988,0.6968887835681519
theta_1,$1-n$,1.13166666666666,0.6600429679819373,0.24029124178613437,0.7039990836292566,0.695895139447539
theta_1,$1-n$,1.1333333333333178,0.6582354907056069,0.24219589223454346,0.7037610725212002,0.6948792881314452
theta_1,$1-n$,1.1349999999999754,0.6564074888043585,0.24411328674594582,0.7035012573322686,0.6938412742897907
theta_1,$1-n$,1.136666666666633,0.6545590990033278,0.24604328131023456,0.7032196288071937,0.6927811450748692
theta_1,$1-n$,1.138333333333369,0.6526904625084988,0.24798572540632363,0.7029161792832123,0.6916989501767354
theta_1,$1-n$,1.1400000000000265,0.6508017250695801,0.24994046190584085,0.7025909027188135,0.690594741877543
theta_1,$1-n$,1.1416666666666844,0.6488930370406565,0.2519073269801178,0.7022437947200802,0.6894685751062917
theta_1,$1-n$,1.143333333333342,0.646964553439665,0.2538861500078957,0.7018748525690373,0.6883205074939879
theta_1,$1-n$,1.1449999999999996,0.6450164340053365,0.25587675348536315,0.7014840752533471,0.6871505994284876
theta_1,$1-n$,1.1466666666666572,0.6430488432520853,0.2578789529382298,0.701071463496992,0.685958914109358
theta_1,$1-n$,1.148333333333315,0.6410619505227146,0.259892556836175,0.7006370197914833,0.6847455176027375
theta_1,$1-n$,1.1499999999999726,0.6390559300388965,0.26191736650992126,0.7001807484271502,0.6835104788962238
theta_1,$1-n$,1.1516666666666302,0.6370309609493806,0.2639531760711816,0.6997026555240643,0.6822538699538254
theta_1,$1-n$,1.1533333333333662,0.634987227375795,0.2659997723358267,0.6992027490621295,0.6809757657709419
theta_1,$1-n$,1.1550000000000238,0.6329249184565303,0.26805693474987985,0.6986810389102918,0.6796762444297131
theta_1,$1-n$,1.1566666666666816,0.6308442283848298,0.270124435316295,0.6981375368696825,0.6783553871505055
theta_1,$1-n$,1.1583333333333392,0.6287453564465469,0.27220203852658975,0.6975722567070627,0.6770132783459171
theta_1,$1-n$,1.1599999999999968,0.6266285070550218,0.2742895012970752,0.6969852141853538,0.6756500056745053
theta_1,$1-n$,1.1616666666666546,0.6244938897821204,0.27638657290733526,0.6963764271002721,0.6742656600929143
theta_1,$1-n$,1.1633333333333122,0.6223417193864843,0.2784929949430489,0.6957459153148271,0.6728603359079685
theta_1,$1-n$,1.1649999999999698,0.6201722158383155,0.28060850124238046,0.6950937007954688,0.671434130827791
theta_1,$1-n$,1.1666666666667058,0.6179856043405699,0.2827328178463361,0.6944198076493401,0.669987146011916
theta_1,$1-n$,1.1683333333333634,0.6157821153471571,0.2848656629527856,0.693724262162303,0.6685194861208329
theta_1,$1-n$,1.1700000000000212,0.6135619845765795,0.28700674687594535,0.6930070928367484,0.6670312593639764
theta_1,$1-n$,1.1716666666666788,0.6113254530230442,0.2891557720096252,0.6922683304293031,0.6655225775475542
theta_1,$1-n$,1.1733333333333364,0.6090727669634861,0.29131243279603336,0.6915080079874429,0.6639935561212253
theta_1,$1-n$,1.174999999999994,0.6068041779610949,0.2934764156998395,0.6907261608846864,0.6624443142240722
theta_1,$1-n$,1.1766666666666519,0.6045199428651199,0.2956473991877055,0.6899228268544979,0.6608749747296748
theta_1,$1-n$,1.1783333333333095,0.6022203238041248,0.2978250537083263,0.6890980460413945,0.6592856642861414
theta_1,$1-n$,1.179999999999967,0.5999055881776475,0.3000090416825353,0.6882518610352149,0.6576765133585878
theta_1,$1-n$,1.181666666666703,0.5975760086433929,0.30219901749861,0.6873843169069671,0.6560476562695146
theta_1,$1-n$,1.1833333333333607,0.595231863100192,0.3043946275118798,0.6864954612484002,0.6543992312374349
theta_1,$1-n$,1.1850000000000185,0.592873434665852,0.3065955100517858,0.6855853442090731,0.6527313804135967
theta_1,$1-n$,1.186666666666676,0.5905010116515302,0.30880129543354284,0.6846540185350837,0.651044249917467
theta_1,$1-n$,1.1883333333333337,0.5881148875310259,0.31101160597625876,0.6837015396082564,0.6493379898698939
theta_1,$1-n$,1.1899999999999913,0.5857153609056659,0.3132260560272077,0.682727965485442,0.6476127544244583
theta_1,$1-n$,1.191666666666649,0.5833027354647087,0.31544425199267223,0.6817333569372939,0.6458687017969981
theta_1,$1-n$,1.1933333333333067,0.5808773199412893,0.317665792375667,0.6807177774859315,0.6441059942933595
theta_1,$1-n$,1.1949999999999643,0.5784394280639373,0.31989026782085744,0.6796812934408992,0.6423247983354371
theta_1,$1-n$,1.1966666666667003,0.5759893785035755,0.3221172611670902,0.6786239739327771,0.6405252844854701
theta_1,$1-n$,1.198333333333358,0.5735274948165373,0.32434634750677865,0.6775458909455708,0.6387076274688182
theta_1,$1-n$,1.2000000000000157,0.5710541053790413,0.32657709424709475,0.6764471193686566,0.6368720061887174
theta_1,$1-n$,1.2016666666666733,0.5685695433212664,0.32880906118479,0.6753277370247247,0.6350186037454104
theta_1,$1-n$,1.203333333333331,0.5660741464552251,0.33104180058680044,0.6741878247039759,0.633147607450541
theta_1,$1-n$,1.2049999999999887,0.5635682571978389,0.3332748572778749,0.6730274661989256,0.6312592088391076
theta_1,$1-n$,1.2066666666666463,0.5610522224894806,0.33550776873624877,0.6718467483370885,0.6293536036792117
theta_1,$1-n$,1.208333333333304,0.5585263937076318,0.33774006519655386,0.670645761014371,0.6274309919788337
theta_1,$1-n$,1.2099999999999616,0.5559911265757574,0.3399712697602365,0.6694245972285152,0.6254915779897471
theta_1,$1-n$,1.2116666666666975,0.5534467810673797,0.3422008985138606,0.6681833531118676,0.6235355702085937
theta_1,$1-n$,1.2133333333333554,0.5508937213061725,0.34442846065493915,0.6669221279631681,0.621563181375786
theta_1,$1-n$,1.215000000000013,0.5483323154603833,0.3466534586271379,0.665641024276818,0.6195746284709702
theta_1,$1-n$,1.2166666666666706,0.5457629356340757,0.34887538826302766,0.6643401477701328,0.6175701327070006
theta_1,$1-n$,1.2183333333333282,0.543185957753503,0.35109373893622925,0.6630196074070451,0.6155499195211627
theta_1,$1-n$,1.219999999999986,0.5406017614491674,0.35330799372172383,0.661679515420514,0.6135142185635936
theta_1,$1-n$,1.2216666666666436,0.5380107299310788,0.35551762955628696,0.6603199873573727,0.6114632636762474
theta_1,$1-n$,1.2233333333333012,0.535413249863015,0.3577221174175907,0.658941142090759,0.6093972928775344
theta_1,$1-n$,1.2250000000000372,0.5328097112311031,0.35992092250735286,0.6575431018441724,0.6073165483400769
theta_1,$1-n$,1.2266666666666948,0.5302005072089975,0.3621135044424938,0.6561259922132913,0.6052212763664351
theta_1,$1-n$,1.2283333333333526,0.5275860340179159,0.3642993174557787,0.6546899421849954,0.6031117273608965
theta_1,$1-n$,1.2300000000000102,0.5249666907838643,0.36647781060306595,0.6532350841571444,0.600988155798635
theta_1,$1-n$,1.2316666666666678,0.5223428793903936,0.3686484279788768,0.6517615539574197,0.5988508201909746
theta_1,$1-n$,1.2333333333333254,0.5197150043278095,0.370810608939834,0.650269490860914,0.5966999830475447
theta_1,$1-n$,1.2349999999999832,0.5170834725388894,0.37296378833623833,0.6487590376056913,0.594535910835425
theta_1,$1-n$,1.2366666666666408,0.5144486932612935,0.37510739675195115,0.6472303404056107,0.592358873935484
theta_1,$1-n$,1.2383333333332984,0.511811077866848,0.3772408607527487,0.6456835489597026,0.5901691465961065
theta_1,$1-n$,1.2400000000000344,0.509171039697762,0.37936360314341516,0.6441188164573161,0.5879670068844096
theta_1,$1-n$,1.241666666666692,0.5065289939004051,0.38147504323166215,0.6425362995829429,0.5857527366344121
theta_1,$1-n$,1.2433333333333498,0.5038853572532341,0.38357459709142805,0.6409361585439803,0.5835266213828427
theta_1,$1-n$,1.2450000000000074,0.5012405479960984,0.38566167784576977,0.6393185570599026,0.5812889503149737
theta_1,$1-n$,1.246666666666665,0.49859498565509686,0.38773569595104057,0.6376836623677794,0.5790400162007324
theta_1,$1-n$,1.2483333333333229,0.495949090865506,0.3897960594891507,0.6360316452223963,0.5767801153291016
theta_1,$1-n$,1.2499999999999805,0.4933032851926591,0.3918421744667919,0.6343626798943274,0.5745095474393787
theta_1,$1-n$,1.251666666666638,0.4906579909508517,0.393873445120839,0.6326769441675449,0.5722286156488317
theta_1,$1-n$,1.2533333333332957,0.488013631020511,0.3958892742299366,0.6309746193358577,0.5699376263770417
theta_1,$1-n$,1.2550000000000316,0.48537062866373887,0.3978890634323754,0.6292558901973877,0.5676368892671235
theta_1,$1-n$,1.2566666666666895,0.48272940733921266,0.3998722135497053,0.6275209450468601,0.5653267171047627
theta_1,$1-n$,1.258333333333347,0.48009039051481517,0.4018381249175007,0.6257699756637867,0.5630074257337454
theta_1,$1-n$,1.2600000000000047,0.47745400148071515,0.40378619772141106,0.6240031772974473,0.5606793339704343
theta_1,$1-n$,1.2616666666666623,0.47482066316127125,0.40571583233991515,0.6222207486467498,0.5583427635158659
theta_1,$1-n$,1.26333333333332,0.4721907979264828,0.40762642969106694,0.6204228918408045,0.5559980388641482
theta_1,$1-n$,1.2649999999999777,0.4695648274021421,0.40951739157498285,0.6186098124422156,0.5536454871989875
theta_1,$1-n$,1.2666666666666353,0.4669431722818102,0.41138812103522227,0.6167817194073859,0.5512854383029097
theta_1,$1-n$,1.2683333333333713,0.4643262521378608,0.4132380227164027,0.614938825067168,0.5489182244554175
theta_1,$1-n$,1.2700000000000289,0.4617144852337684,0.4150665032269194,0.6130813451004202,0.5465441803313268
theta_1,$1-n$,1.2716666666666867,0.45910828833585604,0.41687297150587277,0.6112094985049048,0.5441636428954182
theta_1,$1-n$,1.2733333333333443,0.4565080765271329,0.41865683919175634,0.6093235075681941,0.5417769512953959
theta_1,$1-n$,1.275000000000002,0.4539142630216143,0.4204175209940518,0.6074235978366553,0.5393844467518459
theta_1,$1-n$,1.2766666666666595,0.4513272589800992,0.42215443506704814,0.605509998082397,0.5369864724462209
theta_1,$1-n$,1.2783333333333173,0.44874747332751724,0.4238670033858116,0.6035829402674577,0.5345833734070995
theta_1,$1-n$,1.279999999999975,0.44617531257208376,0.42555465212414656,0.6016426595046043,0.5321754963950805
theta_1,$1-n$,1.2816666666666325,0.4436111806264982,0.4272168120343873,0.5996893940141051,0.5297631897866719
theta_1,$1-n$,1.2833333333333685,0.4410554786313027,0.42885291882893783,0.5977233850757531,0.5273468034574197
theta_1,$1-n$,1.2850000000000261,0.4385086047811742,0.4304624135603355,0.5957448769837097,0.5249266886621093
theta_1,$1-n$,1.286666666666684,0.435970954152122,0.43204474299487905,0.5937541170191741,0.5225031979036616
theta_1,$1-n$,1.2883333333333415,0.43344291853372063,0.43359935999822297,0.5917513553831139,0.5200766848181901
theta_1,$1-n$,1.2899999999999991,0.43092488626319153,0.4351257239125844,0.5897368451497709,0.5176475040484837
theta_1,$1-n$,1.291666666666657,0.4284172420629481,0.43662330093453283,0.5877108422122406,0.5152160111190048
theta_1,$1-n$,1.2933333333333146,0.42592036688160156,0.43809156449087777,0.5856736052266611,0.512782562309613
theta_1,$1-n$,1.2949999999999722,0.4234346377385833,0.43952999561207784,0.5836253955554118,0.5103475145280041
theta_1,$1-n$,1.2966666666666298,0.4209604275725598,0.44093808330288603,0.5815664772088569,0.5079112251812156
theta_1,$1-n$,1.2983333333333658,0.4184981050936984,0.44231532491000836,0.5794971167850673,0.5054740520464419
theta_1,$1-n$,1.3000000000000236,0.41604803464065265,0.44366122648610634,0.5774175834076399,0.5030363531421972
theta_1,$1-n$,1.3016666666666812,0.41361057604070867,0.44497530315082345,0.5753281486596882,0.5005984865984644
theta_1,$1-n$,1.3033333333333388,0.4111860844755801,0.44625707944725673,0.5732290865154795,0.498160810528473
theta_1,$1-n$,1.3049999999999964,0.4087749103512907,0.4475060896945614,0.5711206732677991,0.4957236829007436
theta_1,$1-n$,1.3066666666666542,0.4063773991728356,0.4487218783336444,0.5690031874590703,0.4932874614088278
theta_1,$1-n$,1.3083333333333118,0.40399389142334774,0.4499040002630609,0.5668769098245882,0.4908525033349643
theta_1,$1-n$,1.3099999999999694,0.4016247224489665,0.4510520211778429,0.564742123204117,0.48841916542786556
theta_1,$1-n$,1.3116666666667054,0.3992702223482768,0.4521655178960015,0.5625991124712121,0.4859878037719548
theta_1,$1-n$,1.313333333333363,0.3969307158675917,0.4532440786792886,0.5604481644566001,0.48355877365998423
theta_1,$1-n$,1.3150000000000208,0.3946065223004555,0.45428730354701735,0.5582895678696053,0.4811324294650089
theta_1,$1-n$,1.3166666666666784,0.39229795539364354,0.45529480458147603,0.5561236132197506,0.47870912451410075
theta_1,$1-n$,1.318333333333336,0.3900053232580714,0.4562662062254059,0.5539505927368059,0.47628921096234483
theta_1,$1-n$,1.3199999999999938,0.3877289282853492,0.4572011455709065,0.5517708002896695,0.4738730396680571
theta_1,$1-n$,1.3216666666666514,0.38546906706994244,0.4580992726395028,0.5495845313037634,0.4714609600693641
theta_1,$1-n$,1.323333333333309,0.3832260303370113,0.45896025065305546,0.5473920826767246,0.46905332006239936
theta_1,$1-n$,1.3249999999999666,0.381000102876,0.45978375629519547,0.5451937526921731,0.4666504658813699
theta_1,$1-n$,1.3266666666667026,0.3787915634799451,0.46056947996299996,0.5429898409312371,0.4642527419806359
theta_1,$1-n$,1.3283333333333602,0.3766006848908318,0.46131712600734714,0.5407806481878488,0.4618604909171007
theta_1,$1-n$,1.330000000000018,0.37442773374926125,0.4620264129619261,0.53856647638808,0.45947405323048324
theta_1,$1-n$,1.3316666666666757,0.3722729705518898,0.4626970737641689,0.536347628493499,0.4570937673343499
theta_1,$1-n$,1.3333333333333333,0.3701366496134862,0.4633288559628569,0.5341244084145255,0.45471996940326814
theta_1,$1-n$,1.334999999999991,0.3680190190349922,0.4639215219145677,0.531897120920856,0.4523529932633196
theta_1,$1-n$,1.3366666666666487,0.3659203206772785,0.4644748489684378,0.5296660715513258,0.4499931702848997
theta_1,$1-n$,1.3383333333333063,0.3638407901405578,0.4649886296389839,0.5274315665233364,0.4476408292778531
theta_1,$1-n$,1.3399999999999639,0.3617806567494218,0.4654626717667363,0.5251939126419234,0.44529629638902013
theta_1,$1-n$,1.3416666666666999,0.35974014354337097,0.46589679866645717,0.5229534172084319,0.4429598950021615
theta_1,$1-n$,1.3433333333333577,0.35771946727337756,0.4662908492625783,0.5207103879295072,0.4406319456409938
theta_1,$1-n$,1.3450000000000153,0.35571883840301116,0.46664467821191297,0.5184651328248918,0.43831276587376716
theta_1,$1-n$,1.346666666666673,0.3537384611160101,0.46695815601298707,0.5162179601362108,0.4360026702216553
theta_1,$1-n$,1.3483333333333305,0.35177853332882436,0.467231169102054,0.5139691782352385,0.43370197006938677
theta_1,$1-n$,1.3499999999999883,0.3498392467079387,0.4674636199369842,0.5117190955322067,0.43141097357922265
theta_1,$1-n$,1.351666666666646,0.34792078669202936,0.4676554270680585,0.5094680203855507,0.42912998560730053
theta_1,$1-n$,1.3533333333333035,0.34602333252041834,0.4678065251935475,0.5072162610094967,0.42685930762365626
theta_1,$1-n$,1.3549999999999613,0.34414705726554284,0.46791686520313797,0.5049641253835964,0.4245992376348518
theta_1,$1-n$,1.356666666666697,0.34229212787039315,0.46798641420705334,0.5027119211632026,0.42235007010920084
theta_1,$1-n$,1.358333333333355,0.3404587051910014,0.46801515555193923,0.5004599555902074,0.4201120959061089
theta_1,$1-n$,1.3600000000000125,0.33864694404256773,0.4680030888234579,0.4982085354028075,0.41788560220781523
theta_1,$1-n$,1.3616666666666701,0.3368569932508567,0.467950229835423,0.4959579667467646,0.41567087245551837
theta_1,$1-n$,1.363333333333328,0.33508899570744616,0.467856610605426,0.4937085550869235,0.41346818628816856
theta_1,$1-n$,1.3649999999999856,0.33334308842924393,0.4677222793168281,0.49146060511997447,0.41127781948443237
theta_1,$1-n$,1.3666666666666432,0.33161940262207573,0.46754730026701957,0.4892144206887056,0.4091000439075919
theta_1,$1-n$,1.3683333333333008,0.3299180637482354,0.4673317538018432,0.4869703046980958,0.4069351274532494
theta_1,$1-n$,1.3700000000000367,0.32823919159780773,0.46707573623607757,0.4847285590334745,0.4047833339996153
theta_1,$1-n$,1.3716666666666946,0.3265829003630607,0.46677935976495966,0.4824894844726635,0.4026449233660429
theta_1,$1-n$,1.3733333333333522,0.32494929871557326,0.4664427523614288,0.48025338060156325,0.40052015127203433
theta_1,$1-n$,1.3750000000000098,0.3233384898884805,0.46606605765694836,0.47802054573735164,0.3984092692971275
theta_1,$1-n$,1.3766666666666674,0.3217505717604905,0.4656494348130454,0.4757912768472141,0.3963125248468428
theta_1,$1-n$,1.3783333333333252,0.32018563694313573,0.46519305837903746,0.4735658694712636,0.39423016112053905
theta_1,$1-n$,1.3799999999999828,0.3186437728706971,0.4646971181381238,0.4713446176454806,0.3921624170832977
theta_1,$1-n$,1.3816666666666404,0.3171250618926602,0.4641618189418886,0.46912781382523255,0.39010952744153665
theta_1,$1-n$,1.383333333333298,0.3156295813685653,0.4635873805332656,0.4669157488099295,0.38807172262205225
theta_1,$1-n$,1.385000000000034,0.31415740376504253,0.4629740373579828,0.46470871166927114,0.386049228754094
theta_1,$1-n$,1.3866666666666918,0.3127085967553072,0.4623220383647134,0.46250698967226517,0.3840422676547412
theta_1,$1-n$,1.3883333333333494,0.3112832233199393,0.4616316467935436,0.46031086821801975,0.3820510568158568
theta_1,$1-n$,1.390000000000007,0.3098813418501931,0.4609031399533836,0.45812063077094267,0.38007580939421864
theta_1,$1-n$,1.3916666666666646,0.3085030062526463,0.46013680898803594,0.4559365587991296,0.37811673420321806
theta_1,$1-n$,1.3933333333333224,0.30714826605449663,0.4593329586392734,0.4537589316985777,0.37617403571645136
theta_1,$1-n$,1.39499999999998,0.30581716651057433,0.45849190699577036,0.45158802673040604,0.3742479140682651
theta_1,$1-n$,1.3966666666666376,0.30450974871205033,0.4576139852299062,0.4494241189655445,0.3723385650537502
theta_1,$1-n$,1.3983333333332955,0.3032260496954699,0.4566995373292886,0.44726748122353766,0.3704461801362044
theta_1,$1-n$,1.4000000000000312,0.30196610255267725,0.4557489198181594,0.44511838401668047,0.36857094645545396
theta_1,$1-n$,1.401666666666689,0.3007299365416388,0.4547625014714991,0.4429770954949225,0.3667130468402142
theta_1,$1-n$,1.4033333333333466,0.29951757719714606,0.45374066302130234,0.44084388139068564,0.3648726598227812
theta_1,$1-n$,1.4050000000000042,0.2983290464424503,0.45268379685606336,0.4387190049662748,0.36304995965743
theta_1,$1-n$,1.406666666666662,0.2971643627008042,0.4515923067129511,0.43660272696302477,0.3612451163408085
theta_1,$1-n$,1.4083333333333197,0.29602354100713624,0.45046660736308514,0.43449530555344945,0.35945829563446996
theta_1,$1-n$,1.4099999999999773,0.29490659311966366,0.4493071242900139,0.4323969962969514,0.357689659089068
theta_1,$1-n$,1.4116666666666349,0.2938135276313126,0.44811429336154124,0.4303080520997513,0.35593936406982746
theta_1,$1-n$,1.4133333333333709,0.2927443500807553,0.4468885604952659,0.428228723178887,0.3542075637831807
theta_1,$1-n$,1.4150000000000287,0.2916990630629415,0.4456303813282141,0.4261592570062596,0.3524944073175023
theta_1,$1-n$,1.4166666666666863,0.2906776663387249,0.44434022087340336,0.4240998982744053,0.3508000396746984
theta_1,$1-n$,1.4183333333333439,0.2896801569444704,0.4430185531724158,0.4220508888661347,0.3491246018038433
theta_1,$1-n$,1.4200000000000015,0.2887065293003257,0.44166586094669735,0.4200124678188967,0.34746823064031934
theta_1,$1-n$,1.4216666666666593,0.2877567753176399,0.44028263524435557,0.4179848712945391,0.3458310591452801
theta_1,$1-n$,1.423333333333317,0.28683088450535704,0.4388693750846983,0.4159683325494743,0.34421321634767904
theta_1,$1-n$,1.4249999999999745,0.2859288440752752,0.43742658710067456,0.4139630819058986,0.3426148273884846
theta_1,$1-n$,1.426666666666632,0.28505063904606287,0.43595478517937675,0.411969346724714,0.34103601356670155
theta_1,$1-n$,1.428333333333368,0.2841962523458872,0.43445449010069304,0.4099873513807098,0.33947689238674666
theta_1,$1-n$,1.430000000000026,0.28336566491378257,0.4329262291746959,0.40801731724120854,0.3379375776072354
theta_1,$1-n$,1.4316666666666835,0.28255885579905415,0.43137053587686575,0.40605946264743237,0.33641817928970497
theta_1,$1-n$,1.4333333333333411,0.2817758022594107,0.42978794948271953,0.4041140029010992,0.3349188038483576
theta_1,$1-n$,1.4349999999999987,0.28101647985715394,0.42817901470146724,0.4021811502540878,0.3334395540999857
theta_1,$1-n$,1.4366666666666565,0.28028086255430024,0.42654428131911887,0.4002611138752748,0.3319805293265858
theta_1,$1-n$,1.4383333333333141,0.2795689228051352,0.42488430383226555,0.39835409984660003,0.33054182532651566
theta_1,$1-n$,1.4399999999999717,0.27888063164711036,0.4231996410849488,0.3964603111557087,0.3291235344687941
theta_1,$1-n$,1.4416666666666296,0.27821595878976163,0.4214908559083743,0.3945799476863064,0.32772574575066543
theta_1,$1-n$,1.4433333333333653,0.27757487270153763,0.4197585147614708,0.3927132062126444,0.3263485448547897
theta_1,$1-n$,1.4450000000000232,0.27695734069478184,0.4180031873744902,0.3908602803948688,0.32499201420805285
theta_1,$1-n$,1.4466666666666808,0.2763633290083388,0.4162254463945321,0.3890213607744666,0.32365623304072877
theta_1,$1-n$,1.4483333333333384,0.2757928028883096,0.4144258670347213,0.3871966347721089,0.32234127744698776
theta_1,$1-n$,1.4499999999999962,0.2752457266664226,0.41260502672592725,0.38538628668712144,0.3210472204454781
theta_1,$1-n$,1.4516666666666538,0.2747220638361243,0.4107635047716126,0.3835904976996554,0.31977413204007155
theta_1,$1-n$,1.4533333333333114,0.27422177712628,0.4089018820058358,0.3818094458760179,0.3185220792804075
theta_1,$1-n$,1.454999999999969,0.27374482857240673,0.40702074045451064,0.38004330617770815,0.31729112632193646
theta_1,$1-n$,1.456666666666705,0.27329117958548244,0.4051206630006601,0.3782922504725685,0.31608133448590064
theta_1,$1-n$,1.4583333333333628,0.2728607910200219,0.4032022330625243,0.3765564475252528,0.31489276232863417
theta_1,$1-n$,1.4600000000000204,0.2724536232376015,0.40126603426547663,0.3748360630167945,0.3137254656992469
theta_1,$1-n$,1.461666666666678,0.2720696361688696,0.39931265012333944,0.3731312595569346,0.3125794978014442
theta_1,$1-n$,1.4633333333333356,0.2717087893730085,0.3973426637248369,0.37144219669603956,0.3114549092559161
theta_1,$1-n$,1.4649999999999934,0.2713710420946972,0.3953566574251337,0.3697690309398943,0.31035174816202854
theta_1,$1-n$,1.466666666666651,0.27105635331870886,0.39335521254340305,0.36811191576484725,0.3092700601596242
theta_1,$1-n$,1.4683333333333086,0.2707646818220921,0.39133890906644114,0.3664710016336904,0.308209888490751
theta_1,$1-n$,1.4699999999999664,0.2704959862238822,0.38930832535834564,0.3648464360126593,0.30717127406113154
theta_1,$1-n$,1.4716666666667022,0.27025022503228013,0.3872640378761776,0.3632383633898607,0.30615425550114356
theta_1,$1-n$,1.47333333333336,0.27002735668931355,0.38520662089220215,0.36164692529596404,0.30515886922640917
theta_1,$1-n$,1.4750000000000176,0.2698273396127576,0.38313664622128296,0.3600722603264094,0.3041851494970971
theta_1,$1-n$,1.4766666666666752,0.2696501322354938,0.38105468295536654,0.3585145041670259,0.30323312847670575
theta_1,$1-n$,1.4783333333333328,0.26949569304235843,0.378961297204425,0.35697378962002124,0.30230283629008836
theta_1,$1-n$,1.4799999999999907,0.26936398060653044,0.3768570518500845,0.35545024661425667,0.30139430108585424
theta_1,$1-n$,1.4816666666666483,0.2692549536206291,0.37474250629807176,0.35394400224000183,0.30050754909112365
theta_1,$1-n$,1.4833333333333059,0.26916857092658897,0.37261821624134706,0.35245518077454724,0.29964260466839776
theta_1,$1-n$,1.4849999999999637,0.26910479154296774,0.3704847334301909,0.35098390370887383,0.29879949037184855
theta_1,$1-n$,1.4866666666666994,0.26906357468977266,0.36834260544922753,0.34953028977575595,0.29797822700243176
theta_1,$1-n$,1.4883333333333573,0.26904487981097475,0.36619237550245515,0.34809445497842767,0.2971788336623842
theta_1,$1-n$,1.4900000000000149,0.269048666594655,0.3640345822047126,0.34667651261898375,0.2964013278084616
theta_1,$1-n$,1.4916666666666725,0.2690748949907929,0.3618697593815366,0.3452765733280742,0.29564572530461997
theta_1,$1-n$,1.4933333333333303,0.2691235252266368,0.35969843587584227,0.3438947450950605,0.2949120404734904
theta_1,$1-n$,1.494999999999988,0.2691945178196401,0.3575211353619702,0.3425311332992374,0.2942002861468127
theta_1,$1-n$,1.4966666666666455,0.2692878335879332,0.35533837616694086,0.3411858407422465,0.2935104737147206
theta_1,$1-n$,1.498333333333303,0.26940343365830116,0.3531506710988574,0.33985896768187385,0.2928426131738093
theta_1,$1-n$,1.499999999999961,0.26954127947202966,0.3509585272830206,0.3385506118656402,0.29219671317410667
theta_1,$1-n$,1.501666666666697,0.26970133279040115,0.348762446008454,0.33726086855558335,0.29157278106600043
theta_1,$1-n$,1.5033333333333545,0.26988355569494027,0.34656292257736127,0.3359898305678759,0.2909708229443949
theta_1,$1-n$,1.505000000000012,0.2700879105870381,0.34436044616338796,0.33473758830532435,0.2903908436920414
theta_1,$1-n$,1.5066666666666697,0.27031436018509014,0.3421554996779929,0.3335042297910838,0.2898328470221801
theta_1,$1-n$,1.5083333333333275,0.27056286751950653,0.3399485596434739,0.33228984070267015,0.2892968355195783
theta_1,$1-n$,1.5099999999999851,0.27083339592566974,0.33774009607335775,0.331094504406118,0.28878281068020195
theta_1,$1-n$,1.5116666666666427,0.27112590903483996,0.33553057235995426,0.3299183019902259,0.28829077294952
theta_1,$1-n$,1.5133333333333006,0.27144037076300165,0.3333204451689752,0.3287613123008917,0.2878207217594678
theta_1,$1-n$,1.5150000000000363,0.2717767452976625,0.3311101643410169,0.32762361197548506,0.2873726555640774
theta_1,$1-n$,1.5166666666666941,0.27213499708250033,0.328900172800431,0.32650527547758135,0.28694657187392536
theta_1,$1-n$,1.5183333333333517,0.27251509080009256,0.32669090646992716,0.3254063751312567,0.2865424672891136
theta_1,$1-n$,1.5200000000000093,0.2729169913524051,0.3244827941928877,0.324326981156017,0.2861603375312308
theta_1,$1-n$,1.5216666666666672,0.27334066383968014,0.32227625766190815,0.32326716170123765,0.2858001774734322
theta_1,$1-n$,1.5233333333333248,0.2737860735387997,0.32007171135469853,0.3222269828787314,0.2854619811675503
theta_1,$1-n$,1.5249999999999824,0.27425318587742237,0.31786956247509374,0.3212065087980257,0.2851457418726551
theta_1,$1-n$,1.52666666666664,0.27474196640766446,0.3156702109010041,0.32020580160033607,0.28485145208029866
theta_1,$1-n$,1.5283333333332978,0.2752523807777735,0.31347404913869126,0.3192249214915292,0.2845791035390654
theta_1,$1-n$,1.5300000000000336,0.2757843947021004,0.3112814622829041,0.3182639267751891,0.2843286872774366
theta_1,$1-n$,1.5316666666666914,0.2763379739292959,0.30909282798341264,0.3173228738858787,0.28410019362503197
theta_1,$1-n$,1.533333333333349,0.27691308420912325,0.30690851641629885,0.31640181742175,0.28389361223215115
theta_1,$1-n$,1.5350000000000066,0.27750969125740904,0.30472889026196825,0.3155008101772338,0.28370893208794773
theta_1,$1-n$,1.5366666666666644,0.2781277607195181,0.3025543046882422,0.31461990317495603,0.2835461415371527
theta_1,$1-n$,1.538333333333322,0.2787672581322255,0.3003851073390527,0.31375914569698204,0.28340522829551745
theta_1,$1-n$,1.5399999999999796,0.27942814888402523,0.29822163832854126,0.31291858531517014,0.28328617946405993
theta_1,$1-n$,1.5416666666666372,0.28011039817389505,0.2960642302404657,0.3120982679204625,0.2831889815422113
theta_1,$1-n$,1.543333333333295,0.2808139709688325,0.2939132081322576,0.3112982377531436,0.2831136204384433
theta_1,$1-n$,1.545000000000031,0.28153883196071394,0.2917688895429586,0.31051853743602986,0.2830600814766369
theta_1,$1-n$,1.5466666666666886,0.28228494552029504,0.2896315845083081,0.30975920799960416,0.2830283494068765
theta_1,$1-n$,1.5483333333333462,0.2830522756510712,0.28750159557808946,0.309020288911545,0.2830184084108459
theta_1,$1-n$,1.5500000000000038,0.28384078594140844,0.28537921783958725,0.3083018181034774,0.283030242107121
theta_1,$1-n$,1.5516666666666616,0.28465043951561825,0.2832647389446593,0.30760383199759833,0.28306383355469095
theta_1,$1-n$,1.5533333333333192,0.28548119898383534,0.281158439140923,0.30692636553324076,0.28311916525476793
theta_1,$1-n$,1.5549999999999768,0.2863330263907735,0.2790605913068937,0.3062694521930203,0.28319621915102466
theta_1,$1-n$,1.5566666666666347,0.28720588316340256,0.2769714609910113,0.30563312402824594,0.2832949766284027
theta_1,$1-n$,1.5583333333333704,0.28809973005763256,0.27489130645439486,0.3050174116832478,0.28341541851064006
theta_1,$1-n$,1.5600000000000283,0.2890145271037931,0.27282037871784776,0.30442234441847454,0.2835575250566253
theta_1,$1-n$,1.5616666666666859,0.2899502335515843,0.27075892161158616,0.3038479501316102,0.28372127595580743
theta_1,$1-n$,1.5633333333333435,0.2909068078137009,0.2687071718295816,0.30329425537697097,0.28390665032269236
theta_1,$1-n$,1.5650000000000013,0.29188420740884513,0.2666653589854827,0.3027612853881707,0.28411362668809725
theta_1,$1-n$,1.5666666666666589,0.2928823889040249,0.2646337056702127,0.3022490641055312,0.28434218298643893
theta_1,$1-n$,1.5683333333333165,0.29390130785583757,0.26261242751645236,0.30175761418753466,0.28459229654873464
theta_1,$1-n$,1.569999999999974,0.2949409187512124,0.26060173326307745,0.30128695703217145,0.28486394408930105
theta_1,$1-n$,1.571666666666632,0.2960011749475382,0.2586018248233208,0.3008371127932278,0.28515710169286884
theta_1,$1-n$,1.573333333333368,0.2970820286122032,0.2566128973550659,0.30040810039674615,0.28547174480004245
theta_1,$1-n$,1.5750000000000255,0.29818343066130837,0.2546351393337833,0.2999999375574694,0.2858078481911351
theta_1,$1-n$,1.576666666666683,0.29930533069838583,0.25266873262669237,0.29961264079453764,0.2861653859687756
theta_1,$1-n$,1.5783333333333407,0.3004476769521742,0.25071385256999995,0.29924622544641233,0.2865443315391657
theta_1,$1-n$,1.5799999999999985,0.3016104162142785,0.24877066804779616,0.2989007056842928,0.28694465759237836
theta_1,$1-n$,1.5816666666666561,0.3027934937764783,0.24683934157315163,0.29857609452371836,0.28736633608178513
theta_1,$1-n$,1.5833333333333137,0.3039968533678038,0.2449200293713056,0.2982724038339067,0.28780933820279825
theta_1,$1-n$,1.5849999999999713,0.30522043709144536,0.2430128814649276,0.29798964434439734,0.2882736343711013
theta_1,$1-n$,1.5866666666666291,0.30646418536123954,0.24111804175890897,0.29772782565868505,0.2887591941968968
theta_1,$1-n$,1.5883333333333651,0.3077280368380345,0.23923564812555811,0.29748695627052923,0.289265986456747
theta_1,$1-n$,1.5900000000000227,0.30901192836620855,0.23736583249605095,0.29726704356153916,0.2897939790708518
theta_1,$1-n$,1.5916666666666803,0.31031579491041333,0.2355087209487727,0.29706809381125227,0.2903431390744955
theta_1,$1-n$,1.593333333333338,0.31163956949198174,0.23366443380090426,0.29689011220123235,0.29091343259007435
theta_1,$1-n$,1.5949999999999958,0.31298318312569173,0.23183308570022598,0.29673310281950455,0.2915048247978423
theta_1,$1-n$,1.5966666666666534,0.31434656475662015,0.23001478571769046,0.2965970686649235,0.2921172799054177
theta_1,$1-n$,1.598333333333311,0.3157296411972314,0.22820963744070086,0.2964820116509634,0.29275076111626974
theta_1,$1-n$,1.5999999999999688,0.3171323370647906,0.22641773906712093,0.29638793260842894,0.29340523059737733
theta_1,$1-n$,1.6016666666667045,0.31855457471925525,0.224639183499959,0.296314831286586,0.2940806494462875
theta_1,$1-n$,1.6033333333333624,0.31999627420133087,0.22287405844325248,0.2962627063522289,0.2947769776575749
theta_1,$1-n$,1.60500000000002,0.32145735317178314,0.22112244649792603,0.2962315553861368,0.29549417408937473
theta_1,$1-n$,1.6066666666666776,0.322937726850757,0.21938442525931948,0.29622137487649464,0.2962321964295463
theta_1,$1-n$,1.6083333333333354,0.3244373079574339,0.21766006741171937,0.2962321602235963,0.29699100115734256
theta_1,$1-n$,1.609999999999993,0.3259560066504385,0.2159494408236192,0.2962639057415899,0.297770543505079
theta_1,$1-n$,1.6116666666666506,0.3274937304697523,0.21425260864666384,0.2963166046441876,0.29857077742410393
theta_1,$1-n$,1.6133333333333082,0.32905038427882294,0.21256962941158034,0.296390249042408,0.2993916555459421
theta_1,$1-n$,1.614999999999966,0.3306258702078173,0.21090055712520434,0.2964848299364937,0.30023312914448913
theta_1,$1-n$,1.616666666666702,0.3322200875978222,0.20924544136701462,0.29660033720837686,0.3010951480973058
theta_1,$1-n$,1.6183333333333596,0.33383293294564004,0.20760432738569728,0.296736759614135,0.30197766084597677
theta_1,$1-n$,1.6200000000000172,0.3354642998504027,0.20597725619463045,0.29689408477599294,0.3028806143563516
theta_1,$1-n$,1.6216666666666748,0.3371140789606033,0.20436426466790097,0.2970722991732386,0.30380395407806726
theta_1,$1-n$,1.6233333333333326,0.33878215792276534,0.2027653856357405,0.2972713881316044,0.30474762390416527
theta_1,$1-n$,1.6249999999999902,0.3404684213313994,0.2011806479799054,0.2974913358105591,0.305711566130772
theta_1,$1-n$,1.6266666666666478,0.34217275068041925,0.19961007672897774,0.2977321251879886,0.30669572141708973
theta_1,$1-n$,1.6283333333333054,0.3438950243161077,0.1980536931536145,0.2979937380418807,0.3077000287458646
theta_1,$1-n$,1.6299999999999633,0.34563511739059716,0.19651151485791546,0.29827615494706805,0.30872442537878436
theta_1,$1-n$,1.6316666666666992,0.34739290181750965,0.19498355587196697,0.29857935526233315,0.3097688468146441
theta_1,$1-n$,1.6333333333333568,0.34916824622938886,0.19346982674617755,0.29890331710714374,0.3108332267501118
theta_1,$1-n$,1.6350000000000144,0.3509610159369906,0.19197033464196034,0.29924801734821577,0.31191749703775945
theta_1,$1-n$,1.636666666666672,0.3527710728897253,0.19048508342325757,0.29961343158115766,0.3130215876449118
theta_1,$1-n$,1.6383333333333299,0.3545982756382211,0.18901407374667803,0.29999953411285935,0.31414542661239614
theta_1,$1-n$,1.6399999999999875,0.3564424792986063,0.18755730315074962,0.300406297944039,0.31528894001311514
theta_1,$1-n$,1.641666666666645,0.3583035355186847,0.1861147661442839,0.30083369475145755,0.3164520519107054
theta_1,$1-n$,1.643333333333303,0.36018129244609626,0.18468645429392253,0.30128169486929735,0.31763468431849734
theta_1,$1-n$,1.6450000000000387,0.36207559469864353,0.18327235631086833,0.3017502672692238,0.3188367571590462
theta_1,$1-n$,1.6466666666666965,0.3639862833363404,0.18187245813726877,0.3022393795384919,0.32005818822411025
theta_1,$1-n$,1.648333333333354,0.3659131958366122,0.1804867430313254,0.30274899785592735,0.32129889313613824
theta_1,$1-n$,1.6500000000000117,0.3678561660709301,0.1791151916524487,0.30327908696526834,0.3225587853102147
theta_1,$1-n$,1.6516666666666695,0.3698150242829645,0.17775778214179494,0.303829610165772,0.3238377759111644
theta_1,$1-n$,1.653333333333327,0.37178959706988307,0.1764144902045617,0.30440052928774897,0.3251357738158245
theta_1,$1-n$,1.6549999999999847,0.37377970736627175,0.1750852891919584,0.3049918046642222,0.32645268557686974
theta_1,$1-n$,1.6566666666666423,0.37578517442993153,0.17377015018071634,0.30560339510940554,0.3277884153850512
theta_1,$1-n$,1.6583333333333001,0.3778058138303108,0.17246904205209854,0.30623525789379796,0.32914286503306095
theta_1,$1-n$,1.6600000000000361,0.37984143743944,0.1711819315695749,0.30688734872011714,0.33051593387979605
theta_1,$1-n$,1.6616666666666937,0.3818918534248597,0.1699087834555925,0.30755962169945306,0.33190751881483777
theta_1,$1-n$,1.6633333333333513,0.38395686624604525,0.16864956046660273,0.30825202932767165,0.3333175142243218
theta_1,$1-n$,1.665000000000009,0.38603627665248025,0.16740422346762296,0.30896452246102213,0.33474581195711456
theta_1,$1-n$,1.6666666666666667,0.38812988168487855,0.1661727315054914,0.30969705029097183,0.33619230129246663
theta_1,$1-n$,1.6683333333333243,0.390237474679048,0.16495504188124685,0.31044956031765436,0.3376568689089631
theta_1,$1-n$,1.669999999999982,0.3923588452725576,0.16375111022164102,0.3112219983215278,0.3391393988550412
theta_1,$1-n$,1.6716666666666398,0.3944937794142192,0.16256089054972153,0.3120143083336032,0.3406397725210063
theta_1,$1-n$,1.6733333333332974,0.3966420593751177,0.16138433535149824,0.31282643262255294,0.3421578686063564
theta_1,$1-n$,1.6750000000000334,0.3988034637636757,0.16022139564423962,0.3136583116643993,0.3436935630943346
theta_1,$1-n$,1.676666666666691,0.40097776754294145,0.15907202104368087,0.3145098841135621,0.345246729226647
theta_1,$1-n$,1.6783333333333486,0.40316474205133845,0.15793615982880516,0.3153810867784991,0.3468172374788282
theta_1,$1-n$,1.6800000000000062,0.40536415502534595,0.15681375900634967,0.3162718545950436,0.34840495553682344
theta_1,$1-n$,1.681666666666664,0.4075757706254471,0.15570476437376773,0.3171821206008608,0.35000974827493353
theta_1,$1-n$,1.6833333333333216,0.40979934946475943,0.1546091205810303,0.31811181591047233,0.3516314777348645
theta_1,$1-n$,1.6849999999999792,0.41203464864047107,0.15352677119126618,0.3190608696905711,0.353270003106128
theta_1,$1-n$,1.686666666666637,0.4142814217681052,0.15245765874029585,0.3200292091353111,0.3549251807079669
theta_1,$1-n$,1.6883333333332946,0.4165394190186344,0.1514017247951132,0.32101675944125313,0.35659686397297885
theta_1,$1-n$,1.6900000000000306,0.41880838715857466,0.15035891001132093,0.32202344378170045,0.35828490343269237
theta_1,$1-n$,1.6916666666666882,0.4210880695924403,0.14932915418986667,0.32304918327981963,0.3599891467047919
theta_1,$1-n$,1.6933333333333458,0.4233782064091072,0.14831239633225674,0.32409389698197993,0.3617094384829489
theta_1,$1-n$,1.6950000000000036,0.42567853442887565,0.14730857469324138,0.3251575018445365,0.36344562052222185
theta_1,$1-n$,1.6966666666666612,0.4279887872549508,0.1463176268344097,0.3262399127051609,0.3651975316327955
theta_1,$1-n$,1.6983333333333188,0.43030869532729815,0.14533948967618654,0.32734104225870553,0.36696500767357737
theta_1,$1-n$,1.6999999999999764,0.432637985978999,0.14437409954843952,0.328460801035501,0.3687478815468933
theta_1,$1-n$,1.7016666666666342,0.4349763834953596,0.14342139224017417,0.32959909737904713,0.37054598319532533
theta_1,$1-n$,1.7033333333333702,0.43732360917573515,0.14248130304806686,0.3307558374247498,0.372359139600181
theta_1,$1-n$,1.7050000000000278,0.4396793813973735,0.14155376682413354,0.3319309250792138,0.3741871747811965
theta_1,$1-n$,1.7066666666666854,0.44204341568290356,0.14063871802190794,0.33312426200074563,0.3760299097988673
theta_1,$1-n$,1.708333333333343,0.4444154247692305,0.13973609074204715,0.33433574757981727,0.3778871627578192
theta_1,$1-n$,1.7100000000000009,0.44679511867946037,0.1388458187767349,0.3355652789201396,0.3797587488126096
theta_1,$1-n$,1.7116666666666585,0.4491822047971609,0.1379678356531837,0.33681275081986073,0.38164448017556524
theta_1,$1-n$,1.713333333333316,0.45157638794303856,0.13710207467622587,0.3380780557527779,0.38354416612685527
theta_1,$1-n$,1.7149999999999739,0.45397737045392844,0.13624846896992768,0.33936108385027414,0.3854576130264725
theta_1,$1-n$,1.7166666666666315,0.45638485226337966,0.13540695151733192,0.3406617228918024,0.38738462432430565
theta_1,$1-n$,1.7183333333333675,0.45879853098532536,0.13457745520038106,0.3419798582860226,0.3893250005772928
theta_1,$1-n$,1.720000000000025,0.46121810199904756,0.13375991283871666,0.3433153730559239,0.3912785394661463
theta_1,$1-n$,1.7216666666666827,0.46364325853720434,0.13295425722701798,0.34466814782645394,0.39324503581467046
theta_1,$1-n$,1.7233333333333405,0.4660736917747357,0.1321604211718871,0.3460380608118537,0.3952242816103247
theta_1,$1-n$,1.724999999999998,0.46850909092021953,0.13137833752763767,0.34742498780427333,0.39721606602708076
theta_1,$1-n$,1.7266666666666557,0.4709491433089174,0.13060793923123418,0.34882880216331297,0.39922017545005933
theta_1,$1-n$,1.7283333333333133,0.47339353449754107,0.12984915933635507,0.35024937480656415,0.40123639350206725
theta_1,$1-n$,1.7299999999999711,0.4758419483606598,0.12910193104659157,0.3516865742011678,0.40326450107206613
theta_1,$1-n$,1.7316666666666287,0.4782940671886666,0.1283661877477949,0.35314026635640083,0.40530427634560384
theta_1,$1-n$,1.7333333333333647,0.48074957178733807,0.12764186303955016,0.3546103148173779,0.407355494837335
theta_1,$1-n$,1.7350000000000223,0.4832081415782139,0.12692889076599204,0.3560965806594645,0.40941792942508326
theta_1,$1-n$,1.73666666666668,0.4856694547014254,0.1262272050454927,0.35759892248442193,0.4114913503866914
theta_1,$1-n$,1.7383333333333377,0.48813318811839035,0.12553674029994738,0.3591171964176196,0.41357552543622633
theta_1,$1-n$,1.7399999999999953,0.49059901771639386,0.12485743128298821,0.36065125610613497,0.41567021976466784
theta_1,$1-n$,1.741666666666653,0.4930666184140235,0.12418921310763695,0.3622009527173865,0.4177751960814947
theta_1,$1-n$,1.7433333333333105,0.4955356642674114,0.12353202127303038,0.3637661349403739,0.4198902146577501
theta_1,$1-n$,1.7449999999999684,0.4980058285773115,0.12288579169046066,0.36534664898766583,0.42201503337103785
theta_1,$1-n$,1.7466666666667043,0.5004767839970136,0.12225046070871416,0.36694233859829173,0.42414940775241855
theta_1,$1-n$,1.748333333333362,0.5029482026402862,0.12162596513887819,0.3685530450412849,0.42629309103453494
theta_1,$1-n$,1.7500000000000195,0.5054197561909761,0.12101224227815953,0.3701786071211986,0.4284458342024031
theta_1,$1-n$,1.7516666666666771,0.5078911160118302,0.12040922993330287,0.3718188611842932,0.4306073860447943
theta_1,$1-n$,1.753333333333335,0.5103619532541686,0.11981686644315107,0.37347364112671333,0.43277749320764297
theta_1,$1-n$,1.7549999999999926,0.5128319389675987,0.11923509070051791,0.3751427784044039,0.4349559002488105
theta_1,$1-n$,1.7566666666666502,0.5153007442097753,0.11866384217333445,0.37682610204503597,0.4371423496942364
theta_1,$1-n$,1.758333333333308,0.5177680401561827,0.1181030609252998,0.37852343866017607,0.4393365820958073
theta_1,$1-n$,1.7599999999999656,0.5202334982100586,0.11755268763669394,0.3802346124525746,0.4415383360917573
theta_1,$1-n$,1.7616666666667016,0.5226967901117135,0.11701266362320585,0.38195944523569686,0.4437473484665193
theta_1,$1-n$,1.7633333333333592,0.5251575880472548,0.11648293085516082,0.38369775644721166,0.44596335421282607
theta_1,$1-n$,1.7650000000000168,0.5276155647578711,0.11596343197558698,0.3854493631675635,0.4481860865953278
theta_1,$1-n$,1.7666666666666746,0.5300703936474452,0.11545411031804534,0.3872140801383722,0.4504152772146534
theta_1,$1-n$,1.7683333333333322,0.5325217488901366,0.11495490992386807,0.38899171978178043,0.4526506560734084
theta_1,$1-n$,1.7699999999999898,0.5349693055371186,0.11446577555893114,0.390782092220629,0.4548919516433222
theta_1,$1-n$,1.7716666666666474,0.5374127396224737,0.11398665272990754,0.39258500529990603,0.45713889093348187
theta_1,$1-n$,1.7733333333333052,0.5398517282681236,0.11351748769997383,0.3944002646098338,0.459391199559485
theta_1,$1-n$,1.7749999999999628,0.5422859497876815,0.11305822750394227,0.3962276735109585,0.46164860181334666
theta_1,$1-n$,1.7766666666666988,0.5447150837892207,0.11260881996276999,0.39806703316169423,0.4639108207340999
theta_1,$1-n$,1.7783333333333564,0.5471388112761589,0.11216921369754335,0.3999181425481663,0.4661775781782851
theta_1,$1-n$,1.780000000000014,0.5495568147481111,0.11173935814313088,0.40178079851297155,0.468448594893309
theta_1,$1-n$,1.7816666666666718,0.5519687782997692,0.1113192035627545,0.40365479577351715,0.4707235905937239
theta_1,$1-n$,1.7833333333333294,0.5543743877177448,0.11090870105971382,0.4055399269634477,0.47300228403218864
theta_1,$1-n$,1.784999999999987,0.5567733305764204,0.11050780259019422,0.4074359826612782,0.4752843930752097
theta_1,$1-n$,1.7866666666666446,0.5591652963318827,0.11011646097513257,0.40934275142527804,0.4775696347778149
theta_1,$1-n$,1.7883333333333025,0.5615499764141535,0.10973462991178136,0.4112600198284464,0.47985772545910216
theta_1,$1-n$,1.7900000000000384,0.5639270643177552,0.10936226398496149,0.4131875724937027,0.4821483807786747
theta_1,$1-n$,1.791666666666696,0.5662962556898475,0.10899931867806553,0.41512519212925036,0.48444131581307315
theta_1,$1-n$,1.7933333333333537,0.5686572484175113,0.10864575038350796,0.4170726595659753,0.4867362451335754
theta_1,$1-n$,1.7950000000000113,0.5710097427118521,0.10830151641292993,0.41902975379557034,0.4890328828829684
theta_1,$1-n$,1.796666666666669,0.5733534411905019,0.10796657500685296,0.42099625201124496,0.4913309428526627
theta_1,$1-n$,1.7983333333333267,0.5756880489577524,0.10764088534384518,0.42297192965098046,0.49363013855925936
theta_1,$1-n$,1.7999999999999843,0.578013273682336,0.1073244075491401,0.42495656044392227,0.4959301833204348
theta_1,$1-n$,1.801666666666642,0.5803288256732356,0.10701710270356517,0.426949916451241,0.49823079033309353
theta_1,$1-n$,1.8033333333332997,0.5826344179538101,0.10671893285330335,0.4289517680962404,0.5005316727554823
theta_1,$1-n$,1.8050000000000357,0.5849297663321518,0.10642986101653848,0.43096188422379866,0.5028325437794029
theta_1,$1-n$,1.8066666666666933,0.5872145894694628,0.10614985119177524,0.4329800321408222,0.5051331167084512
theta_1,$1-n$,1.808333333333351,0.5894886089466893,0.10587886836505554,0.43500597766541643,0.5074331050346522
theta_1,$1-n$,1.8100000000000087,0.5917515493276194,0.10561687851716658,0.43703948517442115,0.509732222514232
theta_1,$1-n$,1.8116666666666663,0.5940031382200198,0.10536384863061145,0.43908031765103084,0.5120301832439588
theta_1,$1-n$,1.813333333333324,0.5962431063341035,0.10511974669637196,0.44112823673253554,0.5143267017371221
theta_1,$1-n$,1.8149999999999815,0.5984711875383788,0.10488454172039714,0.4431830027588738,0.5166214929989671
theta_1,$1-n$,1.8166666666666393,0.6006871189128201,0.10465820372976468,0.4452443748225972,0.5189142726012987
theta_1,$1-n$,1.818333333333297,0.6028906407993018,0.10444070377846261,0.44731211082084615,0.5212047567559702
theta_1,$1-n$,1.820000000000033,0.6050814968493399,0.1042320139527288,0.4493859675100323,0.5234926623870726
theta_1,$1-n$,1.8216666666666905,0.6072594340684649,0.10403210737595371,0.45146570056324264,0.5257777072008971
theta_1,$1-n$,1.8233333333333481,0.6094242028594302,0.10384095821425421,0.45355106461843064,0.5280596097601098
theta_1,$1-n$,1.825000000000006,0.6115755570621467,0.10365854168268956,0.45564181331792775,0.5303380895589989
theta_1,$1-n$,1.8266666666666636,0.6137132539898629,0.1034848340484452,0.45773769937840064,0.5326128670875213
theta_1,$1-n$,1.8283333333333212,0.615837054463602,0.10331981263583312,0.45983847463949334,0.5348836639022692
theta_1,$1-n$,1.8299999999999788,0.6179467228434854,0.1031634558303559,0.4619438901206448,0.5371502026935997
theta_1,$1-n$,1.8316666666666366,0.6200420270574047,0.10301574308273231,0.4640536960764298,0.539412207352375
theta_1,$1-n$,1.8333333333333726,0.6221227386271274,0.10287665491282748,0.46616764205108596,0.5416694030361544
theta_1,$1-n$,1.8350000000000302,0.62418863269123,0.10274617291346626,0.4682854769322818,0.5439215162339124
theta_1,$1-n$,1.8366666666666878,0.6262394880263045,0.10262427975397333,0.4704069490062676,0.5461682748305795
theta_1,$1-n$,1.8383333333333454,0.6282750870644644,0.10251095918351143,0.47253180601307526,0.5484094081689919
theta_1,$1-n$,1.8400000000000032,0.6302952159085979,0.10240619603405897,0.4746597952039078,0.5506446471105488
theta_1,$1-n$,1.8416666666666608,0.6322996643447616,0.10230997622300779,0.4767906634007741,0.552873724093649
theta_1,$1-n$,1.8433333333333184,0.6342882258517937,0.10222228675531453,0.4789241570591219,0.5550963731897175
theta_1,$1-n$,1.8449999999999762,0.6362606976090999,0.10214311572687856,0.481060022315127,0.5573123301635096
theta_1,$1-n$,1.8466666666666338,0.6382168805019743,0.10207245232780672,0.48319800503236077,0.5595213325322356
theta_1,$1-n$,1.8483333333333698,0.6401565791232083,0.10201028684328772,0.4853378508728079,0.561723119614347
theta_1,$1-n$,1.8500000000000274,0.6420796017727464,0.10195661065610255,0.4874793053476163,0.5639174325836752
theta_1,$1-n$,1.851666666666685,0.643985760455443,0.10191141624828315,0.48962211387594345,0.5661040145204618
theta_1,$1-n$,1.8533333333333428,0.6458748708755809,0.10187469720280921,0.49176602184075646,0.5682826104604873
theta_1,$1-n$,1.8550000000000004,0.6477467524295338,0.10184644820523478,0.49391077464375593,0.5704529674435884
theta_1,$1-n$,1.856666666666658,0.6496012281960316,0.10182666504520048,0.4960561177594841,0.5726148345606727
theta_1,$1-n$,1.8583333333333156,0.651438124924134,0.10181534461776495,0.4982017967893799,0.5747679629990717
theta_1,$1-n$,1.8599999999999735,0.653257273018921,0.10181248492449262,0.5003475575164444,0.5769121060859639
theta_1,$1-n$,1.861666666666631,0.6550585065249115,0.10181808507423477,0.5024931459611797,0.5790470193296018
theta_1,$1-n$,1.863333333333367,0.656841663107304,0.10183214528354191,0.5046383084395645,0.5811724604581785
theta_1,$1-n$,1.8650000000000246,0.6586065840305548,0.10185466687664857,0.5067827916230256,0.5832881894555016
theta_1,$1-n$,1.8666666666666822,0.6603531141367617,0.10188565228706008,0.5089263425797026,0.5853939686028775
theta_1,$1-n$,1.86833333333334,0.6620811018208437,0.1019251050582125,0.5110687088226425,0.5874895625153094
theta_1,$1-n$,1.8699999999999977,0.6637903990033814,0.10197302984256917,0.5132096383734648,0.5895747381709269
theta_1,$1-n$,1.8716666666666553,0.6654808611022932,0.10202943240191886,0.5153488798103005,0.5916492649441376
theta_1,$1-n$,1.873333333333313,0.6671523470024225,0.10209431960699607,0.5174861823208684,0.5937129146350288
theta_1,$1-n$,1.8749999999999707,0.6688047190234808,0.10216769943710055,0.5196212957532057,0.5957654614976525
theta_1,$1-n$,1.8766666666666283,0.6704378428863698,0.10224958097965253,0.5217539706646931,0.5978066822669764
theta_1,$1-n$,1.8783333333333643,0.6720515876779862,0.10233997442962406,0.5238839583701098,0.5998363561843746
theta_1,$1-n$,1.8800000000000219,0.6736458258140811,0.1024388910887565,0.5260110109887595,0.6018542650208706
theta_1,$1-n$,1.8816666666666795,0.6752204330013318,0.102546343364565,0.5281348814928026,0.6038601930993395
theta_1,$1-n$,1.8833333333333373,0.6767752881971414,0.10266234476898116,0.5302553237554356,0.6058539273135458
theta_1,$1-n$,1.884999999999995,0.6783102735683242,0.10278690991663292,0.5323720926010516,0.6078352571452281
theta_1,$1-n$,1.8866666666666525,0.6798252744482739,0.10292005452270907,0.534484943857034,0.6098039746785692
theta_1,$1-n$,1.8883333333333103,0.6813201792940864,0.10306179540260708,0.5365936343834803,0.6117598746201881
theta_1,$1-n$,1.889999999999968,0.6827948796416567,0.10321215046994256,0.5386979221178535,0.6137027543121397
theta_1,$1-n$,1.891666666666704,0.6842492700593407,0.10337113873375038,0.540797566125685,0.6156324137410679
theta_1,$1-n$,1.8933333333333615,0.6856832481007936,0.10353878029638955,0.5428923266396624,0.6175486555488573
theta_1,$1-n$,1.8950000000000191,0.6870967142572986,0.103715096350948,0.5449819651029423,0.6194512850411635
theta_1,$1-n$,1.896666666666677,0.6884895719085964,0.10390010917851705,0.5470662442090402,0.6213401101939319
theta_1,$1-n$,1.8983333333333345,0.6898617272732717,0.10409384214538397,0.5491449279403614,0.6232149416591006
theta_1,$1-n$,1.8999999999999921,0.6912130893583099,0.10429631970003615,0.5512177816053665,0.6250755927687814
theta_1,$1-n$,1.9016666666666497,0.6925435699079221,0.10450756736992167,0.5532845718750501,0.6269218795378408
theta_1,$1-n$,1.9033333333333076,0.6938530833516635,0.10472761175790374,0.5553450668193212,0.62875362066472
theta_1,$1-n$,1.9049999999999652,0.6951415467518731,0.10495648053834646,0.5573990359438653,0.6305706375303285
theta_1,$1-n$,1.9066666666667011,0.6964088797505221,0.105194202452781,0.5594462502281716,0.6323727541949307
theta_1,$1-n$,1.9083333333333588,0.6976550045151904,0.10544080730509924,0.5614864821639136,0.6341597973926099
theta_1,$1-n$,1.9100000000000164,0.6988798456865557,0.10569632595862949,0.563519505772114,0.6359315965318002
theta_1,$1-n$,1.9116666666666742,0.7000833303236939,0.10596079033090973,0.5655450966386666,0.6376879836872008
theta_1,$1-n$,1.9133333333333318,0.7012653878494126,0.10623423338828746,0.5675630319489887,0.6394287935909224
theta_1,$1-n$,1.9149999999999894,0.7024259499956576,0.10651668914079342,0.5695730905155875,0.6411538636241593
theta_1,$1-n$,1.9166666666666472,0.7035649507486065,0.10680819263648604,0.5715750528072909,0.6428630338066994
theta_1,$1-n$,1.9183333333333048,0.7046823262937536,0.1071087799556369,0.5735687009761673,0.6445561467855531
theta_1,$1-n$,1.9199999999999624,0.7057780149610039,0.10741848820469782,0.5755538188826407,0.6462330478225892
theta_1,$1-n$,1.9216666666666984,0.7068519571698486,0.10773735551000542,0.5775301921194025,0.6478935847811451
theta_1,$1-n$,1.923333333333356,0.7079040953743394,0.10806542101107301,0.5794976080340702,0.64953760811103
theta_1,$1-n$,1.9250000000000138,0.7089343740086369,0.10840272485363604,0.5814558557524913,0.6511649708329796
theta_1,$1-n$,1.9266666666666714,0.7099427394321444,0.10874930818209227,0.5834047262013422,0.6527755285208894
theta_1,$1-n$,1.928333333333329,0.7109291398750059,0.10910521313150066,0.5853440121319259,0.6543691392828862
theta_1,$1-n$,1.9299999999999866,0.7118935253837738,0.10947048281911759,0.5872735081438419,0.6559456637410211
theta_1,$1-n$,1.9316666666666444,0.7128358477687616,0.10984516133748344,0.5891930106884549,0.6575049650154525
theta_1,$1-n$,1.933333333333302,0.7137560605502548,0.11022929374497281,0.591102318093087,0.6590469087014437
theta_1,$1-n$,1.935000000000038,0.7146541189055566,0.11062292605649873,0.5930012305791275,0.6605713628470755
theta_1,$1-n$,1.9366666666666956,0.7155299796164799,0.11102610523398444,0.5948895502760255,0.6620781979305034
theta_1,$1-n$,1.9383333333333532,0.716383601017696,0.11143887917646908,0.5967670812367183,0.6635672868366285
theta_1,$1-n$,1.940000000000011,0.7172149429453188,0.1118612967097194,0.5986336294501688,0.6650385048325279
theta_1,$1-n$,1.9416666666666687,0.7180239666863707,0.1122934075755688,0.600489002852769,0.6664917295426528
theta_1,$1-n$,1.9433333333333263,0.7188106349288856,0.11273526242081926,0.6023330113384829,0.6679268409232952
theta_1,$1-n$,1.9449999999999839,0.7195749117127029,0.11318691278566925,0.6041654667682375,0.669343721236331
theta_1,$1-n$,1.9466666666666417,0.7203167623809611,0.11364841109161326,0.6059861829789701,0.6707422550221683
theta_1,$1-n$,1.9483333333332993,0.7210361535323052,0.11411981062875814,0.607794975792752,0.6721223290718382
theta_1,$1-n$,1.9500000000000353,0.7217330529738468,0.11460116554252422,0.60959166302648,0.6734838323982213
theta_1,$1-n$,1.9516666666666929,0.7224074296748284,0.11509253081971227,0.6113760645004238,0.6748266562063836
theta_1,$1-n$,1.9533333333333505,0.7230592537227845,0.11559396227593591,0.6131480020310269,0.6761506938680986
theta_1,$1-n$,1.9550000000000083,0.7236884962786921,0.11610551654016901,0.6149072994421421,0.6774558408900739
theta_1,$1-n$,1.9566666666666659,0.7242951295338709,0.11662725103965027,0.6166537825683776,0.6787419948840765
theta_1,$1-n$,1.9583333333333235,0.7248791266678954,0.1171592239842506,0.6183872792569934,0.6800090555367404
theta_1,$1-n$,1.9599999999999813,0.7254404618075124,0.11770149435019592,0.6201076193696963,0.681256924578837
theta_1,$1-n$,1.961666666666639,0.7259791099867087,0.11825412186328327,0.6218146347828937,0.682485505754429
theta_1,$1-n$,1.9633333333332965,0.7264950471079349,0.11881716698154246,0.6235081593867166,0.6836947047898785
theta_1,$1-n$,1.9650000000000325,0.726988249904509,0.11939069087732189,0.6251880290831986,0.6848844293627331
theta_1,$1-n$,1.96666666666669,0.7274586959040675,0.11997475541858772,0.6268540817834514,0.6860545890701264
theta_1,$1-n$,1.968333333333348,0.7279063633934099,0.12056942314979334,0.628506157405328,0.6872050953974965
theta_1,$1-n$,1.9700000000000055,0.7283312313842796,0.12117475727173228,0.630144097870305,0.6883358616864756
theta_1,$1-n$,1.9716666666666631,0.7287332795804321,0.12179082162072893,0.6317677471010811,0.6894468031027596
theta_1,$1-n$,1.9733333333333207,0.7291124883460156,0.12241768064715726,0.6333769510179811,0.6905378366039887
theta_1,$1-n$,1.9749999999999786,0.7294688386763107,0.12305539939452911,0.6349715575234137,0.6916088809102117
theta_1,$1-n$,1.9766666666666362,0.7298023121682996,0.12370404347601516,0.6365514165018126,0.692659856470713
theta_1,$1-n$,1.9783333333333721,0.7301128909933069,0.1243636790510945,0.6381163798116622,0.6936906854326851
theta_1,$1-n$,1.9800000000000297,0.7304005578708923,0.12503437280121865,0.6396663012770706,0.6947012916096461
theta_1,$1-n$,1.9816666666666873,0.730665296044281,0.1257161919049814,0.6412010366797636,0.6956916004504226
theta_1,$1-n$,1.9833333333333452,0.7309070892571231,0.12640920401223762,0.6427204437493407,0.6966615390079309
theta_1,$1-n$,1.9850000000000028,0.7311259217318058,0.12711347721759575,0.644224382153096,0.6976110359084828
theta_1,$1-n$,1.9866666666666604,0.7313217781492237,0.1278290800330589,0.6457127134851649,0.6985400213213212
theta_1,$1-n$,1.988333333333318,0.7314946436300258,0.12855608135980623,0.6471853012552721,0.6994484269284317
theta_1,$1-n$,1.9899999999999758,0.7316445037173358,0.1292945504590751,0.6486420108772805,0.7003361858946284
theta_1,$1-n$,1.9916666666666334,0.7317713443609462,0.13004455692210415,0.6500827096577451,0.7012032328379103
theta_1,$1-n$,1.9933333333333694,0.7318751519029889,0.13080617063913444,0.6515072667847384,0.7020495038001253
theta_1,$1-n$,1.995000000000027,0.7319559130652208,0.1315794617674013,0.652915553315267,0.7028749362179848
theta_1,$1-n$,1.9966666666666846,0.7320136149386449,0.13236450069938666,0.6543074421563527,0.7036794688962057
theta_1,$1-n$,1.9983333333333424,0.732048244973501,0.13316135802843077,0.6556828080555777,0.7044630419787455
theta_1,$1-n$,2.0,0.7320597909714939,0.13397010451424424,0.6570415275862277,0.7052255969217774
theta_2,$1-n^2$,0.0,0.6762210961073476,0.27136251458971383,0.6306807565536185,0.6601220575640399
theta_2,$1-n^2$,0.001666666666662716,0.6762111733580264,0.27238880656304115,0.6316782033777119,0.6606623520125414
theta_2,$1-n^2$,0.003333333333325432,0.6761814285149413,0.27342676635609225,0.6326599873907639,0.661183842293147
theta_2,$1-n^2$,0.004999999999988148,0.676131897906932,0.2744763735302697,0.6336260025695263,0.6616864948455682
theta_2,$1-n^2$,0.006666666666650864,0.6760626194684921,0.27553760630101715,0.6345761453589922,0.662170278483501
theta_2,$1-n^2$,0.00833333333331358,0.6759736327121862,0.27661044150513603,0.6355103146698823,0.6626351643681667
theta_2,$1-n^2$,0.009999999999976295,0.6758649787019234,0.2776948545675445,0.636428411877336,0.6630811259814628
theta_2,$1-n^2$,0.011666666666639012,0.6757367000270739,0.27879081946740397,0.6373303408213091,0.6635081390986717
theta_2,$1-n^2$,0.013333333333301728,0.6755888407774162,0.2798983087035403,0.6382160078091742,0.663916181760673
theta_2,$1-n^2$,0.014999999999964443,0.67542144651932,0.2810172932601798,0.6390853216149113,0.6643052342466381
theta_2,$1-n^2$,0.01666666666662716,0.6752345642775928,0.28214774258481834,0.6399381934081805,0.664675279059355
theta_2,$1-n^2$,0.018333333333289875,0.675028242510761,0.28328962454629436,0.6407745367926466,0.6650263008918911
theta_2,$1-n^2$,0.01999999999995259,0.6748025310904491,0.2844429054002387,0.6415942678033769,0.665358286599623
theta_2,$1-n^2$,0.021666666666615306,0.6745574812825479,0.2856075497567167,0.6423973048890346,0.6656712251765787
theta_2,$1-n^2$,0.023333333333383378,0.6742931457288202,0.28678352054628903,0.6431835689022077,0.6659651077305039
theta_2,$1-n^2$,0.025000000000046093,0.6740095784296584,0.28797077898562584,0.643952983088999,0.6662399274578825
theta_2,$1-n^2$,0.02666666666670881,0.6737068347277249,0.28916928454379975,0.6447054730786373,0.6664956796192599
theta_2,$1-n^2$,0.028333333333371524,0.6733849712927997,0.2903789949077782,0.6454409668721411,0.6667323615145707
theta_2,$1-n^2$,0.03000000000003424,0.6730440461075741,0.29159986594823745,0.6461593948307973,0.6669499724588279
theta_2,$1-n^2$,0.03166666666669696,0.6726841184544742,0.29283185168526116,0.6468606896641779,0.6671485137581323
theta_2,$1-n^2$,0.03333333333335967,0.6723052489034893,0.29407490425400573,0.6475447864177654,0.6673279886860942
theta_2,$1-n^2$,0.03500000000002239,0.671907499300988,0.2953289738703408,0.6482116224602039,0.6674884024607427
theta_2,$1-n^2$,0.036666666666685103,0.6714909327595137,0.29659400879647285,0.6488611374702004,0.6676297622219953
theta_2,$1-n^2$,0.03833333333334782,0.6710556136485436,0.2978699553065598,0.6494932734230904,0.6677520770097615
theta_2,$1-n^2$,0.040000000000010534,0.6706016075862015,0.2991567576523251,0.6501079745770949,0.6678553577427541
theta_2,$1-n^2$,0.04166666666667325,0.6701289814319097,0.3004543580286794,0.6507051874592826,0.6679396171980823
theta_2,$1-n^2$,0.043333333333335965,0.6696378032799684,0.30176269653935756,0.6512848608512646,0.6680048699916952
theta_2,$1-n^2$,0.04499999999999868,0.6691281424545348,0.30308171116320115,0.6518469457778218,0.6680511325525984
theta_2,$1-n^2$,0.0466666666666614,0.6686000695055497,0.3044113377215863,0.6523913954854235,0.6680784231044176
theta_2,$1-n^2$,0.04833333333332412,0.6680536562043071,0.3057515098426991,0.6529181654328158,0.6680867616496685
theta_2,$1-n^2$,0.04999999999998683,0.6674889755409352,0.3071021589280086,0.6534272132783077,0.6680761699478768
theta_2,$1-n^2$,0.05166666666664955,0.666906101722721,0.30846321411935296,0.6539184988613964,0.6680466714987996
theta_2,$1-n^2$,0.05333333333331226,0.6663051101732097,0.3098346022659618,0.6543919841859801,0.6679982915255326
theta_2,$1-n^2$,0.05499999999997498,0.6656860775320717,0.3112162478914954,0.6548476334048156,0.667931056957653
theta_2,$1-n^2$,0.056666666666637694,0.6650490816557318,0.3126080731611847,0.6552854128048793,0.6678449964145556
theta_2,$1-n^2$,0.05833333333330041,0.6643942016187553,0.31400999784915345,0.6557052907932871,0.6677401401891335
theta_2,$1-n^2$,0.059999999999963124,0.6637215177159822,0.3154219393060047,0.6561072378834312,0.6676165202319583
theta_2,$1-n^2$,0.06166666666662584,0.6630311114654062,0.31684381242675436,0.6564912266809905,0.6674741701361137
theta_2,$1-n^2$,0.06333333333328856,0.6623230656117904,0.3182755296191935,0.6568572318694729,0.6673131251228367
theta_2,$1-n^2$,0.06499999999995128,0.6615974641310152,0.3197170007727619,0.6572052301949455,0.6671334220281193
theta_2,$1-n^2$,0.06666666666671935,0.6608543922351019,0.3211681332281075,0.6575352004496308,0.6669350992904127
theta_2,$1-n^2$,0.06833333333338205,0.6600939363781941,0.3226288317468614,0.6578471234539027,0.6667181969396649
theta_2,$1-n^2$,0.07000000000004478,0.6593161842627792,0.3240989984830893,0.6581409820366507,0.6664827565876549
theta_2,$1-n^2$,0.07166666666670748,0.6585212248470855,0.32557853295466577,0.6584167610132508,0.6662288214200269
theta_2,$1-n^2$,0.07333333333337021,0.6577091483522229,0.32706733201355165,0.6586744471767216,0.6659564361834975
theta_2,$1-n^2$,0.07500000000003293,0.6568800462681075,0.3285652898106192,0.6589140293275408,0.6656656471571859
theta_2,$1-n^2$,0.07666666666669564,0.6560340113644099,0.3300722977765381,0.6591354982039814,0.6653565021668735
theta_2,$1-n^2$,0.07833333333335836,0.6551711376984392,0.3315882445907821,0.6593388464907805,0.6650290505673493
theta_2,$1-n^2$,0.08000000000002107,0.6542915206247243,0.3331130161557026,0.659524068802258,0.6646833432352506
theta_2,$1-n^2$,0.08166666666668379,0.65339525680503,0.33464649557129883,0.6596911616649719,0.66431943256294
theta_2,$1-n^2$,0.0833333333333465,0.6524824442186377,0.3361885631102417,0.6598401235029139,0.6639373724521579
theta_2,$1-n^2$,0.08500000000000922,0.6515531821728967,0.33773909619328973,0.6599709546246777,0.6635372183076436
theta_2,$1-n^2$,0.08666666666667193,0.6506075713140411,0.3392979693652373,0.6600836572120292,0.6631190270309189
theta_2,$1-n^2$,0.08833333333333465,0.6496457136382766,0.3408650542715337,0.6601782353093113,0.662682857014429
theta_2,$1-n^2$,0.08999999999999736,0.6486677125031376,0.34244021963571203,0.6602546948131124,0.6622287681362325
theta_2,$1-n^2$,0.09166666666666008,0.647673672639113,0.34402333123776785,0.6603130434616306,0.6617568217554357
theta_2,$1-n^2$,0.0933333333333228,0.6466637001615446,0.3456142518936256,0.6603532908231642,0.6612670807085644
theta_2,$1-n^2$,0.09499999999998551,0.6456379025827956,0.34721284143583303,0.66037544828316,0.6607596093070677
theta_2,$1-n^2$,0.09666666666664823,0.6445963888246934,0.34881895669562185,0.660379529029248,0.6602344733361459
theta_2,$1-n^2$,0.09833333333331094,0.6435392692312428,0.3504324514864749,0.6603655480336973,0.6596917400550988
theta_2,$1-n^2$,0.09999999999997367,0.6424666555816155,0.3520531765893372,0.6603335220327196,0.659131478199385
theta_2,$1-n^2$,0.10166666666663637,0.6413786611032054,0.35368097973888973,0.6602834695059141,0.6585537579832114
theta_2,$1-n^2$,0.1033333333332991,0.6402754004801473,0.3553157055952407,0.6602154107403031,0.6579586510724491
theta_2,$1-n^2$,0.1049999999999618,0.6391569898683788,0.35695719573977863,0.6601293677712549,0.6573462306022871
theta_2,$1-n^2$,0.10666666666662453,0.6380235469084555,0.35860528866381675,0.6600253643664523,0.6567165711800872
theta_2,$1-n^2$,0.10833333333328724,0.6368751907372845,0.36025981975529103,0.6599034260289903,0.6560697488815699
theta_2,$1-n^2$,0.10999999999994996,0.6357120420006677,0.36192062128992186,0.6597635799833255,0.6554058412536848
theta_2,$1-n^2$,0.11166666666671803,0.634534222865461,0.3635875224231134,0.6596058551644596,0.6547249273168478
theta_2,$1-n^2$,0.11333333333338075,0.6333418570318022,0.36526034918212796,0.6594302822097525,0.6540270875670066
theta_2,$1-n^2$,0.11500000000004346,0.632135069744295,0.36693892446028886,0.6592368934525472,0.6533124039770873
theta_2,$1-n^2$,0.11666666666670618,0.6309139878036429,0.36862306801127465,0.6590257229171395,0.6525809599988823
theta_2,$1-n^2$,0.11833333333336889,0.6296787395776264,0.3703125964452561,0.6587968063142845,0.6518328405649377
theta_2,$1-n^2$,0.12000000000003161,0.6284294550118711,0.37200732322641517,0.6585501810366274,0.651068132090896
theta_2,$1-n^2$,0.12166666666669432,0.6271662656403414,0.3737070586721222,0.6582858861533881,0.6502869224784528
theta_2,$1-n^2$,0.12333333333335704,0.6258893045955632,0.37541160995394324,0.658003962403631,0.6494893011191278
theta_2,$1-n^2$,0.12500000000001976,0.6245987066185829,0.377120781100647,0.6577044521874584,0.6486753588990507
theta_2,$1-n^2$,0.12666666666668247,0.6232946080686677,0.3788343730033847,0.6573873995544586,0.6478451882049605
theta_2,$1-n^2$,0.12833333333334518,0.6219771469327527,0.3805521834232119,0.6570528501887465,0.6469988829316227
theta_2,$1-n^2$,0.13000000000000791,0.6206464628346425,0.38227400700112474,0.6567008513899302,0.64613653849086
theta_2,$1-n^2$,0.13166666666667062,0.61930269704087,0.38399963525898706,0.6563314521053977,0.6452582518035744
theta_2,$1-n^2$,0.13333333333333333,0.6179459924655565,0.3857288566008263,0.6559447029695696,0.6443641212898183
theta_2,$1-n^2$,0.13499999999999604,0.6165764936817612,0.3874614563421574,0.6555406562166517,0.643454246901541
theta_2,$1-n^2$,0.13666666666665878,0.6151943469255933,0.3891972167157961,0.6551193657144139,0.642528730114579
theta_2,$1-n^2$,0.13833333333332148,0.6137997001020352,0.39093591688863844,0.6546808869550146,0.6415876739352431
theta_2,$1-n^2$,0.1399999999999842,0.6123927027899506,0.3926773329796075,0.6542252770486567,0.6406311829061077
theta_2,$1-n^2$,0.1416666666666469,0.6109735062462645,0.3944212380788346,0.6537525947199213,0.6396593631110182
theta_2,$1-n^2$,0.14333333333330964,0.6095422634093234,0.39616740226824626,0.6532629003061216,0.6386723221794994
theta_2,$1-n^2$,0.14499999999997235,0.6080991289014472,0.3979155926437304,0.6527562557570247,0.6376701692907454
theta_2,$1-n^2$,0.14666666666663505,0.6066442590306833,0.39966557333905384,0.6522327246352835,0.6366530151773763
theta_2,$1-n^2$,0.1483333333332978,0.6051778117917723,0.40141710555170335,0.651692372116925,0.6356209721291431
theta_2,$1-n^2$,0.1499999999999605,0.6036999468663383,0.40316994757082325,0.6511352649912382,0.6345741539967632
theta_2,$1-n^2$,0.1516666666666232,0.6022108256223122,0.4049238548074215,0.6505614716594079,0.6335126761960684
theta_2,$1-n^2$,0.15333333333328591,0.6007106111125994,0.40667857982701705,0.6499710621312379,0.6324366557126514
theta_2,$1-n^2$,0.15499999999994865,0.5991994680730023,0.40843387238490075,0.6493641080193084,0.6313462111071885
theta_2,$1-n^2$,0.15666666666671672,0.5976775629193126,0.4101894794642934,0.6487406825298739,0.6302414625215551
theta_2,$1-n^2$,0.15833333333337943,0.5961450637441611,0.4119451453169074,0.6481008604500819,0.6291225316863351
theta_2,$1-n^2$,0.16000000000004214,0.5946021403113345,0.4137006115039188,0.6474447181465203,0.6279895419236065
theta_2,$1-n^2$,0.16166666666670484,0.5930489640453559,0.41545561691700716,0.6467723336530512,0.62684261812154
theta_2,$1-n^2$,0.16333333333336758,0.5914857080288984,0.41720989784333584,0.6460837865824354,0.6256818867653624
theta_2,$1-n^2$,0.1650000000000303,0.5899125469936441,0.41896318800692006,0.6453791581464866,0.6245074759327975
theta_2,$1-n^2$,0.166666666666693,0.5883296573109704,0.42071521861629285,0.6446585311591396,0.6233195152946781
theta_2,$1-n^2$,0.16833333333335573,0.5867372169819608,0.4224657184158826,0.6439219900325188,0.6221181361174926
theta_2,$1-n^2$,0.17000000000001844,0.5851354056262404,0.4242144137388998,0.6431696207753339,0.6209034712648152
theta_2,$1-n^2$,0.17166666666668115,0.5835244044696551,0.4259610285618731,0.6424015109930351,0.6196756551977717
theta_2,$1-n^2$,0.17333333333334386,0.5819043963308125,0.42770528456097645,0.6416177498891564,0.6184348239746914
theta_2,$1-n^2$,0.1750000000000066,0.5802755656065016,0.42944690117028766,0.6408184282672775,0.6171811152500956
theta_2,$1-n^2$,0.1766666666666693,0.5786380982560126,0.4311855956421193,0.6400036385330343,0.6159146682731738
theta_2,$1-n^2$,0.178333333333332,0.5769921817843723,0.43292108310956373,0.6391734746956071,0.6146356238859004
theta_2,$1-n^2$,0.17999999999999472,0.5753380052245141,0.43465307665139186,0.6383280323681182,0.6133441245209392
theta_2,$1-n^2$,0.18166666666665746,0.5736757591184024,0.4363812873594477,0.637467408766367,0.6120403141994897
theta_2,$1-n^2$,0.18333333333332016,0.5720056354971285,0.4381054244086791,0.6365917027053334,0.6107243385292248
theta_2,$1-n^2$,0.18499999999998287,0.5703278278599955,0.43982519512994583,0.6357010145928802,0.6093963447024716
theta_2,$1-n^2$,0.1866666666666456,0.5686425311526131,0.44154030508574554,0.6347954464200826,0.6080564814947848
theta_2,$1-n^2$,0.18833333333330832,0.5669499417439722,0.4432504581487388,0.6338751017486142,0.6067048992637543
theta_2,$1-n^2$,0.18999999999997103,0.5652502573990492,0.44495535656356944,0.6329400857697624,0.6053417499248289
theta_2,$1-n^2$,0.19166666666663373,0.5635436772538825,0.44665470103109406,0.6319905052848269,0.6039671869510491
theta_2,$1-n^2$,0.19333333333329647,0.5618304017901623,0.448348190797737,0.6310264686733218,0.6025813653757556
theta_2,$1-n^2$,0.19499999999995918,0.5601106328063671,0.45003552373409444,0.630048085910024,0.6011844417792565
theta_2,$1-n^2$,0.1966666666666219,0.5583845733887718,0.45171639642124256,0.6290554685597721,0.5997765742816665
theta_2,$1-n^2$,0.1983333333332846,0.5566524278812502,0.4533905042384664,0.6280487297739106,0.5983579225344553
theta_2,$1-n^2$,0.19999999999994733,0.5549144018539043,0.4550575414524872,0.627027984287945,0.5969286477108201
theta_2,$1-n^2$,0.2016666666667154,0.5531707020704352,0.4567172013083749,0.6259933484199083,0.5954889124949077
theta_2,$1-n^2$,0.2033333333333781,0.5514215364549521,0.4583691761215949,0.624944940069397,0.5940388810705477
theta_2,$1-n^2$,0.20500000000004082,0.5496671140565901,0.4600131573728434,0.6238828787158597,0.5925787191082468
theta_2,$1-n^2$,0.20666666666670355,0.5479076450141738,0.461648835803651,0.6228072854170108,0.5911085937523785
theta_2,$1-n^2$,0.20833333333336626,0.546143340519302,0.4632759015144108,0.6217182828059573,0.589628673607322
theta_2,$1-n^2$,0.21000000000002897,0.5443744127785444,0.46489404406427837,0.6206159950869915,0.5881391287232084
theta_2,$1-n^2$,0.21166666666669168,0.542601074974669,0.466502952573131,0.6195005480295545,0.5866401305813013
theta_2,$1-n^2$,0.2133333333333544,0.5408235412269312,0.468102315825664,0.6183720689599306,0.5851318520791251
theta_2,$1-n^2$,0.21500000000001712,0.5390420265504513,0.46969182237770407,0.6172306867502435,0.5836144675154591
theta_2,$1-n^2$,0.21666666666667983,0.537256746814713,0.47127116066482094,0.6160765318043138,0.5820881525753097
theta_2,$1-n^2$,0.21833333333334254,0.5354679187003829,0.47284001910634493,0.6149097360645638,0.5805530843075892
theta_2,$1-n^2$,0.22000000000000527,0.5336757596541002,0.4743980862015791,0.6137304330505476,0.5790094410924213
theta_2,$1-n^2$,0.22166666666666798,0.5318804878460822,0.47594505065752035,0.612538757790642,0.5774574026395806
theta_2,$1-n^2$,0.2233333333333307,0.5300823221240301,0.4774806014943564,0.6113348468366043,0.5758971499609966
theta_2,$1-n^2$,0.22499999999999343,0.5282814819668978,0.4790044281586045,0.6101188382547035,0.574328865349335
theta_2,$1-n^2$,0.22666666666665614,0.5264781874378759,0.4805162206375077,0.6088908716160957,0.5727527323558201
theta_2,$1-n^2$,0.22833333333331884,0.5246726591365776,0.4820156695742639,0.607651087987676,0.571168935766928
theta_2,$1-n^2$,0.22999999999998155,0.5228651181504678,0.4835024663840894,0.6063996299231437,0.5695776615800333
theta_2,$1-n^2$,0.2316666666666443,0.5210557860055727,0.4849763033711141,0.6051366414540195,0.5679790969780915
theta_2,$1-n^2$,0.233333333333307,0.5192448846165093,0.48643687384610884,0.6038622680803523,0.5663734303034342
theta_2,$1-n^2$,0.2349999999999697,0.5174326362358727,0.4878838722450429,0.6025766567608529,0.5647608510307633
theta_2,$1-n^2$,0.2366666666666324,0.515619263403021,0.48931699424847125,0.6012799559021946,0.5631415497394221
theta_2,$1-n^2$,0.23833333333329515,0.5138049888922962,0.4907359369017505,0.5999723153472153,0.561515718085025
theta_2,$1-n^2$,0.23999999999995786,0.5119900356607185,0.4921403987360828,0.5986538863617615,0.5598835487705285
theta_2,$1-n^2$,0.24166666666662057,0.5101746267951958,0.49353007989038644,0.5973248216199126,0.5582452355168229
theta_2,$1-n^2$,0.2433333333332833,0.5083589854592828,0.4949046822339925,0.5959852751873198,0.5566009730329264
theta_2,$1-n^2$,0.24500000000005137,0.5065433348394189,0.49626390949025156,0.5946354025023171,0.5549509569857592
theta_2,$1-n^2$,0.24666666666671408,0.5047278980913434,0.49760746735957834,0.5932753603584079,0.5532953839692027
theta_2,$1-n^2$,0.2483333333333768,0.5029128982846474,0.49893506363261264,0.5919053069231676,0.5516344514601532
theta_2,$1-n^2$,0.2500000000000395,0.5010985583487259,0.5002464083201558,0.590525401696057,0.5499683577932097
theta_2,$1-n^2$,0.25166666666670223,0.4992851010179444,0.5015412137767424,0.5891358054900304,0.548297302126607
theta_2,$1-n^2$,0.25333333333336494,0.4974727487763821,0.5028191948220113,0.587736680418838,0.546621484405831
theta_2,$1-n^2$,0.25500000000002765,0.49566172380246243,0.5040800688633433,0.5863281898788114,0.5449411053280012
theta_2,$1-n^2$,0.25666666666669036,0.4938522479135028,0.505323556018237,0.5849104985302604,0.5432563663055011
theta_2,$1-n^2$,0.25833333333335307,0.4920445425102203,0.5065493792363338,0.5834837722784265,0.5415674694289015
theta_2,$1-n^2$,0.26000000000001583,0.4902388285212308,0.5077572644210088,0.582048178253943,0.5398746174292189
theta_2,$1-n^2$,0.26166666666667854,0.4884353263475786,0.5089469405504423,0.580603884792746,0.5381780136395532
theta_2,$1-n^2$,0.26333333333334125,0.48663425580733366,0.5101181397980855,0.5791510614153851,0.5364778619561482
theta_2,$1-n^2$,0.26500000000000395,0.48483583608029374,0.511270597652436,0.5776898788056781,0.5347743667989192
theta_2,$1-n^2$,0.26666666666666666,0.4830402856528284,0.5124040530360365,0.5762205087886604,0.5330677330714886
theta_2,$1-n^2$,0.26833333333332937,0.48124782226290286,0.513518248423614,0.574743124307772,0.5313581661207772
theta_2,$1-n^2$,0.2699999999999921,0.47945866284531735,0.5146129299592703,0.5732578994012317,0.5296458716961903
theta_2,$1-n^2$,0.2716666666666548,0.47767302347720086,0.5156878475726421,0.5717650091775447,0.5279310559084455
theta_2,$1-n^2$,0.27333333333331755,0.47589111932379535,0.516742755093943,0.5702646297900894,0.5262139251880844
theta_2,$1-n^2$,0.27499999999998026,0.47411316458456854,0.517777410367803,0.5687569384107329,0.5244946862437108
theta_2,$1-n^2$,0.27666666666664297,0.4723393724406871,0.518791575365367,0.5672421132078249,0.5227735460178441
theta_2,$1-n^2$,0.2783333333333057,0.4705699550021418,0.5197850162938028,0.5657203333248376,0.5210507116425152
theta_2,$1-n^2$,0.2799999999999684,0.4688051232549697,0.5207575037077227,0.5641917788441263,0.5193263903991111
theta_2,$1-n^2$,0.2816666666666311,0.4670450870099634,0.5217088126168566,0.56265663076136,0.5176007896740655
theta_2,$1-n^2$,0.2833333333332938,0.4652900548513767,0.5226387225914423,0.5611150709592516,0.5158741169146469
theta_2,$1-n^2$,0.28499999999995657,0.46354023408637907,0.5235470178661559,0.5595672821799139,0.5141465795846967
theta_2,$1-n^2$,0.2866666666666193,0.46179583069527796,0.5244334874424269,0.5580134479960327,0.5124183851203117
theta_2,$1-n^2$,0.288333333333282,0.4600570492825278,0.5252979251889802,0.5564537527810516,0.5106897408854604
theta_2,$1-n^2$,0.29000000000005005,0.45832409302843435,0.5261401299404993,0.5548883816784618,0.5089608541274162
theta_2,$1-n^2$,0.29166666666671276,0.4565971636422298,0.5269599055939393,0.553317520570983,0.5072319319326557
theta_2,$1-n^2$,0.29333333333337547,0.45487646131489434,0.5277570612031249,0.5517413560483456,0.5055031811815728
theta_2,$1-n^2$,0.2950000000000382,0.4531621846739342,0.5285314110704135,0.5501600753758433,0.5037748085041889
theta_2,$1-n^2$,0.2966666666667009,0.4514545307384904,0.5292827748360663,0.5485738664623687,0.5020470202352082
theta_2,$1-n^2$,0.29833333333336365,0.44975369487545425,0.5300109775648514,0.5469829178287147,0.5003200223690681
theta_2,$1-n^2$,0.30000000000002636,0.448059870756499,0.5307158498297706,0.5453874185762382,0.4985940205148666
theta_2,$1-n^2$,0.30166666666668907,0.4463732503160459,0.5313972277927573,0.5437875583560787,0.49686921985115695
theta_2,$1-n^2$,0.3033333333333518,0.4446940237101827,0.5320549532821863,0.5421835273391231,0.49514582508060373
theta_2,$1-n^2$,0.3050000000000145,0.44302237927731564,0.532688873870353,0.5405755161790771,0.4934240403862885
theta_2,$1-n^2$,0.3066666666666772,0.4413585035018347,0.5332988429561856,0.5389637159575674,0.4917040693919743
theta_2,$1-n^2$,0.3083333333333399,0.43970258097404313,0.5338847198243419,0.5373483181764969,0.4899861151119371
theta_2,$1-n^2$,0.3100000000000026,0.4380547943551338,0.5344463697181576,0.5357295147094104,0.4882703799105834
theta_2,$1-n^2$,0.31166666666666537,0.4364153243420255,0.5349836639033345,0.5341074977692342,0.48655706545817196
theta_2,$1-n^2$,0.3133333333333281,0.4347843496334086,0.5354964797285486,0.5324824598755475,0.48484637268692127
theta_2,$1-n^2$,0.3149999999999908,0.4331620468971687,0.535984700683591,0.5308545938198326,0.48313850174790024
theta_2,$1-n^2$,0.3166666666666535,0.43154859073917495,0.5364482164548348,0.5292240926291638,0.48143365196861976
theta_2,$1-n^2$,0.3183333333333162,0.4299441536734183,0.5368869229778225,0.5275911495288028,0.479732021811245
theta_2,$1-n^2$,0.3199999999999789,0.42834890609348425,0.5373007224867662,0.525955957904159,0.47803380883134716
theta_2,$1-n^2$,0.3216666666666416,0.4267630162453461,0.5376895235607551,0.5243187112625829,0.4763392096371124
theta_2,$1-n^2$,0.3233333333333044,0.4251866502014644,0.5380532411664627,0.5226796031954513,0.47464841984892814
theta_2,$1-n^2$,0.3249999999999671,0.4236199718361764,0.5383917966971482,0.5210388273410123,0.4729616340592645
theta_2,$1-n^2$,0.3266666666666298,0.4220631428023632,0.5387051180077452,0.519396577348449,0.4712790457927704
theta_2,$1-n^2$,0.3283333333332925,0.42051632250937754,0.5389931394458308,0.5177530468436297,0.46960084746650227
theta_2,$1-n^2$,0.3299999999999552,0.41897966810221965,0.5392558018782688,0.5161084293970026,0.46792723035020467
theta_2,$1-n^2$,0.3316666666666179,0.41745333444194505,0.5394930527133213,0.514462918494105,0.4662583845265622
theta_2,$1-n^2$,0.333333333333386,0.4159374740873777,0.5397048459191494,0.5128167075060834,0.46459449885198845
theta_2,$1-n^2$,0.3350000000000487,0.4144322372827155,0.53989114206343,0.5111699895962586,0.4629357609349069
theta_2,$1-n^2$,0.33666666666671147,0.41293777193955045,0.5400519083132211,0.509522957722423,0.46128235708888565
theta_2,$1-n^2$,0.3383333333333742,0.4114542236236332,0.5401871184447554,0.5078758046012305,0.459634472297966
theta_2,$1-n^2$,0.3400000000000369,0.40998173554319556,0.5402967528541675,0.5062287226626176,0.4579922901843601
theta_2,$1-n^2$,0.3416666666666996,0.4085204485378978,0.5403807985593436,0.5045819040185383,0.456355992973409
theta_2,$1-n^2$,0.3433333333333623,0.4070705010693548,0.5404392491992777,0.502935540428757,0.45472576146014093
theta_2,$1-n^2$,0.345000000000025,0.40563202921319064,0.5404721050307,0.5012898232644241,0.45310177497726173
theta_2,$1-n^2$,0.3466666666666877,0.40420516665257067,0.5404793729217446,0.49964494347015626,0.45148421136441064
theta_2,$1-n^2$,0.3483333333333504,0.40279004467316015,0.5404610663424241,0.49800109152534583,0.4498732469385129
theta_2,$1-n^2$,0.3500000000000132,0.40138679215945844,0.5404172053516759,0.4963584574054222,0.4482690564650623
theta_2,$1-n^2$,0.3516666666666759,0.39999553559245815,0.5403478165807495,0.4947172305437897,0.4466718131301661
theta_2,$1-n^2$,0.3533333333333386,0.3986163990485785,0.5402529332126996,0.4930775997951635,0.4450816885131834
theta_2,$1-n^2$,0.3550000000000013,0.39724950419982125,0.5401325949577528,0.49143975340102997,0.44349885255979193
theta_2,$1-n^2$,0.356666666666664,0.39589497031509946,0.5399868480243145,0.4898038789579515,0.4419234735553128
theta_2,$1-n^2$,0.35833333333332673,0.3945529142626871,0.5398157450853825,0.4881701633894424,0.4403557180981278
theta_2,$1-n^2$,0.35999999999998944,0.3932234505137398,0.5396193452401346,0.4865387929221369,0.4387957510730202
theta_2,$1-n^2$,0.3616666666666522,0.39190669114683424,0.5393977139704561,0.4849099530669749,0.437243735624273
theta_2,$1-n^2$,0.3633333333333149,0.3906027458566503,0.5391509231136471,0.4832838285464226,0.43569983314419974
theta_2,$1-n^2$,0.3649999999999776,0.3893117219640928,0.5388790508343131,0.48166060321711635,0.43416420326365746
theta_2,$1-n^2$,0.36666666666664033,0.38803372442066986,0.5385821815450937,0.4800404601240084,0.43263700380895165
theta_2,$1-n^2$,0.36833333333330304,0.3867688558208788,0.5382604058705336,0.478423581426333,0.4311183907940052
theta_2,$1-n^2$,0.36999999999996575,0.38551721641305525,0.5379138205902441,0.47681014837414015,0.4296085184000918
theta_2,$1-n^2$,0.37166666666662845,0.3842789041115453,0.5375425285802337,0.4752003412816118,0.4281075389575745
theta_2,$1-n^2$,0.3733333333332912,0.38305401451015747,0.5371466387523792,0.473594339497477,0.42661560292956563
theta_2,$1-n^2$,0.3749999999999539,0.381842640896816,0.5367262659917954,0.47199232137344954,0.4251328588972641
theta_2,$1-n^2$,0.37666666666661663,0.38064487426933896,0.536281531091857,0.4703944642316112,0.42365945354672424
theta_2,$1-n^2$,0.3783333333333847,0.37946080335218846,0.5358125606866025,0.46880094433156255,0.42219553165672086
theta_2,$1-n^2$,0.3800000000000474,0.3782905146145641,0.5353194871804541,0.4672119368388694,0.42074123608801817
theta_2,$1-n^2$,0.3816666666667101,0.37713409228864075,0.5348024486745635,0.46562761579421674,0.4192967077724121
theta_2,$1-n^2$,0.3833333333333728,0.3759916183893707,0.5342615888901323,0.46404815408620786,0.41786208570315264
theta_2,$1-n^2$,0.38500000000003554,0.3748631727346479,0.5336970570880234,0.4624737234272215,0.41643750692511017
theta_2,$1-n^2$,0.3866666666666983,0.37374883296620826,0.5331090079845927,0.4609044943338533,0.41502310652499924
theta_2,$1-n^2$,0.388333333333361,0.3726486745711117,0.5324976016634717,0.45934063611276515,0.4136190176213216
theta_2,$1-n^2$,0.3900000000000237,0.37156277090373113,0.5318630034830543,0.45778231685286486,0.412225371353783
theta_2,$1-n^2$,0.3916666666666864,0.3704911932093551,0.5312053839873047,0.456229703401709,0.41084229687820034
theta_2,$1-n^2$,0.39333333333334913,0.36943401065496295,0.530524918857478,0.45468296121732665,0.40946992139629834
theta_2,$1-n^2$,0.39500000000001184,0.36839129034780344,0.5298217887761052,0.4531422544713501,0.4081083701181466
theta_2,$1-n^2$,0.39666666666667455,0.36736309736286543,0.5290961793428753,0.451607745993356,0.40675776626918797
theta_2,$1-n^2$,0.39833333333333726,0.3663494947693786,0.5283482809787846,0.45007959724623486,0.4054182310899471
theta_2,$1-n^2$,0.4,0.36535054365740943,0.5275782888250603,0.44855796831211164,0.4040898838339798
theta_2,$1-n^2$,0.40166666666666273,0.3643663031652403,0.5267864026417006,0.4470430178748125,0.40277284176786604
theta_2,$1-n^2$,0.40333333333332544,0.36339683050744637,0.5259728267053877,0.44553490319989464,0.4014672201729598
theta_2,$1-n^2$,0.40499999999998815,0.36244218100358133,0.5251377697065311,0.44403378011325395,0.4001731323486078
theta_2,$1-n^2$,0.40666666666665086,0.3615024081073857,0.5242814446452004,0.44253980297932705,0.3988906896165504
theta_2,$1-n^2$,0.40833333333331356,0.36057756343643005,0.5234040687257022,0.44105312467990315,0.39762000132621783
theta_2,$1-n^2$,0.4099999999999763,0.3596676968021064,0.5225058632495609,0.4395738965945621,0.396361174860634
theta_2,$1-n^2$,0.41166666666663904,0.35877285623988,0.5215870535066602,0.4381022685837535,0.39511431564264077
theta_2,$1-n^2$,0.41333333333330174,0.3578930880397141,0.5206478686643018,0.4366383889755344,0.39387952714115615
theta_2,$1-n^2$,0.41499999999996445,0.35702843677658186,0.5196885416539403,0.4351824045569797,0.3926569108771785
theta_2,$1-n^2$,0.41666666666662716,0.3561789453409763,0.5187093090553504,0.43373446057128184,0.39144656642925013
theta_2,$1-n^2$,0.41833333333328987,0.3553446549693324,0.5177104109779849,0.4322947007215562,0.39024859143809265
theta_2,$1-n^2$,0.4199999999999526,0.3545256052743661,0.5166920909398524,0.43086326718060625,0.389063081610606
theta_2,$1-n^2$,0.4216666666666153,0.35372183428255416,0.5156545957887292,0.42944030046953646,0.38789013076045736
theta_2,$1-n^2$,0.42333333333338335,0.3529333784639767,0.5145981755752224,0.42802593948357825,0.3867298308092353
theta_2,$1-n^2$,0.4250000000000461,0.3521602727616483,0.5135230834198178,0.42662032153529433,0.3855822717842788
theta_2,$1-n^2$,0.4266666666667088,0.3514025506249853,0.512429575407426,0.4252235823108273,0.38444754184026525
theta_2,$1-n^2$,0.42833333333337154,0.3506602440415671,0.511317910468483,0.42383585587033207,0.3833257272705996
theta_2,$1-n^2$,0.43000000000003424,0.34993338356889725,0.5101883502608697,0.42245727464427746,0.38221691252023016
theta_2,$1-n^2$,0.43166666666669695,0.3492219983663853,0.5090411590528184,0.4210879694271317,0.38112118020005087
theta_2,$1-n^2$,0.43333333333335966,0.34852611622741636,0.507876603606512,0.4197280693693206,0.38003861110253556
theta_2,$1-n^2$,0.43500000000002237,0.3478457636114284,0.5066949530621461,0.41837770196843593,0.3789692842183212
theta_2,$1-n^2$,0.4366666666666851,0.34718096567591505,0.5054964788222253,0.41703699306067177,0.3779132767534606
theta_2,$1-n^2$,0.43833333333334784,0.3465317463082732,0.5042814544358635,0.4157060668134672,0.3768706641470607
theta_2,$1-n^2$,0.44000000000001055,0.3458981281574137,0.5030501554828606,0.4143850457203328,0.37584152008902766
theta_2,$1-n^2$,0.44166666666667326,0.34528013266505453,0.5018028594573252,0.4130740505988384,0.37482591653763414
theta_2,$1-n^2$,0.44333333333333597,0.3446777800966138,0.5005398456506134,0.4117732005927412,0.37382392373663
theta_2,$1-n^2$,0.4449999999999987,0.3440910895716233,0.4992613950333572,0.41048261317923074,0.37283561023161327
theta_2,$1-n^2$,0.4466666666666614,0.3435200790935795,0.49796779013635056,0.4092024041822695,0.3718610428853802
theta_2,$1-n^2$,0.4483333333333241,0.34296476557915123,0.49665931493006477,0.4079326877930065,0.3709002868919732
theta_2,$1-n^2$,0.44999999999998685,0.3424251648898723,0.49533625472048015,0.40667357654062747,0.3699534058044723
theta_2,$1-n^2$,0.45166666666664956,0.3419012918677184,0.49399889606911246,0.4054251811888305,0.36902046158301144
theta_2,$1-n^2$,0.45333333333331227,0.3413931603564737,0.4926475266362047,0.40418761088197447,0.3681015145766633
theta_2,$1-n^2$,0.454999999999975,0.34090078323366596,0.491282435086129,0.4029609730946513,0.3671966235583188
theta_2,$1-n^2$,0.4566666666666377,0.3404241724389266,0.4899039109760215,0.4017453736392984,0.36630584574461883
theta_2,$1-n^2$,0.4583333333333004,0.3399633390019501,0.48851224464543325,0.40054091667431546,0.3654292368161145
theta_2,$1-n^2$,0.4599999999999631,0.3395182930701968,0.4871077271079688,0.399347704709731,0.36456685093842456
theta_2,$1-n^2$,0.46166666666662587,0.3390890439362754,0.4856906499447189,0.3981658386112184,0.3637187407841626
theta_2,$1-n^2$,0.4633333333332886,0.3386756000649416,0.48426130519929467,0.39699541760325774,0.36288495755540545
theta_2,$1-n^2$,0.4649999999999513,0.33827796911964886,0.4828199852742705,0.395836539272242,0.3620655510064752
theta_2,$1-n^2$,0.466666666666614,0.3378961579885885,0.48136698282884305,0.3946892995703247,0.3612605694668071
theta_2,$1-n^2$,0.46833333333338206,0.3375301728101312,0.47990259067742014,0.3935537928207358,0.36047005986362524
theta_2,$1-n^2$,0.47000000000004477,0.3371800189977443,0.4784271016895042,0.39243011172579245,0.35969406774449614
theta_2,$1-n^2$,0.4716666666667075,0.3368457012639764,0.4769408086892864,0.3913183473773273,0.35893263729878605
theta_2,$1-n^2$,0.4733333333333702,0.3365272236439076,0.4754440043566106,0.3902185892717683,0.3581858113787915
theta_2,$1-n^2$,0.4750000000000329,0.3362245895176531,0.47393698112772753,0.3891309253295885,0.3574536315195655
theta_2,$1-n^2$,0.47666666666669566,0.3359378016319963,0.4724200310962,0.3880554419203559,0.3567361379575108
theta_2,$1-n^2$,0.47833333333335837,0.33566686212305885,0.4708934459236535,0.3869922238603737,0.3560333696560963
theta_2,$1-n^2$,0.4800000000000211,0.3354117725431081,0.4693575167758719,0.3859413543306826,0.3553453643520161
theta_2,$1-n^2$,0.4816666666666838,0.3351725338747911,0.4678125342005556,0.38490291499778245,0.3546721585493897
theta_2,$1-n^2$,0.4833333333333465,0.3349491465532328,0.4662587880495123,0.3838769859903043,0.35401378755098506
theta_2,$1-n^2$,0.4850000000000092,0.33474161048541146,0.46469656739222687,0.3828636459112996,0.35337028548040783
theta_2,$1-n^2$,0.4866666666666719,0.33454992506874287,0.4631261604304705,0.3818629718532069,0.3527416853035505
theta_2,$1-n^2$,0.4883333333333347,0.33437408920912465,0.4615478544152819,0.38087503941105433,0.35212801885042166
theta_2,$1-n^2$,0.4899999999999974,0.3342141013383985,0.4599619355661758,0.3798999226944435,0.351529316837204
theta_2,$1-n^2$,0.4916666666666601,0.3340699594311876,0.4583686889924381,0.3789376943388576,0.35094560888838855
theta_2,$1-n^2$,0.4933333333333228,0.33394166102106704,0.45676839861636354,0.37798842551683776,0.35037692355883265
theta_2,$1-n^2$,0.4949999999999855,0.33382920321602483,0.4551613470982951,0.37705218594957296,0.34982328835559034
theta_2,$1-n^2$,0.4966666666666482,0.33373258271317124,0.4535478157633214,0.3761290439194463,0.3492847297593623
theta_2,$1-n^2$,0.4983333333333109,0.3336517958126533,0.45192808452949096,0.37521906628408186,0.34876127324541356
theta_2,$1-n^2$,0.4999999999999737,0.3335868384307333,0.45030243183739954,0.37432231849243747,0.3482529433038063
theta_2,$1-n^2$,0.5016666666666364,0.3335377061119873,0.44867113458100905,0.3734388646034853,0.3477597634587964
theta_2,$1-n^2$,0.5033333333332991,0.33350439404058296,0.4470344680395558,0.37256876730802674,0.3472817562872409
theta_2,$1-n^2$,0.5049999999999618,0.33348689705059265,0.4453927058104046,0.37171208795418337,0.3468189434358646
theta_2,$1-n^2$,0.5066666666666245,0.33348520963710593,0.44374611975058104,0.37086888654886513,0.3463713456440495
theta_2,$1-n^2$,0.5083333333332872,0.33349932596920445,0.44209497993167685,0.3700392217183628,0.34593898277623397
theta_2,$1-n^2$,0.5099999999999499,0.3335292398941619,0.4404395545613851,0.3692231507951936,0.3455218738234329
theta_2,$1-n^2$,0.511666666666718,0.3335749449470128,0.4387801099336876,0.36842072980893154,0.34512003692763393
theta_2,$1-n^2$,0.5133333333333807,0.33363643435769014,0.4371169103744108,0.3676320135029754,0.3447334893998456
theta_2,$1-n^2$,0.5150000000000434,0.3337137010574076,0.4354502181874976,0.36685705535137875,0.34436224773736446
theta_2,$1-n^2$,0.5166666666667061,0.3338067376843254,0.43378029360452064,0.36609590757517896,0.3440063276411394
theta_2,$1-n^2$,0.5183333333333688,0.33391553658851786,0.43210739473578325,0.3653486211577259,0.34366574403277883
theta_2,$1-n^2$,0.5200000000000317,0.33404008983620814,0.4304317775235527,0.3646152458595764,0.3433405110712817
theta_2,$1-n^2$,0.5216666666666944,0.3341803892132484,0.42875369569724003,0.3638958302331672,0.34303064216939666
theta_2,$1-n^2$,0.5233333333333571,0.3343364262278263,0.42707340073044225,0.36319042163752696,0.34273615000953567
theta_2,$1-n^2$,0.5250000000000198,0.3345081921123749,0.4253911417997658,0.3624990662532906,0.34245704655917136
theta_2,$1-n^2$,0.5266666666666825,0.3346956778246653,0.4237071657453473,0.3618218090982768,0.3421933430856457
theta_2,$1-n^2$,0.5283333333333452,0.3348988740480596,0.4220217170329901,0.3611586940438924,0.34194505017031906
theta_2,$1-n^2$,0.5300000000000079,0.3351177711909043,0.4203350377178334,0.36050976383262334,0.3417121777219863
theta_2,$1-n^2$,0.5316666666666706,0.33535235938504093,0.4186473674094714,0.359875060096877,0.3414947349894898
theta_2,$1-n^2$,0.5333333333333333,0.3356026284834138,0.41695894323844,0.3592546233794353,0.3412927305734561
theta_2,$1-n^2$,0.534999999999996,0.3358685680570121,0.4152699998248329,0.35864849315244285,0.34110617243779867
theta_2,$1-n^2$,0.5366666666666587,0.33615016739412656,0.4135807692590644,0.3580567077953362,0.34093506792956396
theta_2,$1-n^2$,0.5383333333333215,0.3364474154939448,0.4118914810682181,0.35747930463621447,0.34077942378466225
theta_2,$1-n^2$,0.5399999999999842,0.3367603010611997,0.4102023621894322,0.3569163199717686,0.34063924613735724
theta_2,$1-n^2$,0.5416666666666469,0.3370888125006786,0.4085136369477795,0.35636778907647104,0.3405145405317183
theta_2,$1-n^2$,0.5433333333333096,0.3374329379105593,0.4068255270344647,0.3558337462169134,0.3404053119313746
theta_2,$1-n^2$,0.5449999999999724,0.3377926650749879,0.4051382514865999,0.35531422466615725,0.34031156472863494
theta_2,$1-n^2$,0.5466666666666351,0.33816798145590043,0.4034520266685495,0.35480925671804026,0.3402333027529867
theta_2,$1-n^2$,0.5483333333332978,0.33855887418408787,0.40176706625483627,0.3543188737013808,0.3401705292789834
theta_2,$1-n^2$,0.5499999999999605,0.3389653300495053,0.40008358121459825,0.3538431059940226,0.34012324703353475
theta_2,$1-n^2$,0.5516666666666232,0.3393873354908264,0.3984017797975889,0.35338198303666235,0.3400914582026086
theta_2,$1-n^2$,0.5533333333332859,0.33982487658424304,0.39672186752171096,0.352935533346403,0.34007516443735764
theta_2,$1-n^2$,0.5549999999999486,0.3402779390315115,0.3950440471620745,0.3525037845299741,0.3400743668596821
theta_2,$1-n^2$,0.5566666666667167,0.3407465081472751,0.3933685187414653,0.35208676329653704,0.3400890660672416
theta_2,$1-n^2$,0.5583333333333794,0.34123056884548497,0.3916954795228492,0.351684495470173,0.3401192621379193
theta_2,$1-n^2$,0.5600000000000421,0.34173010562536565,0.3900251240023155,0.3512970060016034,0.3401649546337681
theta_2,$1-n^2$,0.5616666666667048,0.34224510255633434,0.38835764390456784,0.3509243189796122,0.34022614260442957
theta_2,$1-n^2$,0.5633333333333675,0.342775543262316,0.38669322817936536,0.3505664576417165,0.3403028245900502
theta_2,$1-n^2$,0.5650000000000303,0.3433214109055449,0.3850320629971874,0.3502234443910726,0.3403949986212378
theta_2,$1-n^2$,0.566666666666693,0.3438826881698311,0.3833743317489217,0.34989530080306014,0.34050266222133274
theta_2,$1-n^2$,0.5683333333333557,0.34445935724218757,0.3817202150463885,0.34958204763658846,0.34062581240767265
theta_2,$1-n^2$,0.5700000000000185,0.3450513997944076,0.38006989072249453,0.34928370484810645,0.34076444569036657
theta_2,$1-n^2$,0.5716666666666812,0.3456587969639909,0.3784235338345513,0.3490002915984732,0.34091855807247456
theta_2,$1-n^2$,0.5733333333333439,0.3462815293343126,0.3767813166683716,0.34873182626104016,0.3410881450491543
theta_2,$1-n^2$,0.5750000000000066,0.34691957691405567,0.3751434087432039,0.3484783264305956,0.34127320160585933
theta_2,$1-n^2$,0.5766666666666693,0.3475729191159289,0.37350997681756265,0.348239808932821,0.34147372221567446
theta_2,$1-n^2$,0.578333333333332,0.34824153473469266,0.37188118489601196,0.34801628983391064,0.34168970083587263
theta_2,$1-n^2$,0.5799999999999947,0.348925401924513,0.3702571942369619,0.3478077844500035,0.34192113090377874
theta_2,$1-n^2$,0.5816666666666575,0.3496244981756668,0.368638163361535,0.34761430735607957,0.342168005332025
theta_2,$1-n^2$,0.5833333333333202,0.3503388002906195,0.36702424806356104,0.34743587239396934,0.34243031650328304
theta_2,$1-n^2$,0.5849999999999829,0.3510682843594965,0.36541560142075946,0.34727249267912724,0.3427080562645573
theta_2,$1-n^2$,0.5866666666666456,0.35181292573497075,0.363812373807166,0.34712418060582,0.3430012159211248
theta_2,$1-n^2$,0.5883333333333083,0.3525726990065879,0.36221471290686313,0.34699094785038,0.34330978623020686
theta_2,$1-n^2$,0.589999999999971,0.35334757797455024,0.36062276372907187,0.3468728053721729,0.34363375739445623
theta_2,$1-n^2$,0.5916666666666337,0.35413753562298234,0.3590366686246636,0.3467697634119322,0.34397311905534644
theta_2,$1-n^2$,0.5933333333332964,0.3549425440921662,0.35745656730057057,0.34668183150130993,0.34432786028294965
theta_2,$1-n^2$,0.5949999999999592,0.3557625746488596,0.35588259682531903,0.34660901850936987,0.3446979695556659
theta_2,$1-n^2$,0.5966666666666219,0.356597597659516,0.35431489165945773,0.3465513325940881,0.34508343476336145
theta_2,$1-n^2$,0.5983333333332846,0.3574475825601638,0.352753583668309,0.34650878122719536,0.34548424319102417
theta_2,$1-n^2$,0.6000000000000527,0.3583124978268204,0.3511988021411503,0.346481371194049,0.34590038150800345
theta_2,$1-n^2$,0.6016666666667154,0.35919231094511705,0.34965067381181725,0.3464691085922671,0.3463318357567076
theta_2,$1-n^2$,0.6033333333333781,0.36008698837985814,0.3481093228784594,0.3464719988321689,0.3467785913403765
theta_2,$1-n^2$,0.6050000000000408,0.36099649554346314,0.34657487102452256,0.3464900466384729,0.347240633009551
theta_2,$1-n^2$,0.6066666666667035,0.36192079676415156,0.3450474374395887,0.34652325605264506,0.34771794484777785
theta_2,$1-n^2$,0.6083333333333663,0.3628598552535859,0.34352713884077335,0.34657163043532746,0.34821051025654015
theta_2,$1-n^2$,0.610000000000029,0.36381363307407,0.3420140894946877,0.3466351724682636,0.3487183119395863
theta_2,$1-n^2$,0.6116666666666917,0.3647820911053435,0.3405084012400742,0.34671388415514026,0.34924133188680356
theta_2,$1-n^2$,0.6133333333333544,0.36576518901101557,0.33901018351122314,0.3468077668207638,0.3497795513577834
theta_2,$1-n^2$,0.6150000000000171,0.36676288520467937,0.3375195433622771,0.34691682110799016,0.3503329508652244
theta_2,$1-n^2$,0.6166666666666798,0.36777513681574897,0.33603658549253157,0.3470410469718275,0.3509015101583204
theta_2,$1-n^2$,0.6183333333333425,0.3688018996550617,0.3345614122728389,0.3471804436701301,0.3514852082062789
theta_2,$1-n^2$,0.6200000000000052,0.36984312818028714,0.33309412377322367,0.34733500975030257,0.35208402318211773
theta_2,$1-n^2$,0.621666666666668,0.3708987754610344,0.33163481779101095,0.34750474303499784,0.3526979324460022
theta_2,$1-n^2$,0.6233333333333307,0.37196879314011794,0.3301835898601031,0.3476896406915587,0.353326912507284
theta_2,$1-n^2$,0.6249999999999934,0.3730531313997151,0.3287405332881958,0.3478896991786829,0.35397093901646703
theta_2,$1-n^2$,0.6266666666666562,0.37415173892549575,0.3273057391855656,0.3481049142339699,0.35462998674590773
theta_2,$1-n^2$,0.6283333333333189,0.37526456286974574,0.3258792964892218,0.34833528088059795,0.3553040295653679
theta_2,$1-n^2$,0.6299999999999816,0.3763915488150609,0.32446129199149426,0.34858079341502884,0.3559930404216622
theta_2,$1-n^2$,0.6316666666666443,0.3775326407377214,0.32305181036822744,0.34884144539736395,0.3566969913170022
theta_2,$1-n^2$,0.633333333333307,0.3786877809708065,0.32165093420671353,0.34911722964362946,0.35741585328623393
theta_2,$1-n^2$,0.6349999999999697,0.3798569101671109,0.32025874403349525,0.3494081382192672,0.3581495963731644
theta_2,$1-n^2$,0.6366666666666324,0.38103996726192174,0.3188753183421703,0.34971416243310854,0.35889818960617503
theta_2,$1-n^2$,0.6383333333332951,0.3822368894357195,0.3175007336213294,0.35003529283110785,0.3596616009733173
theta_2,$1-n^2$,0.6399999999999578,0.38344761207685996,0.3161350643827587,0.35037151918911297,0.3604397973970872
theta_2,$1-n^2$,0.6416666666666205,0.384672068744301,0.31477838319003915,0.35072283050395,0.3612327447090751
theta_2,$1-n^2$,0.6433333333332832,0.385910191130432,0.31343076068767384,0.3510892149820984,0.3620404076246879
theta_2,$1-n^2$,0.6450000000000513,0.3871619090241487,0.31209226563079073,0.3514706600252593,0.362862749718191
theta_2,$1-n^2$,0.6466666666667141,0.3884271502737545,0.3107629649160588,0.35186715221194664,0.36369973339795414
theta_2,$1-n^2$,0.6483333333333768,0.38970584075094106,0.309442923612682,0.3522786772747423,0.3645513198828792
theta_2,$1-n^2$,0.6500000000000395,0.3909979043143234,0.30813220499529387,0.35270522007201066,0.3654174691791663
theta_2,$1-n^2$,0.6516666666667023,0.3923032627712499,0.3068308705653644,0.3531467646137298,0.36629814004308187
theta_2,$1-n^2$,0.653333333333365,0.39362183583927335,0.30553898007012453,0.35360329409802044,0.36719328994101463
theta_2,$1-n^2$,0.6550000000000277,0.39495354111394243,0.3042565915513452,0.3540747908038192,0.36810287504516104
theta_2,$1-n^2$,0.6566666666666904,0.3962982940311884,0.302983761366353,0.3545612361184388,0.36902685019445586
theta_2,$1-n^2$,0.6583333333333531,0.3976560078320867,0.3017205442187499,0.3550626105157876,0.36996516886805997
theta_2,$1-n^2$,0.6600000000000158,0.3990265935278576,0.30046699318859466,0.35557889353703054,0.3709177831578008
theta_2,$1-n^2$,0.6616666666666785,0.4004099598651484,0.2992231597620325,0.35611006377364457,0.3718846437396153
theta_2,$1-n^2$,0.6633333333333412,0.4018060132916712,0.2979890938604996,0.35665609885212013,0.37286569984422824
theta_2,$1-n^2$,0.6650000000000039,0.403214657922268,0.2967648438696305,0.3572169754195623,0.3738608992272978
theta_2,$1-n^2$,0.6666666666666666,0.40463579550547646,0.295550456667995,0.3577926691294439,0.3748701881392595
theta_2,$1-n^2$,0.6683333333333293,0.40606932539066853,0.2943459776557925,0.3583831546267637,0.37589351129510146
theta_2,$1-n^2$,0.669999999999992,0.4075151444958358,0.2931514507836301,0.3589884055318615,0.37693081184430244
theta_2,$1-n^2$,0.6716666666666549,0.4089731472760928,0.2919669185815132,0.3596083944221449,0.37798203134116426
theta_2,$1-n^2$,0.6733333333333176,0.4104432256929719,0.290792422188174,0.36024309281097733,0.3790471097157711
theta_2,$1-n^2$,0.6749999999999803,0.41192526918458344,0.28962800138086736,0.3608924711229839,0.3801259852458071
theta_2,$1-n^2$,0.676666666666643,0.4134191646367113,0.288473694605759,0.36155649866502415,0.38121859452946455
theta_2,$1-n^2$,0.6783333333333057,0.41492479635491963,0.28732953900903524,0.36223514359208714,0.3823248724596745
theta_2,$1-n^2$,0.6799999999999684,0.416442046037005,0.2861955704655706,0.36292837288563623,0.3834447521947669
theta_2,$1-n^2$,0.6816666666666311,0.4179707927420266,0.2850718235880818,0.363636152437813,0.3845781650999843
theta_2,$1-n^2$,0.6833333333332938,0.4195109128686982,0.28395833177370183,0.3643584469277738,0.38572504074696395
theta_2,$1-n^2$,0.6849999999999565,0.4210622801297899,0.28285512722806744,0.3650952198233618,0.3868853068774126
theta_2,$1-n^2$,0.6866666666666192,0.42262476552822004,0.28176224099204955,0.36584643336434564,0.3880588893729645
theta_2,$1-n^2$,0.688333333333282,0.4241982373346027,0.28067970296995065,0.3666120485364323,0.38924571222766974
theta_2,$1-n^2$,0.69000000000005,0.4257825610659322,0.2796075419570206,0.3673920250477487,0.3904456975199223
theta_2,$1-n^2$,0.6916666666667127,0.4273775994648716,0.27854578566679095,0.3681863213068671,0.3916587653836122
theta_2,$1-n^2$,0.6933333333333754,0.4289832124812173,0.27749446075730966,0.3689948944024898,0.3928848339798861
theta_2,$1-n^2$,0.6950000000000381,0.430599257253607,0.2764535928577252,0.369817700083179,0.3941238194682428
theta_2,$1-n^2$,0.6966666666667009,0.43222558809303974,0.27542320659429803,0.370654692737243,0.3953756359783417
theta_2,$1-n^2$,0.6983333333333637,0.43386205646767784,0.27440332561634334,0.37150582537185695,0.3966401955823149
theta_2,$1-n^2$,0.7000000000000264,0.43550851098909965,0.2733939726221304,0.3723710495908402,0.3979174082679019
theta_2,$1-n^2$,0.7016666666666891,0.4371647974000719,0.27239516938483627,0.3732503155704634,0.39920718191264937
theta_2,$1-n^2$,0.7033333333333518,0.4388307585639112,0.2714069367786468,0.37414357203265725,0.40050942225942
theta_2,$1-n^2$,0.7050000000000145,0.4405062344555029,0.2704292948051023,0.37505076621499783,0.40182403289345353
theta_2,$1-n^2$,0.7066666666666772,0.4421910621540477,0.2694622626197816,0.37597184383683907,0.40315091522122376
theta_2,$1-n^2$,0.7083333333333399,0.4438850758375682,0.268505858559274,0.37690674906193045,0.4044899684510073
theta_2,$1-n^2$,0.7100000000000026,0.4455881067760121,0.26756010015517573,0.37785542454342635,0.40584108954673187
theta_2,$1-n^2$,0.7116666666666653,0.4472999833290451,0.26662500416068197,0.3788178113838232,0.4072041732117844
theta_2,$1-n^2$,0.713333333333328,0.4490205309468182,0.26570058658122647,0.3797938490708267,0.40857911187935386
theta_2,$1-n^2$,0.7149999999999908,0.45074957216997674,0.26478686269470497,0.3807834754766505,0.40996579568379254
theta_2,$1-n^2$,0.7166666666666535,0.4524869266323973,0.263883847075298,0.38178662683170533,0.4113641124416052
theta_2,$1-n^2$,0.7183333333333162,0.45423241106575213,0.26299155361682885,0.3828032377000434,0.41277394763246145
theta_2,$1-n^2$,0.7199999999999789,0.45598583930593845,0.2621099955556953,0.3838332409562139,0.41419518438044206
theta_2,$1-n^2$,0.7216666666666417,0.45774702230140946,0.26123918549341535,0.38487656776319124,0.4156277034357298
theta_2,$1-n^2$,0.7233333333333044,0.4595157681234456,0.2603791354188267,0.3859331475510306,0.41707138315695697
theta_2,$1-n^2$,0.7249999999999671,0.46129188197840204,0.25952985672997936,0.38700290799591236,0.4185260994944191
theta_2,$1-n^2$,0.7266666666666298,0.46307516622197165,0.2586913602557615,0.38808577499923097,0.4199917259743669
theta_2,$1-n^2$,0.7283333333332925,0.4648654203754992,0.25786365627729757,0.38918167266638853,0.42146813368458663
theta_2,$1-n^2$,0.7299999999999552,0.4666624411443854,0.25704675454915904,0.39029052328495006,0.42295519126148035
theta_2,$1-n^2$,0.731666666666618,0.46846602243861774,0.2562406643204273,0.3914122473018192,0.4244527648788566
theta_2,$1-n^2$,0.7333333333332807,0.4702759553954659,0.255445394355648,0.3925467632990927,0.4259607182386428
theta_2,$1-n^2$,0.7350000000000487,0.4720920284044938,0.25466095295566793,0.39369398796832444,0.4274789125638265
theta_2,$1-n^2$,0.7366666666667114,0.47391402713423647,0.25388734797868956,0.394853836082421,0.42900720659325897
theta_2,$1-n^2$,0.7383333333333741,0.475741734561768,0.25312458685868816,0.3960262204858578,0.43054545656989357
theta_2,$1-n^2$,0.7400000000000369,0.47757493100204557,0.2523726766199478,0.39721105211847274,0.43209351621445824
theta_2,$1-n^2$,0.7416666666666996,0.47941339414306355,0.2516316239023985,0.39840823994105784,0.433651236747468
theta_2,$1-n^2$,0.7433333333333623,0.48125689908127905,0.2509014349791031,0.39961769093164107,0.4352184668770037
theta_2,$1-n^2$,0.745000000000025,0.4831052183592284,0.2501821157743023,0.4008393100697149,0.43679505279685255
theta_2,$1-n^2$,0.7466666666666877,0.4849581220054687,0.2494736718814388,0.40207300031937127,0.43838083818630874
theta_2,$1-n^2$,0.7483333333333505,0.48681537757679255,0.24877610858100258,0.4033186626127029,0.439975664211053
theta_2,$1-n^2$,0.7500000000000132,0.4886767502026905,0.2480894308581663,0.4045761958335807,0.4415793695252199
theta_2,$1-n^2$,0.7516666666666759,0.4905420026320334,0.2474136434201762,0.4058454968019159,0.443191790274763
theta_2,$1-n^2$,0.7533333333333386,0.4924108952819503,0.24674875071346766,0.4071264602585164,0.4448127601022259
theta_2,$1-n^2$,0.7550000000000013,0.4942831862888744,0.24609475694047153,0.40841897885064554,0.4464421101530291
theta_2,$1-n^2$,0.756666666666664,0.4961586315617313,0.24545166607607916,0.40972294311839336,0.44807966908338137
theta_2,$1-n^2$,0.7583333333333268,0.49803698483724307,0.24481948188373373,0.41103824148196894,0.4497252630699247
theta_2,$1-n^2$,0.7599999999999895,0.4999179977373224,0.2441982079311145,0.41236476023002255,0.4513787158212221
theta_2,$1-n^2$,0.7616666666666522,0.5018014198285299,0.24358784760538219,0.41370238350910754,0.4530398485911973
theta_2,$1-n^2$,0.7633333333333149,0.503686998683569,0.24298840412795214,0.41505099331438994,0.4547084801946354
theta_2,$1-n^2$,0.7649999999999776,0.5055744799447915,0.2423998805687633,0.41641046948171584,0.4563844270248538
theta_2,$1-n^2$,0.7666666666666403,0.5074636073898675,0.2418222798605368,0.4177806896793886,0.4580675030726541
theta_2,$1-n^2$,0.768333333333303,0.5093541230009482,0.24125560481755642,0.4191615293891216,0.459757519933499
theta_2,$1-n^2$,0.7699999999999657,0.5112457670325258,0.24069985814480768,0.4205528619167637,0.4614542868361827
theta_2,$1-n^2$,0.7716666666666285,0.513138278083904,0.2401550424538379,0.4219545583717271,0.4631576106686222
theta_2,$1-n^2$,0.7733333333332912,0.5150313931724882,0.2396211602759809,0.42336648766516893,0.4648672959999097
theta_2,$1-n^2$,0.774999999999954,0.5169248478086608,0.23909821407456372,0.42478851651117405,0.46658314510577814
theta_2,$1-n^2$,0.7766666666666167,0.518818376072611,0.23858620625728802,0.42622050942613565,0.46830495799606126
theta_2,$1-n^2$,0.7783333333333847,0.5207117106931375,0.23808513918864244,0.42766232872711035,0.47003253244418314
theta_2,$1-n^2$,0.7800000000000474,0.5226045831275943,0.23759501520242304,0.4291138345292852,0.4717656640179439
theta_2,$1-n^2$,0.7816666666667101,0.5244967236446761,0.23711583661377664,0.43057488474460953,0.4735041461131643
theta_2,$1-n^2$,0.7833333333333728,0.5263878614075378,0.23664760573128826,0.4320453350804545,0.4752477699879292
theta_2,$1-n^2$,0.7850000000000356,0.5282777245589404,0.23619032486852495,0.4335250390403503,0.47699632479899057
theta_2,$1-n^2$,0.7866666666666983,0.530166040307601,0.23574399635511448,0.43501384792694076,0.47874959763959823
theta_2,$1-n^2$,0.788333333333361,0.5320525350157571,0.23530862254721585,0.4365116108479311,0.48050737357879336
theta_2,$1-n^2$,0.7900000000000237,0.5339369342878432,0.23488420583726966,0.43801817472571414,0.48226943570208536
theta_2,$1-n^2$,0.7916666666666864,0.5358189630601708,0.2344707486629161,0.43953338431135913,0.4840355651534382
theta_2,$1-n^2$,0.7933333333333491,0.5376983456915092,0.23406825351496935,0.4410570822036493,0.4858055411784889
theta_2,$1-n^2$,0.7950000000000118,0.5395748060544591,0.23367672294433708,0.44258910887384606,0.4875791411689221
theta_2,$1-n^2$,0.7966666666666745,0.5414480676316592,0.23329615958001876,0.44412930262371764,0.48935614071572114
theta_2,$1-n^2$,0.7983333333333373,0.5433178536106292,0.2329265661407483,0.44567749958246555,0.4911363136585502
theta_2,$1-n^2$,0.8,0.5451838869748831,0.23256794543266024,0.44723353378336783,0.49291943213103323
theta_2,$1-n^2$,0.8016666666666628,0.5470458906010585,0.23222030036244448,0.4487972371493405,0.49470526661584385
theta_2,$1-n^2$,0.8033333333333255,0.5489035873546142,0.2318836339443587,0.4503684395154622,0.4964935859967881
theta_2,$1-n^2$,0.8049999999999882,0.5507567001862479,0.23155794930752932,0.4519469686487338,0.4982841576132139
theta_2,$1-n^2$,0.8066666666666509,0.5526049522288845,0.23124324970338253,0.453532650266169,0.5000767473164693
theta_2,$1-n^2$,0.8083333333333136,0.5544480668950784,0.2309395385130476,0.45512530805231255,0.5018711195281316
theta_2,$1-n^2$,0.8099999999999763,0.5562857679746819,0.230646819254574,0.4567247636772832,0.5036670372997285
theta_2,$1-n^2$,0.811666666666639,0.5581177797326217,0.23036509558980442,0.45833083681643827,0.5054642623736736
theta_2,$1-n^2$,0.8133333333333017,0.559943827006635,0.23009437133074553,0.4599433451727562,0.507262555245139
theta_2,$1-n^2$,0.8149999999999644,0.5617636353048111,0.22983465044527832,0.4615621045030341,0.5090616752245848
theta_2,$1-n^2$,0.8166666666666271,0.5635769309027839,0.2295859370620497,0.46318692864899697,0.5108613805006698
theta_2,$1-n^2$,0.8183333333332898,0.565383440940426,0.2293482354743876,0.4648176295744156,0.5126614282032637
theta_2,$1-n^2$,0.8199999999999525,0.5671828935178888,0.22912155014308122,0.46645401740932935,0.5144615744662828
theta_2,$1-n^2$,0.8216666666666153,0.5689750177926505,0.22890588570294934,0.4680959004669723,0.5162615744979531
theta_2,$1-n^2$,0.8233333333333833,0.5707595440787784,0.22870124697649633,0.4697430852113189,0.5180611826626498
theta_2,$1-n^2$,0.8250000000000461,0.5725362039376715,0.22850763896685275,0.4713953763670059,0.5198601525326744
theta_2,$1-n^2$,0.8266666666667088,0.5743047302747482,0.22832506686587,0.4730525769228661,0.5216582369661069
theta_2,$1-n^2$,0.8283333333333716,0.5760648574322386,0.22815353605663022,0.4747144881745371,0.5234551881748984
theta_2,$1-n^2$,0.8300000000000343,0.5778163212817693,0.2279930521160392,0.47638090976535674,0.5252507577953023
theta_2,$1-n^2$,0.831666666666697,0.5795588593160265,0.2278436208177259,0.4780516397239539,0.5270446969600598
theta_2,$1-n^2$,0.8333333333333597,0.5812922107394511,0.22770524813503382,0.4797264745001157,0.5288367563719926
theta_2,$1-n^2$,0.8350000000000224,0.5830161165578072,0.22757794024390235,0.48140520900040906,0.5306266863785372
theta_2,$1-n^2$,0.8366666666666851,0.5847303196664612,0.22746170352543693,0.48308763662503384,0.5324142370467604
theta_2,$1-n^2$,0.8383333333333478,0.5864345649372159,0.22735654456796575,0.4847735493073847,0.5341991582383917
theta_2,$1-n^2$,0.8400000000000105,0.5881285993035364,0.22726247016838186,0.48646273755779956,0.5359811996844113
theta_2,$1-n^2$,0.8416666666666732,0.5898121718440099,0.2271794873325686,0.4881549905129723,0.5377601110587289
theta_2,$1-n^2$,0.8433333333333359,0.5914850338638796,0.22710760327470736,0.48985009599250584,0.5395356420504932
theta_2,$1-n^2$,0.8449999999999986,0.5931469389744921,0.22704682541526516,0.4915478405640851,0.541307542434566
theta_2,$1-n^2$,0.8466666666666613,0.594797643171534,0.22699716138027362,0.4932480095976599,0.543075562145441
theta_2,$1-n^2$,0.8483333333333242,0.5964369049172418,0.2269586190159545,0.49495038720362433,0.5448394513827127
theta_2,$1-n^2$,0.8499999999999869,0.5980644852106032,0.22693120637550815,0.4966547563780648,0.546598960660613
theta_2,$1-n^2$,0.8516666666666496,0.5996801476610887,0.22691493172084978,0.4983608990341946,0.5483538408890778
theta_2,$1-n^2$,0.8533333333333123,0.6012836585595727,0.22690980352173243,0.5000685960525326,0.5501038434492915
theta_2,$1-n^2$,0.854999999999975,0.6028747869468835,0.22691583045387895,0.5017776273369122,0.5518487202677884
theta_2,$1-n^2$,0.8566666666666377,0.6044533046803916,0.2269330213973741,0.5034877718668959,0.5535882238915997
theta_2,$1-n^2$,0.8583333333333004,0.6060189864985178,0.2269613854351071,0.5051988077481714,0.5553221075639018
theta_2,$1-n^2$,0.8599999999999631,0.6075716100830402,0.22700093185105436,0.5069105122625063,0.5570501252996185
theta_2,$1-n^2$,0.8616666666666258,0.6091109561190822,0.22705167012819227,0.5086226619188353,0.5587720319604306
theta_2,$1-n^2$,0.8633333333332885,0.6106368083526609,0.22711360994583063,0.5103350325070583,0.5604875833286479
theta_2,$1-n^2$,0.8649999999999513,0.6121489536456773,0.22718676117615583,0.5120473991561242,0.5621965361793958
theta_2,$1-n^2$,0.8666666666667193,0.6136471820283221,0.22727113387978032,0.5137595363980855,0.5638986483506798
theta_2,$1-n^2$,0.868333333333382,0.6151312867482118,0.22736673830005427,0.5154712182390493,0.5655936788101342
theta_2,$1-n^2$,0.8700000000000447,0.6166010643178181,0.22747358485673452,0.5171822182346107,0.5672813877212326
theta_2,$1-n^2$,0.8716666666667074,0.6180563145629194,0.2275916841514465,0.5188923094702195,0.5689615365362009
theta_2,$1-n^2$,0.8733333333333702,0.619496840663513,0.22772104695757242,0.5206012646612902,0.5706338880523544
theta_2,$1-n^2$,0.875000000000033,0.6209224491935773,0.2278616842143454,0.522308856218129,0.5722982064784922
theta_2,$1-n^2$,0.8766666666666957,0.6223329501589518,0.22801360702217233,0.5240148562991653,0.5739542575037443
theta_2,$1-n^2$,0.8783333333333584,0.6237281570321078,0.22817682663617794,0.5257190368757514,0.5756018083619527
theta_2,$1-n^2$,0.8800000000000211,0.6251078867845615,0.22835135446005572,0.527421169792262,0.5772406278964936
theta_2,$1-n^2$,0.8816666666666838,0.6264719599168607,0.22853720204000721,0.5291210268231296,0.5788704866249711
theta_2,$1-n^2$,0.8833333333333465,0.6278202004860772,0.22873438105855354,0.5308183797284456,0.5804911568032132
theta_2,$1-n^2$,0.8850000000000092,0.6291524361307381,0.22894290332800088,0.5325130003097595,0.5821024124879968
theta_2,$1-n^2$,0.8866666666666719,0.630468498093126,0.22916278078334307,0.5342046604677088,0.5837040295979334
theta_2,$1-n^2$,0.8883333333333346,0.6317682212388825,0.22939402547438378,0.5358931322631117,0.5852957859719446
theta_2,$1-n^2$,0.8899999999999973,0.6330514440738457,0.22963664955686092,0.5375781879831547,0.5868774614247559
theta_2,$1-n^2$,0.8916666666666601,0.6343180087580539,0.22989066528235602,0.5392596002143066,0.588448837798839
theta_2,$1-n^2$,0.8933333333333228,0.6355677611168793,0.23015608498685589,0.5409371419229323,0.5900096990124427
theta_2,$1-n^2$,0.8949999999999855,0.6368005506533415,0.2304329210891049,0.5426105864567385,0.5915598311312318
theta_2,$1-n^2$,0.8966666666666482,0.6380162305554669,0.23072118608116526,0.5442797076040796,0.5930990224198266
theta_2,$1-n^2$,0.8983333333333109,0.63921465769942,0.23102089251403687,0.5459442796891543,0.5946270633804001
theta_2,$1-n^2$,0.8999999999999737,0.6403956926527874,0.23133205298971443,0.547604077613534,0.5961437468067728
theta_2,$1-n^2$,0.9016666666666364,0.6415591996744238,0.23165468014972856,0.5492588769220327,0.5976488678290339
theta_2,$1-n^2$,0.9033333333332991,0.6427050467122645,0.23198878666406125,0.550908453862653,0.5991422239582742
theta_2,$1-n^2$,0.9049999999999618,0.6438331053990788,0.23233438522021851,0.5525525854422186,0.6006236151308973
theta_2,$1-n^2$,0.9066666666666245,0.6449432510461405,0.23269148851224267,0.5541910494792998,0.6020928437519797
theta_2,$1-n^2$,0.9083333333332873,0.6460353626347912,0.2330601092294463,0.5558236246560381,0.6035497147371451
theta_2,$1-n^2$,0.90999999999995,0.6471093228058711,0.23344026004465074,0.5574500905704807,0.6049940355524239
theta_2,$1-n^2$,0.911666666666718,0.648165017847059,0.23383195360173625,0.5590702277911307,0.6064256162516543
theta_2,$1-n^2$,0.9133333333333807,0.6492023376777007,0.23423520250213672,0.5606838179147103,0.6078442695103526
theta_2,$1-n^2$,0.9150000000000434,0.6502211758320964,0.23465001929043397,0.5622906436302771,0.6092498106568777
theta_2,$1-n^2$,0.9166666666667062,0.6512214294398901,0.23507641643833949,0.5638904887892545,0.6106420576985444
theta_2,$1-n^2$,0.9183333333333689,0.6522029992050926,0.23551440632877924,0.5654831384726108,0.6120208313472989
theta_2,$1-n^2$,0.9200000000000316,0.6531657893886063,0.23596400125448186,0.5670683789434644,0.6133859550796918
theta_2,$1-n^2$,0.9216666666666943,0.6541097077811777,0.23642521339368552,0.5686459977708008,0.6147372551403513
theta_2,$1-n^2$,0.923333333333357,0.6550346656784363,0.23689805479634768,0.5702157838698961,0.6160745605699831
theta_2,$1-n^2$,0.9250000000000198,0.6559405778541182,0.23738253736903692,0.571777527548195,0.6173977032299022
theta_2,$1-n^2$,0.9266666666666825,0.6568273625313663,0.23787867285818265,0.5733310205601503,0.6187065178216333
theta_2,$1-n^2$,0.9283333333333452,0.6576949413528583,0.2383864728336398,0.57487605615612,0.6200008419063244
theta_2,$1-n^2$,0.9300000000000079,0.6585432393497602,0.23890594867236414,0.5764124291267858,0.6212805159235354
theta_2,$1-n^2$,0.9316666666666706,0.659372184909501,0.2394371115419936,0.5779399358445598,0.6225453832089707
theta_2,$1-n^2$,0.9333333333333333,0.6601817097423678,0.2399799723841313,0.5794583743034458,0.6237952900107212
theta_2,$1-n^2$,0.9349999999999961,0.6609717488469173,0.24053454189712611,0.5809675441588197,0.6250300855035825
theta_2,$1-n^2$,0.9366666666666588,0.6617422404742014,0.24110083051814568,0.5824672467685951,0.6262496218010141
theta_2,$1-n^2$,0.9383333333333215,0.6624931260908037,0.24167884840433834,0.5839572852372402,0.6274537539643078
theta_2,$1-n^2$,0.9399999999999842,0.6632243503406856,0.2422686054128788,0.585437464464112,0.628642340008531
theta_2,$1-n^2$,0.9416666666666469,0.6639358610058373,0.24287011107969347,0.5869075911975712,0.6298152409048104
theta_2,$1-n^2$,0.9433333333333096,0.6646276089657325,0.2434833745966612,0.5883674740963473,0.6309723205785227
theta_2,$1-n^2$,0.9449999999999723,0.6652995481599349,0.2441084047994218,0.5898169237097883,0.6321134459303366
theta_2,$1-n^2$,0.946666666666635,0.6659516355490462,0.2447452101517858,0.5912557524784019,0.6332384868492903
theta_2,$1-n^2$,0.9483333333332977,0.6665838310694545,0.24539379871395592,0.5926837748500038,0.6343473161884392
theta_2,$1-n^2$,0.9499999999999605,0.6671960975932718,0.246054178126706,0.5941008072746341,0.6354398097761602
theta_2,$1-n^2$,0.9516666666666233,0.6677884008854907,0.24672635558850603,0.5955066682464876,0.6365158464114521
theta_2,$1-n^2$,0.953333333333286,0.6683607095610414,0.2474103378330284,0.5969011783394768,0.6375753078593211
theta_2,$1-n^2$,0.9549999999999487,0.6689129950417417,0.24810613110686205,0.5982841602376197,0.6386180788459556
theta_2,$1-n^2$,0.9566666666667167,0.6694452315131723,0.24881374114730506,0.5996554387615423,0.6396440470534566
theta_2,$1-n^2$,0.9583333333333794,0.6699573958812717,0.24953317315979084,0.6010148408917843,0.6406531031134386
theta_2,$1-n^2$,0.9600000000000422,0.6704494677291498,0.25026443179544566,0.602362195791409,0.6416451406001703
theta_2,$1-n^2$,0.9616666666667049,0.6709214292734412,0.2510075211277083,0.6036973348273919,0.6426200560216607
theta_2,$1-n^2$,0.9633333333333676,0.6713732653207035,0.25176244462850617,0.6050200915932922,0.6435777488093665
theta_2,$1-n^2$,0.9650000000000303,0.6718049632236519,0.25252920514354515,0.6063303019338937,0.6445181213058307
theta_2,$1-n^2$,0.966666666666693,0.6722165128372591,0.25330780486658455,0.6076278039731046,0.6454410787500202
theta_2,$1-n^2$,0.9683333333333557,0.6726079064747177,0.25409824531251995,0.6089124381463235,0.64634652926006
theta_2,$1-n^2$,0.9700000000000184,0.6729791388632606,0.25490052728910095,0.6101840472384752,0.6472343838130693
theta_2,$1-n^2$,0.9716666666666811,0.6733302071005578,0.25571465086912587,0.6114424764152605,0.6481045562255892
theta_2,$1-n^2$,0.9733333333333438,0.6736611106189805,0.2565406153833811,0.6126875731096938,0.6489569631731262
theta_2,$1-n^2$,0.9750000000000066,0.6739718511379261,0.2573784193789753,0.6139191871400193,0.6497915241440924
theta_2,$1-n^2$,0.9766666666666693,0.6742624326223455,0.2582280605934196,0.6151371707186969,0.6506081614225799
theta_2,$1-n^2$,0.9783333333333321,0.6745328612419046,0.2590895359290621,0.6163413784538243,0.6514068000727523
theta_2,$1-n^2$,0.9799999999999948,0.6747831453297424,0.2599628414246119,0.617531667367003,0.6521873679175351
theta_2,$1-n^2$,0.9816666666666575,0.6750132953419716,0.26084797222683453,0.6187078969069384,0.6529497955173681
theta_2,$1-n^2$,0.9833333333333202,0.6752233238179072,0.26174492256230536,0.6198699289595375,0.6536940161488856
theta_2,$1-n^2$,0.9849999999999829,0.6754132453410119,0.2626536857091054,0.6210176278552656,0.6544199657833873
theta_2,$1-n^2$,0.9866666666666456,0.675583076500546,0.2635742539683463,0.622150860374527,0.6551275830649685
theta_2,$1-n^2$,0.9883333333333083,0.6757328358539083,0.2645066186354082,0.623269495751832,0.6558168092881729
theta_2,$1-n^2$,0.989999999999971,0.675862543889657,0.26545076997077793,0.6243734056795115,0.6564875883750342
theta_2,$1-n^2$,0.9916666666666337,0.6759722229911972,0.2664066971703715,0.6254624643117466,0.6571398668513724
theta_2,$1-n^2$,0.9933333333332964,0.6760618974011231,0.26737438833522675,0.6265365482696705,0.6577735938222097
theta_2,$1-n^2$,0.9949999999999591,0.6761315931862024,0.2683538304404518,0.6275955366483117,0.6583887209461712
theta_2,$1-n^2$,0.9966666666666218,0.6761813382029908,0.2693450093033152,0.6286393110261362,0.6589852024087368
theta_2,$1-n^2$,0.9983333333332846,0.6762111620640631,0.27034790955036164,0.6296677554779562,0.6595629948942097
theta_2,$1-n^2$,0.9999999999999474,0.6762210961048533,0.27136251458344895,0.6306807565919179,0.6601220575562754
theta_2,$1-n^2$,1.0016666666667153,0.6762111733560358,0.2723888065580518,0.6316782034095421,0.6606623520057602
theta_2,$1-n^2$,1.003333333333378,0.6761814285141553,0.27342676635414537,0.6326599874054774,0.6611838422893875
theta_2,$1-n^2$,1.0050000000000407,0.6761318979078412,0.27447637353268234,0.6336260025593946,0.6616864948464238
theta_2,$1-n^2$,1.0066666666667035,0.6760626194712425,0.2755376063082094,0.6345761453215596,0.6621702784894625
theta_2,$1-n^2$,1.0083333333333662,0.6759736327163646,0.2766104415160768,0.6355103146111076,0.662635164378058
theta_2,$1-n^2$,1.0100000000000289,0.6758649787064922,0.2776948545795712,0.6364284118124867,0.6630811259923759
theta_2,$1-n^2$,1.0116666666666916,0.6757367000306809,0.2787908194770042,0.6373303407703783,0.6635081391069114
theta_2,$1-n^2$,1.0133333333333545,0.6755888407793053,0.27989830870872295,0.6382160077833418,0.6639161817642935
theta_2,$1-n^2$,1.0150000000000172,0.6754214465206487,0.28101729326401276,0.6390853215964265,0.6643052342491899
theta_2,$1-n^2$,1.01666666666668,0.6752345642785221,0.28214774258785724,0.6399381933929996,0.6646752790623316
theta_2,$1-n^2$,1.0183333333333426,0.675028242510894,0.2832896245475252,0.6407745367860329,0.6650263008946712
theta_2,$1-n^2$,1.0200000000000053,0.6748025310895233,0.2844429053989514,0.6415942678090953,0.6653582866016944
theta_2,$1-n^2$,1.021666666666668,0.6745574812805749,0.28560754975287883,0.6423973049072972,0.6656712251778997
theta_2,$1-n^2$,1.0233333333333308,0.6742931457262088,0.2867835205407309,0.6431835689284295,0.6659651077314633
theta_2,$1-n^2$,1.0249999999999935,0.6740095784271253,0.2879707789801804,0.6439529831145476,0.6662399274591063
theta_2,$1-n^2$,1.0266666666666562,0.6737068347260544,0.28916928454038354,0.6447054730942405,0.6664956796211808
theta_2,$1-n^2$,1.0283333333333189,0.6733849712921737,0.2903789949068466,0.6454409668758351,0.6667323615169916
theta_2,$1-n^2$,1.0299999999999816,0.6730440461071141,0.29159986594752646,0.6461593948342537,0.6669499724603044
theta_2,$1-n^2$,1.0316666666666443,0.6726841184541725,0.2928318516845978,0.646860689669409,0.6671485137572234
theta_2,$1-n^2$,1.033333333333307,0.6723052489034932,0.29407490425375743,0.6475447864234201,0.6673279886824522
theta_2,$1-n^2$,1.0349999999999697,0.6719074993013424,0.2953289738706745,0.6482116224656079,0.6674884024542559
theta_2,$1-n^2$,1.0366666666666324,0.6714909327601022,0.2965940087972022,0.6488611374759716,0.6676297622128724
theta_2,$1-n^2$,1.0383333333332951,0.6710556136491062,0.2978699553072073,0.6494932734305096,0.6677520769989768
theta_2,$1-n^2$,1.0399999999999578,0.670601607586428,0.299156757652333,0.6501079745870679,0.6678553577321836
theta_2,$1-n^2$,1.0416666666666206,0.6701289814316115,0.30045435802774156,0.6507051874715398,0.6679396171897053
theta_2,$1-n^2$,1.0433333333332833,0.6696378032793351,0.30176269653788357,0.6512848608642323,0.6680048699852873
theta_2,$1-n^2$,1.0450000000000514,0.6691281424539647,0.30308171116242577,0.6518469457862617,0.6680511325485414
theta_2,$1-n^2$,1.0466666666667142,0.6686000695051837,0.30441133772188106,0.6523913954855821,0.6680784231047823
theta_2,$1-n^2$,1.0483333333333769,0.6680536562042035,0.3057515098442418,0.6529181654230028,0.6680867616555256
theta_2,$1-n^2$,1.0500000000000396,0.667488975541189,0.307102158930995,0.6534272132573014,0.668076169959713
theta_2,$1-n^2$,1.0516666666667023,0.6669061017234086,0.3084632141238154,0.6539184988297905,0.6680466715158245
theta_2,$1-n^2$,1.053333333333365,0.6663051101742911,0.3098346022714847,0.654391984147945,0.6679982915449845
theta_2,$1-n^2$,1.0550000000000277,0.6656860775333475,0.3112162478971676,0.6548476333679436,0.6679310569751782
theta_2,$1-n^2$,1.0566666666666904,0.6650490816569484,0.3126080731660908,0.6552854127759482,0.6678449964267028
theta_2,$1-n^2$,1.058333333333353,0.6643942016198909,0.3140099978534574,0.6557052907695234,0.6677401401981674
theta_2,$1-n^2$,1.0600000000000158,0.663721517716723,0.31542193930872525,0.656107237869781,0.6676165202366217
theta_2,$1-n^2$,1.0616666666666785,0.663031111465476,0.31684381242700277,0.6564912266832402,0.6674741701339669
theta_2,$1-n^2$,1.0633333333333412,0.662323065610997,0.3182755296164515,0.6568572318908789,0.6673131251126002
theta_2,$1-n^2$,1.065000000000004,0.6615974641292489,0.3197170007668451,0.6572052302362481,0.6671334220097642
theta_2,$1-n^2$,1.0666666666666667,0.6608543922325258,0.321168133219505,0.6575352005064562,0.666935099266159
theta_2,$1-n^2$,1.0683333333333294,0.6600939363752016,0.3226288317372888,0.6578471235153825,0.6667181969143776
theta_2,$1-n^2$,1.069999999999992,0.659316184260012,0.3240989984747454,0.658140982088647,0.6664827565673437
theta_2,$1-n^2$,1.0716666666666548,0.6585212248448656,0.32557853294854966,0.6584167610498634,0.6662288214069305
theta_2,$1-n^2$,1.0733333333333175,0.6577091483501828,0.3270673320083311,0.6586744472077001,0.6659564361729384
theta_2,$1-n^2$,1.0749999999999802,0.6568800462667578,0.3285652898080092,0.6589140293432761,0.6656656471526116
theta_2,$1-n^2$,1.076666666666643,0.6560340113641444,0.3300722977777497,0.6591354981974178,0.6653565021708705
theta_2,$1-n^2$,1.0783333333333056,0.6551711376995598,0.33158824459665504,0.6593388464573012,0.66502905058144
theta_2,$1-n^2$,1.0799999999999683,0.6542915206273064,0.3331130161663025,0.6595240687420083,0.6646833432590509
theta_2,$1-n^2$,1.081666666666631,0.6533952568087074,0.3346464955852441,0.6596911615865203,0.6643194325928944
theta_2,$1-n^2$,1.0833333333332937,0.6524824442225542,0.3361885631245806,0.6598401234236779,0.6639373724815076
theta_2,$1-n^2$,1.0849999999999564,0.6515531821760637,0.337739096204725,0.6599709545636295,0.6635372183292679
theta_2,$1-n^2$,1.0866666666666192,0.6506075713163422,0.3392979693734673,0.6600836571702986,0.6631190270446763
theta_2,$1-n^2$,1.088333333333282,0.6496457136401705,0.34086505427808417,0.6601782352768254,0.6626828570245724
theta_2,$1-n^2$,1.09000000000005,0.6486677125038752,0.34244021963837135,0.6602546948023434,0.662228768138351
theta_2,$1-n^2$,1.0916666666667127,0.6476736726383113,0.34402333123507134,0.6603130434799057,0.6617568217470948
theta_2,$1-n^2$,1.0933333333333755,0.6466637001589486,0.3456142518848891,0.6603532908738408,0.6612670806888382
theta_2,$1-n^2$,1.0950000000000382,0.6456379025785478,0.34721284142171127,0.6603754483621664,0.660759609277723
theta_2,$1-n^2$,1.0966666666667009,0.6445963888195254,0.34881895667873014,0.6603795291219839,0.6602344733026391
theta_2,$1-n^2$,1.0983333333333636,0.643539269226359,0.35043245147096724,0.6603655481175612,0.6596917400255806
theta_2,$1-n^2$,1.1000000000000263,0.6424666555779749,0.35205317657845525,0.6603335220904781,0.6591314781798903
theta_2,$1-n^2$,1.101666666666689,0.6413786611001235,0.3536809797302374,0.6602834695512021,0.6585537579685913
theta_2,$1-n^2$,1.1033333333333517,0.640275400477743,0.35531570558934256,0.6602154107714606,0.6579586510630105
theta_2,$1-n^2$,1.1050000000000144,0.6391569898673171,0.35695719573889484,0.6601293677767786,0.6573462306018905
theta_2,$1-n^2$,1.1066666666666771,0.6380235469092291,0.35860528866951696,0.6600253643385476,0.6567165711911929
theta_2,$1-n^2$,1.1083333333333398,0.6368751907401167,0.36025981976818566,0.6599034259649956,0.6560697489047939
theta_2,$1-n^2$,1.1100000000000025,0.635712042005229,0.361920621308698,0.6597635798904224,0.6554058412862721
theta_2,$1-n^2$,1.1116666666666652,0.6345342228707921,0.3635875224439077,0.6596058550620715,0.6547249273519898
theta_2,$1-n^2$,1.113333333333328,0.6333418570363838,0.36526034919988964,0.6594302821240019,0.6540270875956681
theta_2,$1-n^2$,1.1149999999999909,0.6321350697473228,0.3669389244721922,0.6592368933973318,0.6533124039946572
theta_2,$1-n^2$,1.1166666666666536,0.6309139878061707,0.3686230680210652,0.6590257228726636,0.6525809600124336
theta_2,$1-n^2$,1.1183333333333163,0.6296787395791271,0.37031259645090847,0.6587968062897925,0.6518328405714872
theta_2,$1-n^2$,1.119999999999979,0.6284294550117198,0.3720073232257328,0.6585501810426392,0.6510681320870507
theta_2,$1-n^2$,1.1216666666666417,0.6271662656381333,0.37370705866377574,0.6582858861960303,0.6502869224623999
theta_2,$1-n^2$,1.1233333333333044,0.6258893045912913,0.37541160993806444,0.6580039624818199,0.649489301091512
theta_2,$1-n^2$,1.1249999999999671,0.6245987066128937,0.377120781079761,0.6577044522886438,0.6486753588643117
theta_2,$1-n^2$,1.1266666666666298,0.6232946080628681,0.3788343729824357,0.6573873996547405,0.6478451881712192
theta_2,$1-n^2$,1.1283333333332926,0.6219771469282409,0.38055218340744484,0.6570528502631645,0.6469988829071966
theta_2,$1-n^2$,1.1299999999999553,0.6206464628314382,0.3822740069905881,0.6567008514387235,0.6461365384754848
theta_2,$1-n^2$,1.131666666666618,0.6193026970380227,0.38399963525022207,0.6563314521459652,0.6452582517912239
theta_2,$1-n^2$,1.133333333333386,0.6179459924637891,0.3857288565971152,0.6559447029875194,0.6443641212850972
theta_2,$1-n^2$,1.1350000000000486,0.6165764936817433,0.387461456345563,0.6555406562022705,0.643454246907531
theta_2,$1-n^2$,1.1366666666667113,0.6151943469276828,0.38919721672758056,0.6551193656623222,0.6425287301327942
theta_2,$1-n^2$,1.138333333333374,0.6137997001061031,0.39093591690816104,0.6546808868685687,0.6415876739643239
theta_2,$1-n^2$,1.140000000000037,0.6123927027951533,0.392677333003416,0.6542252769438398,0.6406311829406227
theta_2,$1-n^2$,1.1416666666666997,0.6109735062511623,0.3944212381011174,0.6537525946230899,0.6396593631422614
theta_2,$1-n^2$,1.1433333333333624,0.6095422634126565,0.39616740228392655,0.653262900239939,0.6386723222001226
theta_2,$1-n^2$,1.145000000000025,0.6080991289038112,0.3979155926552062,0.6527562557101427,0.63767016930467
theta_2,$1-n^2$,1.1466666666666878,0.6066442590323912,0.39966557334739217,0.6522327246020353,0.6366530151866157
theta_2,$1-n^2$,1.1483333333333505,0.6051778117921247,0.4014171055539815,0.6516923721098561,0.6356209721297302
theta_2,$1-n^2$,1.1500000000000132,0.6036999468648685,0.40316994756517494,0.6511352650181916,0.6345741539863472
theta_2,$1-n^2$,1.151666666666676,0.6022108256188597,0.4049238547932832,0.6505614717224472,0.6335126761742153
theta_2,$1-n^2$,1.1533333333333387,0.6007106111075518,0.40667857980615174,0.6499710622224034,0.6324366556821424
theta_2,$1-n^2$,1.1550000000000014,0.5991994680674058,0.40843387236190054,0.6493641081186721,0.6313462110745818
theta_2,$1-n^2$,1.156666666666664,0.5976775629146546,0.4101894794451397,0.6487406826114285,0.630241462495328
theta_2,$1-n^2$,1.1583333333333268,0.5961450637410508,0.41194514530482157,0.6481008605008041,0.6291225316704906
theta_2,$1-n^2$,1.1599999999999895,0.5946021403086148,0.4137006114938899,0.6474447181883152,0.6279895419109134
theta_2,$1-n^2$,1.1616666666666522,0.5930489640433956,0.4154556169108872,0.6467723336787118,0.6268426181142068
theta_2,$1-n^2$,1.163333333333315,0.5914857080282584,0.41720989784367996,0.6460837865816235,0.6256818867665604
theta_2,$1-n^2$,1.1649999999999776,0.5899125469947141,0.4189631880154632,0.6453791581123842,0.6245074759445054
theta_2,$1-n^2$,1.1666666666666403,0.5883296573138035,0.4207152186332052,0.6446585310914157,0.6233195153167914
theta_2,$1-n^2$,1.168333333333303,0.58673721698605,0.4224657184386919,0.6439219899415483,0.6221181361465488
theta_2,$1-n^2$,1.1699999999999657,0.5851354056304965,0.4242144137623327,0.6431696206826611,0.6209034712939016
theta_2,$1-n^2$,1.1716666666666284,0.5835244044728388,0.4259610285798881,0.6424015109230206,0.6196756552192006
theta_2,$1-n^2$,1.1733333333332912,0.5819043963326699,0.42770528457227913,0.6416177498466964,0.6184348239870431
theta_2,$1-n^2$,1.1749999999999539,0.5802755656080427,0.429446901179661,0.6408184282325601,0.6171811152597936
theta_2,$1-n^2$,1.1766666666666166,0.5786380982566908,0.4311855956466593,0.6400036385172587,0.6159146682767832
theta_2,$1-n^2$,1.1783333333333847,0.5769921817836613,0.43292108310721933,0.6391734747069726,0.6146356238808804
theta_2,$1-n^2$,1.1800000000000475,0.5753380052222982,0.4346530766409457,0.6383280324107085,0.6133441245062773
theta_2,$1-n^2$,1.1816666666667102,0.5736757591148263,0.4363812873417031,0.6374674088367646,0.612040314176421
theta_2,$1-n^2$,1.1833333333333729,0.5720056354928351,0.43810542438712224,0.6365917027898315,0.6107243385021459
theta_2,$1-n^2$,1.1850000000000356,0.5703278278560163,0.43982519511022583,0.6357010146696273,0.6093963446782297
theta_2,$1-n^2$,1.1866666666666983,0.5686425311498029,0.4415403050726295,0.6347954464708738,0.608056481478992
theta_2,$1-n^2$,1.188333333333361,0.5669499417418283,0.4432504581395398,0.6338751017840552,0.6067048992529879
theta_2,$1-n^2$,1.1900000000000237,0.5652502573972321,0.44495535655666374,0.6329400857964508,0.6053417499169288
theta_2,$1-n^2$,1.1916666666666864,0.5635436772528326,0.4466547010291424,0.6319905052929365,0.603967186948965
theta_2,$1-n^2$,1.1933333333333491,0.5618304017901923,0.44834819080262256,0.6310264686560472,0.6025813653814607
theta_2,$1-n^2$,1.1950000000000118,0.5601106328075994,0.4500355237465795,0.6300480858647912,0.6011844417933975
theta_2,$1-n^2$,1.1966666666666745,0.5583845733909887,0.45171639644000416,0.6290554684917148,0.5997765743025368
theta_2,$1-n^2$,1.1983333333333372,0.5566524278838255,0.45339050425956834,0.6280487296977032,0.5983579225574762
theta_2,$1-n^2$,1.2,0.5549144018559773,0.4550575414703812,0.627027984224017,0.5969286477297316
theta_2,$1-n^2$,1.2016666666666627,0.5531707020715954,0.4567172013194504,0.6259933483810521,0.5954889125059786
theta_2,$1-n^2$,1.2033333333333254,0.5514215364557542,0.4583691761300992,0.6249449400401402,0.5940388810785023
theta_2,$1-n^2$,1.204999999999988,0.5496671140570196,0.46001315737832227,0.6238828786976611,0.5925787191127271
theta_2,$1-n^2$,1.2066666666666508,0.5479076450139423,0.46164883580398147,0.6228072854173691,0.59110859375119
theta_2,$1-n^2$,1.2083333333333135,0.5461433405182372,0.4632759015082828,0.6217182828293758,0.5896286735992015
theta_2,$1-n^2$,1.2099999999999762,0.5443744127766635,0.4648940440517269,0.6206159951331555,0.5881391287083574
theta_2,$1-n^2$,1.211666666666639,0.5426010749722644,0.4665029525562786,0.6195005480907526,0.5866401305621349
theta_2,$1-n^2$,1.2133333333333016,0.5408235412245528,0.46810231580874323,0.6183720690210475,0.5851318520602442
theta_2,$1-n^2$,1.2149999999999646,0.539042026548678,0.4696918223653911,0.6172306867947257,0.5836144675018334
theta_2,$1-n^2$,1.2166666666666273,0.5372567468136089,0.4712711606578699,0.6160765318296005,0.5820881525676462
theta_2,$1-n^2$,1.21833333333329,0.5354679186993674,0.4728400191004465,0.6149097360859346,0.5805530843012293
theta_2,$1-n^2$,1.2199999999999527,0.5336757596533475,0.47439808619861823,0.6137304330614105,0.579009441089287
theta_2,$1-n^2$,1.2216666666666154,0.531880487845756,0.47594505065913456,0.6125387577853967,0.5774574026412836
theta_2,$1-n^2$,1.2233333333333833,0.5300823221240938,0.4774806015015668,0.6113348468120805,0.575897149968291
theta_2,$1-n^2$,1.225000000000046,0.5282814819673968,0.47900442817088495,0.6101188382125742,0.5743288653617716
theta_2,$1-n^2$,1.2266666666667088,0.5264781874385648,0.4805162206525371,0.6088908715644987,0.5727527323709167
theta_2,$1-n^2$,1.2283333333333715,0.5246726591370878,0.48201566958813047,0.6076510879402143,0.571168935780609
theta_2,$1-n^2$,1.2300000000000342,0.5228651181504987,0.4835024663932126,0.6063996298922071,0.5695776615886292
theta_2,$1-n^2$,1.2316666666666969,0.521055786005269,0.4849763033766049,0.605136641435749,0.5679790969827926
theta_2,$1-n^2$,1.2333333333333596,0.5192448846161739,0.4864368738504618,0.60386226806628,0.566373430306783
theta_2,$1-n^2$,1.2350000000000223,0.5174326362354301,0.4878838722466902,0.6025766567564247,0.5647608510311766
theta_2,$1-n^2$,1.236666666666685,0.515619263402418,0.4893169942463446,0.6012799559110353,0.5631415497358615
theta_2,$1-n^2$,1.2383333333333477,0.5138049888915448,0.49073593689556266,0.5999723153702784,0.5615157180772432
theta_2,$1-n^2$,1.2400000000000104,0.5119900356599082,0.49214039872678716,0.598653886395733,0.5598835487595447
theta_2,$1-n^2$,1.2416666666666734,0.5101746267944692,0.49353007988033326,0.5973248216566357,0.5582452355050903
theta_2,$1-n^2$,1.243333333333336,0.5083589854587767,0.49490468222625605,0.5959852752161093,0.5566009730236346
theta_2,$1-n^2$,1.2449999999999988,0.5065433348392787,0.4962639094864746,0.5946354025172139,0.5549509569808022
theta_2,$1-n^2$,1.2466666666666615,0.5047278980912655,0.49760746735710876,0.5932753603686587,0.5532953839656989
theta_2,$1-n^2$,1.2483333333333242,0.50291289828448,0.498935063630984,0.5919053069300134,0.5516344514577592
theta_2,$1-n^2$,1.249999999999987,0.501098558348439,0.5002464083202612,0.5905254016962577,0.5499683577928941
theta_2,$1-n^2$,1.2516666666666496,0.4992851010175013,0.5015412137791461,0.5891358054815057,0.5482973021289994
theta_2,$1-n^2$,1.2533333333333123,0.49747274877572667,0.5028191948266353,0.5877366804017461,0.5466214844108912
theta_2,$1-n^2$,1.254999999999975,0.49566172380156187,0.5040800688692546,0.5863281898564346,0.5449411053347302
theta_2,$1-n^2$,1.2566666666666377,0.49385224791239607,0.5053235560237452,0.5849104985087777,0.5432563663119975
theta_2,$1-n^2$,1.2583333333333004,0.4920445425090243,0.5065493792396538,0.5834837722645466,0.5415674694330873
theta_2,$1-n^2$,1.2599999999999631,0.4902388285200592,0.5077572644217833,0.5820481782492585,0.5398746174305769
theta_2,$1-n^2$,1.2616666666666259,0.4884353263464849,0.5089469405509165,0.5806038847894776,0.5381780136404054
theta_2,$1-n^2$,1.2633333333332886,0.48663425580653064,0.5101181397984714,0.5791510614134773,0.5364778619564224
theta_2,$1-n^2$,1.2649999999999513,0.4848358360798904,0.5112705976524509,0.5776898788065351,0.5347743667981353
theta_2,$1-n^2$,1.266666666666614,0.48304028565291196,0.5124040530356441,0.5762205087927512,0.5330677330694471
theta_2,$1-n^2$,1.2683333333333822,0.4812478222633942,0.5135182484232074,0.5747431243139761,0.5313581661176542
theta_2,$1-n^2$,1.2700000000000449,0.4794586628462302,0.5146129299593434,0.5732578994072289,0.5296458716928807
theta_2,$1-n^2$,1.2716666666667076,0.477673023478272,0.5156878475737465,0.5717650091803415,0.5279310559060072
theta_2,$1-n^2$,1.2733333333333703,0.4758911193247137,0.5167427550962818,0.570264629787762,0.5262139251872743
theta_2,$1-n^2$,1.275000000000033,0.4741131645853217,0.5177774103708309,0.5687569384051858,0.5244946862439602
theta_2,$1-n^2$,1.2766666666666957,0.4723393724412238,0.5187915753677608,0.5672421132036379,0.5227735460178023
theta_2,$1-n^2$,1.2783333333333584,0.4705699550021727,0.5197850162949559,0.5657203333229814,0.5210507116420715
theta_2,$1-n^2$,1.2800000000000211,0.46880512325431384,0.5207575037072958,0.5641917788449186,0.5193263903983213
theta_2,$1-n^2$,1.2816666666666838,0.4670450870084885,0.5217088126144509,0.5626566307655498,0.5176007896728319
theta_2,$1-n^2$,1.2833333333333465,0.46529005484910124,0.5226387225868734,0.5611150709675589,0.5158741169127669
theta_2,$1-n^2$,1.2850000000000092,0.463540234083582,0.5235470178598587,0.559567282192088,0.514146579582066
theta_2,$1-n^2$,1.286666666666672,0.46179583069247315,0.5244334874355553,0.5580134480103726,0.5124183851170893
theta_2,$1-n^2$,1.2883333333333347,0.4600570492801709,0.5252979251827968,0.5564537527951997,0.5106897408820372
theta_2,$1-n^2$,1.2899999999999974,0.4583240930264451,0.5261401299348987,0.5548883816917387,0.5089608541242585
theta_2,$1-n^2$,1.29166666666666,0.45659716364072284,0.5269599055903261,0.5533175205792416,0.5072319319307357
theta_2,$1-n^2$,1.2933333333333228,0.4548764613141988,0.527757061202722,0.5517413560488837,0.5055031811814428
theta_2,$1-n^2$,1.2949999999999855,0.45316218467425595,0.5285314110740241,0.5501600753670215,0.5037748085061295
theta_2,$1-n^2$,1.2966666666666482,0.45145453073991254,0.5292827748441081,0.548573866443248,0.5020470202393772
theta_2,$1-n^2$,1.298333333333311,0.44975369487779554,0.5300109775767247,0.5469829178005285,0.5003200223751841
theta_2,$1-n^2$,1.2999999999999736,0.44805987075923126,0.5307158498434115,0.5453874185435577,0.49859402052192897
theta_2,$1-n^2$,1.3016666666666363,0.44637325031845426,0.5313972278051984,0.5437875583256694,0.49686921985766913
theta_2,$1-n^2$,1.303333333333299,0.4446940237119389,0.5320549532919163,0.5421835273146268,0.4951458250857322
theta_2,$1-n^2$,1.3049999999999617,0.44302237927885546,0.5326888738789294,0.5405755161576189,0.49342404039055743
theta_2,$1-n^2$,1.3066666666666245,0.4413585035026553,0.5332988429611009,0.5389637159457917,0.49170406939374595
theta_2,$1-n^2$,1.3083333333332872,0.4397025809737864,0.5338847198238117,0.5373483181786434,0.4899861151102757
theta_2,$1-n^2$,1.3099999999999499,0.4380547943535437,0.5344463697108431,0.535729514728608,0.4882703799048403
theta_2,$1-n^2$,1.311666666666718,0.4364153243389536,0.5349836638889748,0.5341074978060558,0.4865570654481601
theta_2,$1-n^2$,1.3133333333333808,0.43478434962931545,0.5354964797089092,0.5324824599256525,0.48484637267387254
theta_2,$1-n^2$,1.3150000000000435,0.4331620468928516,0.5359847006628465,0.530854593872865,0.48313850173433637
theta_2,$1-n^2$,1.3166666666667062,0.4315485907355401,0.5364482164378418,0.5292240926729952,0.48143365195747156
theta_2,$1-n^2$,1.3183333333333689,0.4299441536705781,0.5368869229652762,0.5275911495615283,0.4797320218029691
theta_2,$1-n^2$,1.3200000000000316,0.4283489060910701,0.537300722476761,0.5259559579297418,0.4780338088250771
theta_2,$1-n^2$,1.3216666666666943,0.4267630162440044,0.5376895235569102,0.5243187112714622,0.47633920963521753
theta_2,$1-n^2$,1.323333333333357,0.42518665020156216,0.5380532411709416,0.5226796031822817,0.4746484198526338
theta_2,$1-n^2$,1.3250000000000197,0.42361997183791156,0.5383917967111559,0.5210388273028992,0.47296163406916486
theta_2,$1-n^2$,1.3266666666666824,0.42206314280559576,0.5387051180304715,0.5193965772876008,0.47127904580819563
theta_2,$1-n^2$,1.3283333333333451,0.4205163225134567,0.5389931394733761,0.5177530467701992,0.4696008474848212
theta_2,$1-n^2$,1.3300000000000078,0.4189796681060813,0.5392558019041837,0.516108429327756,0.4679272303671686
theta_2,$1-n^2$,1.3316666666666706,0.41745333444473587,0.5394930527323716,0.5144629184426867,0.4662583845387513
theta_2,$1-n^2$,1.3333333333333333,0.4159374740897572,0.5397048459347774,0.5128167074638444,0.4645944988617336
theta_2,$1-n^2$,1.334999999999996,0.4144322372843644,0.5398911420744312,0.5111699895671841,0.4629357609409799
theta_2,$1-n^2$,1.3366666666666587,0.41293777193986053,0.5400519083158022,0.5095229577166023,0.46128235708876414
theta_2,$1-n^2$,1.3383333333333214,0.4114542236221892,0.5401871184362365,0.5078758046255545,0.45963447229001647
theta_2,$1-n^2$,1.339999999999984,0.4099817355398129,0.5402967528333639,0.5062287227200458,0.4579922901679821
theta_2,$1-n^2$,1.341666666666647,0.40852044853288044,0.5403807985282514,0.504581904103596,0.45635599295016793
theta_2,$1-n^2$,1.3433333333333097,0.40707050106364945,0.5404392491640799,0.5029355405247752,0.4547257614344538
theta_2,$1-n^2$,1.3449999999999724,0.4056320292081307,0.5404721050001237,0.5012898233479104,0.45310177495524323
theta_2,$1-n^2$,1.3466666666666351,0.4042051666489207,0.5404793729008073,0.4996449435275613,0.4514842113495294
theta_2,$1-n^2$,1.3483333333332979,0.4027900446700343,0.5404610663251482,0.4980010915723454,0.4498732469266703
theta_2,$1-n^2$,1.3499999999999606,0.40138679215748874,0.5404172053419409,0.4963584574307584,0.4482690564592248
theta_2,$1-n^2$,1.3516666666666233,0.39999553559223955,0.5403478165824894,0.49471723053682465,0.4466718131330193
theta_2,$1-n^2$,1.353333333333286,0.3986163990504734,0.5402529332283511,0.4930775997494971,0.4450816885262392
theta_2,$1-n^2$,1.3549999999999487,0.39724950420382255,0.5401325949872322,0.4914397533171176,0.4434988525827348
theta_2,$1-n^2$,1.3566666666667166,0.3958949703204807,0.5399868480632376,0.4898038788478913,0.44192347358464856
theta_2,$1-n^2$,1.3583333333333794,0.3945529142682294,0.5398157451249085,0.4881701632778437,0.4403557181273758
theta_2,$1-n^2$,1.360000000000042,0.39322345051802643,0.5396193452706678,0.486538792835544,0.4387957510951579
theta_2,$1-n^2$,1.3616666666667048,0.3919066911498029,0.5393977139916157,0.4849099530064988,0.4372437356390898
theta_2,$1-n^2$,1.3633333333333675,0.39060274585911675,0.5391509231313033,0.48328382849649754,0.435699833155838
theta_2,$1-n^2$,1.3650000000000302,0.38931172196511094,0.5388790508422935,0.4816606031953676,0.4341642032674571
theta_2,$1-n^2$,1.366666666666693,0.38803372441962586,0.5385821815392641,0.48004046014186846,0.43263700380199765
theta_2,$1-n^2$,1.3683333333333558,0.38676885581739884,0.5382604058484104,0.478423581490561,0.431118390774694
theta_2,$1-n^2$,1.3700000000000185,0.38551721640728454,0.5379138205529083,0.47681014848148595,0.4296085183695242
theta_2,$1-n^2$,1.3716666666666812,0.3842789041044313,0.5375425285341978,0.47520034141348677,0.42810753892093184
theta_2,$1-n^2$,1.373333333333344,0.38305401450334603,0.5371466387088479,0.473594339622012,0.42661560289550127
theta_2,$1-n^2$,1.3750000000000067,0.3818426408917829,0.5367262659607601,0.4719923214622307,0.42513285887337593
theta_2,$1-n^2$,1.3766666666666694,0.3806448742654659,0.5362815310689949,0.4703944642968027,0.42365945352961487
theta_2,$1-n^2$,1.378333333333332,0.37946080334938576,0.5358125606703877,0.46880094437689446,0.4221955316454624
theta_2,$1-n^2$,1.3799999999999948,0.3782905146136672,0.535319487176841,0.4672119368469257,0.4207412360871046
theta_2,$1-n^2$,1.3816666666666575,0.3771340922902138,0.5348024486873,0.46562761575440736,0.41929670778453204
theta_2,$1-n^2$,1.3833333333333202,0.3759916183936051,0.5342615889204153,0.4640481539953064,0.41786208572894257
theta_2,$1-n^2$,1.384999999999983,0.3748631727410412,0.5336970571323733,0.4624737232954983,0.41643750696154325
theta_2,$1-n^2$,1.3866666666666456,0.37374883297338146,0.5331090080337035,0.4609044941884599,0.41502310656453634
theta_2,$1-n^2$,1.3883333333333083,0.3726486745771927,0.5324976017048189,0.4593406359901891,0.4136190176540176
theta_2,$1-n^2$,1.389999999999971,0.37156277090772316,0.5318630035100425,0.45778231677233533,0.4122253713745162
theta_2,$1-n^2$,1.3916666666666337,0.3704911932127161,0.5312053840098794,0.4562297033345273,0.4108422968949034
theta_2,$1-n^2$,1.3933333333332965,0.3694340106569808,0.5305249188712862,0.4546829611768831,0.4094699214053989
theta_2,$1-n^2$,1.3949999999999592,0.3683912903476337,0.5298217887756964,0.4531422544736877,0.40810837011540313
theta_2,$1-n^2$,1.3966666666666219,0.3673630973599282,0.5290961793245555,0.4516077460492233,0.4067577662518839
theta_2,$1-n^2$,1.3983333333332846,0.3663494947635859,0.5283482809421224,0.45007959735673875,0.4054182310580456
theta_2,$1-n^2$,1.4000000000000528,0.3653505436494836,0.5275782887752428,0.4485579684614456,0.4040898837919253
theta_2,$1-n^2$,1.4016666666667155,0.3643663031569883,0.5267864025901464,0.4470430180291046,0.40277284172514727
theta_2,$1-n^2$,1.4033333333333782,0.3633968305009109,0.5259728266652873,0.44553490331974477,0.4014672201403059
theta_2,$1-n^2$,1.4050000000000409,0.36244218099925624,0.5251377696809597,0.4440337801894245,0.4001731323283848
theta_2,$1-n^2$,1.4066666666667036,0.3615024081037744,0.5242814446242153,0.4425398030411065,0.39889068960060875
theta_2,$1-n^2$,1.4083333333333663,0.3605775634346366,0.5234040687161082,0.44105312470644603,0.3976200013201301
theta_2,$1-n^2$,1.410000000000029,0.3596676968029054,0.5225058632561645,0.43957389657142637,0.3963611748681784
theta_2,$1-n^2$,1.4116666666666917,0.35877285624368366,0.5215870535319314,0.4381022685036112,0.39511431566558036
theta_2,$1-n^2$,1.4133333333333544,0.35789308804626474,0.5206478687064758,0.43663838884388645,0.39387952717772934
theta_2,$1-n^2$,1.4150000000000171,0.3570284367846405,0.5196885417051639,0.43518240439784417,0.3926569109206334
theta_2,$1-n^2$,1.4166666666666798,0.35617894534848105,0.5187093091027505,0.4337344604239917,0.3914465664687956
theta_2,$1-n^2$,1.4183333333333425,0.3553446549744996,0.5177104110105459,0.4322947006197986,0.3902485914646367
theta_2,$1-n^2$,1.4200000000000053,0.3545256052781173,0.5166920909634181,0.43086326710659545,0.3890630816291687
theta_2,$1-n^2$,1.421666666666668,0.3537218342853417,0.5156545958063945,0.42944030041433806,0.3878901307736298
theta_2,$1-n^2$,1.4233333333333307,0.3529333784647729,0.5145981755806266,0.4280259394672493,0.38672983081178997
theta_2,$1-n^2$,1.4249999999999934,0.3521602727596513,0.5135230834084771,0.42662032157135343,0.38558227177263626
theta_2,$1-n^2$,1.426666666666656,0.3514025506198612,0.5124295753774946,0.42522358240491503,0.38444754181314816
theta_2,$1-n^2$,1.4283333333333188,0.3506602440338048,0.5113179104230361,0.4238358560127967,0.38332572723087205
theta_2,$1-n^2$,1.4299999999999815,0.3499333835600596,0.5101883502093019,0.4224572748057488,0.38221691247600414
theta_2,$1-n^2$,1.4316666666666442,0.34922199835873385,0.5090411590085422,0.42108796956564376,0.38112118016269186
theta_2,$1-n^2$,1.433333333333307,0.3485261162224347,0.5078766035782007,0.4197280694576699,0.3800386110792632
theta_2,$1-n^2$,1.4349999999999696,0.3478457636075244,0.5066949530402342,0.4183777020364111,0.37896928420088943
theta_2,$1-n^2$,1.4366666666666323,0.3471809656734449,0.5054964788085656,0.4170369931019892,0.3779132767433908
theta_2,$1-n^2$,1.438333333333295,0.34653174630818323,0.5042814544358285,0.41570606681109484,0.37687066414879644
theta_2,$1-n^2$,1.4399999999999578,0.3458981281602946,0.5030501554997123,0.41438504566397905,0.37584152010513644
theta_2,$1-n^2$,1.4416666666666205,0.34528013267092955,0.5018028594910464,0.41307405048861007,0.3748259165678542
theta_2,$1-n^2$,1.4433333333332834,0.3446777801045739,0.5005398456959169,0.4117732004455302,0.3738239237762402
theta_2,$1-n^2$,1.4450000000000514,0.34409108957973633,0.49926139507938705,0.4104826130294063,0.37283561027124607
theta_2,$1-n^2$,1.446666666666714,0.34352007909972915,0.49796779017108744,0.40920240406867364,0.3718610429147906
theta_2,$1-n^2$,1.4483333333333768,0.34296476558291505,0.4966593149512493,0.40793268772295965,0.37090028690936144
theta_2,$1-n^2$,1.4500000000000395,0.3424251648930876,0.4953362547385779,0.4066735764808302,0.3699534058189008
theta_2,$1-n^2$,1.4516666666667022,0.3419012918693529,0.4939988960785414,0.4054251811575427,0.3690204615897744
theta_2,$1-n^2$,1.453333333333365,0.34139316035566275,0.4926475266323429,0.4041876108942075,0.3681015145719397
theta_2,$1-n^2$,1.4550000000000276,0.34090078322988787,0.49128243506627656,0.4029609731591844,0.36719662353998783
theta_2,$1-n^2$,1.4566666666666903,0.3404241724323577,0.4899039109412547,0.40174537375262637,0.3663058457138001
theta_2,$1-n^2$,1.458333333333353,0.3399633389937922,0.48851224460228726,0.400540916815079,0.36542923677855566
theta_2,$1-n^2$,1.4600000000000157,0.33951829306255277,0.4871077270676991,0.399347704841046,0.3645668509038304
theta_2,$1-n^2$,1.4616666666666784,0.3390890439311367,0.4856906499178679,0.39816583869843175,0.3637187407615255
theta_2,$1-n^2$,1.4633333333333411,0.338675600061845,0.4842613051832762,0.39699541765474056,0.3628849575423722
theta_2,$1-n^2$,1.4650000000000039,0.3382779691174263,0.48281998526274056,0.3958365393085477,0.3620655509975007
theta_2,$1-n^2$,1.4666666666666666,0.33789615798813893,0.4813669828264248,0.3946892995760157,0.3612605694658017
theta_2,$1-n^2$,1.4683333333333295,0.33753017281200537,0.47990259068685426,0.3935537927870578,0.36047005987280745
theta_2,$1-n^2$,1.4699999999999922,0.3371800190019844,0.47842710171094155,0.39243011165184544,0.359694067763891
theta_2,$1-n^2$,1.471666666666655,0.3368457012699151,0.47694080871924355,0.39131834727474385,0.35893263732527575
theta_2,$1-n^2$,1.4733333333333176,0.3365272236500737,0.47544400438758444,0.3902185891657047,0.3581858114058458
theta_2,$1-n^2$,1.4749999999999803,0.336224589522293,0.47393698115087846,0.3891309252497849,0.3574536315395674
theta_2,$1-n^2$,1.476666666666643,0.3359378016345895,0.4724200311089842,0.3880554418754623,0.35673613796833126
theta_2,$1-n^2$,1.4783333333333057,0.3356668621252471,0.4708934459344237,0.38699222382241855,0.3560333696650265
theta_2,$1-n^2$,1.4799999999999685,0.33541177254430343,0.46935751678179893,0.3859413543094593,0.3553453643566561
theta_2,$1-n^2$,1.4816666666666312,0.33517253387438667,0.4678125341987374,0.3849029150032426,0.354672158547303
theta_2,$1-n^2$,1.4833333333332939,0.3349491465508502,0.4662587880382011,0.3838769860284846,0.3540137875407595
theta_2,$1-n^2$,1.4849999999999566,0.33474161048115175,0.4646965673719899,0.3828636459803147,0.3533702854626271
theta_2,$1-n^2$,1.4866666666666193,0.3345499250634249,0.4631261604052731,0.3818629719394487,0.3527416852816991
theta_2,$1-n^2$,1.488333333333282,0.33437408920418976,0.46154785439198126,0.3808750394908511,0.35212801883043493
theta_2,$1-n^2$,1.49000000000005,0.3342141013351407,0.45996193555079046,0.3798999227464959,0.3515293168243003
theta_2,$1-n^2$,1.4916666666667127,0.3340699594290654,0.45836868898236294,0.37893769437246755,0.35094560888020426
theta_2,$1-n^2$,1.4933333333333754,0.3339416610195922,0.45676839860916507,0.3779884255401882,0.35037692355321354
theta_2,$1-n^2$,1.4950000000000383,0.3338292032158029,0.45516134709672273,0.3770521859529492,0.34982328835487986
theta_2,$1-n^2$,1.496666666666701,0.33373258271456807,0.45354781576899217,0.3761290438971135,0.34928472976490443
theta_2,$1-n^2$,1.4983333333333637,0.3336517958157125,0.4519280845425328,0.3752190662355196,0.34876127325725764
theta_2,$1-n^2$,1.5000000000000264,0.3335868384349772,0.4503024318556095,0.3743223184253733,0.3482529433200031
theta_2,$1-n^2$,1.5016666666666891,0.3335377061163758,0.4486711345997266,0.3734388645344315,0.34775976347530185
theta_2,$1-n^2$,1.5033333333333518,0.3335043940439138,0.4470344680534785,0.3725687672558905,0.347281756299482
theta_2,$1-n^2$,1.5050000000000145,0.333486897052638,0.44539270581860074,0.3717120879223902,0.3468189434430619
theta_2,$1-n^2$,1.5066666666666773,0.3334852096389839,0.4437461197581049,0.3708688865195473,0.3463713456506123
theta_2,$1-n^2$,1.50833333333334,0.33349932597038917,0.44209497993638364,0.3700392216994293,0.3459389827803449
theta_2,$1-n^2$,1.5100000000000027,0.33352923989414013,0.44043955456116757,0.36922315079438134,0.3455218738233139
theta_2,$1-n^2$,1.5116666666666654,0.3335749449454204,0.43878010992722,0.36842072983161833,0.34512003692211685
theta_2,$1-n^2$,1.513333333333328,0.3336364343545281,0.4371169103616531,0.3676320135489947,0.3447334893889819
theta_2,$1-n^2$,1.5149999999999908,0.3337137010532304,0.4354502181707498,0.36685705541236346,0.34436224772312785
theta_2,$1-n^2$,1.5166666666666535,0.3338067376802221,0.4337802935881752,0.3660959076349375,0.34400632762728367
theta_2,$1-n^2$,1.5183333333333162,0.33391553658565787,0.4321073947244626,0.3653486211990645,0.34366574402325467
theta_2,$1-n^2$,1.519999999999979,0.33404008983472333,0.43043177751765754,0.36461524588082866,0.3433405110664211
theta_2,$1-n^2$,1.5216666666666416,0.3341803892121304,0.4287536956925353,0.3638958302498006,0.34303064216553536
theta_2,$1-n^2$,1.5233333333333043,0.3343364262274885,0.4270734007283708,0.36319042164392273,0.3427361500078964
theta_2,$1-n^2$,1.524999999999967,0.3345081921131226,0.42539114180144755,0.36249906624510897,0.34245704656071974
theta_2,$1-n^2$,1.5266666666666298,0.3346956778265711,0.42370716575102463,0.3618218090744973,0.3421933430906069
theta_2,$1-n^2$,1.5283333333332925,0.3348988740508437,0.4220217170416204,0.3611586940084304,0.34194505017782956
theta_2,$1-n^2$,1.5299999999999552,0.33511777119389724,0.42033503772702674,0.36050976379466676,0.3417121777300354
theta_2,$1-n^2$,1.5316666666666179,0.3353523593873778,0.4186473674162298,0.35987506006810155,0.34149473499553723
theta_2,$1-n^2$,1.5333333333332806,0.33560262848461697,0.41695894324119076,0.3592546233660935,0.34129273057615556
theta_2,$1-n^2$,1.5350000000000488,0.3358685680578912,0.415269999826336,0.35864849314345665,0.341106172439577
theta_2,$1-n^2$,1.5366666666667115,0.33615016739483056,0.41358076926035253,0.35805670778744086,0.34093506793126827
theta_2,$1-n^2$,1.5383333333333742,0.336447415494222,0.41189148106864226,0.35747930463222605,0.3407794237857435
theta_2,$1-n^2$,1.540000000000037,0.3367603010608606,0.41020236218852546,0.3569163199737922,0.34063924613739355
theta_2,$1-n^2$,1.5416666666666996,0.3370888124996888,0.4085136369455477,0.3563677890846844,0.340514540530669
theta_2,$1-n^2$,1.5433333333333623,0.3374329379091145,0.406825527031486,0.3558337462290023,0.34040531192966245
theta_2,$1-n^2$,1.545000000000025,0.33779266507351446,0.4051382514839021,0.3553142246776702,0.3403115647270493
theta_2,$1-n^2$,1.5466666666666877,0.3381679814549132,0.4034520266671992,0.35480925672408503,0.34023330275235936
theta_2,$1-n^2$,1.5483333333333504,0.33855887418382724,0.4017670662551363,0.35431887370023885,0.3401705292795512
theta_2,$1-n^2$,1.5500000000000131,0.33896533004945245,0.4000835812150622,0.3538431059919039,0.34012324703408225
theta_2,$1-n^2$,1.5516666666666759,0.3393873354908301,0.3984017797972413,0.35338198303715507,0.3400914582022355
theta_2,$1-n^2$,1.5533333333333386,0.33982487658439475,0.3967218675205025,0.35293553334930605,0.34007516443603114
theta_2,$1-n^2$,1.5550000000000013,0.3402779390318524,0.3950440471599912,0.35250378453509323,0.34007436685745474
theta_2,$1-n^2$,1.556666666666664,0.34074650814771545,0.39336851873852546,0.3520867633042747,0.3400890660641354
theta_2,$1-n^2$,1.5583333333333267,0.3412305688459027,0.39169547951898404,0.3516844954808054,0.34011926213409777
theta_2,$1-n^2$,1.5599999999999894,0.34173010562557504,0.3900251239978755,0.35129700601457586,0.34016495462967816
theta_2,$1-n^2$,1.561666666666652,0.3422451025562185,0.3883576439001154,0.3509243189935017,0.3402261426006542
theta_2,$1-n^2$,1.5633333333333148,0.3427755432619858,0.3866932281750395,0.3505664576557493,0.3403028245866396
theta_2,$1-n^2$,1.5649999999999775,0.34332141090530827,0.3850320629936786,0.3502234444018861,0.340394998618794
theta_2,$1-n^2$,1.5666666666666402,0.3438826881697899,0.3833743317473244,0.34989530080673975,0.3405026622208997
theta_2,$1-n^2$,1.568333333333303,0.3444593572423943,0.3817202150474114,0.34958204763075484,0.34062581240985446
theta_2,$1-n^2$,1.5699999999999659,0.34505139979493715,0.3800698907267436,0.34928370483063215,0.34076444569563313
theta_2,$1-n^2$,1.5716666666666286,0.34565879696489515,0.37842353384209243,0.3490002915690378,0.340918558080767
theta_2,$1-n^2$,1.5733333333332913,0.34628152933554285,0.3767813166781935,0.3487318262231686,0.3410881450593926
theta_2,$1-n^2$,1.574999999999954,0.34691957691542924,0.37514340875316887,0.3484783263919604,0.34127320161592056
theta_2,$1-n^2$,1.5766666666666167,0.34757291911720617,0.37350997682540243,0.3482398089017254,0.3414737222233753
theta_2,$1-n^2$,1.5783333333333847,0.34824153473585795,0.3718811849017618,0.3480162898101095,0.34168970084143874
theta_2,$1-n^2$,1.5800000000000474,0.3489254019253431,0.37025719424042935,0.3478077844353963,0.34192113090689474
theta_2,$1-n^2$,1.58166666666671,0.3496244981759266,0.3686381633610896,0.34761430735694515,0.3421680053311367
theta_2,$1-n^2$,1.5833333333333728,0.35033880029020514,0.3670242480584457,0.3474358724130684,0.34243031649777167
theta_2,$1-n^2$,1.5850000000000355,0.35106828435837834,0.3654156014108873,0.34727249271674276,0.34270805625447426
theta_2,$1-n^2$,1.5866666666666982,0.3518129257332717,0.36381237379362463,0.34712418065780537,0.34300121590765165
theta_2,$1-n^2$,1.588333333333361,0.3525726990046465,0.36221471289221896,0.34699094790686486,0.34330978621593555
theta_2,$1-n^2$,1.5900000000000236,0.35334757797282756,0.36062276371659713,0.3468728054204507,0.3436337573826208
theta_2,$1-n^2$,1.5916666666666863,0.35413753562168254,0.3590366686156358,0.3467697634469224,0.34397311904716754
theta_2,$1-n^2$,1.593333333333349,0.35494254409098425,0.3574565672924025,0.34668183153265936,0.3443278602758865
theta_2,$1-n^2$,1.5950000000000117,0.35576257464818867,0.3558825968201388,0.34660901852805454,0.34469796955192383
theta_2,$1-n^2$,1.5966666666666747,0.3565975976596606,0.3543148916590739,0.3465513325928328,0.34508343476466485
theta_2,$1-n^2$,1.5983333333333374,0.35744758256137915,0.352753583674153,0.3465087812002163,0.3454842431986743
theta_2,$1-n^2$,1.6,0.35831249782915603,0.35119880215376775,0.34648137113945826,0.3459003815222913
theta_2,$1-n^2$,1.6016666666666628,0.359192310948398,0.34965067382957626,0.34646910851626744,0.34633183577599674
theta_2,$1-n^2$,1.6033333333333255,0.36008698838344627,0.34810932289749685,0.3464719987506447,0.346778591360672
theta_2,$1-n^2$,1.6049999999999882,0.36099649554652524,0.3465748710399639,0.3464900465716535,0.34724063302586644
theta_2,$1-n^2$,1.606666666666651,0.36192079676633215,0.3450474374495317,0.3465232560086467,0.34771794485819174
theta_2,$1-n^2$,1.6083333333333136,0.36285985525533676,0.3435271388482889,0.34657163040205113,0.3482105102641156
theta_2,$1-n^2$,1.6099999999999763,0.36381363307487563,0.3420140894971097,0.3466351724574828,0.34871831194145464
theta_2,$1-n^2$,1.611666666666639,0.36478209110489734,0.34050840123573356,0.34671388417387605,0.3492413318813449
theta_2,$1-n^2$,1.6133333333333018,0.36576518900919436,0.3390101834995159,0.34680776687151493,0.3497795513445252
theta_2,$1-n^2$,1.6149999999999645,0.3667628852016506,0.3375195433442472,0.3469168211862933,0.3503329508453982
theta_2,$1-n^2$,1.6166666666666272,0.36777513681209906,0.3360365854714968,0.34704104706342725,0.3509015101355234
theta_2,$1-n^2$,1.6183333333332899,0.3688018996517039,0.33456141225382324,0.3471804437532753,0.35148520818588824
theta_2,$1-n^2$,1.6199999999999526,0.36984312817792003,0.333094123759977,0.3473350098085981,0.3520840231681311
theta_2,$1-n^2$,1.6216666666666153,0.37089877545908023,0.3316348177802157,0.3475047430825914,0.3526979324348899
theta_2,$1-n^2$,1.6233333333333835,0.37196879313873144,0.3301835898517665,0.34768964072703684,0.35332691249949005
theta_2,$1-n^2$,1.6250000000000462,0.3730531313993641,0.328740533285107,0.34788969918983176,0.35397093901490556
theta_2,$1-n^2$,1.626666666666709,0.3741517389266026,0.3273057391898137,0.34810491421140866,0.354629986752765
theta_2,$1-n^2$,1.6283333333333716,0.37526456287255755,0.32587929650193603,0.3483352808191434,0.3553040295817818
theta_2,$1-n^2$,1.6300000000000343,0.3763915488194023,0.324461292011642,0.34858079331925795,0.3559930404463757
theta_2,$1-n^2$,1.631666666666697,0.3775326407428231,0.3230518103918106,0.34884144528548255,0.3566969913454233
theta_2,$1-n^2$,1.6333333333333597,0.3786877809754617,0.3216509342276022,0.3491172295438214,0.3574158533113501
theta_2,$1-n^2$,1.6350000000000224,0.37985691017040124,0.32025874404712973,0.34940813815275484,0.35814959638973803
theta_2,$1-n^2$,1.6366666666666851,0.3810399672644816,0.31887531835200367,0.34971416238452174,0.35889818961804054
theta_2,$1-n^2$,1.6383333333333479,0.3822368894373418,0.3175007336266297,0.35003529280494067,0.35966160097924926
theta_2,$1-n^2$,1.6400000000000106,0.3834476120770265,0.3161350643810299,0.3503715191972199,0.3604397973941935
theta_2,$1-n^2$,1.6416666666666733,0.3846720687427516,0.3147783831800662,0.35072283055199516,0.361232744696077
theta_2,$1-n^2$,1.643333333333336,0.38591019112723474,0.31343076066988584,0.3510892150680352,0.36204040760223083
theta_2,$1-n^2$,1.6449999999999987,0.387161909019797,0.3120922656081612,0.3514706601352791,0.36286274968978893
theta_2,$1-n^2$,1.6466666666666614,0.3884271502694033,0.3107629648937909,0.35186715232064125,0.3636997333701253
theta_2,$1-n^2$,1.648333333333324,0.38970584074770825,0.3094429235961953,0.35227867735583324,0.36455131986227013
theta_2,$1-n^2$,1.6499999999999868,0.3909979043121771,0.3081322049843395,0.3527052201264503,0.3654174691655213
theta_2,$1-n^2$,1.6516666666666495,0.3923032627693483,0.30683087055561703,0.35314676466157063,0.3662981400314682
theta_2,$1-n^2$,1.6533333333333122,0.3936218358383066,0.3055389800647258,0.35360329412311586,0.3671932899356448
theta_2,$1-n^2$,1.654999999999975,0.3949535411144354,0.3042565915526716,0.3540747907942201,0.3681028750490292
theta_2,$1-n^2$,1.6566666666666376,0.39629829403351463,0.30298376137602995,0.35456123606585654,0.3690268502096055
theta_2,$1-n^2$,1.6583333333333004,0.3976560078362344,0.3017205442366004,0.35506261042096926,0.3699651688942061
theta_2,$1-n^2$,1.659999999999963,0.3990265935331909,0.300466993211586,0.35557889341535864,0.37091778319085056
theta_2,$1-n^2$,1.6616666666666258,0.4004099598704339,0.2992231597844309,0.35611006365456777,0.3718846437717979
theta_2,$1-n^2$,1.6633333333332885,0.4018060132956323,0.2979890938764491,0.3566560987660192,0.37286569986752943
theta_2,$1-n^2$,1.6649999999999512,0.40321465792492833,0.2967648438793769,0.3572169753656492,0.37386089924187893
theta_2,$1-n^2$,1.6666666666667194,0.4046357955076169,0.2955504566748851,0.35779266909125756,0.3748701881492747
theta_2,$1-n^2$,1.668333333333382,0.406069325391528,0.29434597765694787,0.35838315462034,0.37589351129612436
theta_2,$1-n^2$,1.6700000000000448,0.40751514449504067,0.2931514507774393,0.3589884055657205,0.37693081183415206
theta_2,$1-n^2$,1.6716666666667075,0.408973147273568,0.2919669185677291,0.3596083944975892,0.3779820313195953
theta_2,$1-n^2$,1.6733333333333702,0.4104432256891133,0.29079242216865486,0.36024309291804363,0.3790471096855669
theta_2,$1-n^2$,1.675000000000033,0.41192526918033795,0.28962800135990135,0.36089247123845425,0.3801259852133639
theta_2,$1-n^2$,1.6766666666666956,0.41341916463329803,0.28847369458879746,0.3615564987591266,0.38121859450299056
theta_2,$1-n^2$,1.6783333333333583,0.414924796352924,0.28732953899864394,0.36223514365055526,0.3823248724431377
theta_2,$1-n^2$,1.680000000000021,0.41644204603531615,0.2861955704566869,0.3629283729355642,0.38344475218085905
theta_2,$1-n^2$,1.6816666666666837,0.41797079274093035,0.28507182358185057,0.3636361524716294,0.3845781650911885
theta_2,$1-n^2$,1.6833333333333464,0.4195109128687268,0.2839583317723436,0.3643584469326774,0.38572504074693725
theta_2,$1-n^2$,1.6850000000000092,0.42106228013135644,0.2828551272332535,0.36509521978965576,0.3868853068889153
theta_2,$1-n^2$,1.6866666666666719,0.42262476553145745,0.28176224100424263,0.36584643328917,0.38805888939681754
theta_2,$1-n^2$,1.6883333333333346,0.42419823733913653,0.2806797029874601,0.3666120484294819,0.3892457122610164
theta_2,$1-n^2$,1.6899999999999973,0.425782561070708,0.2796075419757839,0.36739202493316414,0.39044569755550373
theta_2,$1-n^2$,1.69166666666666,0.42737759946876425,0.2785457856815075,0.3681863212157063,0.39165876541222233
theta_2,$1-n^2$,1.6933333333333227,0.4289832124836518,0.2774944607655838,0.3689948943493676,0.3928848339970306
theta_2,$1-n^2$,1.6949999999999854,0.4305992572555684,0.2764535928638518,0.3698177000436529,0.39412381948085845
theta_2,$1-n^2$,1.6966666666666483,0.43222558809421524,0.27542320659699815,0.3706546927201765,0.3953756359833053
theta_2,$1-n^2$,1.698333333333311,0.43386205646766596,0.2744033256140401,0.37150582538700944,0.3966401955766315
theta_2,$1-n^2$,1.6999999999999738,0.43550851098772325,0.2733939726142005,0.3723710496420591,0.3979174082504274
theta_2,$1-n^2$,1.7016666666666365,0.4371647973975048,0.27239516937209046,0.37325031565274386,0.39920718188497945
theta_2,$1-n^2$,1.7033333333332992,0.43883075856077713,0.2714069367637236,0.37414357212943405,0.4005094222268511
theta_2,$1-n^2$,1.7049999999999619,0.4405062344527618,0.2704292947919865,0.3750507663009442,0.40182403286418567
theta_2,$1-n^2$,1.7066666666666246,0.4421910621524703,0.2694622626116335,0.375971843891575,0.4031509152019668
theta_2,$1-n^2$,1.7083333333332873,0.4438850758366246,0.2685058585538765,0.37690674909920396,0.4044899684374689
theta_2,$1-n^2$,1.70999999999995,0.44558810677522137,0.26756010015063814,0.37785542457392207,0.405841089536132
theta_2,$1-n^2$,1.711666666666718,0.44729998332890275,0.26662500415847895,0.3788178113967771,0.4072041732081806
theta_2,$1-n^2$,1.7133333333333807,0.44902053094754346,0.2657005865826214,0.3797938490577546,0.408579111885703
theta_2,$1-n^2$,1.7150000000000434,0.45074957217173284,0.264786862700255,0.38078347543340924,0.4099657957017181
theta_2,$1-n^2$,1.716666666666706,0.45248692663504597,0.2638838470843739,0.38178662676242936,0.4113641124697405
theta_2,$1-n^2$,1.7183333333333688,0.45423241106878276,0.2629915536273281,0.38280323761954194,0.4127739476653683
theta_2,$1-n^2$,1.7200000000000315,0.4559858393085822,0.2621099955645134,0.383833240886894,0.4141951844096122
theta_2,$1-n^2$,1.7216666666666942,0.45774702230307884,0.26123918549821007,0.38487656772246914,0.4156277034542847
theta_2,$1-n^2$,1.7233333333333571,0.45951576812460293,0.2603791354214198,0.385933147526674,0.41707138316903103
theta_2,$1-n^2$,1.7250000000000199,0.46129188197942567,0.25952985673165924,0.38700290798052517,0.4185260995017207
theta_2,$1-n^2$,1.7266666666666826,0.46307516622262285,0.25869136025563977,0.3880857750002041,0.4199917259736027
theta_2,$1-n^2$,1.7283333333333453,0.46486542037560974,0.25786365627486946,0.38918167268777254,0.42146813367403557
theta_2,$1-n^2$,1.730000000000008,0.4666624411439701,0.2570467545445964,0.39029052332553366,0.4229551912415502
theta_2,$1-n^2$,1.7316666666666707,0.4684660224379215,0.25624066431475007,0.39141224735341046,0.4244527648530194
theta_2,$1-n^2$,1.7333333333333334,0.47027595539491973,0.25544539435056424,0.3925467633473532,0.42596071821335113
theta_2,$1-n^2$,1.734999999999996,0.4720920284044102,0.2546609529528865,0.39369398799864636,0.42747891254587156
theta_2,$1-n^2$,1.7366666666666588,0.47391402713473524,0.25388734797817697,0.3948538360939853,0.4290072065835697
theta_2,$1-n^2$,1.7383333333333215,0.4757417345622047,0.253124586858202,0.3960262204961952,0.43054545656137
theta_2,$1-n^2$,1.7399999999999842,0.47757493100233944,0.2523726766194249,0.39721105212546126,0.4320935162096022
theta_2,$1-n^2$,1.741666666666647,0.47941339414329437,0.2516316239020998,0.3984082399409417,0.4336512367488381
theta_2,$1-n^2$,1.7433333333333096,0.4812568990814707,0.2509014349790707,0.39961769092263505,0.4352184668862625
theta_2,$1-n^2$,1.7449999999999724,0.4831052183593245,0.2501821157742812,0.4008393100533712,0.436795052813748
theta_2,$1-n^2$,1.746666666666635,0.48495812200538146,0.24947367188099803,0.4020730003007983,0.4383808382078017
theta_2,$1-n^2$,1.7483333333332978,0.48681537757646376,0.24877610857975307,0.4033186625992355,0.4399756642315534
theta_2,$1-n^2$,1.7499999999999605,0.48867675020213963,0.2480894308560071,0.4045761958312628,0.4415793695389526
theta_2,$1-n^2$,1.7516666666666232,0.4905420026314027,0.24741364341753994,0.4058454968089188,0.4431917902813446
theta_2,$1-n^2$,1.753333333333286,0.4924108952816475,0.24674875071154684,0.407126460263372,0.4448127601072895
theta_2,$1-n^2$,1.7549999999999486,0.49428318628918955,0.24609475694002933,0.40841897885109535,0.4464421101548879
theta_2,$1-n^2$,1.7566666666667168,0.49615863156281703,0.24545166607727123,0.4097229431149443,0.44807966908067715
theta_2,$1-n^2$,1.7583333333333795,0.49803698483899056,0.2448194818867427,0.41103824147403506,0.4497252630622815
theta_2,$1-n^2$,1.7600000000000422,0.49991799773968715,0.24419820793589772,0.4123647602163081,0.45137871581010663
theta_2,$1-n^2$,1.761666666666705,0.5018014198313162,0.2435878476114095,0.4137023834891126,0.45303984857981977
theta_2,$1-n^2$,1.7633333333333676,0.5036869986864273,0.24298840413417724,0.4150509932896239,0.45470848018690696
theta_2,$1-n^2$,1.7650000000000303,0.505574479947433,0.2423998805742752,0.4164104694549926,0.4563844270227124
theta_2,$1-n^2$,1.766666666666693,0.5074636073923958,0.2418222798657308,0.4177806896527041,0.4580675030720859
theta_2,$1-n^2$,1.7683333333333557,0.5093541230028149,0.24125560482105804,0.419161529371541,0.45975751993266306
theta_2,$1-n^2$,1.7700000000000184,0.5112457670333433,0.24069985814547298,0.42055286191354413,0.461454286835802
theta_2,$1-n^2$,1.7716666666666812,0.5131382780833689,0.24015504245071845,0.4219545583873658,0.46315761066919986
theta_2,$1-n^2$,1.7733333333333439,0.5150313931703927,0.23962116026842428,0.42336648770340957,0.4648672960012134
theta_2,$1-n^2$,1.7750000000000066,0.5169248478051371,0.23909821406293044,0.4247885165711516,0.46658314510690785
theta_2,$1-n^2$,1.7766666666666693,0.5188183760683162,0.23858620624349913,0.4262205094990368,0.4683049579958568
theta_2,$1-n^2$,1.778333333333332,0.5207117106890016,0.23808513917584326,0.4276623287973452,0.47003253244171833
theta_2,$1-n^2$,1.7799999999999947,0.5226045831245166,0.2375950151928977,0.42911383458442265,0.4717656640136101
theta_2,$1-n^2$,1.7816666666666574,0.5244967236422825,0.23711583660622215,0.4305748847889788,0.4735041461092947
theta_2,$1-n^2$,1.7833333333333201,0.5263878614065857,0.23664760572766264,0.4320453351009515,0.4752477699871032
theta_2,$1-n^2$,1.7849999999999828,0.5282777245599516,0.23619032487036362,0.43352503902832346,0.4769963248016866
theta_2,$1-n^2$,1.7866666666666455,0.5301660403108016,0.23574399636313575,0.4350138478783497,0.4787495976459782
theta_2,$1-n^2$,1.7883333333333082,0.5320525350210331,0.23530862256111762,0.43651161076416645,0.48050737358895146
theta_2,$1-n^2$,1.789999999999971,0.533936934294498,0.23488420585502126,0.438018174618051,0.4822694357154106
theta_2,$1-n^2$,1.7916666666666337,0.5358189630669098,0.23447074868071505,0.43953338420172794,0.48403556516815166
theta_2,$1-n^2$,1.7933333333332964,0.5376983456970353,0.2340682535289919,0.4410570821147242,0.485805541192295
theta_2,$1-n^2$,1.794999999999959,0.5395748060590321,0.2336767229553719,0.4425891088017731,0.4875791411815905
theta_2,$1-n^2$,1.7966666666666218,0.5414480676357888,0.23329615958978733,0.44412930256026995,0.4893561407264963
theta_2,$1-n^2$,1.7983333333332847,0.5433178536131299,0.23292656614599927,0.4456774995487797,0.49113631366383304
theta_2,$1-n^2$,1.7999999999999474,0.5451838869747406,0.23256794543059378,0.4472335337975985,0.4929194321278138
theta_2,$1-n^2$,1.8016666666667154,0.5470458905977919,0.23222030035138502,0.448797237222469,0.4947052666023652
theta_2,$1-n^2$,1.803333333333378,0.5489035873484154,0.23188363392520397,0.45036843964185774,0.49649358597386184
theta_2,$1-n^2$,1.8050000000000408,0.5507567001786563,0.23155794928459364,0.45194696880027896,0.49828415758577005
theta_2,$1-n^2$,1.8066666666667035,0.5526049522224047,0.2312432496836988,0.45353265039668955,0.5000767472927439
theta_2,$1-n^2$,1.8083333333333662,0.5544480668919342,0.23093953850286733,0.4551253081204381,0.5018711195156679
theta_2,$1-n^2$,1.810000000000029,0.556285767974219,0.23064681925200659,0.45672476369477183,0.5036670372968433
theta_2,$1-n^2$,1.8116666666666916,0.5581177797334854,0.23036509559094265,0.4583308368080666,0.505464262376589
theta_2,$1-n^2$,1.8133333333333543,0.5599438270089986,0.2300943713360451,0.4599433451354915,0.5072625552543719
theta_2,$1-n^2$,1.815000000000017,0.5617636353082511,0.22983465045353815,0.4615621044453054,0.5090616752381781
theta_2,$1-n^2$,1.8166666666666798,0.5635769309064047,0.2295859370707525,0.46318692858819255,0.5108613805148635
theta_2,$1-n^2$,1.8183333333333425,0.5653834409431806,0.22934823548059732,0.46481762953075306,0.5126614282137746
theta_2,$1-n^2$,1.8200000000000052,0.5671828935196033,0.2291215501463129,0.4664540173860884,0.5144615744724929
theta_2,$1-n^2$,1.8216666666666679,0.5689750177944397,0.22890588570632942,0.46809590044273597,0.5162615745043286
theta_2,$1-n^2$,1.8233333333333308,0.5707595440801745,0.22870124697905728,0.4697430851932068,0.5180611826671966
theta_2,$1-n^2$,1.8249999999999935,0.5725362039383641,0.22850763896743542,0.4713953763633786,0.5198601525335007
theta_2,$1-n^2$,1.8266666666666562,0.5743047302742107,0.22832506686306245,0.47305257694399955,0.5216582369606568
theta_2,$1-n^2$,1.828333333333319,0.5760648574301972,0.22815353604973682,0.47471448822555473,0.5234551881618844
theta_2,$1-n^2$,1.8299999999999816,0.5778163212786258,0.22799305210623158,0.47638090983774983,0.5252507577768939
theta_2,$1-n^2$,1.8316666666666443,0.5795588593129009,0.22784362080812928,0.4780516397948653,0.5270446969421013
theta_2,$1-n^2$,1.833333333333307,0.5812922107373978,0.2277052481285429,0.47972647454823475,0.5288367563599974
theta_2,$1-n^2$,1.8349999999999698,0.5830161165565856,0.2275779402398251,0.4814052090304274,0.5306266863715565
theta_2,$1-n^2$,1.8366666666666325,0.5847303196667103,0.227461703525489,0.4830876366240685,0.5324142370482888
theta_2,$1-n^2$,1.8383333333332952,0.586434564939308,0.2273565445730765,0.48477354926863836,0.5341991582501108
theta_2,$1-n^2$,1.839999999999958,0.5881285993072933,0.22726247017797718,0.48646273748563745,0.5359811997050449
theta_2,$1-n^2$,1.8416666666666206,0.5898121718485273,0.22717948734412222,0.4881549904262641,0.5377601110831648
theta_2,$1-n^2$,1.8433333333332833,0.5914850338676951,0.22710760328422303,0.4898500959210866,0.5395356420707008
theta_2,$1-n^2$,1.8450000000000513,0.5931469389767926,0.22704682542027657,0.4915478405264799,0.5413075424457008
theta_2,$1-n^2$,1.846666666666714,0.5947976431734515,0.2269971613841542,0.4932480095687095,0.5430755621540613
theta_2,$1-n^2$,1.8483333333333767,0.5964369049185347,0.22695861901801268,0.4949503871888009,0.5448394513870963
theta_2,$1-n^2$,1.8500000000000396,0.5980644852107616,0.22693120637439898,0.4966547563875754,0.5465989606578918
theta_2,$1-n^2$,1.8516666666667023,0.5996801476597982,0.226914931715785,0.4983608990739892,0.5483538408776122
theta_2,$1-n^2$,1.853333333333365,0.6012836585570398,0.2269098035133507,0.5000685961176603,0.5501038434305778
theta_2,$1-n^2$,1.8550000000000277,0.6028747869440505,0.2269158304448069,0.5017776274072167,0.5518487202477088
theta_2,$1-n^2$,1.8566666666666904,0.6044533046785182,0.22693302139105243,0.5034877719159954,0.5535882238778262
theta_2,$1-n^2$,1.8583333333333532,0.6060189864976089,0.22696138543152705,0.5051988077761047,0.555322107556447
theta_2,$1-n^2$,1.8600000000000159,0.6075716100827903,0.22700093184943104,0.5069105122751604,0.5570501252969018
theta_2,$1-n^2$,1.8616666666666786,0.6091109561199507,0.22705167012973798,0.5086226619068822,0.5587720319651915
theta_2,$1-n^2$,1.8633333333333413,0.6106368083547732,0.22711360995080165,0.5103350324686072,0.5604875833413671
theta_2,$1-n^2$,1.865000000000004,0.6121489536486909,0.22718676118354086,0.5120473990991057,0.5621965361976095
theta_2,$1-n^2$,1.8666666666666667,0.6136471820312475,0.22727113388708978,0.513759536341709,0.5638986483684104
theta_2,$1-n^2$,1.8683333333333294,0.6151312867502237,0.22736673830479434,0.5154712182028094,0.5655936788216325
theta_2,$1-n^2$,1.8699999999999921,0.616601064319439,0.22747358486034086,0.5171822182073439,0.5672813877298811
theta_2,$1-n^2$,1.8716666666666548,0.6180563145641346,0.22759168415380285,0.5188923094528701,0.568961536541626
theta_2,$1-n^2$,1.8733333333333175,0.6194968406638444,0.22772104695739187,0.5206012646638476,0.5706338880515024
theta_2,$1-n^2$,1.8749999999999802,0.6209224491926635,0.22786168421069875,0.522308856247732,0.5722982064692302
theta_2,$1-n^2$,1.876666666666643,0.6223329501568196,0.2280136070152106,0.5240148563544944,0.5739542574865815
theta_2,$1-n^2$,1.8783333333333057,0.6237281570294553,0.2281768266278903,0.5257190369411755,0.5756018083418334
theta_2,$1-n^2$,1.8799999999999684,0.6251078867825294,0.22835135445360386,0.5274211698430852,0.577240627881139
theta_2,$1-n^2$,1.881666666666631,0.6264719599157429,0.2285372020361819,0.529121026853257,0.5788704866162511
theta_2,$1-n^2$,1.8833333333332938,0.6278202004854916,0.22873438105636645,0.5308183797456936,0.5804911567986883
theta_2,$1-n^2$,1.8849999999999565,0.6291524361312083,0.22894290332888464,0.5325130003030025,0.5821024124911346
theta_2,$1-n^2$,1.8866666666666192,0.6304684980948614,0.22916278078778932,0.5342046604332176,0.5837040296098229
theta_2,$1-n^2$,1.888333333333282,0.6317682212416824,0.22939402548174723,0.5358931322060795,0.5852957859908334
theta_2,$1-n^2$,1.89000000000005,0.6330514440770163,0.22963664956495444,0.5375781879210038,0.5868774614451778
theta_2,$1-n^2$,1.8916666666667128,0.6343180087605038,0.2298906652883658,0.539259600168789,0.5884488378137496
theta_2,$1-n^2$,1.8933333333333755,0.6355677611187689,0.23015608499125334,0.5409371418902826,0.5900096990230806
theta_2,$1-n^2$,1.8950000000000382,0.6368005506549452,0.2304329210925675,0.5426105864315094,0.5915598311393472
theta_2,$1-n^2$,1.896666666666701,0.6380162305562174,0.23072118608211084,0.5442797075984914,0.5930990224215681
theta_2,$1-n^2$,1.8983333333333636,0.639214657698845,0.23102089251121494,0.5459442797127555,0.5946270633728344
theta_2,$1-n^2$,1.9000000000000263,0.6403956926507084,0.2313320529827158,0.5476040776692653,0.5961437467891131
theta_2,$1-n^2$,1.901666666666689,0.6415591996713318,0.23165468014000995,0.5492588769984135,0.5976488678050658
theta_2,$1-n^2$,1.9033333333333518,0.6427050467093415,0.23198878665497127,0.5509084539337045,0.599142223936323
theta_2,$1-n^2$,1.9050000000000145,0.6438331053973154,0.2323343852145106,0.5525525854867639,0.6006236151176576
theta_2,$1-n^2$,1.9066666666666772,0.6449432510449195,0.23269148850819465,0.554191049510944,0.6020928437429944
theta_2,$1-n^2$,1.9083333333333399,0.6460353626345957,0.2330601092284642,0.5558236246641676,0.6035497147357273
theta_2,$1-n^2$,1.9100000000000026,0.6471093228071092,0.23344026004781843,0.5574500905468676,0.6049940355611101
theta_2,$1-n^2$,1.9116666666666653,0.648165017849732,0.2338319536091132,0.5590702277352215,0.6064256162703543
theta_2,$1-n^2$,1.913333333333328,0.6492023376813734,0.23423520251223956,0.5606838178383872,0.607844269535263
theta_2,$1-n^2$,1.9149999999999907,0.6502211758356634,0.23465001930010754,0.562290643557815,0.6092498106802001
theta_2,$1-n^2$,1.9166666666666534,0.6512214294423964,0.23507641644491456,0.5638904887410141,0.6106420577138306
theta_2,$1-n^2$,1.9183333333333161,0.6522029992073227,0.23551440633448553,0.5654831384313213,0.6120208313601432
theta_2,$1-n^2$,1.9199999999999788,0.6531657893902819,0.23596400125847222,0.5670683789152215,0.6133859550882687
theta_2,$1-n^2$,1.9216666666666415,0.6541097077816637,0.23642521339419936,0.5686459977687699,0.6147372551406075
theta_2,$1-n^2$,1.9233333333333043,0.6550346656771892,0.23689805479194442,0.5702157839046619,0.6160745605587795
theta_2,$1-n^2$,1.9249999999999672,0.6559405778510016,0.23738253735943918,0.5717775276215037,0.617397703206908
theta_2,$1-n^2$,1.92666666666663,0.6568273625270555,0.23787867284537964,0.5733310206568295,0.6187065177917518
theta_2,$1-n^2$,1.9283333333332926,0.6576949413487968,0.2383864728217323,0.5748760562454149,0.6200008418791986
theta_2,$1-n^2$,1.9299999999999553,0.6585432393471198,0.23890594866462392,0.5764124291844365,0.6212805159066316
theta_2,$1-n^2$,1.931666666666618,0.6593721849075278,0.23943711153625089,0.5779399358872724,0.6225453831968524
theta_2,$1-n^2$,1.933333333333386,0.6601817097416744,0.23997997238204236,0.5794583743196976,0.6237952900069244
theta_2,$1-n^2$,1.9350000000000487,0.6609717488479921,0.24053454190013981,0.5809675441376706,0.6250300855112775
theta_2,$1-n^2$,1.9366666666667114,0.6617422404772292,0.2411008305266822,0.5824672467071788,0.6262496218209028
theta_2,$1-n^2$,1.938333333333374,0.6624931260953785,0.24167884841714327,0.5839572851450813,0.6274537539932631
theta_2,$1-n^2$,1.9400000000000368,0.6632243503456521,0.2422686054266218,0.5854374643658548,0.6286423400388695
theta_2,$1-n^2$,1.9416666666666995,0.6639358610097872,0.2428701110903926,0.5869075911223822,0.6298152409276031
theta_2,$1-n^2$,1.9433333333333622,0.6646276089687346,0.24348337460456018,0.5883674740422311,0.6309723205944936
theta_2,$1-n^2$,1.945000000000025,0.6652995481627277,0.24410840480662427,0.589816923660761,0.6321134459445884
theta_2,$1-n^2$,1.9466666666666876,0.665951635550732,0.2447452101557657,0.5912557524524088,0.6332384868565462
theta_2,$1-n^2$,1.9483333333333503,0.6665838310692732,0.2453937987126616,0.5926837748614948,0.6343473161845875
theta_2,$1-n^2$,1.9500000000000133,0.6671960975906438,0.2460541781186381,0.5941008073338956,0.6354398097584368
theta_2,$1-n^2$,1.951666666666676,0.6677884008804861,0.24672635557396985,0.5955066683509271,0.6365158463808872
theta_2,$1-n^2$,1.9533333333333387,0.6683607095547514,0.24741033781513447,0.5969011784667848,0.6375753078226241
theta_2,$1-n^2$,1.9550000000000014,0.6689129950360343,0.2481061310908311,0.5982841603508844,0.6386180788139386
theta_2,$1-n^2$,1.9566666666666641,0.6694452315092798,0.24881374113657148,0.599655438836448,0.6396440470329662
theta_2,$1-n^2$,1.9583333333333268,0.6699573958781628,0.24953317315131268,0.6010148409509507,0.640653103097606
theta_2,$1-n^2$,1.9599999999999895,0.6704494677276286,0.25026443179146163,0.6023621958198606,0.6416451405930921
theta_2,$1-n^2$,1.9616666666666522,0.6709214292742368,0.2510075211302327,0.6036973348112603,0.6426200560272017
theta_2,$1-n^2$,1.963333333333315,0.6713732653241639,0.2517624446384247,0.6050200915266758,0.6435777488290046
theta_2,$1-n^2$,1.9649999999999777,0.6718049632295073,0.25252920516000354,0.6063303018230262,0.6445181213375524
theta_2,$1-n^2$,1.9666666666666404,0.6722165128443517,0.25330780488628635,0.607627803840929,0.6454410787871651
theta_2,$1-n^2$,1.968333333333303,0.6726079064812335,0.254098245330393,0.6089124380276885,0.6463465292927746
theta_2,$1-n^2$,1.9699999999999658,0.672979138867995,0.2549005273018156,0.6101840471559877,0.647234383835103
theta_2,$1-n^2$,1.9716666666666285,0.6733302071050166,0.25571465088095446,0.6114424763393014,0.648104556245455
theta_2,$1-n^2$,1.9733333333332912,0.6736611106228169,0.2565406153934688,0.6126875730450502,0.6489569631899048
theta_2,$1-n^2$,1.974999999999954,0.6739718511400108,0.2573784193842917,0.6139191871065149,0.6497915241526537
theta_2,$1-n^2$,1.9766666666666166,0.6742624326216164,0.258228060591158,0.6151371707345306,0.6506081614183405
theta_2,$1-n^2$,1.9783333333333848,0.674532861237714,0.2590895359175486,0.6163413785300527,0.6514068000531316
theta_2,$1-n^2$,1.9800000000000475,0.6747831453223501,0.25996284140457193,0.6175316674981637,0.6521873678840688
theta_2,$1-n^2$,1.9816666666667102,0.6750132953329271,0.26084797220245043,0.6187078970656745,0.6529497954772111
theta_2,$1-n^2$,1.983333333333373,0.6752233238097287,0.26174492254037096,0.6198699291018201,0.6536940161133358
theta_2,$1-n^2$,1.9850000000000356,0.6754132453358274,0.2626536856953642,0.6210176279442118,0.6544199657617411
theta_2,$1-n^2$,1.9866666666666983,0.6755830764973982,0.26357425396010914,0.6221508604281972,0.6551275830522375
theta_2,$1-n^2$,1.988333333333361,0.6757328358521704,0.2645066186308598,0.6232694957829987,0.6558168092805915
theta_2,$1-n^2$,1.9900000000000237,0.6758625438901383,0.2654507699721293,0.6243734056743542,0.6564875883759327
theta_2,$1-n^2$,1.9916666666666865,0.6759722229942123,0.2664066971785091,0.6254624642646558,0.6571398668621158
theta_2,$1-n^2$,1.9933333333333492,0.6760618974063562,0.2673743883493282,0.6265365481857758,0.6577735938415431
theta_2,$1-n^2$,1.9950000000000119,0.6761315931925483,0.26835383045756317,0.6275955365460137,0.6583887209696829
theta_2,$1-n^2$,1.9966666666666746,0.6761813382087328,0.269345009318819,0.6286393109340592,0.6589852024296576
theta_2,$1-n^2$,1.9983333333333373,0.6762111620677445,0.27034790956031,0.6296677554204512,0.6595629949068522
theta_2,$1-n^2$,2.0,0.6762210961071962,0.27136251458976896,0.630680756557013,0.6601220575634948
theta_3,$1-n^3$,0.0,0.628980725385917,0.3755823438908883,0.6110524242082823,0.6227984279111013
theta_3,$1-n^3$,0.0016666666667253846,0.628972949474029,0.37660207459749134,0.6116237468031397,0.6230951944062156
theta_3,$1-n^3$,0.003333333333326279,0.6289496350210576,0.3776297656756235,0.6121815213211587,0.6233769596175942
theta_3,$1-n^3$,0.005000000000051664,0.6289108035130302,0.3786653418835407,0.6127256773694726,0.6236436982524629
theta_3,$1-n^3$,0.006666666666652558,0.6288564784981631,0.37970872642475717,0.6132561467812367,0.6238953873132935
theta_3,$1-n^3$,0.008333333333377942,0.6287866855658021,0.38075984093917864,0.6137728636126476,0.6241320060878514
theta_3,$1-n^3$,0.009999999999978837,0.6287014523254348,0.38181860549329383,0.6142757641386463,0.6243535361384723
theta_3,$1-n^3$,0.01166666666670422,0.6286008083856258,0.3828849385717258,0.6147647868500583,0.624559961290825
theta_3,$1-n^3$,0.013333333333305115,0.6284847853330205,0.38395875706743976,0.6152398724524196,0.624751267621248
theta_3,$1-n^3$,0.0150000000000305,0.6283534167111943,0.3850399762729474,0.6157009638691731,0.6249274434428456
theta_3,$1-n^3$,0.016666666666631396,0.6282067379995665,0.38612850986976627,0.6161480062495511,0.6250884792895036
theta_3,$1-n^3$,0.01833333333335678,0.6280447865920831,0.38722426991851067,0.6165809469837649,0.6252343678979356
theta_3,$1-n^3$,0.019999999999957673,0.6278676017759596,0.38832716684683816,0.6169997357258791,0.6253651041869959
theta_3,$1-n^3$,0.021666666666683057,0.6276752247101159,0.3894371094376614,0.617404324426928,0.6254806852342948
theta_3,$1-n^3$,0.023333333333283954,0.6274676984054437,0.3905540048235741,0.6177946673154326,0.625581110264855
theta_3,$1-n^3$,0.025000000000009338,0.627245067712164,0.3916777585185408,0.6181707206197924,0.6256663807040774
theta_3,$1-n^3$,0.02666666666661023,0.6270073792918761,0.39280827437104204,0.6185324428513013,0.6257365000922368
theta_3,$1-n^3$,0.028333333333335615,0.6267546815988322,0.3939454545643337,0.6188797947608499,0.6257914740767802
theta_3,$1-n^3$,0.030000000000061,0.626487024861127,0.3950891996135287,0.6192127393102758,0.6258313104025531
theta_3,$1-n^3$,0.031666666666661895,0.6262044610614199,0.39623940836133686,0.6195312416625112,0.6258560188971769
theta_3,$1-n^3$,0.033333333333387276,0.6259070439178321,0.39739597797401727,0.6198352691731613,0.6258656114556093
theta_3,$1-n^3$,0.03499999999998817,0.6255948288652659,0.3985588039367276,0.6201247913829572,0.625860102024036
theta_3,$1-n^3$,0.03666666666671356,0.6252678730366166,0.399727780050488,0.620399780011315,0.6258395065832559
theta_3,$1-n^3$,0.03833333333331445,0.6249262352445815,0.40090279842813703,0.6206602089499591,0.6258038431316795
theta_3,$1-n^3$,0.04000000000003984,0.6245699759633305,0.40208374949211834,0.6209060542569558,0.6257531316680647
theta_3,$1-n^3$,0.041666666666640734,0.6241991573108374,0.4032705219713625,0.6211372941501567,0.625687394174177
theta_3,$1-n^3$,0.043333333333366114,0.6238138430310645,0.4044630029001316,0.6213539090003313,0.6256066545974248
theta_3,$1-n^3$,0.04499999999996701,0.6234140984768672,0.4056610776160625,0.6215558813230564,0.6255109388337308
theta_3,$1-n^3$,0.04666666666669239,0.6229999905927462,0.40686462976030385,0.6217431957695718,0.625400274710616
theta_3,$1-n^3$,0.04833333333329329,0.6225715878983787,0.40807354127695544,0.6219158391157406,0.6252746919708315
theta_3,$1-n^3$,0.050000000000018675,0.6221289604719897,0.4092876924147328,0.6220738002492519,0.6251342222564421
theta_3,$1-n^3$,0.051666666666619565,0.6216721799345636,0.41050696172803813,0.6222170701542773,0.624978899093766
theta_3,$1-n^3$,0.05333333333334495,0.6212013194338869,0.4117312260803869,0.6223456418936462,0.6248087578790077
theta_3,$1-n^3$,0.05499999999994585,0.6207164536294929,0.4129603606473458,0.6224595105878215,0.6246238358650563
theta_3,$1-n^3$,0.05666666666667123,0.6202176586774146,0.41419423892187657,0.6225586733912479,0.6244241721490277
theta_3,$1-n^3$,0.058333333333272126,0.619705012212693,0.41543273270327274,0.6226431295846735,0.6242098076204105
theta_3,$1-n^3$,0.059999999999997514,0.6191785933364304,0.4166757121143383,0.6227128804791214,0.6239807849696806
theta_3,$1-n^3$,0.061666666666722894,0.6186384826017054,0.4179230456056704,0.6227679293938628,0.6237371486803819
theta_3,$1-n^3$,0.06333333333332379,0.6180847619977349,0.4191745999538594,0.6228082817004567,0.6234789449938618
theta_3,$1-n^3$,0.06500000000004917,0.6175175149364687,0.42043024027194353,0.622833944783828,0.6232062219003385
theta_3,$1-n^3$,0.06666666666665007,0.6169368262395636,0.4216898300180457,0.6228449280134895,0.6229190291274275
theta_3,$1-n^3$,0.06833333333337545,0.6163427821247277,0.4229532310048053,0.6228412427232353,0.6226174181261097
theta_3,$1-n^3$,0.06999999999997635,0.6157354701927893,0.424220303406967,0.6228229021975273,0.6223014420552612
theta_3,$1-n^3$,0.07166666666670173,0.6151149794141462,0.4254909057704077,0.6227899216628708,0.6219711557645412
theta_3,$1-n^3$,0.07333333333330262,0.6144814001160529,0.42676489501985215,0.622742318282463,0.6216266157768451
theta_3,$1-n^3$,0.07500000000002802,0.613834823969336,0.42804212646857615,0.6226801111523432,0.6212678802700488
theta_3,$1-n^3$,0.0766666666666289,0.6131753439760605,0.429322453827331,0.6226033212973987,0.6208950090593212
theta_3,$1-n^3$,0.0783333333333543,0.6125030544566743,0.4306057292158042,0.6225119716653822,0.6205080635796617
theta_3,$1-n^3$,0.07999999999995519,0.6118180510382141,0.4318918031738353,0.6224060871173672,0.6201071068700081
theta_3,$1-n^3$,0.08166666666668057,0.6111204306420405,0.4331805246757153,0.6222856944127276,0.6196922035585043
theta_3,$1-n^3$,0.08333333333328147,0.6104102914727461,0.4344717411447751,0.6221508221871346,0.6192634198503393
theta_3,$1-n^3$,0.08500000000000685,0.6096877330066415,0.435765298471606,0.622001500921592,0.6188208235176819
theta_3,$1-n^3$,0.08666666666660774,0.6089528559815276,0.43706104103310256,0.6218377629010692,0.6183644838931872
theta_3,$1-n^3$,0.08833333333333312,0.6082057623860947,0.4383588117156849,0.6216596421606843,0.6178944718665351
theta_3,$1-n^3$,0.0900000000000585,0.6074465554506617,0.439658451939976,0.6214671744180509,0.6174108598855035
theta_3,$1-n^3$,0.0916666666666594,0.6066753396348219,0.44095980167304627,0.6212603970991321,0.6169137219305535
theta_3,$1-n^3$,0.09333333333338478,0.60589222060146,0.4422626993696549,0.6210393498407211,0.6164031333562326
theta_3,$1-n^3$,0.09499999999998568,0.6050973052240259,0.44356698208624257,0.6208040738479341,0.6158791710549355
theta_3,$1-n^3$,0.09666666666671107,0.6042907015697295,0.4448724854717551,0.6205546120763057,0.6153419133877576
theta_3,$1-n^3$,0.09833333333331196,0.6034725188885766,0.446179043784966,0.6202910092406033,0.6147914401646817
theta_3,$1-n^3$,0.10000000000003735,0.6026428676028496,0.4474864899214131,0.6200133117751401,0.6142278326379361
theta_3,$1-n^3$,0.10166666666663825,0.6018018592972524,0.44879465543772473,0.619721567806018,0.6136511734929876
theta_3,$1-n^3$,0.10333333333336363,0.6009496067078112,0.4501033705768045,0.6194158271325332,0.6130615468364268
theta_3,$1-n^3$,0.10499999999996452,0.6000862237115645,0.4514124642910962,0.6190961412162762,0.6124590381826643
theta_3,$1-n^3$,0.1066666666666899,0.5992118253150809,0.45272176426740185,0.6187625631750898,0.6118437344386324
theta_3,$1-n^3$,0.1083333333332908,0.5983265276438889,0.45403109695047117,0.6184151477804832,0.6112157238884698
theta_3,$1-n^3$,0.11000000000001618,0.597430447930807,0.4553402875688372,0.618053951455602,0.6105750961773271
theta_3,$1-n^3$,0.11166666666661708,0.5965237045053089,0.45664916016011603,0.6176790322724154,0.6099219422963296
theta_3,$1-n^3$,0.11333333333334246,0.5956064167818604,0.45795753759924496,0.6172904499451554,0.6092563545677724
theta_3,$1-n^3$,0.11499999999994336,0.5946787052494169,0.4592652416268776,0.6168882658187367,0.6085784266326483
theta_3,$1-n^3$,0.11666666666666874,0.5937406914599617,0.4605720928814098,0.616472542849124,0.6078882534395214
theta_3,$1-n^3$,0.11833333333339413,0.5927924980182581,0.4618779109319533,0.6160433455744094,0.607185931236854
theta_3,$1-n^3$,0.11999999999999503,0.5918342485711433,0.463182514315046,0.6156007400737302,0.6064715575681107
theta_3,$1-n^3$,0.12166666666672041,0.590866067797087,0.4644857205744673,0.6151447939121668,0.6057452312706932
theta_3,$1-n^3$,0.1233333333333213,0.5898880813967988,0.4657873463035316,0.6146755760698429,0.6050070524798365
theta_3,$1-n^3$,0.12500000000004668,0.5889004160829288,0.46708720719149255,0.6141931568593068,0.604257122634759
theta_3,$1-n^3$,0.12666666666664758,0.5879031995539601,0.4683851179742401,0.6136976084285677,0.6034955443263226
theta_3,$1-n^3$,0.12833333333337296,0.5868965604873968,0.4696808925050211,0.6131890045397412,0.6027224213421143
theta_3,$1-n^3$,0.12999999999997386,0.5858806285362562,0.47097434383545506,0.6126674202764495,0.6019378587306818
theta_3,$1-n^3$,0.13166666666669924,0.5848555343108303,0.4722652842243496,0.612132932212986,0.601141962738911
theta_3,$1-n^3$,0.13333333333330014,0.5838214093672398,0.47355352517888394,0.6115856183806767,0.6003348408060348
theta_3,$1-n^3$,0.13500000000002552,0.5827783861942922,0.47483887749655734,0.61102555824279,0.5995166015542065
theta_3,$1-n^3$,0.1366666666666264,0.5817265982011327,0.47612115130509647,0.6104528326775758,0.5986873547779865
theta_3,$1-n^3$,0.1383333333333518,0.5806661797032547,0.4774001561036799,0.6098675239664244,0.5978472114312593
theta_3,$1-n^3$,0.1399999999999527,0.5795972659094054,0.47867570080268734,0.6092697157867857,0.5969962836139834
theta_3,$1-n^3$,0.14166666666667807,0.5785199929069086,0.4799475937653169,0.6086594932067796,0.5961346845572381
theta_3,$1-n^3$,0.14333333333327897,0.5774344976479818,0.48121564284829355,0.6080369426811987,0.5952625286090222
theta_3,$1-n^3$,0.14500000000000435,0.5763409179345304,0.4824796554449954,0.607402152045773,0.5943799312192166
theta_3,$1-n^3$,0.14666666666660524,0.5752393924040342,0.4837394385282392,0.606755210509458,0.593487008926217
theta_3,$1-n^3$,0.14833333333333062,0.574130060513972,0.4849947986960331,0.6060962086415577,0.592583879343598
theta_3,$1-n^3$,0.15000000000005603,0.5730130625273522,0.48624554221764904,0.6054252383534496,0.5916706611492978
theta_3,$1-n^3$,0.1516666666666569,0.5718885394973436,0.487491475082652,0.6047423928720216,0.5907474740761121
theta_3,$1-n^3$,0.1533333333333823,0.5707566332518551,0.4887324030522163,0.6040477667035802,0.5898144389045964
theta_3,$1-n^3$,0.1549999999999832,0.5696174863789553,0.4899681317120855,0.6033414555870654,0.5888716774595283
theta_3,$1-n^3$,0.1566666666667086,0.5684712422110656,0.49119846652977545,0.6026235564335808,0.5879193126086398
theta_3,$1-n^3$,0.15833333333330948,0.567318044806604,0.49242321288852076,0.6018941673966713,0.5869574682271748
theta_3,$1-n^3$,0.16000000000003486,0.5661580389232312,0.4936421760820886,0.6011533881809377,0.5859862690971996
theta_3,$1-n^3$,0.16166666666663576,0.5649913700137181,0.4948551614424207,0.6004013195744963,0.5850058410173483
theta_3,$1-n^3$,0.16333333333336114,0.5638181842031968,0.4960619743632545,0.5996380635962272,0.5840163107442268
theta_3,$1-n^3$,0.16499999999996204,0.5626386282717675,0.4972624203506701,0.5988637234829814,0.5830178059788802
theta_3,$1-n^3$,0.16666666666668742,0.5614528496356461,0.4984563050772447,0.5980784036660918,0.5820104553545139
theta_3,$1-n^3$,0.16833333333328832,0.5602609963292534,0.49964343443435316,0.5972822097538423,0.5809943884238034
theta_3,$1-n^3$,0.1700000000000137,0.55906321698545,0.5008236145856452,0.5964752485170017,0.5799697356436857
theta_3,$1-n^3$,0.1716666666666146,0.5578596608167843,0.5019966520190076,0.5956576278782505,0.5789366283603175
theta_3,$1-n^3$,0.17333333333333997,0.5566504775949267,0.5031623536000104,0.5948294569025515,0.5778951987920508
theta_3,$1-n^3$,0.17499999999994087,0.5554358176311867,0.5043205266241788,0.5939908457893496,0.5768455800131539
theta_3,$1-n^3$,0.17666666666666625,0.5542158317552577,0.5054709788710541,0.5931419058635964,0.5757879059360863
theta_3,$1-n^3$,0.17833333333339163,0.552990671295022,0.506613518657507,0.5922827495664724,0.5747223112950153
theta_3,$1-n^3$,0.17999999999999253,0.5517604880551769,0.5077479548926361,0.5914134904432055,0.5736489316289043
theta_3,$1-n^3$,0.1816666666667179,0.5505254342956104,0.5088740971335332,0.5905342431275478,0.5725679032652197
theta_3,$1-n^3$,0.1833333333333188,0.5492856627104831,0.5099917556412457,0.5896451233225338,0.5714793633053513
theta_3,$1-n^3$,0.18500000000004418,0.5480413264057377,0.5111007414392054,0.5887462477748368,0.5703834496100121
theta_3,$1-n^3$,0.18666666666664508,0.5467925788779274,0.5122008663716785,0.5878377342437144,0.5692803007873977
theta_3,$1-n^3$,0.18833333333337046,0.5455395739914267,0.5132919431650727,0.5869197014613762,0.5681700561817854
theta_3,$1-n^3$,0.18999999999997136,0.5442824659570118,0.5143737854895021,0.5859922690864674,0.5670528558653046
theta_3,$1-n^3$,0.19166666666669674,0.5430214093036341,0.5154462079841698,0.5850555578661796,0.5659288405706381
theta_3,$1-n^3$,0.19333333333329764,0.5417565588555068,0.5165090263140438,0.5841096896161971,0.5647981516762551
theta_3,$1-n^3$,0.19500000000002304,0.5404880697119856,0.5175620572584144,0.5831547870328002,0.5636609312332643
theta_3,$1-n^3$,0.1966666666666239,0.5392160972223351,0.518605118752266,0.5821909737607311,0.562517321924498
theta_3,$1-n^3$,0.19833333333334932,0.5379407969606008,0.5196380299440654,0.5812183743744859,0.561367467045927
theta_3,$1-n^3$,0.19999999999995022,0.5366623247017546,0.5206606112521379,0.580237114361629,0.5602115104887498
theta_3,$1-n^3$,0.2016666666666756,0.5353808363960811,0.5216726844221161,0.5792473201056474,0.5590495967194955
theta_3,$1-n^3$,0.2033333333332765,0.5340964881448627,0.5226740725829859,0.5782491188704874,0.5578818707609637
theta_3,$1-n^3$,0.20500000000000188,0.5328094361743172,0.5236646003041688,0.5772426387842482,0.5567084781713104
theta_3,$1-n^3$,0.20666666666672726,0.5315198368107648,0.5246440936512852,0.5762280088241419,0.5555295650240422
theta_3,$1-n^3$,0.20833333333332815,0.5302278464546367,0.525612380242477,0.5752053588006866,0.5543452778868205
theta_3,$1-n^3$,0.21000000000005353,0.5289336215542929,0.5265692893045159,0.5741748193416799,0.5531557638000091
theta_3,$1-n^3$,0.21166666666665443,0.5276373185806243,0.5275146517279837,0.5731365218765557,0.5519611702559335
theta_3,$1-n^3$,0.2133333333333798,0.526339094000037,0.5284483001233169,0.5720905986190188,0.550761645176709
theta_3,$1-n^3$,0.2149999999999807,0.525039104248821,0.529370068875491,0.5710371825501681,0.5495573368934634
theta_3,$1-n^3$,0.2166666666667061,0.5237375057058199,0.5302797941996009,0.569976407399446,0.5483483941241748
theta_3,$1-n^3$,0.21833333333330698,0.5224344546665078,0.5311773141950973,0.5689084076257312,0.5471349659530637
theta_3,$1-n^3$,0.22000000000003236,0.5211301073153817,0.5320624689008753,0.5678333183958791,0.5459172018087346
theta_3,$1-n^3$,0.22166666666663326,0.5198246196997839,0.532935100349036,0.5667512755630628,0.5446952514440302
theta_3,$1-n^3$,0.22333333333335864,0.5185181477020556,0.5337950526194573,0.5656624156421828,0.5434692649147703
theta_3,$1-n^3$,0.22499999999995954,0.5172108470134524,0.5346421718924672,0.5645668757905411,0.5422393925574055
theta_3,$1-n^3$,0.22666666666668492,0.5159028731069327,0.5354763064927529,0.5634647938468376,0.5410057849433018
theta_3,$1-n^3$,0.22833333333328582,0.5145943812090474,0.5362973069443964,0.56235630827638,0.5397685928741388
theta_3,$1-n^3$,0.2300000000000112,0.5132855262738312,0.5371050260301623,0.5612415581174796,0.5385279673631481
theta_3,$1-n^3$,0.2316666666666121,0.51197646295606,0.5378993188383782,0.5601206829784678,0.5372840596080655
theta_3,$1-n^3$,0.23333333333333747,0.5106673455828729,0.5386800428108973,0.5589938230279589,0.5360370209644256
theta_3,$1-n^3$,0.23499999999993837,0.5093583281271687,0.5394470577904227,0.5578611189815371,0.5347870029211307
theta_3,$1-n^3$,0.23666666666666375,0.5080495641796337,0.5402002260688734,0.5567227120830528,0.5335341570751575
theta_3,$1-n^3$,0.23833333333338916,0.5067412069224099,0.5409394124347692,0.5555787440839933,0.5322786351081288
theta_3,$1-n^3$,0.23999999999999005,0.5054334091019446,0.5416644842208664,0.5544293572196823,0.5310205887622526
theta_3,$1-n^3$,0.24166666666671544,0.5041263230019777,0.5423753113512342,0.553274694184005,0.5297601698163968
theta_3,$1-n^3$,0.24333333333331633,0.5028201004176276,0.5430717663870384,0.5521148981043862,0.5284975300630821
theta_3,$1-n^3$,0.2450000000000417,0.5015148926281138,0.5437537245721542,0.5509501125157312,0.5272328212838739
theta_3,$1-n^3$,0.2466666666666426,0.5002108503711259,0.5444210638767518,0.5497804813368631,0.5259661952259344
theta_3,$1-n^3$,0.248333333333368,0.4989081238156975,0.5450736650403029,0.548606148847545,0.5246978035765495
theta_3,$1-n^3$,0.24999999999996889,0.4976068625366871,0.5457114116121641,0.5474272596697335,0.5234277979384944
theta_3,$1-n^3$,0.25166666666669424,0.4963072154877302,0.5463341899911185,0.5462439587511261,0.5221563298030436
theta_3,$1-n^3$,0.25333333333329516,0.49500933097575844,0.5469418894620981,0.5450563913546718,0.520883550523498
theta_3,$1-n^3$,0.25500000000002054,0.4937133566339572,0.5475344022313989,0.5438647030520866,0.5196096112860276
theta_3,$1-n^3$,0.2566666666666214,0.4924194393962499,0.5481116234586844,0.5426690397250633,0.5183346630807073
theta_3,$1-n^3$,0.2583333333333468,0.4911277254701877,0.5486734512870143,0.5414695475721967,0.5170588566695412
theta_3,$1-n^3$,0.2599999999999477,0.48983836031981204,0.5492197869157232,0.54026637291092,0.5157823425985327
theta_3,$1-n^3$,0.2616666666666731,0.4885514886397299,0.5497505346296843,0.5390596621794657,0.5145052711651937
theta_3,$1-n^3$,0.26333333333327397,0.48726725432474866,0.5502656017962353,0.5378495620773551,0.5132277923618902
theta_3,$1-n^3$,0.2649999999999994,0.48598580044995415,0.5507648989239915,0.5366362194168111,0.5119500558763346
theta_3,$1-n^3$,0.2666666666667248,0.48470726924670915,0.5512483396866091,0.535419781130086,0.5106722110608596
theta_3,$1-n^3$,0.26833333333332565,0.4834318020784268,0.5517158409481365,0.5342003942644118,0.5093944069032716
theta_3,$1-n^3$,0.27000000000005103,0.4821595394170319,0.5521673227891195,0.5329782059673701,0.5081167919998427
theta_3,$1-n^3$,0.27166666666665196,0.4808906208210035,0.5526027085327182,0.531753363465498,0.5068395145309987
theta_3,$1-n^3$,0.27333333333337734,0.47962518491256967,0.5530219247712693,0.5305260140357474,0.5055627222369257
theta_3,$1-n^3$,0.2749999999999782,0.47836336935694673,0.5534249013918319,0.5292963049745298,0.5042865623956534
theta_3,$1-n^3$,0.2766666666667036,0.4771053108405368,0.5538115716013344,0.5280643835633146,0.503011181800171
theta_3,$1-n^3$,0.2783333333333045,0.4758511450510569,0.5541818719499043,0.526830397035618,0.50173672673723
theta_3,$1-n^3$,0.2800000000000299,0.47460100665653004,0.5545357423529189,0.525594492544339,0.5004633429643881
theta_3,$1-n^3$,0.28166666666663076,0.4733550292860937,0.5548731261104358,0.524356817134289,0.4991911756879493
theta_3,$1-n^3$,0.28333333333335614,0.4721133455095744,0.5551939699244653,0.5231175177188625,0.4979203695383558
theta_3,$1-n^3$,0.28499999999995707,0.4708760868187653,0.5554982239128206,0.5218767410657038,0.4966510685456831
theta_3,$1-n^3$,0.28666666666668245,0.46964338360737495,0.5557858416199284,0.5206346337903105,0.4953834161117999
theta_3,$1-n^3$,0.2883333333332833,0.468415365152563,0.556056780023417,0.5193913423624339,0.49411755498183596
theta_3,$1-n^3$,0.2900000000000087,0.46719215959505317,0.5563109995367839,0.518147013124212,0.49285362721152887
theta_3,$1-n^3$,0.2916666666666096,0.46597389392071753,0.5565484640070381,0.5169017923249015,0.49159177413308375
theta_3,$1-n^3$,0.293333333333335,0.464760693943587,0.5567691407263864,0.5156558260836246,0.4903321363351858
theta_3,$1-n^3$,0.2950000000000604,0.46355268430988245,0.5569730005639724,0.5144092597896155,0.4890748537667581
theta_3,$1-n^3$,0.29666666666666125,0.4623499884604401,0.5571600178332046,0.5131622387236103,0.4878200655740642
theta_3,$1-n^3$,0.29833333333338663,0.4611527286209184,0.5573301703330181,0.5119149078616796,0.48656791011773143
theta_3,$1-n^3$,0.29999999999998755,0.4599610257892923,0.5574834393595945,0.5106674118122436,0.4853185249611367
theta_3,$1-n^3$,0.30166666666671293,0.4587749997200774,0.5576198097009738,0.5094198948255253,0.4840720468416011
theta_3,$1-n^3$,0.3033333333333138,0.45759476891101997,0.5577392696332242,0.5081725007896589,0.4828286116467132
theta_3,$1-n^3$,0.30500000000003924,0.4564204505893198,0.5578418109179506,0.506925373213261,0.4815883543921932
theta_3,$1-n^3$,0.3066666666666401,0.4552521607001343,0.5579274288002228,0.5056786552002345,0.4803514092036738
theta_3,$1-n^3$,0.3083333333333655,0.45409001389445686,0.5579961220066236,0.504432489416614,0.4791179092988242
theta_3,$1-n^3$,0.3099999999999664,0.45293412351909057,0.5580478927425808,0.5031870180552221,0.4778879869721792
theta_3,$1-n^3$,0.3116666666666918,0.4517846016058395,0.5580827466885996,0.5019423827979448,0.4766617735791138
theta_3,$1-n^3$,0.31333333333329266,0.4506415588626088,0.5581006929946424,0.500698724781394,0.47543939952131
theta_3,$1-n^3$,0.31500000000001804,0.4495051046635654,0.558101744272191,0.49945618456577107,0.47422099423017283
theta_3,$1-n^3$,0.31666666666661897,0.44837534704102067,0.5580859165833182,0.49821490211269137,0.47300668615052516
theta_3,$1-n^3$,0.31833333333334435,0.44725239267621775,0.558053229426224,0.4969750167717904,0.471796602721056
theta_3,$1-n^3$,0.3199999999999452,0.4461363468916533,0.5580037057166447,0.49573666728186744,0.470590870353833
theta_3,$1-n^3$,0.3216666666666706,0.4450273136421481,0.5579373717645068,0.49449999178639004,0.4693896144093737
theta_3,$1-n^3$,0.3233333333332715,0.4439253955072641,0.5578542572453176,0.49326512786911186,0.4681929591695658
theta_3,$1-n^3$,0.3249999999999969,0.4428306936823157,0.5577543951655833,0.49203221260963265,0.46700102780495245
theta_3,$1-n^3$,0.3266666666667223,0.4417433079720537,0.5576378218327503,0.4908013826136294,0.4658139423498234
theta_3,$1-n^3$,0.32833333333332315,0.44066333680940273,0.5575045769968547,0.4895727732376836,0.4646318238543271
theta_3,$1-n^3$,0.33000000000004853,0.43959087723202217,0.5573547036982567,0.48834651917744903,0.46345479223538255
theta_3,$1-n^3$,0.33166666666664946,0.43852602487793385,0.5571882482358604,0.48712275448713427,0.4622829662564345
theta_3,$1-n^3$,0.33333333333337484,0.4374688739857436,0.5570052601691287,0.4859016124363822,0.4611164635412091
theta_3,$1-n^3$,0.3349999999999757,0.4364195173919798,0.5568057922866565,0.48468322551992327,0.45995540055587997
theta_3,$1-n^3$,0.3366666666667011,0.43537804652815937,0.5565899005763523,0.483467725451799,0.458799892593533
theta_3,$1-n^3$,0.338333333333302,0.43434455142000944,0.5563576441970359,0.48225524315014484,0.45765005376303225
theta_3,$1-n^3$,0.3400000000000274,0.43331912068623785,0.5561090854503531,0.481045908712692,0.4565059969788268
theta_3,$1-n^3$,0.34166666666662826,0.43230184153924267,0.5558442897528943,0.47983985138896434,0.45536783395377545
theta_3,$1-n^3$,0.34333333333335364,0.4312927997851911,0.5555633256073406,0.47863719954934475,0.4542356751915551
theta_3,$1-n^3$,0.34499999999995457,0.430292079825821,0.5552662645726002,0.4774380806569706,0.4531096299807034
theta_3,$1-n^3$,0.34666666666667995,0.42929976465943326,0.5549531812316832,0.47624262124264943,0.4519898063868888
theta_3,$1-n^3$,0.3483333333332808,0.4283159358833885,0.5546241531573541,0.475050946888739,0.45087631124542954
theta_3,$1-n^3$,0.35000000000000625,0.42734067369561773,0.5542792608742312,0.4738631822221974,0.4497692501506851
theta_3,$1-n^3$,0.3516666666666071,0.4263740568974187,0.5539185878174522,0.4726794509227319,0.4486687274443107
theta_3,$1-n^3$,0.3533333333333325,0.4254161628950889,0.5535422202864975,0.4714998757462697,0.4475748461990298
theta_3,$1-n^3$,0.3550000000000579,0.4244670677025551,0.5531502473943353,0.4703245785695728,0.44648770819980255
theta_3,$1-n^3$,0.3566666666666588,0.4235268459432864,0.552742761012041,0.4691536804501217,0.44540741392116
theta_3,$1-n^3$,0.3583333333333842,0.42259557086729393,0.5523198558163713,0.4679873011970263,0.4443340626150812
theta_3,$1-n^3$,0.35999999999998505,0.42167331435286,0.5518816292198453,0.46682555949596294,0.44326775227515136
theta_3,$1-n^3$,0.36166666666671043,0.4207601469051935,0.5514281812823862,0.465668573111074,0.44220857958360843
theta_3,$1-n^3$,0.36333333333331136,0.41985613766695684,0.5509596146958426,0.46451645874542286,0.44115663993699517
theta_3,$1-n^3$,0.36500000000003674,0.4189613544236433,0.5504760347352837,0.46336933205142145,0.44011202743689765
theta_3,$1-n^3$,0.3666666666666376,0.41807586361083154,0.5499775492128125,0.46222730763011793,0.43907483488538707
theta_3,$1-n^3$,0.368333333333363,0.41719973032105717,0.5494642684321712,0.46109049901965243,0.43804515378194925
theta_3,$1-n^3$,0.3699999999999639,0.4163330183123389,0.5489363051446886,0.45995901867868566,0.4370230743236949
theta_3,$1-n^3$,0.3716666666666893,0.4154757900161451,0.5483937745047704,0.45883297796513267,0.4360086854056695
theta_3,$1-n^3$,0.37333333333329016,0.4146281065467939,0.5478367940255554,0.4577124871159813,0.4350020746230216
theta_3,$1-n^3$,0.37500000000001554,0.4137900277101149,0.5472654835328667,0.4565976552285536,0.4340033282718833
theta_3,$1-n^3$,0.37666666666661647,0.412961612013324,0.5466799651181508,0.4554885902489636,0.4330125313506862
theta_3,$1-n^3$,0.37833333333334185,0.41214291667398273,0.5460803630884655,0.45438539896815555,0.4320297675588024
theta_3,$1-n^3$,0.3799999999999427,0.41133399762994777,0.5454668039142768,0.4532881870312502,0.43105511929419754
theta_3,$1-n^3$,0.3816666666666681,0.4105349095482297,0.5448394161730586,0.4521970589606101,0.43008866764702286
theta_3,$1-n^3$,0.3833333333333935,0.4097457058345594,0.5441983304894736,0.4511121181982421,0.429130492390723
theta_3,$1-n^3$,0.3849999999999944,0.4089664386428732,0.5435436794764567,0.45003346713942355,0.4281806719747957
theta_3,$1-n^3$,0.3866666666667198,0.4081971588962034,0.5428755977565801,0.44896120677964696,0.4272392836064017
theta_3,$1-n^3$,0.38833333333332065,0.4074379162913657,0.5421942218597441,0.4478954369583802,0.42630640319653645
theta_3,$1-n^3$,0.3900000000000461,0.4066887593097887,0.5414996901692377,0.4468362563627329,0.4253821053610476
theta_3,$1-n^3$,0.39166666666664696,0.4059497352309255,0.5407921428784821,0.4457837624857502,0.42446646343355815
theta_3,$1-n^3$,0.39333333333337234,0.4052208901434836,0.5400717219357726,0.44473805163651187,0.4235595494655865
theta_3,$1-n^3$,0.39499999999997326,0.4045022689580501,0.5393385709918067,0.44369921894142733,0.42266143423057817
theta_3,$1-n^3$,0.39666666666669864,0.40379391541925186,0.5385928353477479,0.44266735833709353,0.4217721872289859
theta_3,$1-n^3$,0.3983333333332995,0.4030958721191028,0.5378346619049912,0.44164256256009493,0.4208918766958897
theta_3,$1-n^3$,0.4000000000000249,0.4024081805097265,0.5370641991143179,0.4406249231341453,0.42002056960833334
theta_3,$1-n^3$,0.4016666666666258,0.4017308809170554,0.5362815969256679,0.43961453035991804,0.41915833169382843
theta_3,$1-n^3$,0.4033333333333512,0.40106401255374646,0.5354870067361558,0.4386114733079974,0.4183052274372449
theta_3,$1-n^3$,0.40499999999995207,0.40040761353286386,0.5346805813376181,0.43761583982026453,0.4174613200874948
theta_3,$1-n^3$,0.40666666666667745,0.3997617208806181,0.5338624748612608,0.43662771652018406,0.4166266716612731
theta_3,$1-n^3$,0.40833333333327837,0.3991263705496628,0.5330328427207508,0.43564718883727066,0.41580134294521814
theta_3,$1-n^3$,0.41000000000000375,0.3985015974312883,0.5321918415512646,0.43467434104623676,0.41498539349379904
theta_3,$1-n^3$,0.4116666666666046,0.397887435368838,0.5313396291523201,0.43370925629440027,0.4141788816316038
theta_3,$1-n^3$,0.41333333333333,0.39728391717841555,0.5304763644881151,0.43275201634140875,0.4133818645213565
theta_3,$1-n^3$,0.4150000000000554,0.3966910746575364,0.5296022075947742,0.4318027017641138,0.41259439812536897
theta_3,$1-n^3$,0.4166666666666563,0.3961089385994164,0.5287173195317991,0.4308613919399916,0.41181653721846423
theta_3,$1-n^3$,0.4183333333333817,0.3955375388073378,0.5278218623336277,0.42992816503270265,0.41104833540046065
theta_3,$1-n^3$,0.41999999999998255,0.3949769041087309,0.5269159989565996,0.4290030980056646,0.4102898451032034
theta_3,$1-n^3$,0.42166666666670793,0.39442706236886643,0.5259998932268914,0.42808626662631827,0.40954111759898465
theta_3,$1-n^3$,0.42333333333330886,0.39388804050539844,0.525073709791008,0.42717774546581255,0.408802203011515
theta_3,$1-n^3$,0.42500000000003424,0.3933598645023387,0.5241376140661775,0.42627760789446556,0.40807315032701885
theta_3,$1-n^3$,0.4266666666666351,0.39284255942469765,0.5231917721923536,0.4253859260777613,0.40735400740663247
theta_3,$1-n^3$,0.4283333333333605,0.3923361494324244,0.5222363509831215,0.42450277097327793,0.40664482099772314
theta_3,$1-n^3$,0.4299999999999614,0.3918406577948275,0.5212715178772601,0.4236282123332669,0.40594563674525974
theta_3,$1-n^3$,0.4316666666666868,0.3913561069041625,0.5202974408882092,0.42276231871332054,0.4052564992009029
theta_3,$1-n^3$,0.43333333333328766,0.39088251828951576,0.5193142885532398,0.4219051574918052,0.4045774518308955
theta_3,$1-n^3$,0.4350000000000131,0.3904199126297217,0.5183222298795346,0.42105679490053965,0.4039085370204706
theta_3,$1-n^3$,0.43666666666661397,0.389968309766392,0.5173214342890163,0.4202172960713496,0.4032497960758102
theta_3,$1-n^3$,0.43833333333333935,0.3895277287201453,0.5163120715908018,0.4193867249384284,0.40260126925904444
theta_3,$1-n^3$,0.43999999999994027,0.38909818770613186,0.5152943119465643,0.41856514418718327,0.4019629958132473
theta_3,$1-n^3$,0.44166666666666565,0.38867970414359154,0.5142683257960723,0.4177526153990203,0.4013350139409413
theta_3,$1-n^3$,0.44333333333339103,0.38827229467112356,0.5132342838236369,0.4169491989993241,0.4007173608298857
theta_3,$1-n^3$,0.4449999999999919,0.3878759751596264,0.5121923569103298,0.4161549542764519,0.40011007266157783
theta_3,$1-n^3$,0.4466666666667173,0.38749076072533567,0.5111427160882872,0.41536993939297995,0.3995131846217496
theta_3,$1-n^3$,0.4483333333333182,0.3871166657431717,0.51008553249749,0.4145942113919336,0.39892673091277076
theta_3,$1-n^3$,0.4500000000000436,0.38675370385960783,0.509020977342664,0.41382782619868475,0.39835074476631427
theta_3,$1-n^3$,0.45166666666664446,0.38640188800588493,0.5079492218523298,0.41307083862248706,0.3977852584571413
theta_3,$1-n^3$,0.45333333333336984,0.38606123041061513,0.5068704372370734,0.4123233023579496,0.39723030331607967
theta_3,$1-n^3$,0.45499999999997076,0.38573174261257775,0.5057847946491809,0.4115852699904357,0.39668590974304985
theta_3,$1-n^3$,0.45666666666669614,0.385413435472804,0.5046924651406746,0.4108567930057326,0.39615210721826327
theta_3,$1-n^3$,0.458333333333297,0.3851063191867007,0.5035936196219244,0.41013792180793335,0.39562892431239677
theta_3,$1-n^3$,0.4600000000000224,0.38481040329536226,0.5024884288178421,0.4094287057459227,0.39511638869391824
theta_3,$1-n^3$,0.4616666666666233,0.38452569669676817,0.5013770632238626,0.4087291931523616,0.3946145271343161
theta_3,$1-n^3$,0.4633333333333487,0.3842522076577365,0.5002596930710048,0.40803943133106013,0.3941233655248405
theta_3,$1-n^3$,0.46499999999994956,0.38398994382903207,0.4991364883150369,0.4073594664302411,0.393642928921033
theta_3,$1-n^3$,0.46666666666667495,0.3837389122523166,0.49800761856887554,0.406689343608245,0.39317324151698957
theta_3,$1-n^3$,0.46833333333327587,0.3834991193726238,0.49687325307711694,0.4060291069901064,0.39271432667034134
theta_3,$1-n^3$,0.47000000000000125,0.3832705710487847,0.495733560678577,0.40537879968376145,0.39226620691204417
theta_3,$1-n^3$,0.47166666666672663,0.3830532725639432,0.4945887097711171,0.40473846379532535,0.39182890395708286
theta_3,$1-n^3$,0.4733333333333275,0.38284722863578263,0.49343886827729216,0.4041081404388508,0.39140243871600405
theta_3,$1-n^3$,0.47500000000005294,0.38265244342661575,0.4922842036113532,0.40348786974274686,0.39098683130722695
theta_3,$1-n^3$,0.4766666666666538,0.38246892055342585,0.4911248826481684,0.40287769085497865,0.3905821010700169
theta_3,$1-n^3$,0.4783333333333792,0.38229666309744187,0.48996107169160275,0.40227764194755383,0.39018826657692557
theta_3,$1-n^3$,0.4799999999999801,0.3821356736136497,0.4887929364447278,0.40168776022339703,0.38980534564624353
theta_3,$1-n^3$,0.4816666666667055,0.38198595413975434,0.4876206419787838,0.40110808192582287,0.389433355353084
theta_3,$1-n^3$,0.48333333333330636,0.38184750620495844,0.48644435270337116,0.4005386423537109,0.38907231203962556
theta_3,$1-n^3$,0.48500000000003174,0.3817203308381262,0.4852642323347752,0.3999794758826405,0.3887222313231845
theta_3,$1-n^3$,0.48666666666663266,0.3816044285756438,0.4840804438649198,0.39943061599504015,0.3883831281025925
theta_3,$1-n^3$,0.48833333333335804,0.3814997994687361,0.48289314952883766,0.3988920953141596,0.388055016562943
theta_3,$1-n^3$,0.4899999999999589,0.3814064430941624,0.481702510800098,0.39836394549804893,0.3877379102147307
theta_3,$1-n^3$,0.4916666666666843,0.38132435856021246,0.4805086883538913,0.397846197306348,0.387431821890091
theta_3,$1-n^3$,0.4933333333332852,0.381253544513262,0.47931184203782634,0.39733888063572215,0.3871367637476013
theta_3,$1-n^3$,0.4950000000000106,0.38119399914509056,0.4781121308504085,0.39684202451037354,0.3868527472869657
theta_3,$1-n^3$,0.49666666666661147,0.3811457201993468,0.4769097129168477,0.3963556570996801,0.3865797833574061
theta_3,$1-n^3$,0.49833333333333685,0.3811087049777467,0.47570474546493885,0.39587980573082915,0.38631788216664437
theta_3,$1-n^3$,0.5000000000000623,0.3810829503461188,0.47449738480359577,0.39541449689870606,0.38606705329084945
theta_3,$1-n^3$,0.5016666666666632,0.38106845274016143,0.473287786301598,0.39495975627322466,0.385827305684739
theta_3,$1-n^3$,0.5033333333333885,0.3810652081709412,0.4720761043672468,0.39451560870559,0.38559864769177293
theta_3,$1-n^3$,0.5049999999999895,0.38107321223009377,0.4708624924296399,0.3940820782349205,0.3853810870543105
theta_3,$1-n^3$,0.5066666666667148,0.3810924600946862,0.4696471029191066,0.3936591880955033,0.38517463092301146
theta_3,$1-n^3$,0.5083333333333157,0.38112294653171663,0.46843008724941065,0.3932469607268155,0.38497928586572056
theta_3,$1-n^3$,0.5100000000000411,0.3811646659022415,0.4672115957986226,0.39284541778638216,0.3847950578750291
theta_3,$1-n^3$,0.511666666666642,0.38121761216505695,0.46599177789136936,0.3924545801675918,0.38462195237472036
theta_3,$1-n^3$,0.5133333333333674,0.38128177887997705,0.46477078177935366,0.3920744680225899,0.38445997422434447
theta_3,$1-n^3$,0.5149999999999683,0.3813571592105819,0.46354875462285844,0.3917051007923183,0.3843091277220777
theta_3,$1-n^3$,0.5166666666666936,0.38144374592813124,0.4623258424817589,0.39134649717641834,0.38416941662233567
theta_3,$1-n^3$,0.5183333333332946,0.38154153141580105,0.46110219031381516,0.39099867507517894,0.38404084415984524
theta_3,$1-n^3$,0.5200000000000199,0.38165050766842773,0.4598779419411996,0.3906616517079938,0.3839234130294031
theta_3,$1-n^3$,0.5216666666666208,0.3817706662954572,0.4586532400456149,0.390335443579352,0.38381712540422624
theta_3,$1-n^3$,0.5233333333333462,0.381901998522613,0.4574282261546285,0.39002006649186866,0.3837219829412182
theta_3,$1-n^3$,0.5249999999999471,0.38204449519313166,0.4562030406303075,0.3897155355582591,0.38363798678657474
theta_3,$1-n^3$,0.5266666666666725,0.38219814676886316,0.45497782265729503,0.38942186521108346,0.383565137581554
theta_3,$1-n^3$,0.5283333333332734,0.3823629433309143,0.45375271023318897,0.38913906921140756,0.3835034354685097
theta_3,$1-n^3$,0.5299999999999988,0.38253887458016633,0.4525278401582253,0.38886716065604604,0.38345288009686096
theta_3,$1-n^3$,0.5316666666667241,0.3827259298373069,0.45130334802703626,0.38860615198446524,0.3834134706290438
theta_3,$1-n^3$,0.533333333333325,0.3829240980426602,0.45007936822012806,0.38835605498519543,0.38338520574618645
theta_3,$1-n^3$,0.5350000000000504,0.38313336775570433,0.4488560338959256,0.38811688080237894,0.38336808365344915
theta_3,$1-n^3$,0.5366666666666513,0.38335372715410015,0.44763347698422973,0.3878886399430138,0.38336210208490207
theta_3,$1-n^3$,0.5383333333333767,0.3835851640326062,0.44641182817873537,0.3876713422848337,0.38336725830777596
theta_3,$1-n^3$,0.5399999999999776,0.3838276658013848,0.4451912169313747,0.3874649970857683,0.38338354912599515
theta_3,$1-n^3$,0.5416666666667029,0.38408121948421725,0.4439717714454952,0.38726961299483353,0.38341097088285225
theta_3,$1-n^3$,0.5433333333333039,0.38434581171606697,0.44275361867072593,0.3870851980653629,0.3834495194626852
theta_3,$1-n^3$,0.5450000000000292,0.3846214287405613,0.4415368842965456,0.38691175977048153,0.3834991902914683
theta_3,$1-n^3$,0.5466666666666301,0.3849080564068142,0.4403216927476508,0.3867493050198014,0.3835599783368217
theta_3,$1-n^3$,0.5483333333333555,0.3852056801677328,0.4391081671887627,0.38659784010443965,0.383631878130533
theta_3,$1-n^3$,0.5499999999999564,0.38551428507639685,0.4378964295226325,0.3864573707088501,0.38371488376548807
theta_3,$1-n^3$,0.5516666666666818,0.38583385578108903,0.43668660037725476,0.38632790197572214,0.3838089888841709
theta_3,$1-n^3$,0.5533333333332827,0.38616437652138086,0.4354787991072389,0.38620943849571604,0.38391418668529115
theta_3,$1-n^3$,0.555000000000008,0.386505831124166,0.4342731437934936,0.3861019843035744,0.3840304699270346
theta_3,$1-n^3$,0.556666666666609,0.3868582029988888,0.4330697512441302,0.38600554287812994,0.38415783092921163
theta_3,$1-n^3$,0.5583333333333343,0.38722147513277555,0.4318687369938119,0.3859201171452363,0.3842962615746733
theta_3,$1-n^3$,0.5600000000000598,0.38759563008530085,0.4306702153044534,0.38584570948318225,0.3844457533098492
theta_3,$1-n^3$,0.5616666666666607,0.38798064998255116,0.42947429916513574,0.38578232172970356,0.3846062971447486
theta_3,$1-n^3$,0.5633333333333861,0.38837651651126215,0.42828110029225236,0.3857299551899945,0.38477788365246957
theta_3,$1-n^3$,0.564999999999987,0.3887832109122409,0.4270907291308883,0.38568861064505466,0.384960502968196
theta_3,$1-n^3$,0.5666666666667123,0.38920071397392475,0.4259032948553167,0.38565828835957594,0.3851541447881143
theta_3,$1-n^3$,0.5683333333333133,0.3896290060251774,0.42471890537148793,0.3856389880887973,0.3853587983679702
theta_3,$1-n^3$,0.5700000000000386,0.39006806692831214,0.42353766731877995,0.3856307090835372,0.38557445252181993
theta_3,$1-n^3$,0.5716666666666395,0.39051787607136407,0.42235968607396085,0.38563345009278516,0.3858010956206339
theta_3,$1-n^3$,0.5733333333333649,0.3909784123606543,0.4211850657546466,0.3856472093631162,0.3860387155913597
theta_3,$1-n^3$,0.5749999999999658,0.3914496542126149,0.4200139092251909,0.3856719846342551,0.386287299916049
theta_3,$1-n^3$,0.5766666666666912,0.39193157954596974,0.4188463181023047,0.3857077731301081,0.38654683563170883
theta_3,$1-n^3$,0.5783333333332921,0.39242416577318867,0.41768239276332664,0.3857545715445367,0.38681730933042924
theta_3,$1-n^3$,0.5800000000000174,0.3929273897923609,0.416522232354458,0.38581237602124197,0.3870987071604996
theta_3,$1-n^3$,0.5816666666666184,0.39344122797642433,0.41536593478794726,0.38588118220522055,0.38739101481406285
theta_3,$1-n^3$,0.5833333333333437,0.39396565615984225,0.4142135967175407,0.38596098540769813,0.3876942174956413
theta_3,$1-n^3$,0.5849999999999446,0.3945006496345385,0.4130653135888974,0.3860517803626197,0.3880082999614063
theta_3,$1-n^3$,0.58666666666667,0.39504618313785256,0.4119211796288662,0.3861535613210298,0.38833324649782897
theta_3,$1-n^3$,0.5883333333333953,0.3956022308419924,0.4107812878533268,0.38626632204653455,0.3886690409185432
theta_3,$1-n^3$,0.5899999999999963,0.3961687663436723,0.40964573007494853,0.3863900558083632,0.3890156665613453
theta_3,$1-n^3$,0.5916666666667216,0.39674576265337486,0.40851459691039155,0.38652475537941555,0.3893731062838012
theta_3,$1-n^3$,0.5933333333333225,0.3973331921838302,0.40738797778799996,0.3866704130378275,0.38974134245747283
theta_3,$1-n^3$,0.5950000000000479,0.3979310267388193,0.40626596095408096,0.386827020570945,0.3901203569617129
theta_3,$1-n^3$,0.5966666666666488,0.39853923750099657,0.4051486334805955,0.3869945692800367,0.39051013117648703
theta_3,$1-n^3$,0.5983333333333742,0.3991577950201724,0.4040360812717772,0.38717304998473856,0.39091064597539305
theta_3,$1-n^3$,0.5999999999999751,0.3997866692006605,0.4029283890725699,0.38736245302550004,0.39132188171825966
theta_3,$1-n^3$,0.6016666666667004,0.4004258292891799,0.40182564047642094,0.38756276826307956,0.3917438182445462
theta_3,$1-n^3$,0.6033333333333014,0.40107524386186744,0.40072791793529905,0.3877739850733049,0.39217643486687476
theta_3,$1-n^3$,0.6050000000000267,0.4017348808119393,0.39963530276949716,0.38799609233619836,0.3926197103659665
theta_3,$1-n^3$,0.6066666666666276,0.40240470733650924,0.39854787518006474,0.38822907841763166,0.3930736229862636
theta_3,$1-n^3$,0.608333333333353,0.40308468992415025,0.39746571426145433,0.3884729311426609,0.393538150433559
theta_3,$1-n^3$,0.6099999999999539,0.4037747943411024,0.3963888980132644,0.38872763778339353,0.394013269868544
theta_3,$1-n^3$,0.6116666666666793,0.4044749856137448,0.39531750332017246,0.3889931852379552,0.39449895786001377
theta_3,$1-n^3$,0.6133333333332802,0.4051852280179105,0.3942516059891311,0.3892695598593957,0.39499519041227715
theta_3,$1-n^3$,0.6150000000000057,0.4059054850642975,0.39319128075339405,0.3895567474886308,0.39550194294811825
theta_3,$1-n^3$,0.6166666666666065,0.40663571948342325,0.3921366012819324,0.389854733458647,0.3960191902977497
theta_3,$1-n^3$,0.6183333333333318,0.40737589321168655,0.39108764019090186,0.3901635025789935,0.3965469066923504
theta_3,$1-n^3$,0.6200000000000573,0.40812596737627616,0.3900444690553472,0.39048303912688337,0.3970850657551564
theta_3,$1-n^3$,0.6216666666666582,0.40888590228032257,0.38900715841942496,0.39081332684367887,0.39763364049145866
theta_3,$1-n^3$,0.6233333333333836,0.40965565738781234,0.3879757778062033,0.3911543489347913,0.3981926032775419
theta_3,$1-n^3$,0.6249999999999845,0.41043519130772493,0.38695039572805906,0.3915060880709617,0.39876192584853687
theta_3,$1-n^3$,0.6266666666667098,0.4112244617788705,0.38593107969600365,0.3918685263897845,0.39934157928662556
theta_3,$1-n^3$,0.6283333333333108,0.41202342565368955,0.38491789623058087,0.3922416454949157,0.3999315340087027
theta_3,$1-n^3$,0.6300000000000361,0.41283203888292397,0.3839109108721459,0.39262542645203835,0.4005317597552573
theta_3,$1-n^3$,0.631666666666637,0.41365025649931925,0.38291018819321965,0.39301984977895144,0.4011422255794882
theta_3,$1-n^3$,0.6333333333333624,0.4144780326023135,0.38191579181075536,0.3934248954289072,0.40176289983846675
theta_3,$1-n^3$,0.6349999999999633,0.4153153203418269,0.3809277844009829,0.39384054276451147,0.40239375018531187
theta_3,$1-n^3$,0.6366666666666887,0.4161620719031534,0.3799462277146976,0.39426677052136344,0.40303474356423896
theta_3,$1-n^3$,0.6383333333332896,0.41701823849069053,0.3789711825933251,0.3947035567741407,0.4036858462038998
theta_3,$1-n^3$,0.6400000000000149,0.4178837703073204,0.3780027089472968,0.39515087914681235,0.4043470235563666
theta_3,$1-n^3$,0.6416666666666159,0.4187586165406192,0.37704086579063567,0.39560871465367803,0.40501824031873096
theta_3,$1-n^3$,0.6433333333333412,0.41964272534711256,0.37608571125425283,0.3960770396787468,0.4056994604230418
theta_3,$1-n^3$,0.6449999999999421,0.4205360438345155,0.375137302593922,0.39655582999511757,0.40639064701676175
theta_3,$1-n^3$,0.6466666666666675,0.42143851804579896,0.3741956962028825,0.3970450607462172,0.4070917624525859
theta_3,$1-n^3$,0.6483333333333929,0.4223500929420817,0.3732609476245613,0.39754470643314976,0.4078027682756861
theta_3,$1-n^3$,0.6499999999999938,0.4232707123860524,0.37233311156387955,0.39805474090725323,0.40852362521009333
theta_3,$1-n^3$,0.6516666666667191,0.42420031912532113,0.37141224189811234,0.3985751373657431,0.409254293144149
theta_3,$1-n^3$,0.6533333333333201,0.4251388547750456,0.3704983916882281,0.39910586834825984,0.40999473111490337
theta_3,$1-n^3$,0.6550000000000454,0.42608625980161163,0.3695916131892305,0.39964690573350276,0.4107448972932489
theta_3,$1-n^3$,0.6566666666666463,0.4270424735052633,0.3686919578618799,0.40019822073296063,0.41150474896852857
theta_3,$1-n^3$,0.6583333333333717,0.4280074340039748,0.3677994763838572,0.40075978388122374,0.41227424253481854
theta_3,$1-n^3$,0.6599999999999726,0.4289810782163492,0.3669142186627826,0.4013315650198024,0.4130533334775259
theta_3,$1-n^3$,0.661666666666698,0.42996334184587925,0.36603623384918765,0.40191353327398577,0.41384197636254794
theta_3,$1-n^3$,0.6633333333332989,0.4309541593643131,0.36516557035181757,0.40250565701961727,0.41464012482658696
theta_3,$1-n^3$,0.6650000000000242,0.43195346399650075,0.3643022758533972,0.40310790383936845,0.4154477315709133
theta_3,$1-n^3$,0.6666666666666252,0.4329611877014697,0.36344639730901873,0.4037202406092058,0.4162647483227238
theta_3,$1-n^3$,0.6683333333333505,0.43397726115586155,0.3625979809506479,0.4043426335323007,0.41709112581080116
theta_3,$1-n^3$,0.6699999999999514,0.43500161373993784,0.3617570723174898,0.4049750479980407,0.41792681378058694
theta_3,$1-n^3$,0.6716666666666768,0.4360341735210392,0.36092371625854486,0.4056174486307173,0.4187717609653503
theta_3,$1-n^3$,0.6733333333332777,0.43707486723744704,0.36009795694609364,0.40626979926522705,0.4196259150739083
theta_3,$1-n^3$,0.6750000000000032,0.43812362028351615,0.3592798378872269,0.40693206293017287,0.42048922277756995
theta_3,$1-n^3$,0.6766666666667285,0.4391803566937367,0.35846940193556015,0.4076042018352761,0.42136162969477553
theta_3,$1-n^3$,0.6783333333333293,0.44024499912770787,0.3576666913017889,0.4082861773626964,0.4222430803754385
theta_3,$1-n^3$,0.6800000000000548,0.44131746885531037,0.35687174756392565,0.4089779500601862,0.4231335182847939
theta_3,$1-n^3$,0.6816666666666557,0.44239768574131444,0.35608461167801014,0.40967947963394474,0.42403288578650306
theta_3,$1-n^3$,0.6833333333333811,0.4434855682314729,0.35530532398801534,0.4103907249408518,0.42494112412709656
theta_3,$1-n^3$,0.684999999999982,0.44458103333766086,0.3545339242369934,0.4111116439768716,0.42585817342011734
theta_3,$1-n^3$,0.6866666666667073,0.44568399662469416,0.3537704515777913,0.4118421938616959,0.42678397263253687
theta_3,$1-n^3$,0.6883333333333083,0.4467943721962739,0.3530149445854051,0.4125823308163216,0.42771845957169985
theta_3,$1-n^3$,0.6900000000000336,0.44791207268272504,0.35226744126933957,0.41333201013367904,0.4286615708754133
theta_3,$1-n^3$,0.6916666666666345,0.44903700922794193,0.3515279790880046,0.4140911861389586,0.4296132420033923
theta_3,$1-n^3$,0.6933333333333599,0.45016909147747747,0.350796594958396,0.41485981217933526,0.4305734072224305
theta_3,$1-n^3$,0.6949999999999608,0.4513082275624653,0.35007332524499324,0.4156378407761273,0.4315419995489601
theta_3,$1-n^3$,0.6966666666666862,0.4524543240918396,0.34935820579175836,0.4164252234417016,0.43251895077952535
theta_3,$1-n^3$,0.6983333333332871,0.45360728613945966,0.34865127192668643,0.4172219107134522,0.4335041914625532
theta_3,$1-n^3$,0.7000000000000125,0.4547670172338641,0.34795255847104456,0.4180278521422216,0.4344976508849525
theta_3,$1-n^3$,0.7016666666666134,0.455933419347286,0.34726209975052524,0.4188429962710187,0.4354992570598284
theta_3,$1-n^3$,0.7033333333333387,0.45710639288644556,0.3465799296048769,0.4196672906194004,0.4365089367141443
theta_3,$1-n^3$,0.7049999999999397,0.4582858366823903,0.3459060813978185,0.42050068167042737,0.43752661527432385
theta_3,$1-n^3$,0.706666666666665,0.4594716479822098,0.34524058802572405,0.4213431148609795,0.43855221685255275
theta_3,$1-n^3$,0.7083333333333904,0.4606637224399517,0.3445834819267967,0.4221945345723632,0.43958566423181117
theta_3,$1-n^3$,0.7099999999999913,0.46186195410897357,0.3439347950895989,0.42305488412159253,0.4406268788518929
theta_3,$1-n^3$,0.7116666666667166,0.46306623543490133,0.34329455906159523,0.4239241057515747,0.44167578079603237
theta_3,$1-n^3$,0.7133333333333176,0.46427645724832833,0.34266280495831314,0.42480214061837973,0.4427322887777127
theta_3,$1-n^3$,0.7150000000000429,0.46549250875954096,0.34203956347205866,0.42568892877604975,0.44379632012997655
theta_3,$1-n^3$,0.7166666666666438,0.4667142775525208,0.34142486488180346,0.4265844091557691,0.4448677907951745
theta_3,$1-n^3$,0.7183333333333692,0.4679416495811573,0.34081873906287063,0.42748851954033373,0.44594661531804314
theta_3,$1-n^3$,0.7199999999999701,0.4691745091648033,0.34022121549804557,0.4284011965306358,0.4470327068399351
theta_3,$1-n^3$,0.7216666666666955,0.47041273898603836,0.3396323232880903,0.42932237551113606,0.44812597709520785
theta_3,$1-n^3$,0.7233333333332964,0.47165622008482533,0.33905209114336177,0.4302519907795849,0.449226336356372
theta_3,$1-n^3$,0.7250000000000217,0.47290483185835314,0.3384805473993981,0.4311899754610847,0.4503336934510983
theta_3,$1-n^3$,0.7266666666666227,0.4741584520601976,0.33791772003107196,0.43213626145120887,0.4514479557602255
theta_3,$1-n^3$,0.728333333333348,0.47541695680011004,0.3373636366560602,0.43309077943573304,0.4525690292000953
theta_3,$1-n^3$,0.7299999999999489,0.47668022054362724,0.3368183245426657,0.43405345887535474,0.45369681821536495
theta_3,$1-n^3$,0.7316666666666743,0.4779481161140116,0.33628181061678974,0.43502422799283824,0.45483122577263424
theta_3,$1-n^3$,0.7333333333332752,0.479220514693527,0.3357541214693792,0.4360030137601084,0.45597215335240787
theta_3,$1-n^3$,0.7350000000000007,0.4804972858270831,0.33523528336304836,0.436989741887401,0.4571195009422908
theta_3,$1-n^3$,0.736666666666726,0.481778297425327,0.33472532223912066,0.43798433681202936,0.4582731670289919
theta_3,$1-n^3$,0.7383333333333268,0.48306341576956563,0.33422426372409564,0.4389867216883916,0.4594330485914596
theta_3,$1-n^3$,0.7400000000000523,0.48435250551759007,0.33373213313595346,0.4399968183783066,0.4605990410945106
theta_3,$1-n^3$,0.7416666666666532,0.48564542970944735,0.3332489554906565,0.44101454744072327,0.4617710384822742
theta_3,$1-n^3$,0.7433333333333786,0.4869420497755784,0.332774755507925,0.44203982812248926,0.462948933173827
theta_3,$1-n^3$,0.7449999999999795,0.4882422255443491,0.3323095576174276,0.4430725783476455,0.4641326160585196
theta_3,$1-n^3$,0.7466666666667049,0.4895458152520788,0.3318533859642305,0.44411271470748487,0.46532197649399476
theta_3,$1-n^3$,0.7483333333333058,0.4908526755524802,0.33140626441464394,0.4451601524487301,0.4665169023042859
theta_3,$1-n^3$,0.7500000000000311,0.4921626615286318,0.3309682165613529,0.4462148054621057,0.467717279781024
theta_3,$1-n^3$,0.7516666666666321,0.49347562670438033,0.3305392657289257,0.44727658626862404,0.46892299368511264
theta_3,$1-n^3$,0.7533333333333574,0.49479142305831036,0.3301194349786332,0.44834540600589456,0.47013392725192776
theta_3,$1-n^3$,0.7549999999999583,0.49610990103745484,0.32970874711406495,0.4494211744223081,0.47134996218419667
theta_3,$1-n^3$,0.7566666666666837,0.49743090957342156,0.32930722468289136,0.4505037999294604,0.47257097861060426
theta_3,$1-n^3$,0.7583333333332846,0.498754296097262,0.3289148899821043,0.45159318953838007,0.4737968551381937
theta_3,$1-n^3$,0.76000000000001,0.5000799065587065,0.3285317650661835,0.45268924883637535,0.47502746884610303
theta_3,$1-n^3$,0.7616666666666109,0.5014075854433693,0.32815787174904776,0.4537918819988296,0.4762626952834165
theta_3,$1-n^3$,0.7633333333333362,0.5027371757927418,0.32779323160615687,0.45490099179477467,0.4775024084721301
theta_3,$1-n^3$,0.7650000000000616,0.504068519223953,0.32743786597772945,0.45601647958529384,0.4787464809103673
theta_3,$1-n^3$,0.7666666666666625,0.505401455951736,0.32709179597215915,0.4571382453183081,0.4799947835779643
theta_3,$1-n^3$,0.7683333333333879,0.5067358248115723,0.3267550424697178,0.45826618752043813,0.48124718594332755
theta_3,$1-n^3$,0.7699999999999888,0.5080714632829743,0.3264276261265796,0.45940020328659487,0.48250355597044114
theta_3,$1-n^3$,0.7716666666667141,0.5094082075153582,0.32610956737832514,0.46054018827090554,0.4837637601281784
theta_3,$1-n^3$,0.7733333333333151,0.5107458923533786,0.3258008864434945,0.4616860366778647,0.4850276633988354
theta_3,$1-n^3$,0.7750000000000404,0.5120843513648738,0.3255016033262005,0.4628376412579246,0.48629512928870566
theta_3,$1-n^3$,0.7766666666666413,0.5134234168681924,0.32521173781835383,0.46399489330630345,0.48756601983750397
theta_3,$1-n^3$,0.7783333333333667,0.5147629199620537,0.32493130950055577,0.4651576826692532,0.4888401956294759
theta_3,$1-n^3$,0.7799999999999676,0.5161026905547065,0.3246603377421657,0.4663258977565387,0.49011751580298374
theta_3,$1-n^3$,0.781666666666693,0.5174425573955459,0.3243988416996438,0.4674994255643963,0.49139783806142245
theta_3,$1-n^3$,0.7833333333332939,0.5187823481059466,0.32414684031363167,0.4686781517076978,0.4926810186822398
theta_3,$1-n^3$,0.7850000000000193,0.5201218892135702,0.3239043523096474,0.4698619604240994,0.49396691253238517
theta_3,$1-n^3$,0.7866666666666202,0.521461006192846,0.32367139623427693,0.4710507343227034,0.4952553731154149
theta_3,$1-n^3$,0.7883333333333455,0.5227995234948821,0.32344799042183553,0.472244354632721,0.49654625255706114
theta_3,$1-n^3$,0.7899999999999465,0.5241372645845002,0.3232341530009579,0.47344270116106896,0.49783940162956675
theta_3,$1-n^3$,0.7916666666666718,0.525474051979013,0.32302990189639125,0.47464565228681177,0.499134669771374
theta_3,$1-n^3$,0.7933333333332727,0.5268097072858837,0.32283525482802516,0.47585308497460577,0.5004319051040624
theta_3,$1-n^3$,0.7949999999999982,0.5281440512431738,0.32265022931046533,0.4770648747823122,0.5017309544533121
theta_3,$1-n^3$,0.7966666666667235,0.5294769037596022,0.32247484265329757,0.4782808958625888,0.503031663370399
theta_3,$1-n^3$,0.7983333333333245,0.5308080839566283,0.3223091119613393,0.47950102096330305,0.504333876156148
theta_3,$1-n^3$,0.8000000000000498,0.5321374102114722,0.3221530541347144,0.480725121428466,0.5056374358858825
theta_3,$1-n^3$,0.8016666666666507,0.5334647001999998,0.322006685868529,0.48195306720136166,0.5069421844339008
theta_3,$1-n^3$,0.8033333333333761,0.5347897709418699,0.3218700236515245,0.4831847268347499,0.5082479624994167
theta_3,$1-n^3$,0.804999999999977,0.5361124388447838,0.32174308376373856,0.48441996750789984,0.5095546096304527
theta_3,$1-n^3$,0.8066666666667024,0.5374325197509247,0.32162588227249717,0.4856586550559838,0.5108619642483077
theta_3,$1-n^3$,0.8083333333333033,0.5387498289823373,0.3215184350267362,0.4869006540114811,0.5121698636689852
theta_3,$1-n^3$,0.8100000000000286,0.5400641813890207,0.3214207576526748,0.4881458276342067,0.5134781441297674
theta_3,$1-n^3$,0.8116666666666296,0.5413753914008547,0.32133286557380564,0.4893940377479731,0.5147866408517484
theta_3,$1-n^3$,0.8133333333333549,0.5426832730741734,0.32125477399043767,0.49064514489657457,0.5160951880443
theta_3,$1-n^3$,0.8149999999999558,0.5439876401413409,0.32118649787922127,0.4918990083393792,0.5174036189399933
theta_3,$1-n^3$,0.8166666666666812,0.5452883060621817,0.32112805199050626,0.4931554860650212,0.5187117658281447
theta_3,$1-n^3$,0.8183333333332821,0.5465850840742864,0.321079450844422,0.4944144348131767,0.5200194600861887
theta_3,$1-n^3$,0.8200000000000075,0.5478777872456624,0.32104070872757406,0.49567571009114186,0.5213265322151089
theta_3,$1-n^3$,0.8216666666666084,0.5491662285265088,0.32101183969010605,0.4969391661854223,0.522632811875093
theta_3,$1-n^3$,0.8233333333333337,0.5504502208030997,0.3209928575426198,0.49820465617455756,0.523938127923829
theta_3,$1-n^3$,0.8250000000000591,0.5517295769506674,0.32098377585265525,0.4994720319434742,0.5252423084537056
theta_3,$1-n^3$,0.82666666666666,0.5530041098875833,0.32098460794027206,0.5007411442049369,0.5265451808296521
theta_3,$1-n^3$,0.8283333333333854,0.5542736326297498,0.3209953668723823,0.5020118425303711,0.5278465717259286
theta_3,$1-n^3$,0.8299999999999863,0.5555379583441483,0.3210160654554242,0.5032839753923212,0.5291463071601891
theta_3,$1-n^3$,0.8316666666667117,0.5567969004038751,0.3210467162263935,0.504557390220883,0.5304442125272459
theta_3,$1-n^3$,0.8333333333333126,0.5580502724449126,0.3210873314587604,0.5058319333349955,0.5317401126589335
theta_3,$1-n^3$,0.8350000000000379,0.5592978884219906,0.32113792315453366,0.5071074499889776,0.5330338318613909
theta_3,$1-n^3$,0.8366666666666389,0.5605395626629609,0.3211985030349114,0.508383784426717,0.5343251939505261
theta_3,$1-n^3$,0.8383333333333642,0.5617751099257712,0.3212690825357074,0.5096607798983764,0.535614022297664
theta_3,$1-n^3$,0.8399999999999651,0.5630043454535795,0.3213496727999163,0.5109382786975792,0.5369001398696898
theta_3,$1-n^3$,0.8416666666666905,0.56422708503168,0.32144028467137603,0.5122161221905077,0.5381833692737552
theta_3,$1-n^3$,0.8433333333332914,0.565443145043147,0.3215409286888903,0.5134941508378117,0.5394635328025216
theta_3,$1-n^3$,0.8450000000000168,0.566652342525994,0.32165161508053197,0.5147722042163239,0.5407404524820714
theta_3,$1-n^3$,0.8466666666666177,0.5678544952287863,0.3217723537574406,0.5160501210414772,0.5420139501184775
theta_3,$1-n^3$,0.848333333333343,0.569049421667473,0.3219031543068842,0.5173277391974247,0.5432838473451463
theta_3,$1-n^3$,0.849999999999944,0.5702369411804072,0.3220440259838504,0.5186048957757527,0.5445499656669395
theta_3,$1-n^3$,0.8516666666666693,0.5714168739842898,0.3221949777009845,0.5198814271297906,0.5458121265031751
theta_3,$1-n^3$,0.8533333333333948,0.5725890412281244,0.3223560180161044,0.5211571689455036,0.5470701512256235
theta_3,$1-n^3$,0.8549999999999957,0.5737532650497366,0.3225271551293825,0.5224319562318128,0.5483238612169515
theta_3,$1-n^3$,0.856666666666721,0.5749093686330782,0.3227083968859228,0.5237056232649426,0.5495730779399959
theta_3,$1-n^3$,0.858333333333322,0.5760571762593487,0.3228997507532821,0.524978003739744,0.5508176229587574
theta_3,$1-n^3$,0.8600000000000473,0.5771965133626623,0.32310122381736733,0.5262489307687347,0.5520573179967192
theta_3,$1-n^3$,0.8616666666666482,0.5783272065827336,0.32331282277218365,0.5275182369284996,0.5532919849825614
theta_3,$1-n^3$,0.8633333333333736,0.5794490838186577,0.32353455391078906,0.5287857542982218,0.5545214461000127
theta_3,$1-n^3$,0.8649999999999745,0.5805619742809321,0.3237664231165328,0.5300513144910609,0.5557455238379159
theta_3,$1-n^3$,0.8666666666666999,0.581665708544281,0.32400843585460165,0.5313147486854898,0.5569640410424181
theta_3,$1-n^3$,0.8683333333333008,0.5827601185984604,0.3242605971628656,0.5325758876576319,0.558176820967313
theta_3,$1-n^3$,0.8700000000000262,0.5838450378995664,0.3245229116420962,0.5338345618217,0.5593836873244203
theta_3,$1-n^3$,0.8716666666666271,0.5849203014190644,0.3247953834444992,0.5350906012795904,0.5605844643300566
theta_3,$1-n^3$,0.8733333333333524,0.5859857456930188,0.32507801626068455,0.5363438358867219,0.561778976749455
theta_3,$1-n^3$,0.8749999999999534,0.5870412088693095,0.32537081330652745,0.5375940953133773,0.5629670499405863
theta_3,$1-n^3$,0.8766666666666787,0.5880865307584326,0.3256737773255541,0.5388412089771787,0.5641485099313329
theta_3,$1-n^3$,0.8783333333332796,0.5891215528777611,0.3259869105691466,0.5400850061588175,0.5653231834497848
theta_3,$1-n^3$,0.880000000000005,0.5901461184982101,0.3263102147871233,0.5413253160325557,0.5664908979774941
theta_3,$1-n^3$,0.8816666666666059,0.5911600726882907,0.32664369121562536,0.5425619677139837,0.5676514817962969
theta_3,$1-n^3$,0.8833333333333313,0.5921632623584522,0.3269873405653831,0.5437947903080846,0.5688047640367423
theta_3,$1-n^3$,0.8850000000000566,0.5931555363034736,0.32734116301042526,0.5450236129478264,0.5699505747270712
theta_3,$1-n^3$,0.8866666666666575,0.5941367452446799,0.3277051581773389,0.5462482648298628,0.5710887448437962
theta_3,$1-n^3$,0.8883333333333829,0.5951067418710734,0.3280793251343474,0.5474685752506804,0.5722191063618779
theta_3,$1-n^3$,0.8899999999999838,0.5960653808785358,0.3284636623794156,0.5486843736465512,0.5733414923025342
theta_3,$1-n^3$,0.8916666666667092,0.597012519008787,0.32885816782757177,0.5498954896438387,0.574455736779674
theta_3,$1-n^3$,0.8933333333333101,0.5979480150857267,0.329262838796077,0.5511017531211012,0.5755616750412131
theta_3,$1-n^3$,0.8950000000000354,0.5988717300513237,0.3296776719878891,0.5523029942899009,0.5766591435068978
theta_3,$1-n^3$,0.8966666666666364,0.5997835270014763,0.33010266348558814,0.553499043679691,0.5777479798284536
theta_3,$1-n^3$,0.8983333333333617,0.6006832712211481,0.33053780874241984,0.5546897321517982,0.5788280229431302
theta_3,$1-n^3$,0.8999999999999626,0.6015708302149931,0.33098310256230873,0.5558748910005277,0.5798991131032103
theta_3,$1-n^3$,0.901666666666688,0.6024460737396822,0.331438539089189,0.5570543519791276,0.5809610919255863
theta_3,$1-n^3$,0.9033333333332889,0.6033088738331316,0.3319041117919196,0.5582279473563307,0.5820138024311442
theta_3,$1-n^3$,0.9050000000000143,0.6041591048438011,0.3323798134510015,0.5593955099624098,0.5830570890878285
theta_3,$1-n^3$,0.9066666666666152,0.6049966434578502,0.33286563614549036,0.5605568732263116,0.5840907978536755
theta_3,$1-n^3$,0.9083333333333405,0.6058213687261014,0.33336157124069876,0.5617118712110613,0.5851147762211548
theta_3,$1-n^3$,0.9099999999999415,0.6066331620886631,0.333867609375032,0.5628603386490295,0.586128873259151
theta_3,$1-n^3$,0.9116666666666668,0.6074319073990982,0.33438374044660063,0.5640021109842255,0.5871329396538792
theta_3,$1-n^3$,0.9133333333333923,0.6082174909461091,0.33490995359794445,0.5651370244233227,0.5881268277451898
theta_3,$1-n^3$,0.9149999999999932,0.6089898014741587,0.3354462371992825,0.5662649160019578,0.589110391558987
theta_3,$1-n^3$,0.9166666666667186,0.6097487302022803,0.3359925788294095,0.5673856236698145,0.5900834868338176
theta_3,$1-n^3$,0.9183333333333195,0.6104941708435986,0.3365489652685825,0.5684989862689328,0.5910459710735234
theta_3,$1-n^3$,0.9200000000000448,0.6112260196243494,0.3371153824914151,0.5696048435171375,0.5919977035986405
theta_3,$1-n^3$,0.9216666666666458,0.6119441752968672,0.3376918156409662,0.5707030361428757,0.5929385455560705
theta_3,$1-n^3$,0.9233333333333711,0.6126485391553347,0.33827824901860687,0.5717934058918884,0.5938683599627129
theta_3,$1-n^3$,0.924999999999972,0.6133390150480944,0.3388746660669085,0.5728757955846007,0.5947870117331417
theta_3,$1-n^3$,0.9266666666666974,0.6140155093898431,0.33948104935471135,0.5739500491613826,0.595694367710861
theta_3,$1-n^3$,0.9283333333332983,0.6146779311719344,0.34009738056246713,0.5750160117172818,0.5965902966997885
theta_3,$1-n^3$,0.9300000000000237,0.6153261919723503,0.34072364046877657,0.5760735295330238,0.5974746694970314
theta_3,$1-n^3$,0.9316666666666246,0.6159602059636305,0.34135980893616735,0.5771224501039194,0.5983473589236604
theta_3,$1-n^3$,0.9333333333333499,0.616579889920254,0.3420058648970821,0.578162622173437,0.59920823985449
theta_3,$1-n^3$,0.9349999999999509,0.617185163223829,0.342661786338074,0.5791938957731189,0.6000571892436262
theta_3,$1-n^3$,0.9366666666666762,0.6177759478675189,0.34332755028322604,0.5802161222755574,0.6008940861467369
theta_3,$1-n^3$,0.9383333333332771,0.6183521684581273,0.3440031327747463,0.5812291544621533,0.6017188117368572
theta_3,$1-n^3$,0.9400000000000025,0.6189137522173077,0.34468850885230956,0.5822328466081111,0.6025312493157539
theta_3,$1-n^3$,0.9416666666667278,0.6194606289858371,0.3453836525549018,0.5832270543724247,0.6033312843745661
theta_3,$1-n^3$,0.9433333333333288,0.6199927312227601,0.3460885369015223,0.584211634867128,0.6041188046060858
theta_3,$1-n^3$,0.9450000000000541,0.6205099940028909,0.34680313386985895,0.5851864467437311,0.6048936999117386
theta_3,$1-n^3$,0.946666666666655,0.621012355014824,0.34752741438364493,0.5861513502003463,0.605655862427473
theta_3,$1-n^3$,0.9483333333333804,0.6214997545574215,0.3482613482956807,0.5871062070317626,0.6064051865380582
theta_3,$1-n^3$,0.9499999999999813,0.6219721355349799,0.3490049043715082,0.5880508806654189,0.6071415688926327
theta_3,$1-n^3$,0.9516666666667067,0.6224294434522104,0.34975805027501705,0.5889852361892532,0.6078649084223564
theta_3,$1-n^3$,0.9533333333333076,0.6228716264078027,0.35052075255377907,0.5899091403728249,0.6085751063574015
theta_3,$1-n^3$,0.955000000000033,0.6232986350876351,0.35129297662543857,0.5908224616876381,0.6092720662440737
theta_3,$1-n^3$,0.9566666666666339,0.6237104227564724,0.35207468676290754,0.5917250703281108,0.6099556939593612
theta_3,$1-n^3$,0.9583333333333592,0.6241069452491423,0.3528658460797391,0.5926168382390702,0.610625897723639
theta_3,$1-n^3$,0.9599999999999602,0.6244881609601041,0.3536664165133833,0.5934976391512672,0.6112825881088919
theta_3,$1-n^3$,0.9616666666666855,0.6248540308323283,0.35447635880774375,0.5943673486307411,0.6119256780431179
theta_3,$1-n^3$,0.9633333333332864,0.6252045183444729,0.3552956324926935,0.5952258441435786,0.6125550828083393
theta_3,$1-n^3$,0.9650000000000118,0.6255395894978553,0.35612419586515615,0.5960730051165835,0.6131707200395454
theta_3,$1-n^3$,0.9666666666666127,0.6258592128090597,0.35696200600182376,0.5969087127335777,0.6137725097916124
theta_3,$1-n^3$,0.9683333333333382,0.6261633592922021,0.3578090187243949,0.597732850122995,0.6143603745017294
theta_3,$1-n^3$,0.969999999999939,0.6264520024447511,0.35866518858656715,0.5985453023625543,0.6149342389987718
theta_3,$1-n^3$,0.9716666666666643,0.6267251182329381,0.3595304688611254,0.599345956490105,0.6154940305107303
theta_3,$1-n^3$,0.9733333333333898,0.6269826850755666,0.36040481152292686,0.6001347015391012,0.6160396786634563
theta_3,$1-n^3$,0.9749999999999907,0.6272246838277535,0.36128816723395835,0.6009114285635333,0.6165711154816295
theta_3,$1-n^3$,0.9766666666667161,0.6274510977643153,0.36218048532949215,0.6016760306544628,0.6170882753907874
theta_3,$1-n^3$,0.978333333333317,0.6276619125626046,0.36308171380431586,0.6024284029503719,0.617591095219339
theta_3,$1-n^3$,0.9800000000000423,0.6278571162851878,0.36399179930034864,0.6031684426455375,0.6180795142008275
theta_3,$1-n^3$,0.9816666666666433,0.6280366993617987,0.36491068709322516,0.6038960489974343,0.6185534739745437
theta_3,$1-n^3$,0.9833333333333686,0.6282006545710317,0.3658383210796539,0.6046111233377366,0.6190129185849822
theta_3,$1-n^3$,0.9849999999999695,0.6283489770212638,0.3667746437630244,0.6053135690879239,0.6194577944782677
theta_3,$1-n^3$,0.9866666666666949,0.628481664131193,0.3677195962391106,0.6060032917840011,0.6198880504959767
theta_3,$1-n^3$,0.9883333333332958,0.6285987156095597,0.36867311817930537,0.6066801991113974,0.6203036378645485
theta_3,$1-n^3$,0.9900000000000212,0.6287001334343602,0.3696351478132736,0.6073442009544929,0.6207045101806425
theta_3,$1-n^3$,0.9916666666666221,0.6287859218314048,0.37060562190943674,0.6079952094540633,0.6210906233927588
theta_3,$1-n^3$,0.9933333333333474,0.6288560872601847,0.37158447579277026,0.6086331387870679,0.6214619358553758
theta_3,$1-n^3$,0.9949999999999484,0.6289106383904249,0.3725716433177139,0.6092579052824335,0.6218184082934569
theta_3,$1-n^3$,0.9966666666666737,0.628949586079712,0.37356705684851244,0.6098694274941965,0.6221600037778588
theta_3,$1-n^3$,0.9983333333332746,0.6289729433539415,0.3745706472533042,0.6104676261568981,0.6224866877304038
theta_3,$1-n^3$,1.0,0.6289807253859171,0.37558234389086037,0.611052424208266,0.6227984279110929
theta_3,$1-n^3$,1.0016666666667253,0.6289729494740296,0.37660207459746325,0.6116237468031234,0.6230951944062078
theta_3,$1-n^3$,1.0033333333333263,0.6289496350210586,0.37762976567559525,0.6121815213211425,0.6233769596175869
theta_3,$1-n^3$,1.0050000000000516,0.6289108035130316,0.37866534188351225,0.6127256773694566,0.6236436982524559
theta_3,$1-n^3$,1.0066666666666526,0.628856478498165,0.3797087264247285,0.6132561467812213,0.6238953873132869
theta_3,$1-n^3$,1.008333333333378,0.6287866855658044,0.3807598409391498,0.613772863612633,0.624132006087845
theta_3,$1-n^3$,1.009999999999979,0.6287014523254376,0.38181860549326474,0.6142757641386327,0.624353536138466
theta_3,$1-n^3$,1.0116666666667042,0.628600808385629,0.38288493857169636,0.6147647868500459,0.6245599612908187
theta_3,$1-n^3$,1.0133333333333052,0.6284847853330242,0.3839587570674101,0.6152398724524083,0.6247512676212418
theta_3,$1-n^3$,1.0150000000000305,0.6283534167111984,0.38503997627291753,0.6157009638691625,0.6249274434428396
theta_3,$1-n^3$,1.0166666666666313,0.628206737999571,0.3861285098697362,0.6161480062495408,0.625088479289498
theta_3,$1-n^3$,1.0183333333333568,0.6280447865920881,0.3872242699184805,0.6165809469837541,0.6252343678979307
theta_3,$1-n^3$,1.0199999999999576,0.6278676017759649,0.38832716684680785,0.6169997357258676,0.6253651041869919
theta_3,$1-n^3$,1.0216666666666832,0.6276752247101216,0.38943710943763094,0.617404324426917,0.6254806852342915
theta_3,$1-n^3$,1.023333333333284,0.6274676984054499,0.3905540048235433,0.6177946673154227,0.6255811102648519
theta_3,$1-n^3$,1.0250000000000092,0.6272450677121705,0.39167775851850983,0.6181707206197827,0.6256663807040748
theta_3,$1-n^3$,1.0266666666666102,0.627007379291883,0.3928082743710109,0.6185324428512918,0.6257365000922346
theta_3,$1-n^3$,1.0283333333333355,0.6267546815988396,0.3939454545643024,0.6188797947608409,0.6257914740767785
theta_3,$1-n^3$,1.030000000000061,0.6264870248611347,0.39508919961349714,0.6192127393102671,0.6258313104025518
theta_3,$1-n^3$,1.0316666666666618,0.6262044610614281,0.39623940836130517,0.619531241662503,0.625856018897176
theta_3,$1-n^3$,1.0333333333333872,0.6259070439178407,0.39739597797398535,0.6198352691731536,0.6258656114556088
theta_3,$1-n^3$,1.0349999999999882,0.6255948288652747,0.3985588039366955,0.6201247913829497,0.625860102024036
theta_3,$1-n^3$,1.0366666666667135,0.625267873036626,0.3997277800504557,0.6203997800113079,0.6258395065832563
theta_3,$1-n^3$,1.0383333333333145,0.6249262352445912,0.4009027984281046,0.6206602089499524,0.6258038431316802
theta_3,$1-n^3$,1.0400000000000398,0.6245699759633407,0.40208374949208575,0.6209060542569494,0.625753131668066
theta_3,$1-n^3$,1.0416666666666408,0.6241991573108481,0.4032705219713297,0.6211372941501506,0.6256873941741787
theta_3,$1-n^3$,1.043333333333366,0.6238138430310756,0.4044630029000987,0.6213539090003256,0.6256066545974271
theta_3,$1-n^3$,1.044999999999967,0.6234140984768787,0.40566107761602943,0.6215558813230511,0.6255109388337337
theta_3,$1-n^3$,1.0466666666666924,0.622999990592758,0.4068646297602706,0.621743195769567,0.6254002747106193
theta_3,$1-n^3$,1.0483333333332934,0.622571587898391,0.408073541276922,0.6219158391157363,0.6252746919708354
theta_3,$1-n^3$,1.0500000000000187,0.6221289604720024,0.40928769241469914,0.6220738002492483,0.6251342222564463
theta_3,$1-n^3$,1.0516666666666197,0.6216721799345766,0.4105069617280044,0.6222170701542744,0.6249788990937705
theta_3,$1-n^3$,1.053333333333345,0.6212013194339002,0.41173122608035306,0.6223456418936438,0.6248087578790125
theta_3,$1-n^3$,1.0549999999999458,0.6207164536295067,0.4129603606473118,0.6224595105878195,0.6246238358650614
theta_3,$1-n^3$,1.0566666666666713,0.6202176586774287,0.4141942389218425,0.6225586733912457,0.6244241721490333
theta_3,$1-n^3$,1.058333333333272,0.6197050122127075,0.41543273270323855,0.6226431295846718,0.6242098076204164
theta_3,$1-n^3$,1.0599999999999976,0.6191785933364452,0.416675712114304,0.62271288047912,0.6239807849696871
theta_3,$1-n^3$,1.061666666666723,0.6186384826017206,0.417923045605636,0.6227679293938616,0.6237371486803889
theta_3,$1-n^3$,1.0633333333333237,0.6180847619977504,0.4191745999538249,0.622808281700456,0.6234789449938691
theta_3,$1-n^3$,1.0650000000000492,0.6175175149364845,0.4204302402719089,0.622833944783828,0.6232062219003461
theta_3,$1-n^3$,1.06666666666665,0.6169368262395799,0.4216898300180109,0.6228449280134901,0.6229190291274355
theta_3,$1-n^3$,1.0683333333333755,0.6163427821247444,0.4229532310047704,0.6228412427232365,0.622617418126118
theta_3,$1-n^3$,1.0699999999999763,0.6157354701928064,0.42422030340693195,0.6228229021975289,0.6223014420552698
theta_3,$1-n^3$,1.0716666666667016,0.6151149794141637,0.42549090577037263,0.6227899216628726,0.6219711557645504
theta_3,$1-n^3$,1.0733333333333026,0.6144814001160708,0.42676489501981707,0.6227423182824646,0.6216266157768547
theta_3,$1-n^3$,1.075000000000028,0.6138348239693543,0.42804212646854106,0.6226801111523447,0.6212678802700592
theta_3,$1-n^3$,1.076666666666629,0.6131753439760793,0.4293224538272959,0.6226033212974,0.6208950090593321
theta_3,$1-n^3$,1.0783333333333542,0.6125030544566934,0.4306057292157691,0.6225119716653836,0.6205080635796734
theta_3,$1-n^3$,1.0799999999999552,0.6118180510382336,0.4318918031738001,0.6224060871173692,0.6201071068700204
theta_3,$1-n^3$,1.0816666666666805,0.6111204306420603,0.4331805246756799,0.6222856944127305,0.619692203558517
theta_3,$1-n^3$,1.0833333333332815,0.6104102914727662,0.4344717411447395,0.622150822187139,0.619263419850352
theta_3,$1-n^3$,1.0850000000000068,0.6096877330066619,0.43576529847157014,0.6220015009215983,0.6188208235176946
theta_3,$1-n^3$,1.0866666666666078,0.6089528559815482,0.4370610410330664,0.6218377629010773,0.6183644838932
theta_3,$1-n^3$,1.0883333333333332,0.6082057623861157,0.43835881171564867,0.6216596421606932,0.6178944718665478
theta_3,$1-n^3$,1.0900000000000585,0.6074465554506832,0.4396584519399399,0.6214671744180589,0.6174108598855168
theta_3,$1-n^3$,1.0916666666666595,0.6066753396348437,0.4409598016730104,0.6212603970991389,0.6169137219305676
theta_3,$1-n^3$,1.0933333333333848,0.605892220601482,0.442262699369619,0.6210393498407283,0.6164031333562472
theta_3,$1-n^3$,1.0949999999999858,0.6050973052240483,0.4435669820862067,0.6208040738479416,0.6158791710549505
theta_3,$1-n^3$,1.096666666666711,0.6042907015697523,0.44487248547171915,0.6205546120763135,0.6153419133877728
theta_3,$1-n^3$,1.098333333333312,0.6034725188885995,0.44617904378493,0.6202910092406115,0.6147914401646972
theta_3,$1-n^3$,1.1000000000000374,0.6026428676028729,0.447486489921377,0.6200133117751492,0.6142278326379519
theta_3,$1-n^3$,1.1016666666666382,0.601801859297276,0.4487946554376886,0.6197215678060277,0.6136511734930037
theta_3,$1-n^3$,1.1033333333333637,0.600949606707835,0.4501033705767683,0.6194158271325435,0.6130615468364431
theta_3,$1-n^3$,1.1049999999999645,0.6000862237115887,0.45141246429105997,0.6190961412162868,0.6124590381826812
theta_3,$1-n^3$,1.10666666666669,0.5992118253151054,0.4527217642673657,0.6187625631751001,0.6118437344386497
theta_3,$1-n^3$,1.1083333333332908,0.5983265276439138,0.4540310969504352,0.618415147780493,0.6112157238884877
theta_3,$1-n^3$,1.110000000000016,0.5974304479308322,0.4553402875688014,0.6180539514556112,0.6105750961773454
theta_3,$1-n^3$,1.111666666666617,0.5965237045053343,0.45664916016008045,0.6176790322724237,0.6099219422963484
theta_3,$1-n^3$,1.1133333333333424,0.5956064167818863,0.4579575375992095,0.6172904499451634,0.6092563545677915
theta_3,$1-n^3$,1.1149999999999434,0.5946787052494431,0.45926524162684224,0.6168882658187448,0.6085784266326677
theta_3,$1-n^3$,1.1166666666666687,0.5937406914599881,0.4605720928813744,0.616472542849133,0.6078882534395408
theta_3,$1-n^3$,1.118333333333394,0.5927924980182848,0.4618779109319177,0.6160433455744201,0.6071859312368735
theta_3,$1-n^3$,1.119999999999995,0.5918342485711702,0.4631825143150102,0.615600740073743,0.60647155756813
theta_3,$1-n^3$,1.1216666666667203,0.590866067797114,0.4644857205744313,0.6151447939121817,0.6057452312707124
theta_3,$1-n^3$,1.1233333333333213,0.5898880813968261,0.4657873463034956,0.6146755760698585,0.6050070524798563
theta_3,$1-n^3$,1.1250000000000466,0.5889004160829564,0.46708720719145697,0.6141931568593202,0.6042571226347798
theta_3,$1-n^3$,1.1266666666666476,0.5879031995539881,0.46838511797420457,0.6136976084285816,0.6034955443263437
theta_3,$1-n^3$,1.128333333333373,0.5868965604874249,0.4696808925049857,0.6131890045397553,0.6027224213421357
theta_3,$1-n^3$,1.129999999999974,0.5858806285362846,0.4709743438354197,0.6126674202764639,0.6019378587307036
theta_3,$1-n^3$,1.1316666666666992,0.5848555343108589,0.4722652842243143,0.6121329322130009,0.6011419627389332
theta_3,$1-n^3$,1.1333333333333002,0.5838214093672687,0.4735535251788487,0.6115856183806921,0.6003348408060571
theta_3,$1-n^3$,1.1350000000000255,0.5827783861943214,0.47483887749652215,0.611025558242806,0.5995166015542291
theta_3,$1-n^3$,1.1366666666666265,0.581726598201162,0.47612115130506133,0.6104528326775923,0.5986873547780094
theta_3,$1-n^3$,1.1383333333333518,0.5806661797032843,0.4774001561036449,0.6098675239664413,0.5978472114312825
theta_3,$1-n^3$,1.1399999999999526,0.5795972659094352,0.4786757008026525,0.6092697157868026,0.596996283614007
theta_3,$1-n^3$,1.1416666666666782,0.5785199929069387,0.4799475937652823,0.6086594932067965,0.5961346845572622
theta_3,$1-n^3$,1.143333333333279,0.5774344976480121,0.4812156428482591,0.6080369426812152,0.5952625286090467
theta_3,$1-n^3$,1.1450000000000045,0.5763409179345609,0.48247965544496113,0.6074021520457892,0.5943799312192416
theta_3,$1-n^3$,1.1466666666666052,0.575239392404065,0.48373943852820517,0.6067552105094741,0.5934870089262423
theta_3,$1-n^3$,1.1483333333333305,0.574130060514003,0.48499479869599926,0.606096208641574,0.5925838793436237
theta_3,$1-n^3$,1.150000000000056,0.5730130625273834,0.4862455422176152,0.6054252383534666,0.5916706611493235
theta_3,$1-n^3$,1.1516666666666568,0.5718885394973751,0.48749147508261814,0.6047423928720397,0.5907474740761378
theta_3,$1-n^3$,1.1533333333333824,0.5707566332518866,0.4887324030521824,0.6040477667035997,0.5898144389046222
theta_3,$1-n^3$,1.1549999999999832,0.569617486378987,0.48996813171205156,0.6033414555870861,0.5888716774595542
theta_3,$1-n^3$,1.1566666666667085,0.5684712422110976,0.49119846652974186,0.602623556433601,0.5879193126086663
theta_3,$1-n^3$,1.1583333333333095,0.5673180448066361,0.4924232128884874,0.6018941673966912,0.5869574682272015
theta_3,$1-n^3$,1.1600000000000348,0.5661580389232636,0.49364217608205546,0.6011533881809579,0.5859862690972267
theta_3,$1-n^3$,1.1616666666666358,0.5649913700137507,0.4948551614423877,0.6004013195745167,0.5850058410173757
theta_3,$1-n^3$,1.163333333333361,0.5638181842032295,0.4960619743632217,0.5996380635962479,0.5840163107442544
theta_3,$1-n^3$,1.164999999999962,0.5626386282718003,0.4972624203506374,0.5988637234830028,0.5830178059789081
theta_3,$1-n^3$,1.1666666666666874,0.5614528496356792,0.4984563050772121,0.5980784036661135,0.582010455354542
theta_3,$1-n^3$,1.1683333333332884,0.5602609963292865,0.49964343443432074,0.5972822097538644,0.5809943884238317
theta_3,$1-n^3$,1.1700000000000137,0.5590632169854834,0.5008236145856129,0.5964752485170242,0.5799697356437142
theta_3,$1-n^3$,1.1716666666666147,0.5578596608168178,0.5019966520189755,0.595657627878273,0.5789366283603462
theta_3,$1-n^3$,1.17333333333334,0.5566504775949604,0.5031623535999785,0.5948294569025742,0.5778951987920797
theta_3,$1-n^3$,1.1749999999999408,0.5554358176312205,0.5043205266241472,0.5939908457893721,0.5768455800131832
theta_3,$1-n^3$,1.1766666666666663,0.5542158317552918,0.5054709788710227,0.5931419058636188,0.575787905936116
theta_3,$1-n^3$,1.1783333333333916,0.5529906712950562,0.506613518657476,0.592282749566495,0.5747223112950453
theta_3,$1-n^3$,1.1799999999999926,0.5517604880552112,0.5077479548926052,0.5914134904432282,0.5736489316289345
theta_3,$1-n^3$,1.181666666666718,0.5505254342956447,0.5088740971335024,0.5905342431275711,0.57256790326525
theta_3,$1-n^3$,1.183333333333319,0.5492856627105175,0.509991755641215,0.5896451233225581,0.5714793633053817
theta_3,$1-n^3$,1.1850000000000442,0.5480413264057722,0.5111007414391748,0.5887462477748621,0.5703834496100425
theta_3,$1-n^3$,1.186666666666645,0.5467925788779621,0.5122008663716482,0.5878377342437408,0.569280300787428
theta_3,$1-n^3$,1.1883333333333705,0.5455395739914615,0.5132919431650426,0.5869197014614028,0.5681700561818159
theta_3,$1-n^3$,1.1899999999999713,0.5442824659570467,0.5143737854894725,0.5859922690864932,0.5670528558653356
theta_3,$1-n^3$,1.1916666666666968,0.543021409303669,0.5154462079841405,0.5850555578662056,0.5659288405706693
theta_3,$1-n^3$,1.1933333333332976,0.5417565588555419,0.5165090263140147,0.5841096896162233,0.5647981516762866
theta_3,$1-n^3$,1.195000000000023,0.5404880697120208,0.5175620572583857,0.5831547870328267,0.5636609312332959
theta_3,$1-n^3$,1.196666666666624,0.5392160972223703,0.5186051187522375,0.5821909737607579,0.5625173219245296
theta_3,$1-n^3$,1.1983333333333492,0.5379407969606361,0.5196380299440372,0.5812183743745128,0.5613674670459589
theta_3,$1-n^3$,1.1999999999999502,0.53666232470179,0.52066061125211,0.5802371143616563,0.5602115104887818
theta_3,$1-n^3$,1.2016666666666755,0.5353808363961167,0.5216726844220885,0.579247320105675,0.5590495967195277
theta_3,$1-n^3$,1.2033333333332765,0.5340964881448982,0.5226740725829585,0.5782491188705153,0.557881870760996
theta_3,$1-n^3$,1.2050000000000018,0.5328094361743528,0.5236646003041417,0.5772426387842764,0.5567084781713428
theta_3,$1-n^3$,1.2066666666667272,0.5315198368108004,0.5246440936512584,0.5762280088241705,0.5555295650240747
theta_3,$1-n^3$,1.2083333333333282,0.5302278464546725,0.5256123802424506,0.5752053588007152,0.5543452778868533
theta_3,$1-n^3$,1.2100000000000535,0.5289336215543287,0.5265692893044898,0.5741748193417088,0.553155763800042
theta_3,$1-n^3$,1.2116666666666545,0.5276373185806602,0.5275146517279579,0.5731365218765846,0.5519611702559667
theta_3,$1-n^3$,1.2133333333333798,0.5263390940000728,0.5284483001232915,0.5720905986190477,0.5507616451767424
theta_3,$1-n^3$,1.2149999999999808,0.5250391042488569,0.5293700688754659,0.5710371825501971,0.5495573368934971
theta_3,$1-n^3$,1.216666666666706,0.5237375057058558,0.5302797941995762,0.5699764073994751,0.5483483941242085
theta_3,$1-n^3$,1.218333333333307,0.5224344546665438,0.5311773141950729,0.5689084076257606,0.5471349659530975
theta_3,$1-n^3$,1.2200000000000324,0.5211301073154176,0.5320624689008512,0.5678333183959088,0.5459172018087686
theta_3,$1-n^3$,1.2216666666666334,0.51982461969982,0.5329351003490123,0.566751275563093,0.5446952514440642
theta_3,$1-n^3$,1.2233333333333587,0.5185181477020917,0.5337950526194338,0.5656624156422131,0.5434692649148044
theta_3,$1-n^3$,1.2249999999999595,0.5172108470134885,0.5346421718924442,0.5645668757905713,0.5422393925574398
theta_3,$1-n^3$,1.226666666666685,0.5159028731069688,0.5354763064927303,0.5634647938468681,0.5410057849433361
theta_3,$1-n^3$,1.2283333333332858,0.5145943812090835,0.536297306944374,0.5623563082764108,0.5397685928741732
theta_3,$1-n^3$,1.2300000000000113,0.5132855262738673,0.5371050260301403,0.5612415581175105,0.5385279673631825
theta_3,$1-n^3$,1.231666666666612,0.5119764629560961,0.5378993188383566,0.5601206829784989,0.5372840596081
theta_3,$1-n^3$,1.2333333333333374,0.5106673455829089,0.5386800428108762,0.5589938230279899,0.5360370209644603
theta_3,$1-n^3$,1.2349999999999384,0.5093583281272048,0.5394470577904019,0.5578611189815682,0.5347870029211654
theta_3,$1-n^3$,1.2366666666666637,0.5080495641796697,0.5402002260688531,0.5567227120830842,0.5335341570751924
theta_3,$1-n^3$,1.2383333333333892,0.506741206922446,0.5409394124347492,0.555578744084025,0.5322786351081636
theta_3,$1-n^3$,1.23999999999999,0.5054334091019806,0.5416644842208468,0.5544293572197144,0.5310205887622874
theta_3,$1-n^3$,1.2416666666667153,0.5041263230020137,0.5423753113512149,0.5532746941840375,0.5297601698164317
theta_3,$1-n^3$,1.2433333333333163,0.5028201004176636,0.5430717663870194,0.5521148981044193,0.528497530063117
theta_3,$1-n^3$,1.2450000000000416,0.5015148926281496,0.5437537245721356,0.5509501125157648,0.5272328212839089
theta_3,$1-n^3$,1.2466666666666426,0.5002108503711616,0.5444210638767336,0.5497804813368968,0.5259661952259694
theta_3,$1-n^3$,1.248333333333368,0.49890812381573324,0.545073665040285,0.5486061488475786,0.5246978035765847
theta_3,$1-n^3$,1.249999999999969,0.49760686253672287,0.5457114116121468,0.5474272596697668,0.5234277979385298
theta_3,$1-n^3$,1.2516666666666942,0.4963072154877659,0.5463341899911016,0.5462439587511587,0.5221563298030791
theta_3,$1-n^3$,1.2533333333332952,0.49500933097579414,0.5469418894620819,0.5450563913547037,0.5208835505235337
theta_3,$1-n^3$,1.2550000000000205,0.49371335663399285,0.5475344022313833,0.5438647030521182,0.5196096112860633
theta_3,$1-n^3$,1.2566666666666215,0.49241943939628546,0.5481116234586692,0.5426690397250951,0.518334663080743
theta_3,$1-n^3$,1.2583333333333468,0.4911277254702232,0.5486734512869993,0.5414695475722299,0.5170588566695766
theta_3,$1-n^3$,1.2599999999999476,0.4898383603198475,0.5492197869157085,0.540266372910953,0.5157823425985681
theta_3,$1-n^3$,1.2616666666666732,0.4885514886397653,0.54975053462967,0.5390596621794991,0.5145052711652291
theta_3,$1-n^3$,1.263333333333274,0.48726725432478396,0.5502656017962215,0.5378495620773888,0.5132277923619256
theta_3,$1-n^3$,1.2649999999999995,0.48598580044998935,0.5507648989239782,0.5366362194168448,0.51195005587637
theta_3,$1-n^3$,1.2666666666667248,0.48470726924674423,0.5512483396865963,0.5354197811301196,0.510672211060895
theta_3,$1-n^3$,1.2683333333333258,0.4834318020784618,0.5517158409481242,0.534200394264445,0.5093944069033072
theta_3,$1-n^3$,1.270000000000051,0.48215953941706685,0.5521673227891077,0.5329782059674031,0.5081167919998782
theta_3,$1-n^3$,1.2716666666666518,0.48089062082103834,0.5526027085327068,0.5317533634655309,0.5068395145310344
theta_3,$1-n^3$,1.2733333333333774,0.4796251849126044,0.5530219247712583,0.5305260140357807,0.5055627222369612
theta_3,$1-n^3$,1.2749999999999782,0.4783633693569813,0.5534249013918212,0.5292963049745637,0.5042865623956887
theta_3,$1-n^3$,1.2766666666667037,0.4771053108405713,0.553811571601324,0.5280643835633494,0.5030111818002061
theta_3,$1-n^3$,1.2783333333333045,0.4758511450510912,0.5541818719498942,0.5268303970356536,0.5017367267372649
theta_3,$1-n^3$,1.2800000000000298,0.47460100665656424,0.554535742352909,0.5255944925443754,0.5004633429644229
theta_3,$1-n^3$,1.2816666666666308,0.4733550292861277,0.5548731261104263,0.5243568171343257,0.4991911756879838
theta_3,$1-n^3$,1.283333333333356,0.4721133455096084,0.5551939699244564,0.5231175177188989,0.49792036953839025
theta_3,$1-n^3$,1.284999999999957,0.47087608681879917,0.5554982239128122,0.5218767410657393,0.4966510685457177
theta_3,$1-n^3$,1.2866666666666824,0.46964338360740876,0.555785841619921,0.5206346337903445,0.4953834161118348
theta_3,$1-n^3$,1.2883333333332834,0.46841536515259674,0.5560567800234104,0.5193913423624661,0.4941175549818712
theta_3,$1-n^3$,1.2900000000000087,0.4671921595950868,0.5563109995367779,0.5181470131242433,0.49285362721156434
theta_3,$1-n^3$,1.2916666666666097,0.46597389392075095,0.5565484640070324,0.5169017923249338,0.491591774133119
theta_3,$1-n^3$,1.293333333333335,0.46476069394362024,0.5567691407263807,0.5156558260836586,0.4903321363352206
theta_3,$1-n^3$,1.2950000000000603,0.4635526843099156,0.5569730005639673,0.5144092597896496,0.4890748537667928
theta_3,$1-n^3$,1.2966666666666613,0.46234998846047304,0.5571600178331998,0.5131622387236447,0.4878200655740988
theta_3,$1-n^3$,1.2983333333333866,0.46115272862095114,0.5573301703330138,0.5119149078617141,0.4865679101177659
theta_3,$1-n^3$,1.2999999999999876,0.45996102578932496,0.5574834393595908,0.5106674118122778,0.48531852496117117
theta_3,$1-n^3$,1.301666666666713,0.4587749997201099,0.5576198097009706,0.509419894825559,0.4840720468416356
theta_3,$1-n^3$,1.303333333333314,0.4575947689110523,0.5577392696332215,0.5081725007896922,0.4828286116467478
theta_3,$1-n^3$,1.3050000000000392,0.45642045058935193,0.5578418109179484,0.506925373213294,0.4815883543922278
theta_3,$1-n^3$,1.3066666666666402,0.45525216070016633,0.5579274288002211,0.5056786552002674,0.4803514092037083
theta_3,$1-n^3$,1.3083333333333655,0.45409001389448866,0.5579961220066223,0.5044324894166475,0.4791179092988585
theta_3,$1-n^3$,1.3099999999999663,0.4529341235191222,0.5580478927425797,0.5031870180552566,0.4778879869722132
theta_3,$1-n^3$,1.3116666666666918,0.451784601605871,0.5580827466885986,0.5019423827979802,0.47666177357914746
theta_3,$1-n^3$,1.3133333333332926,0.4506415588626401,0.5581006929946417,0.5006987247814304,0.47543939952134323
theta_3,$1-n^3$,1.3150000000000182,0.4495051046635965,0.5581017442721905,0.499456184565808,0.47422099423020575
theta_3,$1-n^3$,1.316666666666619,0.44837534704105164,0.5580859165833182,0.4982149021127282,0.47300668615055785
theta_3,$1-n^3$,1.3183333333333442,0.44725239267624856,0.5580532294262248,0.49697501677182626,0.47179660272108875
theta_3,$1-n^3$,1.3199999999999452,0.44613634689168397,0.5580037057166463,0.4957366672819016,0.47059087035386593
theta_3,$1-n^3$,1.3216666666666705,0.4450273136421786,0.5579373717645092,0.49449999178642207,0.46938961440940696
theta_3,$1-n^3$,1.3233333333332715,0.4439253955072945,0.5578542572453209,0.49326512786914234,0.4681929591695993
theta_3,$1-n^3$,1.3249999999999968,0.44283069368234584,0.557754395165587,0.4920322126096637,0.4670010278049857
theta_3,$1-n^3$,1.3266666666667222,0.4417433079720835,0.5576378218327539,0.490801382613663,0.46581394234985596
theta_3,$1-n^3$,1.3283333333333232,0.44066333680943237,0.5575045769968587,0.4895727732377172,0.4646318238543595
theta_3,$1-n^3$,1.3300000000000485,0.4395908772320516,0.5573547036982611,0.4883465191774827,0.4634547922354148
theta_3,$1-n^3$,1.3316666666666495,0.438526024877963,0.5571882482358653,0.48712275448716785,0.4622829662564666
theta_3,$1-n^3$,1.3333333333333748,0.43746887398577256,0.557005260169134,0.4859016124364155,0.4611164635412411
theta_3,$1-n^3$,1.3349999999999758,0.43641951739200857,0.5568057922866624,0.4846832255199562,0.4599554005559119
theta_3,$1-n^3$,1.336666666666701,0.4353780465281879,0.5565899005763586,0.48346772545183153,0.4587998925935648
theta_3,$1-n^3$,1.338333333333302,0.43434455142003775,0.5563576441970428,0.4822552431501772,0.4576500537630639
theta_3,$1-n^3$,1.3400000000000274,0.4333191206862659,0.5561090854503603,0.4810459087127244,0.4565059969788582
theta_3,$1-n^3$,1.3416666666666284,0.43230184153927037,0.555844289752902,0.47983985138899715,0.4553678339538065
theta_3,$1-n^3$,1.3433333333333537,0.43129279978521856,0.5555633256073483,0.4786371995493781,0.4542356751915857
theta_3,$1-n^3$,1.3449999999999545,0.43029207982584816,0.5552662645726083,0.47743808065700455,0.4531096299807336
theta_3,$1-n^3$,1.34666666666668,0.4292997646594601,0.5549531812316917,0.47624262124268374,0.4519898063869187
theta_3,$1-n^3$,1.3483333333332808,0.42831593588341516,0.5546241531573631,0.4750509468887732,0.4508763112454593
theta_3,$1-n^3$,1.3500000000000063,0.4273406736956441,0.5542792608742406,0.4738631822222309,0.4497692501507148
theta_3,$1-n^3$,1.351666666666607,0.4263740568974449,0.5539185878174624,0.4726794509227642,0.44866872744434055
theta_3,$1-n^3$,1.3533333333333326,0.4254161628951149,0.5535422202865082,0.47149987574630065,0.4475748461990598
theta_3,$1-n^3$,1.355000000000058,0.4244670677025809,0.5531502473943466,0.4703245785696033,0.44648770819983247
theta_3,$1-n^3$,1.3566666666666587,0.4235268459433119,0.5527427610120524,0.46915368045015376,0.4454074139211894
theta_3,$1-n^3$,1.3583333333333842,0.42259557086731925,0.5523198558163831,0.4679873011970582,0.4443340626151104
theta_3,$1-n^3$,1.359999999999985,0.421673314352885,0.5518816292198575,0.4668255594959948,0.4432677522751803
theta_3,$1-n^3$,1.3616666666667105,0.4207601469052183,0.5514281812823989,0.4656685731111057,0.4422085795836372
theta_3,$1-n^3$,1.3633333333333113,0.4198561376669814,0.5509596146958557,0.46451645874545433,0.44115663993702375
theta_3,$1-n^3$,1.3650000000000366,0.4189613544236676,0.5504760347352973,0.46336933205145264,0.440112027436926
theta_3,$1-n^3$,1.3666666666666376,0.41807586361085564,0.5499775492128264,0.46222730763014896,0.4390748348854152
theta_3,$1-n^3$,1.368333333333363,0.41719973032108093,0.5494642684321855,0.4610904990196834,0.43804515378197717
theta_3,$1-n^3$,1.369999999999964,0.4163330183123623,0.5489363051447033,0.45995901867871686,0.43702307432372256
theta_3,$1-n^3$,1.3716666666666892,0.41547579001616824,0.5483937745047854,0.45883297796516415,0.4360086854056969
theta_3,$1-n^3$,1.3733333333332902,0.41462810654681664,0.5478367940255706,0.45771248711601303,0.4350020746230488
theta_3,$1-n^3$,1.3750000000000155,0.41379002771013734,0.5472654835328823,0.4565976552285854,0.4340033282719104
theta_3,$1-n^3$,1.3766666666666165,0.41296161201334614,0.5466799651181667,0.45548859024899513,0.4330125313507132
theta_3,$1-n^3$,1.3783333333333418,0.41214291667400454,0.546080363088482,0.4543853989681864,0.43202976755882944
theta_3,$1-n^3$,1.3799999999999428,0.4113339976299694,0.5454668039142938,0.45328818703128004,0.4310551192942246
theta_3,$1-n^3$,1.3816666666666682,0.41053490954825106,0.5448394161730761,0.452197058960639,0.4300886676470498
theta_3,$1-n^3$,1.3833333333333935,0.40974570583458053,0.5441983304894915,0.45111211819827085,0.4291304923907495
theta_3,$1-n^3$,1.3849999999999945,0.4089664386428941,0.5435436794764748,0.45003346713945297,0.42818067197482174
theta_3,$1-n^3$,1.3866666666667198,0.40819715889622404,0.5428755977565985,0.44896120677967627,0.42723928360642743
theta_3,$1-n^3$,1.3883333333333208,0.4074379162913861,0.5421942218597628,0.44789543695840933,0.42630640319656193
theta_3,$1-n^3$,1.390000000000046,0.40668875930980875,0.5414996901692568,0.4468362563627618,0.42538210536107285
theta_3,$1-n^3$,1.3916666666666468,0.40594973523094524,0.5407921428785016,0.4457837624857789,0.4244664634335832
theta_3,$1-n^3$,1.3933333333333724,0.40522089014350315,0.5400717219357924,0.44473805163654023,0.4235595494656113
theta_3,$1-n^3$,1.3949999999999732,0.40450226895806934,0.5393385709918269,0.4436992189414555,0.4226614342306027
theta_3,$1-n^3$,1.3966666666666987,0.4037939154192708,0.5385928353477685,0.44266735833712156,0.4217721872290102
theta_3,$1-n^3$,1.3983333333332995,0.40309587211912146,0.5378346619050121,0.44164256256012296,0.42089187669591366
theta_3,$1-n^3$,1.400000000000025,0.40240818050974486,0.537064199114339,0.44062492313417334,0.42002056960835693
theta_3,$1-n^3$,1.4016666666666258,0.4017308809170735,0.5362815969256893,0.43961453035994597,0.4191583316938517
theta_3,$1-n^3$,1.403333333333351,0.4010640125537643,0.5354870067361776,0.4386114733080251,0.41830522743726783
theta_3,$1-n^3$,1.404999999999952,0.4004076135328814,0.5346805813376402,0.43761583982029173,0.41746132008751746
theta_3,$1-n^3$,1.4066666666666774,0.39976172088063544,0.5338624748612834,0.4366277165202106,0.41662667166129563
theta_3,$1-n^3$,1.4083333333332784,0.39912637054967987,0.5330328427207738,0.43564718883729653,0.41580134294524057
theta_3,$1-n^3$,1.4100000000000037,0.398501597431305,0.5321918415512878,0.43467434104626257,0.41498539349382124
theta_3,$1-n^3$,1.4116666666666047,0.3978874353688544,0.5313396291523436,0.4337092562944264,0.4141788816316257
theta_3,$1-n^3$,1.41333333333333,0.39728391717843164,0.5304763644881387,0.4327520163414347,0.4133818645213781
theta_3,$1-n^3$,1.4150000000000553,0.3966910746575522,0.5296022075947981,0.43180270176413954,0.4125943981253902
theta_3,$1-n^3$,1.4166666666666563,0.3961089385994319,0.5287173195318234,0.4308613919400171,0.41181653721848527
theta_3,$1-n^3$,1.4183333333333816,0.395537538807353,0.5278218623336522,0.42992816503272785,0.4110483354004814
theta_3,$1-n^3$,1.4199999999999826,0.3949769041087458,0.5269159989566244,0.4290030980056895,0.41028984510322386
theta_3,$1-n^3$,1.421666666666708,0.39442706236888103,0.5259998932269166,0.42808626662634286,0.4095411175990049
theta_3,$1-n^3$,1.423333333333309,0.39388804050541276,0.5250737097910334,0.427177745465837,0.4088022030115349
theta_3,$1-n^3$,1.4250000000000342,0.39335986450235266,0.5241376140662032,0.42627760789449,0.40807315032703845
theta_3,$1-n^3$,1.4266666666666352,0.39284255942471136,0.5231917721923794,0.42538592607778575,0.4073540074066517
theta_3,$1-n^3$,1.4283333333333605,0.3923361494324378,0.5222363509831477,0.42450277097330236,0.406644820997742
theta_3,$1-n^3$,1.4299999999999613,0.39184065779484056,0.5212715178772865,0.4236282123332912,0.40594563674527834
theta_3,$1-n^3$,1.4316666666666868,0.39135610690417527,0.5202974408882358,0.42276231871334435,0.4052564992009212
theta_3,$1-n^3$,1.4333333333332876,0.3908825182895282,0.5193142885532668,0.4219051574918284,0.4045774518309137
theta_3,$1-n^3$,1.4350000000000132,0.39041991262973386,0.5183222298795619,0.42105679490056225,0.4039085370204886
theta_3,$1-n^3$,1.436666666666614,0.3899683097664039,0.5173214342890438,0.42021729607137237,0.40324979607582784
theta_3,$1-n^3$,1.4383333333333395,0.38952772872015684,0.5163120715908295,0.41938672493845086,0.4026012692590618
theta_3,$1-n^3$,1.4399999999999402,0.38909818770614313,0.5152943119465921,0.41856514418720553,0.40196299581326433
theta_3,$1-n^3$,1.4416666666666655,0.38867970414360253,0.5142683257961004,0.4177526153990423,0.40133501394095805
theta_3,$1-n^3$,1.443333333333391,0.3882722946711342,0.5132342838236652,0.4169491989993458,0.4007173608299022
theta_3,$1-n^3$,1.4449999999999918,0.38787597515963673,0.5121923569103585,0.4161549542764733,0.4001100726615941
theta_3,$1-n^3$,1.4466666666667174,0.3874907607253457,0.511142716088316,0.4153699393930011,0.3995131846217656
theta_3,$1-n^3$,1.4483333333333182,0.3871166657431815,0.510085532497519,0.41459421139195457,0.3989267309127864
theta_3,$1-n^3$,1.4500000000000435,0.38675370385961727,0.5090209773426932,0.4138278261987055,0.39835074476632965
theta_3,$1-n^3$,1.4516666666666445,0.3864018880058941,0.5079492218523592,0.41307083862250765,0.3977852584571564
theta_3,$1-n^3$,1.4533333333333698,0.386061230410624,0.506870437237103,0.4123233023579699,0.3972303033160945
theta_3,$1-n^3$,1.4549999999999708,0.3857317426125863,0.5057847946492108,0.4115852699904556,0.3966859097430644
theta_3,$1-n^3$,1.456666666666696,0.38541343547281226,0.5046924651407046,0.41085679300575195,0.3961521072182776
theta_3,$1-n^3$,1.458333333333297,0.3851063191867086,0.5035936196219547,0.4101379218079522,0.3956289243124108
theta_3,$1-n^3$,1.4600000000000224,0.3848104032953699,0.5024884288178726,0.4094287057459412,0.395116388693932
theta_3,$1-n^3$,1.4616666666666234,0.3845256966967755,0.5013770632238932,0.4087291931523801,0.3946145271343295
theta_3,$1-n^3$,1.4633333333333487,0.3842522076577435,0.5002596930710355,0.40803943133107845,0.39412336552485355
theta_3,$1-n^3$,1.4649999999999497,0.3839899438290388,0.49913648831506774,0.4073594664302593,0.39364292892104574
theta_3,$1-n^3$,1.466666666666675,0.383738912252323,0.4980076185689065,0.40668934360826287,0.39317324151700206
theta_3,$1-n^3$,1.4683333333332758,0.3834991193726299,0.496873253077148,0.406029106990124,0.3927143266703535
theta_3,$1-n^3$,1.4700000000000013,0.3832705710487905,0.49573356067860824,0.40537879968377877,0.392266206912056
theta_3,$1-n^3$,1.4716666666667266,0.3830532725639487,0.4945887097711485,0.4047384637953424,0.39182890395709447
theta_3,$1-n^3$,1.4733333333333276,0.38284722863578785,0.49343886827732364,0.40410814043886767,0.3914024387160154
theta_3,$1-n^3$,1.475000000000053,0.3826524434266207,0.49228420361138486,0.4034878697427635,0.390986831307238
theta_3,$1-n^3$,1.4766666666666537,0.3824689205534305,0.49112488264820015,0.40287769085499514,0.39058210107002767
theta_3,$1-n^3$,1.4783333333333792,0.38229666309744625,0.4899610716916346,0.4022776419475701,0.39018826657693606
theta_3,$1-n^3$,1.47999999999998,0.3821356736136538,0.4887929364447598,0.40168776022341285,0.3898053456462538
theta_3,$1-n^3$,1.4816666666667055,0.3819859541397581,0.4876206419788159,0.40110808192583824,0.38943335535309404
theta_3,$1-n^3$,1.4833333333333063,0.38184750620496194,0.4864443527034034,0.40053864235372577,0.3890723120396353
theta_3,$1-n^3$,1.4850000000000319,0.38172033083812934,0.48526423233480764,0.39997947588265487,0.38872223132319406
theta_3,$1-n^3$,1.4866666666666326,0.3816044285756467,0.48408044386495225,0.3994306159950543,0.38838312810260167
theta_3,$1-n^3$,1.488333333333358,0.3814997994687386,0.4828931495288702,0.3988920953141738,0.38805501656295177
theta_3,$1-n^3$,1.489999999999959,0.3814064430941646,0.48170251080013055,0.39836394549806287,0.38773791021473913
theta_3,$1-n^3$,1.4916666666666842,0.3813243585602144,0.48050868835392396,0.3978461973063617,0.38743182189009917
theta_3,$1-n^3$,1.4933333333332852,0.3812535445132636,0.47931184203785904,0.3973388806357356,0.38713676374760914
theta_3,$1-n^3$,1.4950000000000105,0.3811939991450919,0.4781121308504413,0.39684202451038664,0.3868527472869733
theta_3,$1-n^3$,1.4966666666666115,0.3811457201993478,0.4769097129168805,0.3963556570996929,0.3865797833574134
theta_3,$1-n^3$,1.4983333333333368,0.38110870497774735,0.4757047454649717,0.3958798057308417,0.38631788216665125
theta_3,$1-n^3$,1.4999999999999378,0.38108295034612066,0.47449738480371895,0.3954144968987527,0.38606705329087426
theta_3,$1-n^3$,1.5016666666666632,0.3810684527401615,0.473287786301631,0.39495975627323676,0.38582730568474516
theta_3,$1-n^3$,1.5033333333333885,0.3810652081709409,0.4720761043672798,0.39451560870560193,0.3855986476917787
theta_3,$1-n^3$,1.5049999999999895,0.38107321223009316,0.47086249242967293,0.39408207823493224,0.385381087054316
theta_3,$1-n^3$,1.5066666666667148,0.38109246009468534,0.4696471029191397,0.39365918809551487,0.3851746309230166
theta_3,$1-n^3$,1.5083333333333158,0.3811229465317154,0.4684300872494438,0.3932469607268267,0.38497928586572544
theta_3,$1-n^3$,1.510000000000041,0.38116466590223996,0.46721159579865584,0.3928454177863929,0.3847950578750338
theta_3,$1-n^3$,1.511666666666642,0.3812176121650551,0.46599177789140267,0.3924545801676021,0.3846219523747248
theta_3,$1-n^3$,1.5133333333333674,0.38128177887997494,0.464770781779387,0.39207446802259965,0.38445997422434863
theta_3,$1-n^3$,1.5149999999999681,0.38135715921057944,0.4635487546228918,0.39170510079232806,0.3843091277220815
theta_3,$1-n^3$,1.5166666666666937,0.3814437459281285,0.46232584248179226,0.39134649717642783,0.3841694166223391
theta_3,$1-n^3$,1.5183333333332945,0.381541531415798,0.4611021903138486,0.39099867507518815,0.3840408441598484
theta_3,$1-n^3$,1.52000000000002,0.38165050766842434,0.459877941941233,0.3906616517080027,0.38392341302940597
theta_3,$1-n^3$,1.5216666666666208,0.38177066629545353,0.45865324004564834,0.3903354435793607,0.3838171254042288
theta_3,$1-n^3$,1.5233333333333463,0.38190199852260903,0.457428226154662,0.3900200664918769,0.3837219829412204
theta_3,$1-n^3$,1.524999999999947,0.3820444951931274,0.4562030406303409,0.38971553555826693,0.38363798678657673
theta_3,$1-n^3$,1.5266666666666724,0.3821981467688586,0.45497782265732845,0.3894218652110909,0.38356513758155575
theta_3,$1-n^3$,1.5283333333332734,0.3823629433309094,0.45375271023322244,0.3891390692114145,0.3835034354685111
theta_3,$1-n^3$,1.5299999999999987,0.3825388745801611,0.45252784015825875,0.38886716065605265,0.38345288009686207
theta_3,$1-n^3$,1.5316666666667242,0.3827259298373014,0.4513033480270697,0.3886061519844715,0.3834134706290445
theta_3,$1-n^3$,1.533333333333325,0.38292409804265437,0.4500793682201615,0.3883560549852015,0.38338520574618673
theta_3,$1-n^3$,1.5350000000000503,0.3831333677556982,0.448856033895959,0.38811688080238493,0.383368083653449
theta_3,$1-n^3$,1.5366666666666513,0.38335372715409366,0.4476334769842631,0.38788863994301975,0.3833621020849014
theta_3,$1-n^3$,1.5383333333333766,0.3835851640325994,0.4464118281787687,0.3876713422848395,0.38336725830777485
theta_3,$1-n^3$,1.5399999999999776,0.3838276658013777,0.44519121693140795,0.387464997085774,0.38338354912599365
theta_3,$1-n^3$,1.541666666666703,0.38408121948420987,0.44397177144552846,0.38726961299483886,0.3834109708828505
theta_3,$1-n^3$,1.543333333333304,0.3843458117160593,0.4427536186707592,0.3870851980653677,0.3834495194626833
theta_3,$1-n^3$,1.5450000000000292,0.3846214287405534,0.4415368842965788,0.3869117597704858,0.38349919029146623
theta_3,$1-n^3$,1.5466666666666302,0.384908056406806,0.44032169274768396,0.38674930501980553,0.3835599783368194
theta_3,$1-n^3$,1.5483333333333555,0.3852056801677243,0.43910816718879575,0.3865978401044434,0.3836318781305304
theta_3,$1-n^3$,1.5499999999999565,0.385514285076388,0.4378964295226655,0.38645737070885355,0.3837148837654852
theta_3,$1-n^3$,1.5516666666666818,0.3858338557810799,0.43668660037728774,0.38632790197572525,0.3838089888841677
theta_3,$1-n^3$,1.5533333333332826,0.3861643765213714,0.43547879910727183,0.38620943849571887,0.38391418668528765
theta_3,$1-n^3$,1.5550000000000082,0.38650583112415626,0.43427314379352644,0.386101984303577,0.3840304699270308
theta_3,$1-n^3$,1.556666666666609,0.38685820299887874,0.43306975124416297,0.3860055428781323,0.38415783092920747
theta_3,$1-n^3$,1.5583333333333345,0.3872214751327652,0.43186873699384454,0.3859201171452385,0.38429626157466884
theta_3,$1-n^3$,1.5600000000000598,0.38759563008529024,0.43067021530448596,0.3858457094831842,0.3844457533098445
theta_3,$1-n^3$,1.5616666666666605,0.3879806499825402,0.42947429916516827,0.3857823217297051,0.3846062971447436
theta_3,$1-n^3$,1.563333333333386,0.38837651651125094,0.42828110029228483,0.3857299551899956,0.3847778836524643
theta_3,$1-n^3$,1.5649999999999868,0.38878321091222934,0.4270907291309207,0.3856886106450552,0.3849605029681905
theta_3,$1-n^3$,1.5666666666667124,0.3892007139739129,0.42590329485534906,0.385658288359576,0.3851541447881086
theta_3,$1-n^3$,1.5683333333333132,0.3896290060251653,0.42471890537152024,0.3856389880887968,0.3853587983679643
theta_3,$1-n^3$,1.5700000000000387,0.39006806692829976,0.4235376673188122,0.3856307090835362,0.3855744525218137
theta_3,$1-n^3$,1.5716666666666395,0.3905178760713514,0.422359686073993,0.3856334500927839,0.3858010956206275
theta_3,$1-n^3$,1.5733333333333648,0.3909784123606413,0.42118506575467857,0.38564720936311475,0.38603871559135294
theta_3,$1-n^3$,1.5749999999999658,0.39144965421260164,0.4200139092252227,0.38567198463425373,0.3862872999160419
theta_3,$1-n^3$,1.576666666666691,0.3919315795459562,0.41884631810233636,0.3857077731301069,0.38654683563170134
theta_3,$1-n^3$,1.578333333333292,0.3924241657731748,0.4176823927633581,0.3857545715445354,0.38681730933042136
theta_3,$1-n^3$,1.5800000000000174,0.39292738979234676,0.4165222323544895,0.38581237602124,0.38709870716049144
theta_3,$1-n^3$,1.5816666666666184,0.3934412279764099,0.4153659347879787,0.38588118220521805,0.38739101481405447
theta_3,$1-n^3$,1.5833333333333437,0.39396565615982754,0.414213596717572,0.38596098540769536,0.38769421749563265
theta_3,$1-n^3$,1.5849999999999447,0.3945006496345235,0.4130653135889286,0.38605178036261656,0.38800829996139735
theta_3,$1-n^3$,1.58666666666667,0.3950461831378373,0.41192117962889724,0.3861535613210264,0.3883332464978197
theta_3,$1-n^3$,1.5883333333333953,0.3956022308419768,0.4107812878533577,0.38626632204653094,0.38866904091853366
theta_3,$1-n^3$,1.5899999999999963,0.39616876634365644,0.4096457300749793,0.38639005580835933,0.3890156665613354
theta_3,$1-n^3$,1.5916666666667216,0.39674576265335865,0.40851459691042213,0.3865247553794114,0.389373106283791
theta_3,$1-n^3$,1.5933333333333226,0.3973331921838137,0.40738797778803043,0.38667041303782296,0.38974134245746234
theta_3,$1-n^3$,1.595000000000048,0.3979310267388025,0.4062659609541113,0.3868270205709401,0.3901203569617021
theta_3,$1-n^3$,1.596666666666649,0.39853923750097947,0.4051486334806257,0.38699456928003145,0.390510131176476
theta_3,$1-n^3$,1.5983333333333742,0.39915779502015497,0.4040360812718073,0.38717304998473284,0.39091064597538167
theta_3,$1-n^3$,1.599999999999975,0.39978666920064276,0.4029283890725998,0.3873624530254941,0.39132188171824794
theta_3,$1-n^3$,1.6016666666667005,0.4004258292891619,0.40182564047645075,0.38756276826307345,0.3917438182445342
theta_3,$1-n^3$,1.6033333333333013,0.4010752438618491,0.4007279179353287,0.3877739850732988,0.3921764348668624
theta_3,$1-n^3$,1.6050000000000268,0.4017348808119207,0.39963530276952663,0.38799609233619226,0.3926197103659538
theta_3,$1-n^3$,1.6066666666666276,0.40240470733649036,0.398547875180094,0.3882290784176255,0.3930736229862506
theta_3,$1-n^3$,1.6083333333333532,0.40308468992413116,0.39746571426148347,0.38847293114265424,0.39353815043354573
theta_3,$1-n^3$,1.609999999999954,0.40377479434108304,0.39638889801329347,0.38872763778338626,0.3940132698685305
theta_3,$1-n^3$,1.6116666666666792,0.40447498561372514,0.39531750332020144,0.38899318523794757,0.39449895786
theta_3,$1-n^3$,1.6133333333332802,0.40518522801789064,0.39425160598915987,0.38926955985938777,0.39499519041226316
theta_3,$1-n^3$,1.6150000000000055,0.40590548506427737,0.3931912807534227,0.38955674748862257,0.3955019429481039
theta_3,$1-n^3$,1.6166666666666065,0.40663571948340277,0.3921366012819609,0.3898547334586385,0.3960191902977351
theta_3,$1-n^3$,1.6183333333333318,0.4073758932116658,0.39108764019093023,0.3901635025789848,0.39654690669233544
theta_3,$1-n^3$,1.6200000000000572,0.40812596737625517,0.3900444690553753,0.3904830391268744,0.3970850657551412
theta_3,$1-n^3$,1.6216666666666582,0.4088859022803013,0.38900715841945294,0.3908133268436695,0.3976336404914432
theta_3,$1-n^3$,1.6233333333333835,0.4096556573877908,0.38797577780623116,0.3911543489347815,0.39819260327752615
theta_3,$1-n^3$,1.6249999999999845,0.4104351913077031,0.3869503957280868,0.3915060880709514,0.3987619258485209
theta_3,$1-n^3$,1.6266666666667098,0.4112244617788484,0.38593107969603124,0.39186852638977365,0.39934157928660924
theta_3,$1-n^3$,1.6283333333333108,0.4120234256536672,0.3849178962306083,0.3922416454949045,0.3999315340086861
theta_3,$1-n^3$,1.630000000000036,0.4128320388829013,0.38391091087217316,0.3926254264520269,0.40053175975524036
theta_3,$1-n^3$,1.631666666666637,0.4136502564992963,0.38291018819324674,0.39301984977894,0.40114222557947093
theta_3,$1-n^3$,1.6333333333333624,0.4144780326022903,0.38191579181078217,0.3934248954288958,0.4017628998384491
theta_3,$1-n^3$,1.6349999999999634,0.41531532034180346,0.3809277844010095,0.39384054276450015,0.4023937501852939
theta_3,$1-n^3$,1.6366666666666887,0.41616207190312976,0.379946227714724,0.3942667705213518,0.40303474356422075
theta_3,$1-n^3$,1.6383333333332895,0.4170182384906666,0.3789711825933514,0.39470355677412833,0.4036858462038814
theta_3,$1-n^3$,1.640000000000015,0.4178837703072963,0.3780027089473229,0.3951508791467997,0.40434702355634794
theta_3,$1-n^3$,1.6416666666666158,0.41875861654059476,0.3770408657906616,0.395608714653665,0.4050182403187121
theta_3,$1-n^3$,1.6433333333333413,0.4196427253470879,0.3760857112542786,0.39607703967873353,0.4056994604230226
theta_3,$1-n^3$,1.644999999999942,0.4205360438344906,0.3751373025939475,0.396555829995104,0.40639064701674227
theta_3,$1-n^3$,1.6466666666666674,0.42143851804577387,0.3741956962029078,0.3970450607462035,0.4070917624525661
theta_3,$1-n^3$,1.648333333333393,0.4223500929420564,0.37326094762458645,0.39754470643313583,0.4078027682756661
theta_3,$1-n^3$,1.6499999999999937,0.4232707123860268,0.3723331115639045,0.398054740907239,0.408523625210073
theta_3,$1-n^3$,1.6516666666667192,0.4242003191252954,0.3714122418981371,0.3985751373657285,0.4092542931441285
theta_3,$1-n^3$,1.65333333333332,0.4251388547750196,0.3704983916882527,0.39910586834824474,0.4099947311148826
theta_3,$1-n^3$,1.6550000000000455,0.4260862598015854,0.3695916131892549,0.3996469057334872,0.410744897293228
theta_3,$1-n^3$,1.6566666666666463,0.42704247350523683,0.36869195786190406,0.4001982207329446,0.41150474896850747
theta_3,$1-n^3$,1.6583333333333716,0.4280074340039481,0.3677994763838811,0.4007597838812074,0.4122742425347972
theta_3,$1-n^3$,1.6599999999999726,0.4289810782163222,0.3669142186628063,0.40133156501978595,0.4130533334775043
theta_3,$1-n^3$,1.661666666666698,0.42996334184585205,0.36603623384921113,0.4019135332739694,0.41384197636252607
theta_3,$1-n^3$,1.663333333333299,0.4309541593642856,0.36516557035184083,0.40250565701960084,0.4146401248265647
theta_3,$1-n^3$,1.6650000000000242,0.43195346399647305,0.3643022758534203,0.40310790383935147,0.4154477315708909
theta_3,$1-n^3$,1.6666666666666252,0.43296118770144176,0.3634463973090416,0.40372024060918854,0.4162647483227011
theta_3,$1-n^3$,1.6683333333333505,0.43397726115583335,0.3625979809506706,0.4043426335322831,0.4170911258107782
theta_3,$1-n^3$,1.6699999999999515,0.4350016137399095,0.3617570723175123,0.40497504799802286,0.4179268137805637
theta_3,$1-n^3$,1.6716666666666768,0.43603417352101054,0.3609237162585671,0.40561744863069926,0.4187717609653268
theta_3,$1-n^3$,1.6733333333332778,0.4370748672374182,0.3600979569461157,0.40626979926520873,0.4196259150738845
theta_3,$1-n^3$,1.6750000000000032,0.4381236202834871,0.35927983788724877,0.4069320629301544,0.4204892227775459
theta_3,$1-n^3$,1.6766666666667285,0.4391803566937074,0.3584694019355818,0.4076042018352573,0.42136162969475127
theta_3,$1-n^3$,1.6783333333333295,0.4402449991276785,0.3576666913018104,0.40828617736267725,0.4222430803754141
theta_3,$1-n^3$,1.6800000000000548,0.4413174688552808,0.3568717475639469,0.40897795006016663,0.4231335182847693
theta_3,$1-n^3$,1.6816666666666558,0.4423976857412847,0.35608461167803124,0.4096794796339247,0.42403288578647824
theta_3,$1-n^3$,1.683333333333381,0.443485568231443,0.3553053239880362,0.41039072494083145,0.4249411241270715
theta_3,$1-n^3$,1.6849999999999818,0.4445810333376308,0.3545339242370141,0.41111164397685096,0.4258581734200921
theta_3,$1-n^3$,1.6866666666667074,0.44568399662466396,0.35377045157781173,0.41184219386167514,0.42678397263251133
theta_3,$1-n^3$,1.6883333333333082,0.4467943721962434,0.3530149445854253,0.41258233081630086,0.427718459571674
theta_3,$1-n^3$,1.6900000000000337,0.44791207268269434,0.3522674412693595,0.4133320101336583,0.42866157087538714
theta_3,$1-n^3$,1.6916666666666345,0.449037009227911,0.3515279790880243,0.41409118613893753,0.4296132420033659
theta_3,$1-n^3$,1.6933333333333598,0.4501690914774464,0.3507965949584155,0.4148598121793138,0.4305734072224039
theta_3,$1-n^3$,1.6949999999999608,0.45130822756243405,0.3500733252450125,0.4156378407761055,0.43154199954893335
theta_3,$1-n^3$,1.696666666666686,0.45245432409180814,0.3493582057917774,0.41642522344167954,0.43251895077949837
theta_3,$1-n^3$,1.698333333333287,0.45360728613942797,0.34865127192670525,0.41722191071342996,0.433504191462526
theta_3,$1-n^3$,1.7000000000000124,0.4547670172338323,0.34795255847106316,0.4180278521421991,0.4344976508849251
theta_3,$1-n^3$,1.7016666666666134,0.45593341934725395,0.3472620997505436,0.4188429962709961,0.43549925705980075
theta_3,$1-n^3$,1.7033333333333387,0.45710639288641336,0.34657992960489503,0.41966729061937763,0.43650893671411645
theta_3,$1-n^3$,1.7049999999999397,0.4582858366823579,0.34590608139783635,0.4205006816704044,0.43752661527429576
theta_3,$1-n^3$,1.706666666666665,0.4594716479821772,0.3452405880257417,0.4213431148609562,0.4385522168525245
theta_3,$1-n^3$,1.7083333333333903,0.4606637224399189,0.34458348192681415,0.4221945345723397,0.43958566423178275
theta_3,$1-n^3$,1.7099999999999913,0.4618619541089406,0.34393479508961616,0.42305488412156866,0.44062687885186436
theta_3,$1-n^3$,1.7116666666667166,0.46306623543486813,0.34329455906161227,0.42392410575155043,0.4416757807960037
theta_3,$1-n^3$,1.7133333333333176,0.46427645724829497,0.34266280495832996,0.4248021406183552,0.4427322887776839
theta_3,$1-n^3$,1.715000000000043,0.46549250875950743,0.34203956347207526,0.42568892877602504,0.4437963201299475
theta_3,$1-n^3$,1.716666666666644,0.4667142775524872,0.3414248648818198,0.42658440915574436,0.44486779079514527
theta_3,$1-n^3$,1.7183333333333692,0.4679416495811235,0.3408187390628867,0.427488519540309,0.44594661531801355
theta_3,$1-n^3$,1.7199999999999702,0.4691745091647694,0.34022121549806134,0.4284011965306109,0.44703270683990526
theta_3,$1-n^3$,1.7216666666666955,0.4704127389860043,0.33963232328810583,0.4293223755111106,0.4481259770951779
theta_3,$1-n^3$,1.7233333333332963,0.47165622008479113,0.3390520911433771,0.4302519907795593,0.44922633635634174
theta_3,$1-n^3$,1.7250000000000218,0.4729048318583188,0.3384805473994132,0.4311899754610588,0.4503336934510679
theta_3,$1-n^3$,1.7266666666666226,0.4741584520601631,0.33791772003108683,0.4321362614511828,0.4514479557601949
theta_3,$1-n^3$,1.7283333333333482,0.47541695680007545,0.33736363665607483,0.43309077943570673,0.45256902920006453
theta_3,$1-n^3$,1.729999999999949,0.47668022054359255,0.3368183245426801,0.43405345887532826,0.453696818215334
theta_3,$1-n^3$,1.7316666666666742,0.47794811611397675,0.3362818106168039,0.43502422799281165,0.45483122577260304
theta_3,$1-n^3$,1.7333333333332752,0.47922051469349203,0.3357541214693931,0.4360030137600817,0.45597215335237645
theta_3,$1-n^3$,1.7350000000000005,0.48049728582704804,0.3352352833630621,0.43698974188737416,0.4571195009422592
theta_3,$1-n^3$,1.736666666666726,0.4817782974252918,0.3347253222391341,0.43798433681200233,0.4582731670289601
theta_3,$1-n^3$,1.7383333333333268,0.4830634157695303,0.33422426372410885,0.4389867216883643,0.4594330485914277
theta_3,$1-n^3$,1.7400000000000524,0.4843525055175546,0.3337321331359665,0.439996818378279,0.46059904109447863
theta_3,$1-n^3$,1.7416666666666532,0.4856454297094118,0.33324895549066924,0.44101454744069524,0.4617710384822421
theta_3,$1-n^3$,1.7433333333333785,0.4869420497755428,0.3327747555079376,0.44203982812246073,0.46294893317379493
theta_3,$1-n^3$,1.7449999999999795,0.4882422255443134,0.33230955761743997,0.4430725783476165,0.4641326160584874
theta_3,$1-n^3$,1.7466666666667048,0.48954581525204305,0.33185338596424263,0.4441127147074555,0.4653219764939624
theta_3,$1-n^3$,1.7483333333333058,0.4908526755524444,0.3314062644146558,0.44516015244870044,0.46651690230425336
theta_3,$1-n^3$,1.750000000000031,0.4921626615285959,0.3309682165613645,0.44621480546207604,0.4677172797809912
theta_3,$1-n^3$,1.751666666666632,0.49347562670434436,0.33053926572893705,0.4472765862685945,0.46892299368507967
theta_3,$1-n^3$,1.7533333333333574,0.49479142305827434,0.3301194349786442,0.448345406005865,0.47013392725189457
theta_3,$1-n^3$,1.7549999999999584,0.4961099010374187,0.3297087471140758,0.44942117442227825,0.4713499621841634
theta_3,$1-n^3$,1.7566666666666837,0.49743090957338537,0.3293072246829019,0.45050379992943035,0.47257097861057085
theta_3,$1-n^3$,1.7583333333332847,0.4987542960972258,0.3289148899821145,0.4515931895383499,0.4737968551381601
theta_3,$1-n^3$,1.76000000000001,0.5000799065586702,0.32853176506619347,0.452689248836345,0.4750274688460694
theta_3,$1-n^3$,1.7616666666666108,0.501407585443333,0.32815787174905753,0.453791881998799,0.4762626952833828
theta_3,$1-n^3$,1.7633333333333363,0.5027371757927055,0.32779323160616636,0.45490099179474386,0.47750240847209624
theta_3,$1-n^3$,1.7650000000000616,0.5040685192239166,0.32743786597773866,0.4560164795852628,0.4787464809103333
theta_3,$1-n^3$,1.7666666666666626,0.5054014559516995,0.32709179597216814,0.45713824531827696,0.4799947835779302
theta_3,$1-n^3$,1.768333333333388,0.5067358248115358,0.32675504246972653,0.45826618752040693,0.4812471859432933
theta_3,$1-n^3$,1.7699999999999887,0.5080714632829376,0.3264276261265881,0.45940020328656367,0.48250355597040673
theta_3,$1-n^3$,1.7716666666667142,0.5094082075153216,0.3261095673783333,0.4605401882708743,0.4837637601281439
theta_3,$1-n^3$,1.773333333333315,0.5107458923533419,0.32580088644350236,0.4616860366778333,0.48502766339880077
theta_3,$1-n^3$,1.7750000000000405,0.5120843513648371,0.32550160332620814,0.46283764125789306,0.486295129288671
theta_3,$1-n^3$,1.7766666666666413,0.5134234168681556,0.32521173781836127,0.4639948933062716,0.4875660198374692
theta_3,$1-n^3$,1.7783333333333666,0.5147629199620168,0.324931309500563,0.465157682669221,0.48884019562944114
theta_3,$1-n^3$,1.7799999999999676,0.5161026905546697,0.3246603377421727,0.46632589775650596,0.4901175158029489
theta_3,$1-n^3$,1.781666666666693,0.5174425573955092,0.32439884169965055,0.4674994255643633,0.4913978380613876
theta_3,$1-n^3$,1.783333333333294,0.5187823481059098,0.3241468403136381,0.46867815170766497,0.4926810186822048
theta_3,$1-n^3$,1.7850000000000192,0.5201218892135334,0.3239043523096536,0.4698619604240668,0.49396691253235003
theta_3,$1-n^3$,1.7866666666666202,0.5214610061928092,0.3236713962342828,0.4710507343226707,0.49525537311537965
theta_3,$1-n^3$,1.7883333333333455,0.5227995234948455,0.32344799042184114,0.47224435463268816,0.49654625255702584
theta_3,$1-n^3$,1.7899999999999465,0.5241372645844634,0.32323415300096325,0.473442701161036,0.4978394016295314
theta_3,$1-n^3$,1.7916666666666718,0.5254740519789763,0.32302990189639635,0.47464565228677863,0.4991346697713386
theta_3,$1-n^3$,1.7933333333332728,0.5268097072858472,0.32283525482803,0.4758530849745725,0.500431905104027
theta_3,$1-n^3$,1.7949999999999982,0.5281440512431372,0.3226502293104699,0.47706487478227894,0.5017309544532766
theta_3,$1-n^3$,1.7966666666667235,0.5294769037595658,0.32247484265330184,0.4782808958625556,0.5030316633703635
theta_3,$1-n^3$,1.7983333333333245,0.5308080839565918,0.3223091119613433,0.4795010209632699,0.5043338761561127
theta_3,$1-n^3$,1.8000000000000498,0.5321374102114359,0.3221530541347182,0.4807251214284328,0.5056374358858473
theta_3,$1-n^3$,1.8016666666666508,0.5334647001999635,0.32200668586853254,0.4819530672013284,0.5069421844338659
theta_3,$1-n^3$,1.803333333333376,0.5347897709418338,0.3218700236515277,0.48318472683471636,0.5082479624993819
theta_3,$1-n^3$,1.804999999999977,0.5361124388447477,0.3217430837637416,0.484419967507866,0.5095546096304179
theta_3,$1-n^3$,1.8066666666667024,0.5374325197508886,0.32162588227249994,0.48565865505594963,0.5108619642482727
theta_3,$1-n^3$,1.8083333333333032,0.5387498289823013,0.3215184350267387,0.48690065401144683,0.51216986366895
theta_3,$1-n^3$,1.8100000000000287,0.5400641813889848,0.321420757652677,0.48814582763417264,0.513478144129732
theta_3,$1-n^3$,1.8116666666666295,0.5413753914008188,0.32133286557380764,0.48939403774793894,0.514786640851713
theta_3,$1-n^3$,1.813333333333355,0.5426832730741378,0.3212547739904394,0.4906451448965404,0.5160951880442646
theta_3,$1-n^3$,1.8149999999999558,0.5439876401413053,0.3211864978792227,0.4918990083393449,0.5174036189399579
theta_3,$1-n^3$,1.816666666666681,0.5452883060621463,0.3211280519905074,0.49315548606498677,0.5187117658281094
theta_3,$1-n^3$,1.818333333333282,0.5465850840742511,0.3210794508444229,0.49441443481314223,0.5200194600861534
theta_3,$1-n^3$,1.8200000000000074,0.5478777872456272,0.32104070872757473,0.4956757100911074,0.5213265322150734
theta_3,$1-n^3$,1.8216666666666084,0.5491662285264737,0.32101183969010644,0.4969391661853878,0.5226328118750575
theta_3,$1-n^3$,1.8233333333333337,0.5504502208030647,0.3209928575426199,0.4982046561745232,0.5239381279237932
theta_3,$1-n^3$,1.8250000000000592,0.5517295769506326,0.3209837758526551,0.4994720319434399,0.5252423084536697
theta_3,$1-n^3$,1.82666666666666,0.5530041098875487,0.3209846079402716,0.5007411442049026,0.5265451808296162
theta_3,$1-n^3$,1.8283333333333853,0.5542736326297154,0.3209953668723816,0.5020118425303367,0.5278465717258929
theta_3,$1-n^3$,1.8299999999999863,0.5555379583441139,0.32101606545542327,0.5032839753922866,0.5291463071601535
theta_3,$1-n^3$,1.8316666666667116,0.5567969004038409,0.3210467162263923,0.5045573902208484,0.5304442125272105
theta_3,$1-n^3$,1.8333333333333126,0.5580502724448785,0.3210873314587589,0.5058319333349609,0.5317401126588982
theta_3,$1-n^3$,1.835000000000038,0.5592978884219566,0.3211379231545319,0.5071074499889429,0.5330338318613556
theta_3,$1-n^3$,1.836666666666639,0.5605395626629271,0.3211985030349093,0.5083837844266823,0.5343251939504909
theta_3,$1-n^3$,1.8383333333333642,0.5617751099257376,0.3212690825357051,0.5096607798983417,0.5356140222976288
theta_3,$1-n^3$,1.8399999999999652,0.563004345453546,0.3213496727999137,0.5109382786975444,0.5369001398696547
theta_3,$1-n^3$,1.8416666666666905,0.5642270850316469,0.32144028467137314,0.5122161221904729,0.5381833692737201
theta_3,$1-n^3$,1.8433333333332915,0.565443145043114,0.3215409286888872,0.5134941508377767,0.5394635328024866
theta_3,$1-n^3$,1.8450000000000168,0.5666523425259612,0.32165161508052853,0.5147722042162889,0.5407404524820366
theta_3,$1-n^3$,1.8466666666666176,0.5678544952287538,0.3217723537574369,0.5160501210414423,0.5420139501184429
theta_3,$1-n^3$,1.8483333333333432,0.5690494216674407,0.3219031543068802,0.5173277391973898,0.5432838473451117
theta_3,$1-n^3$,1.849999999999944,0.5702369411803752,0.3220440259838461,0.518604895775718,0.544549965666905
theta_3,$1-n^3$,1.8516666666666695,0.5714168739842579,0.32219497770097993,0.5198814271297558,0.5458121265031407
theta_3,$1-n^3$,1.8533333333333948,0.5725890412280926,0.3223560180160996,0.5211571689454687,0.5470701512255893
theta_3,$1-n^3$,1.8549999999999955,0.573753265049705,0.3225271551293774,0.5224319562317781,0.5483238612169175
theta_3,$1-n^3$,1.856666666666721,0.574909368633047,0.3227083968859174,0.5237056232649079,0.5495730779399619
theta_3,$1-n^3$,1.8583333333333218,0.5760571762593176,0.3228997507532764,0.5249780037397093,0.5508176229587235
theta_3,$1-n^3$,1.8600000000000474,0.5771965133626316,0.32310122381736145,0.5262489307687,0.5520573179966854
theta_3,$1-n^3$,1.8616666666666482,0.578327206582703,0.32331282277217743,0.5275182369284651,0.5532919849825277
theta_3,$1-n^3$,1.8633333333333735,0.5794490838186274,0.3235345539107826,0.5287857542981874,0.5545214460999792
theta_3,$1-n^3$,1.8649999999999745,0.5805619742809021,0.32376642311652604,0.5300513144910266,0.5557455238378824
theta_3,$1-n^3$,1.8666666666666998,0.5816657085442511,0.32400843585459466,0.5313147486854555,0.5569640410423848
theta_3,$1-n^3$,1.8683333333333008,0.582760118598431,0.3242605971628583,0.5325758876575974,0.5581768209672799
theta_3,$1-n^3$,1.870000000000026,0.5838450378995372,0.32452291164208863,0.5338345618216656,0.5593836873243876
theta_3,$1-n^3$,1.871666666666627,0.5849203014190354,0.3247953834444914,0.5350906012795561,0.560584464330024
theta_3,$1-n^3$,1.8733333333333524,0.58598574569299,0.3250780162606764,0.5363438358866878,0.5617789767494225
theta_3,$1-n^3$,1.8749999999999534,0.5870412088692811,0.32537081330651907,0.5375940953133432,0.5629670499405539
theta_3,$1-n^3$,1.8766666666666787,0.5880865307584046,0.3256737773255454,0.5388412089771447,0.5641485099313007
theta_3,$1-n^3$,1.8783333333332797,0.5891215528777333,0.32598691056913764,0.5400850061587836,0.565323183449753
theta_3,$1-n^3$,1.880000000000005,0.5901461184981825,0.3263102147871141,0.5413253160325219,0.5664908979774623
theta_3,$1-n^3$,1.881666666666606,0.5911600726882635,0.3266436912156158,0.54256196771395,0.5676514817962653
theta_3,$1-n^3$,1.8833333333333313,0.5921632623584253,0.32698734056537326,0.5437947903080511,0.5688047640367111
theta_3,$1-n^3$,1.8850000000000566,0.593155536303447,0.3273411630104152,0.545023612947793,0.5699505747270402
theta_3,$1-n^3$,1.8866666666666576,0.5941367452446537,0.32770515817732854,0.5462482648298294,0.5710887448437655
theta_3,$1-n^3$,1.888333333333383,0.5951067418710476,0.3280793251343368,0.5474685752506472,0.5722191063618474
theta_3,$1-n^3$,1.889999999999984,0.5960653808785104,0.32846366237940466,0.5486843736465181,0.5733414923025039
theta_3,$1-n^3$,1.8916666666667092,0.5970125190087618,0.32885816782756055,0.5498954896438059,0.5744557367796439
theta_3,$1-n^3$,1.89333333333331,0.5979480150857017,0.32926283879606555,0.5511017531210686,0.5755616750411832
theta_3,$1-n^3$,1.8950000000000355,0.598871730051299,0.3296776719878774,0.5523029942898683,0.5766591435068682
theta_3,$1-n^3$,1.8966666666666363,0.599783527001452,0.3301026634855761,0.5534990436796586,0.5777479798284242
theta_3,$1-n^3$,1.8983333333333618,0.6006832712211241,0.33053780874240757,0.5546897321517659,0.5788280229431011
theta_3,$1-n^3$,1.8999999999999626,0.6015708302149695,0.3309831025622961,0.5558748910004955,0.5798991131031814
theta_3,$1-n^3$,1.901666666666688,0.6024460737396589,0.33143853908917614,0.5570543519790956,0.5809610919255577
theta_3,$1-n^3$,1.903333333333289,0.6033088738331086,0.33190411179190643,0.558227947356299,0.5820138024311158
theta_3,$1-n^3$,1.9050000000000142,0.6041591048437784,0.33237981345098805,0.5593955099623783,0.5830570890878004
theta_3,$1-n^3$,1.9066666666666152,0.6049966434578279,0.33286563614547665,0.5605568732262803,0.5840907978536478
theta_3,$1-n^3$,1.9083333333333405,0.6058213687260794,0.3333615712406848,0.56171187121103,0.5851147762211276
theta_3,$1-n^3$,1.9099999999999415,0.6066331620886416,0.33386760937501775,0.5628603386489981,0.5861288732591241
theta_3,$1-n^3$,1.9116666666666668,0.607431907399077,0.3343837404465861,0.5640021109841941,0.5871329396538529
theta_3,$1-n^3$,1.9133333333333922,0.6082174909460882,0.33490995359792963,0.5651370244232915,0.5881268277451637
theta_3,$1-n^3$,1.9149999999999932,0.6089898014741383,0.3354462371992674,0.566264916001927,0.589110391558961
theta_3,$1-n^3$,1.9166666666667185,0.6097487302022602,0.3359925788293942,0.567385623669784,0.5900834868337919
theta_3,$1-n^3$,1.9183333333333195,0.6104941708435788,0.3365489652685669,0.5684989862689024,0.591045971073498
theta_3,$1-n^3$,1.9200000000000448,0.6112260196243301,0.33711538249139916,0.5696048435171073,0.5919977035986151
theta_3,$1-n^3$,1.9216666666666458,0.6119441752968482,0.33769181564095,0.5707030361428458,0.5929385455560455
theta_3,$1-n^3$,1.923333333333371,0.612648539155316,0.33827824901859044,0.5717934058918588,0.5938683599626883
theta_3,$1-n^3$,1.924999999999972,0.6133390150480762,0.3388746660668918,0.5728757955845712,0.5947870117331174
theta_3,$1-n^3$,1.9266666666666974,0.6140155093898252,0.33948104935469436,0.5739500491613534,0.5956943677108371
theta_3,$1-n^3$,1.9283333333332984,0.6146779311719169,0.3400973805624499,0.5750160117172529,0.5965902966997647
theta_3,$1-n^3$,1.9300000000000237,0.6153261919723332,0.3407236404687591,0.5760735295329951,0.597474669497008
theta_3,$1-n^3$,1.9316666666666245,0.6159602059636138,0.34135980893614964,0.5771224501038908,0.5983473589236372
theta_3,$1-n^3$,1.93333333333335,0.6165798899202376,0.3420058648970642,0.5781626221734087,0.599208239854467
theta_3,$1-n^3$,1.9349999999999508,0.6171851632238131,0.3426617863380558,0.579193895773091,0.6000571892436035
theta_3,$1-n^3$,1.9366666666666763,0.6177759478675033,0.34332755028320755,0.5802161222755299,0.6008940861467145
theta_3,$1-n^3$,1.938333333333277,0.6183521684581121,0.3440031327747275,0.5812291544621262,0.6017188117368351
theta_3,$1-n^3$,1.9400000000000024,0.618913752217293,0.3446885088522905,0.5822328466080842,0.6025312493157323
theta_3,$1-n^3$,1.941666666666728,0.6194606289858228,0.34538365255488246,0.583227054372398,0.6033312843745448
theta_3,$1-n^3$,1.9433333333333287,0.6199927312227461,0.34608853690150265,0.5842116348671016,0.6041188046060649
theta_3,$1-n^3$,1.9450000000000542,0.6205099940028773,0.3468031338698391,0.585186446743705,0.604893699911718
theta_3,$1-n^3$,1.946666666666655,0.6210123550148108,0.3475274143836248,0.5861513502003204,0.6056558624274528
theta_3,$1-n^3$,1.9483333333333803,0.6214997545574087,0.3482613482956603,0.5871062070317371,0.6064051865380383
theta_3,$1-n^3$,1.9499999999999813,0.6219721355349676,0.34900490437148757,0.5880508806653936,0.6071415688926132
theta_3,$1-n^3$,1.9516666666667066,0.6224294434521984,0.3497580502749961,0.588985236189228,0.6078649084223372
theta_3,$1-n^3$,1.9533333333333076,0.6228716264077911,0.3505207525537579,0.5899091403727998,0.6085751063573828
theta_3,$1-n^3$,1.955000000000033,0.623298635087624,0.3512929766254172,0.5908224616876131,0.6092720662440554
theta_3,$1-n^3$,1.956666666666634,0.6237104227564617,0.3520746867628859,0.5917250703280861,0.6099556939593431
theta_3,$1-n^3$,1.9583333333333592,0.624106945249132,0.3528658460797172,0.5926168382390458,0.6106258977236213
theta_3,$1-n^3$,1.9599999999999602,0.6244881609600942,0.35366641651336117,0.5934976391512432,0.6112825881088745
theta_3,$1-n^3$,1.9616666666666855,0.6248540308323187,0.35447635880772127,0.5943673486307177,0.6119256780431008
theta_3,$1-n^3$,1.9633333333332865,0.6252045183444639,0.3552956324926708,0.5952258441435556,0.6125550828083226
theta_3,$1-n^3$,1.9650000000000118,0.6255395894978466,0.35612419586513316,0.5960730051165606,0.6131707200395291
theta_3,$1-n^3$,1.9666666666666128,0.6258592128090514,0.35696200600180056,0.5969087127335552,0.6137725097915965
theta_3,$1-n^3$,1.9683333333333382,0.6261633592921944,0.35780901872437143,0.5977328501229728,0.6143603745017139
theta_3,$1-n^3$,1.969999999999939,0.6264520024447437,0.35866518858654345,0.5985453023625324,0.6149342389987565
theta_3,$1-n^3$,1.9716666666666645,0.6267251182329311,0.3595304688611014,0.5993459564900836,0.6154940305107155
theta_3,$1-n^3$,1.9733333333333898,0.6269826850755601,0.3604048115229026,0.6001347015390802,0.6160396786634419
theta_3,$1-n^3$,1.9749999999999908,0.6272246838277474,0.36128816723393387,0.600911428563513,0.6165711154816154
theta_3,$1-n^3$,1.976666666666716,0.6274510977643096,0.3621804853294674,0.601676030654443,0.6170882753907737
theta_3,$1-n^3$,1.9783333333333168,0.6276619125625993,0.3630817138042909,0.6024284029503524,0.6175910952193259
theta_3,$1-n^3$,1.9800000000000424,0.6278571162851829,0.3639917993003234,0.6031684426455183,0.6180795142008151
theta_3,$1-n^3$,1.9816666666666432,0.6280366993617943,0.3649106870931997,0.603896048997415,0.618553473974532
theta_3,$1-n^3$,1.9833333333333687,0.6282006545710277,0.36583832107962827,0.6046111233377173,0.6190129185849712
theta_3,$1-n^3$,1.9849999999999695,0.6283489770212601,0.3667746437629985,0.6053135690879046,0.6194577944782573
theta_3,$1-n^3$,1.9866666666666948,0.6284816641311899,0.3677195962390845,0.6060032917839823,0.6198880504959667
theta_3,$1-n^3$,1.9883333333332958,0.6285987156095569,0.368673118179279,0.6066801991113789,0.6203036378645387
theta_3,$1-n^3$,1.990000000000021,0.6287001334343578,0.369635147813247,0.6073442009544753,0.6207045101806328
theta_3,$1-n^3$,1.991666666666622,0.628785921831403,0.37060562190940993,0.607995209454046,0.6210906233927493
theta_3,$1-n^3$,1.9933333333333474,0.6288560872601833,0.37158447579274323,0.608633138787051,0.6214619358553667
theta_3,$1-n^3$,1.9949999999999484,0.6289106383904239,0.37257164331768666,0.609257905282417,0.6218184082934481
theta_3,$1-n^3$,1.9966666666666737,0.6289495860797114,0.37356705684848496,0.6098694274941803,0.6221600037778505
theta_3,$1-n^3$,1.9983333333332747,0.6289729433539414,0.3745706472532765,0.6104676261568823,0.622486687730396
theta_3,$1-n^3$,2.0,0.6289807253859174,0.3755823438908324,0.6110524242082508,0.6227984279110853
hyperlogistic,$(1-n)^2$,0.0,0.817047596983807,0.016735790884700657,0.7163098538046055,0.7835321768686315
hyperlogistic,$(1-n)^2$,0.001666666666651563,0.8170388448559706,0.017016991610384925,0.7177471675578813,0.7842449182485653
hyperlogistic,$(1-n)^2$,0.0033333333333426126,0.8170124482291627,0.017304816335760805,0.7191689054702287,0.7849421270253679
hyperlogistic,$(1-n)^2$,0.004999999999994176,0.8169681922776464,0.01759941977040485,0.7205750679638483,0.7856237560012865
hyperlogistic,$(1-n)^2$,0.006666666666685225,0.8169058561813034,0.01790096042186034,0.7219656544096607,0.7862897543496574
hyperlogistic,$(1-n)^2$,0.008333333333336789,0.8168252130680815,0.018209600678125985,0.7233406630716688,0.7869400675638686
hyperlogistic,$(1-n)^2$,0.009999999999988352,0.8167260299574535,0.01852550689161652,0.7247000910519252,0.7875746374064069
hyperlogistic,$(1-n)^2$,0.011666666666679402,0.816608067705069,0.01884884946440784,0.7260439342352594,0.7881934018576371
hyperlogistic,$(1-n)^2$,0.013333333333330965,0.8164710809487402,0.019179802934821483,0.7273721872340766,0.7887962950645466
hyperlogistic,$(1-n)^2$,0.014999999999982527,0.8163148180559071,0.01951854606540478,0.728684843333526,0.7893832472895702
hyperlogistic,$(1-n)^2$,0.016666666666673578,0.8161390210728207,0.019865261932149332,0.7299818944364908,0.7899541848592174
hyperlogistic,$(1-n)^2$,0.01833333333332514,0.8159434256755721,0.020220138014993713,0.7312633310086246,0.7905090301128072
hyperlogistic,$(1-n)^2$,0.02000000000001619,0.8157277611231375,0.020583366289670016,0.7325291420237849,0.7910477013513765
hyperlogistic,$(1-n)^2$,0.021666666666667753,0.8154917502127471,0.020955143320657874,0.7337793149090969,0.7915701127864831
hyperlogistic,$(1-n)^2$,0.023333333333319314,0.8152351092376358,0.021335670355466456,0.7350138354905442,0.7920761744893826
hyperlogistic,$(1-n)^2$,0.025000000000010365,0.8149575479474935,0.021725153419999973,0.7362326879383102,0.792565792340337
hyperlogistic,$(1-n)^2$,0.02666666666666193,0.8146587695118638,0.022123803415040572,0.7374358547122571,0.7930388679781076
hyperlogistic,$(1-n)^2$,0.02833333333335298,0.8143384704865816,0.022531836213910247,0.7386233165077567,0.7934952987499374
hyperlogistic,$(1-n)^2$,0.03000000000000454,0.813996340783687,0.022949472761025356,0.7397950522011761,0.7939349776617682
hyperlogistic,$(1-n)^2$,0.0316666666666561,0.8136320636448721,0.02337693917157379,0.7409510387959103,0.7943577933290447
hyperlogistic,$(1-n)^2$,0.033333333333347155,0.8132453156188963,0.023814466832017805,0.7420912513682443,0.7947636299279219
hyperlogistic,$(1-n)^2$,0.03499999999999872,0.8128357665431478,0.024262292501454764,0.7432156630133179,0.7951523671471324
hyperlogistic,$(1-n)^2$,0.03666666666665028,0.8124030795295633,0.024720658413862315,0.7443242447914623,0.7955238801406094
hyperlogistic,$(1-n)^2$,0.03833333333334133,0.8119469109554074,0.025189812380958757,0.7454169656744796,0.7958780394806956
hyperlogistic,$(1-n)^2$,0.039999999999992895,0.8114669104590365,0.025670007895701077,0.7464937924920335,0.7962147111123182
hyperlogistic,$(1-n)^2$,0.04166666666668394,0.8109627209409119,0.026161504236439235,0.7475546898784892,0.7965337563081417
hyperlogistic,$(1-n)^2$,0.04333333333333551,0.8104339785704596,0.026664566571349656,0.748599620219573,0.7968350316246086
hyperlogistic,$(1-n)^2$,0.04499999999998707,0.8098803127987336,0.02717946606339126,0.7496285435996151,0.7971183888592589
hyperlogistic,$(1-n)^2$,0.04666666666667812,0.8093013463774683,0.02770647997539777,0.7506414177487306,0.7973836750092894
hyperlogistic,$(1-n)^2$,0.04833333333332968,0.8086966953848991,0.028245891775272758,0.7516381979903212,0.7976307322313534
hyperlogistic,$(1-n)^2$,0.04999999999998125,0.8080659692584397,0.02879799124130489,0.75261883718904,0.7978593978029528
hyperlogistic,$(1-n)^2$,0.051666666666672294,0.8074087708348486,0.02936307456724005,0.7535832856988287,0.7980695040853989
hyperlogistic,$(1-n)^2$,0.05333333333332386,0.8067246963982032,0.029941444467064888,0.7545314913113181,0.7982608784884545
hyperlogistic,$(1-n)^2$,0.055000000000014905,0.8060133357358712,0.030533410279491222,0.7554633992048257,0.7984333434368667
hyperlogistic,$(1-n)^2$,0.05666666666666647,0.8052742722031953,0.03113928807165464,0.7563789518933828,0.7985867163388903
hyperlogistic,$(1-n)^2$,0.058333333333318034,0.8045070827968566,0.03175940074225731,0.7572780891765256,0.7987208095570149
hyperlogistic,$(1-n)^2$,0.06000000000000908,0.8037113382378412,0.0323940781235986,0.7581607480893949,0.7988354303808094
hyperlogistic,$(1-n)^2$,0.061666666666660645,0.8028866030640273,0.03304365708248463,0.7590268628532834,0.7989303810023645
hyperlogistic,$(1-n)^2$,0.0633333333333517,0.8020324357327704,0.033708481619932965,0.759876364826971,0.7990054584942997
hyperlogistic,$(1-n)^2$,0.06500000000000326,0.8011483887343986,0.034388902969071,0.7607091824583656,0.7990604547904651
hyperlogistic,$(1-n)^2$,0.06666666666665481,0.8002340087163782,0.035085279691472036,0.7615252412370879,0.7990951566696349
hyperlogistic,$(1-n)^2$,0.06833333333334587,0.7992888366189906,0.03579797777132276,0.7623244636475072,0.7991093457423775
hyperlogistic,$(1-n)^2$,0.06999999999999744,0.7983124078230547,0.03652737070724247,0.7631067691226008,0.7991027984410812
hyperlogistic,$(1-n)^2$,0.07166666666664899,0.7973042523096479,0.037273839601703204,0.7638720739987617,0.7990752860135293
hyperlogistic,$(1-n)^2$,0.07333333333334005,0.796263894832688,0.038037773247457274,0.7646202914712782,0.7990265745201777
hyperlogistic,$(1-n)^2$,0.07499999999999162,0.7951908551047536,0.03881956821078435,0.7653513315507776,0.7989564248352551
hyperlogistic,$(1-n)^2$,0.07666666666668266,0.7940846479962684,0.03961962891143735,0.7660651010208415,0.7988645926519029
hyperlogistic,$(1-n)^2$,0.07833333333333423,0.7929447837489569,0.040438367698535774,0.7667615033963908,0.7987508284916847
hyperlogistic,$(1-n)^2$,0.07999999999998579,0.7917707682033381,0.04127620492259262,0.7674404388834507,0.7986148777185623
hyperlogistic,$(1-n)^2$,0.08166666666667684,0.7905621030415714,0.04213356900276489,0.7681018043400151,0.7984564805574587
hyperlogistic,$(1-n)^2$,0.0833333333333284,0.7893182860453206,0.04301089648926411,0.7687454932381244,0.7982753721179129
hyperlogistic,$(1-n)^2$,0.08500000000001945,0.7880388113690858,0.043908632120644754,0.7693713956274889,0.7980712824227809
hyperlogistic,$(1-n)^2$,0.08666666666667101,0.7867231698301381,0.044827228875030364,0.7699793981003386,0.7978439364423477
hyperlogistic,$(1-n)^2$,0.08833333333332258,0.7853708492144195,0.045767148015495765,0.7705693837580212,0.7975930541340018
hyperlogistic,$(1-n)^2$,0.09000000000001362,0.7839813345993583,0.0467288591286799,0.7711412321790349,0.7973183504878716
hyperlogistic,$(1-n)^2$,0.09166666666666519,0.7825541086942163,0.047712840156189915,0.7716948193888281,0.7970195355784343
hyperlogistic,$(1-n)^2$,0.09333333333331675,0.7810886521975359,0.0487195774186419,0.7722300178315141,0.796696314622438
hyperlogistic,$(1-n)^2$,0.0950000000000078,0.7795844441726071,0.049749565631414326,0.7727466963433417,0.7963483880434707
hyperlogistic,$(1-n)^2$,0.09666666666665936,0.7780409624412423,0.05080330791168623,0.7732447201282091,0.7959754515433083
hyperlogistic,$(1-n)^2$,0.09833333333335041,0.7764576839956864,0.05188131577647066,0.7737239507354099,0.7955771961802215
hyperlogistic,$(1-n)^2$,0.10000000000000198,0.7748340854295457,0.05298410913052791,0.7741842460394035,0.7951533084547407
hyperlogistic,$(1-n)^2$,0.10166666666665354,0.773169643387034,0.054112216244261914,0.774625460222081,0.7947034704028332
hyperlogistic,$(1-n)^2$,0.10333333333334459,0.771463835032149,0.055266173720159614,0.775047443757404,0.7942273596968819
hyperlogistic,$(1-n)^2$,0.10499999999999615,0.7697161385366618,0.056446526447683575,0.7754500433985614,0.7937246497547857
hyperlogistic,$(1-n)^2$,0.10666666666664772,0.7679260335873004,0.057653827545990965,0.7758331021679173,0.7931950098571771
hyperlogistic,$(1-n)^2$,0.10833333333333876,0.766093001912965,0.058888638293282974,0.776196459349668,0.7926381052732617
hyperlogistic,$(1-n)^2$,0.10999999999999033,0.7642165278314648,0.060151528042369326,0.7765399504854271,0.79205359739541
hyperlogistic,$(1-n)^2$,0.11166666666668137,0.7622960988150624,0.06144307412212803,0.7768634073729421,0.7914411438825615
hyperlogistic,$(1-n)^2$,0.11333333333333294,0.7603312060767821,0.06276386172303108,0.7771666580678631,0.7908003988130606
hyperlogistic,$(1-n)^2$,0.1149999999999845,0.758321345175386,0.06411448376708594,0.7774495268889486,0.7901310128466995
hyperlogistic,$(1-n)^2$,0.11666666666667555,0.7562660166399886,0.06549554076066605,0.777711834426623,0.7894326333964935
hyperlogistic,$(1-n)^2$,0.11833333333332711,0.7541647266141572,0.06690764062950984,0.7779533975551265,0.7887049048103435
hyperlogistic,$(1-n)^2$,0.12000000000001816,0.752016987518661,0.06835139853541615,0.7781740294484232,0.787947468562602
hyperlogistic,$(1-n)^2$,0.12166666666666973,0.7498223187334343,0.06982743667310205,0.7783735395998835,0.7871599634560297
hyperlogistic,$(1-n)^2$,0.12333333333332129,0.7475802472971494,0.0713363840472659,0.7785517338460363,0.7863420258338646
hyperlogistic,$(1-n)^2$,0.12500000000001235,0.745290308626087,0.0728788762277268,0.7787084143943529,0.7854932898028462
hyperlogistic,$(1-n)^2$,0.1266666666666639,0.7429520472499485,0.07445555508266685,0.7788433798553391,0.784613387466759
hyperlogistic,$(1-n)^2$,0.12833333333331545,0.74056501756458,0.07606706848895654,0.7789564252790536,0.7837019491707011
hyperlogistic,$(1-n)^2$,0.13000000000000653,0.7381287846020026,0.0777140700179304,0.7790473421961092,0.7827586037566588
hyperlogistic,$(1-n)^2$,0.13166666666665808,0.735642924816395,0.07939721859607793,0.7791159186633657,0.7817829788301575
hyperlogistic,$(1-n)^2$,0.13333333333334912,0.7331070268843759,0.0811171781402706,0.779161939314517,0.7807747010376144
hyperlogistic,$(1-n)^2$,0.1350000000000007,0.7305206925214214,0.0828746171649643,0.7791851854155127,0.7797333963557108
hyperlogistic,$(1-n)^2$,0.13666666666665225,0.7278835373110223,0.08467020836195324,0.7791854349251247,0.7786586903916743
hyperlogistic,$(1-n)^2$,0.1383333333333433,0.7251951915470866,0.08650462815075503,0.7791624625607516,0.7775502086949495
hyperlogistic,$(1-n)^2$,0.13999999999999488,0.7224553010886462,0.0883785561986438,0.7791160398695574,0.7764075770805209
hyperlogistic,$(1-n)^2$,0.14166666666668593,0.7196635282250605,0.0902926749098303,0.7790459353050542,0.7752304219635218
hyperlogistic,$(1-n)^2$,0.14333333333333748,0.7168195525518334,0.09224766888194472,0.7789519143093706,0.7740183707053081
hyperlogistic,$(1-n)^2$,0.14499999999998905,0.7139230718541489,0.09424422433002695,0.7788337394012588,0.7727710519703171
hyperlogistic,$(1-n)^2$,0.1466666666666801,0.7109738029995214,0.09628302847522098,0.7786911702697974,0.771488096095371
hyperlogistic,$(1-n)^2$,0.14833333333333165,0.7079714828360577,0.09836476889869024,0.7785239638742448,0.7701691354692963
hyperlogistic,$(1-n)^2$,0.14999999999998323,0.7049158690954628,0.1004901328594964,0.7783318745498783,0.7688138049235881
hyperlogistic,$(1-n)^2$,0.15166666666667428,0.7018067413005369,0.1026598065745765,0.7781146541199997,0.7674217421346267
hyperlogistic,$(1-n)^2$,0.15333333333332583,0.6986439016749374,0.10487447446048845,0.7778720520142434,0.7659925880365694
hyperlogistic,$(1-n)^2$,0.15500000000001687,0.6954271760526389,0.10713481833684492,0.7776038153933261,0.7645259872437274
hyperlogistic,$(1-n)^2$,0.15666666666666845,0.6921564147882855,0.10944151658834927,0.7773096892801633,0.763021588484808
hyperlogistic,$(1-n)^2$,0.15833333333332,0.6888314936639665,0.11179524328670412,0.7769894166974907,0.7614790450465713
hyperlogistic,$(1-n)^2$,0.16000000000001105,0.6854523147925797,0.11419666727046311,0.7766427388122312,0.7598980152270053
hyperlogistic,$(1-n)^2$,0.16166666666666263,0.6820188075157338,0.1166464511819786,0.7762693950864867,0.7582781627985716
hyperlogistic,$(1-n)^2$,0.16333333333331418,0.6785309292935721,0.11914525046136856,0.7758691234351539,0.7566191574805787
hyperlogistic,$(1-n)^2$,0.16500000000000523,0.6749886665860321,0.12169371229622838,0.7754416603904777,0.7549206754199743
hyperlogistic,$(1-n)^2$,0.1666666666666568,0.6713920357230927,0.12429247452682325,0.7749867412734862,0.7531823996801114
hyperlogistic,$(1-n)^2$,0.16833333333334785,0.6677410837616666,0.1269421645058301,0.7745041003719201,0.7514040207390817
hyperlogistic,$(1-n)^2$,0.1699999999999994,0.664035889328741,0.12964339791227605,0.7739934711254529,0.7495852369941646
hyperlogistic,$(1-n)^2$,0.17166666666665098,0.6602765634468143,0.13239677752007578,0.7734545863175193,0.7477257552732283
hyperlogistic,$(1-n)^2$,0.17333333333334203,0.6564632503415396,0.13520289191930818,0.7728871782741052,0.74582529135364
hyperlogistic,$(1-n)^2$,0.17499999999999358,0.652596128228925,0.13806231419094608,0.7722909790694226,0.743883570486951
hyperlogistic,$(1-n)^2$,0.17666666666668462,0.6486754100793294,0.14097560053607094,0.7716657207383791,0.7419003279270718
hyperlogistic,$(1-n)^2$,0.1783333333333362,0.6447013443582301,0.14394328885673519,0.7710111354959046,0.7398753094656357
hyperlogistic,$(1-n)^2$,0.17999999999998775,0.6406742157391542,0.14696589729135845,0.7703269559628599,0.7378082719705824
hyperlogistic,$(1-n)^2$,0.1816666666666788,0.6365943457893933,0.1500439227036029,0.7696129153988196,0.7356989839274088
hyperlogistic,$(1-n)^2$,0.18333333333333038,0.6324620936251589,0.1531778391249884,0.7688687479414226,0.7335472259841159
hyperlogistic,$(1-n)^2$,0.18499999999998193,0.6282778565332653,0.1563680961526687,0.7680941888520992,0.7313527914981929
hyperlogistic,$(1-n)^2$,0.18666666666667298,0.6240420705597207,0.15961511730231906,0.7672889747683693,0.7291154870842146
hyperlogistic,$(1-n)^2$,0.18833333333332455,0.6197552110623369,0.16291929831747765,0.7664528439624423,0.7268351331611105
hyperlogistic,$(1-n)^2$,0.1900000000000156,0.6154177932228789,0.16628100543587201,0.7655855366057374,0.7245115645018608
hyperlogistic,$(1-n)^2$,0.19166666666666715,0.61103037252163,0.1697005736141092,0.7646867950397984,0.7221446307796487
hyperlogistic,$(1-n)^2$,0.19333333333331873,0.6065935451681631,0.1731783047131684,0.763756364052662,0.7197341971121269
hyperlogistic,$(1-n)^2$,0.19500000000000978,0.602107948488576,0.17671446564432264,0.7627939911611994,0.7172801446041389
hyperlogistic,$(1-n)^2$,0.19666666666666133,0.5975742612670127,0.1803092864784557,0.7617994268989539,0.7147823708864937
hyperlogistic,$(1-n)^2$,0.19833333333335237,0.5929932040396526,0.18396295852217392,0.7607724251088768,0.7122407906475566
hyperlogistic,$(1-n)^2$,0.20000000000000395,0.5883655393395297,0.1876756323595013,0.759712743241601,0.7096553361623548
hyperlogistic,$(1-n)^2$,0.2016666666666555,0.5836920718884945,0.19144741586494865,0.7586201426582311,0.7070259578141661
hyperlogistic,$(1-n)^2$,0.20333333333334655,0.578973648738591,0.1952783721890432,0.7574943889377633,0.7043526246074422
hyperlogistic,$(1-n)^2$,0.20499999999999813,0.5742111593581228,0.19916851771913893,0.7563352521889046,0.7016353246734645
hyperlogistic,$(1-n)^2$,0.20666666666664968,0.5694055356599871,0.20311782001976403,0.7551425073658338,0.6988740657664636
hyperlogistic,$(1-n)^2$,0.20833333333334073,0.5645577519744404,0.20712619575493332,0.7539159345876877,0.6960688757485907
hyperlogistic,$(1-n)^2$,0.2099999999999923,0.5596688249637397,0.21119350859676178,0.752655319461236,0.6932198030622987
hyperlogistic,$(1-n)^2$,0.21166666666668335,0.5547398134716031,0.21531956712386682,0.7513604534070523,0.6903269171933535
hyperlogistic,$(1-n)^2$,0.2133333333333349,0.5497718183156486,0.21950412271366562,0.7500311339882659,0.6873903091175767
hyperlogistic,$(1-n)^2$,0.21499999999998648,0.5447659820141653,0.22374686743454975,0.7486671652412665,0.6844100917330607
hyperlogistic,$(1-n)^2$,0.21666666666667753,0.5397234884485921,0.22804743194023985,0.7472683580090471,0.681386400278066
hyperlogistic,$(1-n)^2$,0.21833333333332908,0.534645562460588,0.23240538337268263,0.7458345302761623,0.6783193927320562
hyperlogistic,$(1-n)^2$,0.21999999999998066,0.5295334693836916,0.2368202232802514,0.744365507503881,0.6752092501965272
hyperlogistic,$(1-n)^2$,0.2216666666666717,0.5243885145060139,0.24129138555361643,0.7428611229671439,0.672056177259606
hyperlogistic,$(1-n)^2$,0.22333333333332325,0.5192120424641775,0.24581823438665706,0.7413212180920479,0.6688604023408984
hyperlogistic,$(1-n)^2$,0.22500000000001433,0.5140054365690361,0.2504000622701803,0.7397456427921675,0.6656221780130156
hyperlogistic,$(1-n)^2$,0.22666666666666588,0.5087701180618656,0.2550360880210853,0.7381342558052891,0.6623417813033807
hyperlogistic,$(1-n)^2$,0.22833333333331743,0.5035075452973313,0.2597254548568998,0.7364869250290413,0.6590195139722332
hyperlogistic,$(1-n)^2$,0.2300000000000085,0.4982192128582296,0.2644672285203895,0.7348035278547892,0.655655702766609
hyperlogistic,$(1-n)^2$,0.23166666666666005,0.4929066506005202,0.2692603954622034,0.7330839514988722,0.6522506996485263
hyperlogistic,$(1-n)^2$,0.2333333333333511,0.48757142262046316,0.2741038610883152,0.7313280933331229,0.6488048819990843
hyperlogistic,$(1-n)^2$,0.23500000000000268,0.48221512615664375,0.27899644807913276,0.7295358612111807,0.6453186527942459
hyperlogistic,$(1-n)^2$,0.23666666666665423,0.4768393904174008,0.28393689478987494,0.7277071737909857,0.6417924407524223
hyperlogistic,$(1-n)^2$,0.23833333333334528,0.47144587533711496,0.28892385373698903,0.7258419608543497,0.6382267004542024
hyperlogistic,$(1-n)^2$,0.23999999999999685,0.46603627026167493,0.2939558901799048,0.7239401636219815,0.6346219124323024
hyperlogistic,$(1-n)^2$,0.2416666666666484,0.46061229256493014,0.2990314808078161,0.7220017350614382,0.6309785832295295
hyperlogistic,$(1-n)^2$,0.24333333333333945,0.45517568619405135,0.30414901253601406,0.7200266401913121,0.6272972454267295
hyperlogistic,$(1-n)^2$,0.24499999999999103,0.4497282201455942,0.3093067814214254,0.7180148563796349,0.6235784576385336
hyperlogistic,$(1-n)^2$,0.24666666666668208,0.44427168687507657,0.3145029917075717,0.7159663736334039,0.6198228044747229
hyperlogistic,$(1-n)^2$,0.24833333333333363,0.4388079006405853,0.3197357550029613,0.713881194882348,0.6160308964695287
hyperlogistic,$(1-n)^2$,0.2499999999999852,0.43333869577887263,0.3250030896047395,0.7117593362548676,0.612203369974934
hyperlogistic,$(1-n)^2$,0.25166666666667625,0.42786592492073217,0.3303029199733118,0.7096008273448586,0.6083408870199875
hyperlogistic,$(1-n)^2$,0.2533333333333278,0.4223914571464629,0.33563307636727624,0.7074057114680805,0.6044441351347283
hyperlogistic,$(1-n)^2$,0.2550000000000189,0.41691717607677037,0.34099129464555494,0.705174045912458,0.6005138271364338
hyperlogistic,$(1-n)^2$,0.25666666666667043,0.4114449779126118,0.34637521624417306,0.7029059021755236,0.5965507008810403
hyperlogistic,$(1-n)^2$,0.258333333333322,0.40597676941790944,0.35178238833735853,0.7006013661909314,0.5925555189764308
hyperlogistic,$(1-n)^2$,0.26000000000001305,0.400514465851944,0.3572102641868478,0.6982605385452766,0.5885290684585756
hyperlogistic,$(1-n)^2$,0.2616666666666646,0.3950599888537815,0.3626562036878666,0.6958835346831002,0.5844721604300709
hyperlogistic,$(1-n)^2$,0.26333333333331616,0.38961526428207915,0.3681174741206597,0.6934704850964333,0.5803856296614543
hyperlogistic,$(1-n)^2$,0.26500000000000723,0.38418222001391844,0.3735912511096819,0.6910215355041335,0.5762703341541812
hyperlogistic,$(1-n)^2$,0.2666666666666588,0.37876278370635524,0.3790746197977217,0.6885368470186672,0.5721271546650997
hyperlogistic,$(1-n)^2$,0.2683333333333498,0.3733588805247782,0.38456457624323265,0.6860165962955052,0.5679569941938691
hyperlogistic,$(1-n)^2$,0.2700000000000014,0.36797243084411957,0.39005802904088344,0.6834609756703156,0.5637607774331912
hyperlogistic,$(1-n)^2$,0.27166666666665296,0.36260534792448174,0.39555180117351474,0.680870193281423,0.5595394501790437
hyperlogistic,$(1-n)^2$,0.273333333333344,0.35725953556914886,0.4010426320970666,0.6782444731758192,0.5552939787061796
hyperlogistic,$(1-n)^2$,0.2749999999999956,0.35193688576870996,0.4065271800635377,0.6755840553970215,0.551025349108838
hyperlogistic,$(1-n)^2$,0.27666666666664713,0.3466392763358051,0.4120020246818111,0.6728891960620297,0.5467345665991195
hyperlogistic,$(1-n)^2$,0.27833333333333815,0.34136856853821207,0.4174636697205093,0.670160167417049,0.542422654775178
hyperlogistic,$(1-n)^2$,0.27999999999998976,0.3361266047344286,0.4229085461527132,0.6673972578769516,0.5380906548540858
hyperlogistic,$(1-n)^2$,0.2816666666666808,0.3309152060177065,0.42833301544385194,0.6646007720480006,0.5337396248680847
hyperlogistic,$(1-n)^2$,0.2833333333333323,0.32573616987703957,0.4337333730793292,0.6617710307337953,0.5293706388294452
hyperlogistic,$(1-n)^2$,0.28499999999998393,0.32059126787612396,0.4391058523362332,0.6589083709187211,0.5249847858656382
hyperlogistic,$(1-n)^2$,0.28666666666667495,0.31548224336237335,0.4444466282910774,0.6560131457363244,0.5205831693218137
hyperlogistic,$(1-n)^2$,0.2883333333333265,0.3104108092109854,0.4497518220617908,0.6530857244205849,0.5161669058322254
hyperlogistic,$(1-n)^2$,0.2900000000000176,0.3053786456064137,0.4550175052841481,0.6501264922336871,0.5117371243672527
hyperlogistic,$(1-n)^2$,0.2916666666666691,0.30038739787396845,0.4602397048118729,0.6471358503776833,0.5072949652532559
hyperlogistic,$(1-n)^2$,0.2933333333333207,0.2954386743646599,0.4654144076383854,0.6441142158872557,0.5028415791644105
hyperlogistic,$(1-n)^2$,0.29500000000001175,0.2905340444002307,0.47053756603173624,0.6410620215020836,0.49837812609495385
hyperlogistic,$(1-n)^2$,0.2966666666666633,0.28567503628290736,0.47560510287734414,0.6379797155170097,0.4939057743138231
hyperlogistic,$(1-n)^2$,0.29833333333331485,0.2808631353831621,0.48061291721534405,0.6348677616194077,0.48942569928979107
hyperlogistic,$(1-n)^2$,0.30000000000000593,0.27609978230365295,0.48555688996752444,0.6317266387019563,0.4849390826080583
hyperlogistic,$(1-n)^2$,0.3016666666666575,0.2713863711293713,0.49043288984109046,0.6285568406571684,0.4804471108705033
hyperlogistic,$(1-n)^2$,0.30333333333334855,0.26672424777022935,0.49523677939867516,0.6253588761535437,0.4759509745797444
hyperlogistic,$(1-n)^2$,0.3050000000000001,0.26211470840282813,0.49996442127980195,0.6221332683940014,0.47145186701410974
hyperlogistic,$(1-n)^2$,0.30666666666665165,0.2575589980097097,0.5046116845663041,0.6188805548508793,0.4669509830977344
hyperlogistic,$(1-n)^2$,0.30833333333334273,0.2530583090304448,0.5091744512717417,0.6156012869857057,0.4624495182621589
hyperlogistic,$(1-n)^2$,0.3099999999999943,0.24861378012769061,0.5136486229409262,0.6122960299527912,0.45794866730172606
hyperlogistic,$(1-n)^2$,0.3116666666666853,0.24422649506456864,0.5180301273488803,0.6089653622797818,0.4534496232334076
hyperlogistic,$(1-n)^2$,0.3133333333333369,0.23989748170714315,0.5223149252768069,0.6056098755339595,0.4489535761568049
hyperlogistic,$(1-n)^2$,0.31499999999998846,0.23562771115164793,0.5264990173516384,0.6022301739714843,0.4444617121151026
hyperlogistic,$(1-n)^2$,0.3166666666666795,0.23141809697854676,0.5305784509304755,0.5988268741692783,0.43997521196639616
hyperlogistic,$(1-n)^2$,0.3183333333333311,0.2272694946337682,0.5345493270139289,0.5954006046381053,0.435495250268598
hyperlogistic,$(1-n)^2$,0.31999999999998263,0.2231827009497735,0.5384078071651407,0.5919520054260473,0.4310229941654293
hyperlogistic,$(1-n)^2$,0.32166666666667365,0.21915845379531465,0.5421501204204308,0.5884817277025778,0.42655960229612017
hyperlogistic,$(1-n)^2$,0.32333333333332526,0.21519743186136428,0.5457725701699054,0.5849904333293567,0.4221062237208785
hyperlogistic,$(1-n)^2$,0.3250000000000163,0.2113002545836204,0.5492715409891106,0.5814787944178608,0.4176639968631634
hyperlogistic,$(1-n)^2$,0.3266666666666678,0.2074674822022158,0.5526435054003518,0.5779474928756237,0.413234048475566
hyperlogistic,$(1-n)^2$,0.32833333333331943,0.20369961595157066,0.5558850305480598,0.574397219936617,0.4088174926328018
hyperlogistic,$(1-n)^2$,0.33000000000001045,0.19999709838744517,0.5589927847638501,0.5708286756829377,0.40441542974999267
hyperlogistic,$(1-n)^2$,0.331666666666662,0.19636031384847247,0.5619635440022862,0.5672425685579713,0.4000289456273027
hyperlogistic,$(1-n)^2$,0.3333333333333531,0.1927895890421757,0.5647941981313452,0.5636396148657962,0.3956591105302798
hyperlogistic,$(1-n)^2$,0.3350000000000046,0.1892851937614464,0.5674817570536757,0.5600205382648606,0.3913069783025946
hyperlogistic,$(1-n)^2$,0.3366666666666562,0.18584734172426315,0.570023356642233,0.5563860692532848,0.38697358551171357
hyperlogistic,$(1-n)^2$,0.33833333333334725,0.18247619153286776,0.5724162644708614,0.5527369446474188,0.3826599506341387
hyperlogistic,$(1-n)^2$,0.3399999999999988,0.17917184774633751,0.5746578853226614,0.5490739070529703,0.3783670732821361
hyperlogistic,$(1-n)^2$,0.34166666666665035,0.17593436206802282,0.57674576645632,0.5453977043342125,0.3740959334642352
hyperlogistic,$(1-n)^2$,0.34333333333334143,0.17276373463545683,0.5786776026160213,0.5417090890772309,0.3698474908931782
hyperlogistic,$(1-n)^2$,0.344999999999993,0.16965991541102265,0.5804512407675453,0.5380088180509013,0.3656226843360805
hyperlogistic,$(1-n)^2$,0.34666666666668405,0.16662280566635587,0.5820646845455429,0.5342976516655237,0.3614224310074675
hyperlogistic,$(1-n)^2$,0.3483333333333356,0.16365225955568138,0.5835160983969672,0.5305763534319308,0.35724762600912213
hyperlogistic,$(1-n)^2$,0.34999999999998715,0.16074808576845961,0.5848038114087887,0.5268456894185514,0.3530991418157933
hyperlogistic,$(1-n)^2$,0.35166666666667823,0.15791004925786764,0.585926320805499,0.5231064277109031,0.3489778278082196
hyperlogistic,$(1-n)^2$,0.3533333333333298,0.15513787303750126,0.5868822951060144,0.51935933787385,0.34488450985263036
hyperlogistic,$(1-n)^2$,0.35499999999998133,0.15243124003715075,0.587670576930384,0.5156051904150006,0.34081998992854823
hyperlogistic,$(1-n)^2$,0.3566666666666724,0.1497897950131419,0.5882901854459645,0.5118447562534642,0.3367850458047318
hyperlogistic,$(1-n)^2$,0.35833333333332396,0.14721314650450013,0.588740318445888,0.5080788061934008,0.3327804307635362
hyperlogistic,$(1-n)^2$,0.36000000000001503,0.14470086882784847,0.5890203540535675,0.5043081104025512,0.3288068733719311
hyperlogistic,$(1-n)^2$,0.3616666666666666,0.14225250410563794,0.5891298520470006,0.5005334378988855,0.32486507730115893
hyperlogistic,$(1-n)^2$,0.36333333333331813,0.13986756431701422,0.5890685547996123,0.4967555560433775,0.3209557211933335
hyperlogistic,$(1-n)^2$,0.3650000000000092,0.13754553336785635,0.5888363878347845,0.4929752300421578,0.31707945857489317
hyperlogistic,$(1-n)^2$,0.36666666666666076,0.1352858691720975,0.5884334599926326,0.4891932224581259,0.3132369178156712
hyperlogistic,$(1-n)^2$,0.3683333333333518,0.13308800573584487,0.5878600632089072,0.48541029273132635,0.3094287021331962
hyperlogistic,$(1-n)^2$,0.3700000000000034,0.13095135523999812,0.5871166719078943,0.4816271967113104,0.305655389642771
hyperlogistic,$(1-n)^2$,0.37166666666665493,0.12887531011536724,0.5862039420111925,0.4778446862003756,0.30191753344749495
hyperlogistic,$(1-n)^2$,0.37333333333334595,0.12685924510317043,0.5851227095664623,0.4740635085094134,0.2982156617722617
hyperlogistic,$(1-n)^2$,0.37499999999999756,0.12490251929390997,0.583873989002305,0.4702844060257273,0.2945502781403557
hyperlogistic,$(1-n)^2$,0.3766666666666491,0.12300447814320549,0.5824589710141962,0.46650811579457974,0.29092186158564814
hyperlogistic,$(1-n)^2$,0.3783333333333401,0.12116445545672924,0.5808790200902201,0.4627353691149336,0.2873308669048793
hyperlogistic,$(1-n)^2$,0.37999999999999173,0.1193817753392108,0.5791356716853311,0.45896689114897327,0.28377772494763587
hyperlogistic,$(1-n)^2$,0.38166666666668275,0.11765575410485611,0.5772306290536162,0.4552034005460502,0.28026284293921433
hyperlogistic,$(1-n)^2$,0.3833333333333343,0.11598570214738876,0.5751657597498505,0.45144560908440057,0.27678660483542245
hyperlogistic,$(1-n)^2$,0.3849999999999859,0.11437092575843613,0.5729430918124795,0.44769422132454123,0.27334937171350193
hyperlogistic,$(1-n)^2$,0.38666666666667693,0.11281072889949227,0.5705648096410164,0.44394993428123763,0.26995148218982834
hyperlogistic,$(1-n)^2$,0.3883333333333285,0.11130441492127746,0.5680332495816434,0.44021343711165645,0.2665932528658808
hyperlogistic,$(1-n)^2$,0.39000000000001955,0.10985128822644312,0.5653508952351488,0.4364854108183593,0.2632749788014567
hyperlogistic,$(1-n)^2$,0.3916666666666711,0.10845065587542728,0.562520372504225,0.43276652797004966,0.25999693401413937
hyperlogistic,$(1-n)^2$,0.39333333333332265,0.1071018291349062,0.5595444443940079,0.42905745243911847,0.2567593719976704
hyperlogistic,$(1-n)^2$,0.39500000000001373,0.10580412496545065,0.5564260055842326,0.4253588391563916,0.25356252626356535
hyperlogistic,$(1-n)^2$,0.3966666666666653,0.10455686744551933,0.5531680767902925,0.4216713338813149,0.2504066109053857
hyperlogistic,$(1-n)^2$,0.39833333333331683,0.10335938913619537,0.5497737989291117,0.417995572990526,0.2472918211753659
hyperlogistic,$(1-n)^2$,0.4000000000000079,0.10221103238222928,0.5462464271098251,0.414332183283303,0.24421833407979338
hyperlogistic,$(1-n)^2$,0.40166666666665946,0.10111115054954148,0.542589324466933,0.41068178180340686,0.24118630898976917
hyperlogistic,$(1-n)^2$,0.40333333333335053,0.10005910920034684,0.5388059558533903,0.40704497567744247,0.23819588826291072
hyperlogistic,$(1-n)^2$,0.4050000000000021,0.09905428720778271,0.5348998814141896,0.40342236197263626,0.23524719787458295
hyperlogistic,$(1-n)^2$,0.40666666666665363,0.09809607780505789,0.5308747500572405,0.39981452756724767,0.232340348063025
hyperlogistic,$(1-n)^2$,0.4083333333333447,0.09718388957563996,0.5267342928417131,0.3962220490401118,0.22947543397957798
hyperlogistic,$(1-n)^2$,0.40999999999999626,0.0963171473830515,0.5224823163017993,0.3926454925764212,0.22665253634559218
hyperlogistic,$(1-n)^2$,0.4116666666666478,0.09549529324058854,0.5181226957235434,0.389085413888205,0.2238717221150153
hyperlogistic,$(1-n)^2$,0.4133333333333389,0.09471778712302206,0.5136593683945397,0.3855423581512146,0.22113304514164933
hyperlogistic,$(1-n)^2$,0.41499999999999043,0.09398410772240184,0.5090963268433135,0.3820168599583712,0.21843654684702152
hyperlogistic,$(1-n)^2$,0.41666666666668145,0.09329375314809436,0.5044376120851847,0.3785094432872849,0.21578225688947528
hyperlogistic,$(1-n)^2$,0.41833333333333306,0.09264624157210227,0.49968730689433905,0.3750206214826581,0.2131701938366594
hyperlogistic,$(1-n)^2$,0.4199999999999846,0.09204111182324476,0.4948495291150624,0.37155089725379237,0.21060036583280253
hyperlogistic,$(1-n)^2$,0.4216666666666756,0.09147792393021971,0.48992842503135214,0.3681007626864596,0.2080727712658872
hyperlogistic,$(1-n)^2$,0.42333333333332723,0.09095625961548755,0.48492816280943574,0.364670699268363,0.2055873994320285
hyperlogistic,$(1-n)^2$,0.42500000000001825,0.09047572274170824,0.47985292602643537,0.36126117792759016,0.20314423119473393
hyperlogistic,$(1-n)^2$,0.4266666666666698,0.09003593971295498,0.4747069073024761,0.3578726590862594,0.2007432396388066
hyperlogistic,$(1-n)^2$,0.4283333333333214,0.08963655983098805,0.46949430204696796,0.35450559272410964,0.19838439071985473
hyperlogistic,$(1-n)^2$,0.43000000000001243,0.08927725560942856,0.4642193023338494,0.35116041845625207,0.19606764390619622
hyperlogistic,$(1-n)^2$,0.431666666666664,0.08895772304684282,0.4588860909170856,0.3478375656228428,0.19379295281344092
hyperlogistic,$(1-n)^2$,0.4333333333333156,0.08867768186025565,0.45349883539697805,0.3445374533892549,0.19156026583078983
hyperlogistic,$(1-n)^2$,0.4350000000000066,0.08843687568065017,0.44806168254969164,0.3412604908579717,0.18936952673911697
hyperlogistic,$(1-n)^2$,0.43666666666665815,0.08823507221160087,0.44257875282817766,0.3380070771915925,0.18722067531927336
hyperlogistic,$(1-n)^2$,0.43833333333334923,0.08807206335248105,0.43705413504296853,0.3347776017451883,0.1851136479500091
hyperlogistic,$(1-n)^2$,0.4400000000000008,0.08794766528758269,0.43149188123412824,0.33157244420895465,0.1830483781967431
hyperlogistic,$(1-n)^2$,0.44166666666665233,0.08786171854173776,0.42589600173671893,0.32839197475989135,0.18102479738793367
hyperlogistic,$(1-n)^2$,0.4433333333333434,0.08781408800386772,0.4202704604504919,0.32523655422281883,0.179042835180868
hyperlogistic,$(1-n)^2$,0.44499999999999496,0.08780466291936993,0.4146191703182272,0.32210653423978775,0.17710242011541566
hyperlogistic,$(1-n)^2$,0.44666666666668603,0.0878333568517787,0.40894598901545487,0.31900225744686933,0.17520348015512158
hyperlogistic,$(1-n)^2$,0.4483333333333376,0.0879001076141859,0.40325471485887093,0.3159240576599409,0.17334594321650365
hyperlogistic,$(1-n)^2$,0.44999999999998913,0.08800487717201005,0.39754908293447383,0.312872260066041,0.17152973768433488
hyperlogistic,$(1-n)^2$,0.4516666666666802,0.08814765151638122,0.3918327614491787,0.3098471814225064,0.1697547929141837
hyperlogistic,$(1-n)^2$,0.45333333333333176,0.08832844050878091,0.3861093483070707,0.30684913026240035,0.1680210397214152
hyperlogistic,$(1-n)^2$,0.4549999999999833,0.08854727769753026,0.38038236791076935,0.3038784071051133,0.16632841085556122
hyperlogistic,$(1-n)^2$,0.4566666666666744,0.08880422010592702,0.3746552681902419,0.30093530467305957,0.16467684146066044
hyperlogistic,$(1-n)^2$,0.45833333333332593,0.08909934799152995,0.3689314178567285,0.2980201081134559,0.16306626952146563
hyperlogistic,$(1-n)^2$,0.460000000000017,0.0894327645770302,0.363214103880573,0.29513309522401504,0.16149663629428665
hyperlogistic,$(1-n)^2$,0.46166666666666856,0.0898045957527662,0.35750652919536374,0.2922745366837698,0.15996788672243842
hyperlogistic,$(1-n)^2$,0.4633333333333201,0.09021498974934358,0.3518118106199539,0.28944469628676184,0.1584799698366023
hyperlogistic,$(1-n)^2$,0.4650000000000112,0.09066411678079411,0.34613297700089957,0.2866438311797155,0.1570328391394339
hyperlogistic,$(1-n)^2$,0.46666666666666273,0.09115216865761994,0.3404729675706043,0.28387219210269754,0.15562645297373312
hyperlogistic,$(1-n)^2$,0.4683333333333143,0.09167935836883997,0.3348346305154994,0.2811300236317115,0.1542607748741365
hyperlogistic,$(1-n)^2$,0.47000000000000536,0.0922459196318249,0.32922072175211303,0.27841756442397186,0.15293577390316593
hyperlogistic,$(1-n)^2$,0.4716666666666569,0.09285210641038363,0.3236339039075913,0.27573504746500777,0.15165142496887454
hyperlogistic,$(1-n)^2$,0.4733333333333479,0.09349819239911375,0.31807674549589365,0.27308270031641213,0.15040770912552676
hyperlogistic,$(1-n)^2$,0.47499999999999953,0.09418447047306512,0.3125517202884033,0.2704607453654378,0.14920461385721775
hyperlogistic,$(1-n)^2$,0.4766666666666511,0.09491125210243667,0.3070612068700239,0.2678694000742301,0.14804213334252858
hyperlogistic,$(1-n)^2$,0.4783333333333421,0.09567886673071371,0.3016074883777641,0.2653088772298625,0.14692026870086372
hyperlogistic,$(1-n)^2$,0.4799999999999937,0.09648766111493293,0.29619275241351195,0.2627793851939638,0.14583902822052053
hyperlogistic,$(1-n)^2$,0.48166666666668473,0.0973379986274877,0.29081909112411947,0.2602811281510824,0.14479842756719766
hyperlogistic,$(1-n)^2$,0.4833333333333363,0.09823025851835561,0.28548850144639515,0.25781430635709074,0.14379848997209824
hyperlogistic,$(1-n)^2$,0.4849999999999879,0.0991648351360915,0.280202885504003,0.2553791163849859,0.142839246400788
hyperlogistic,$(1-n)^2$,0.4866666666666789,0.10014213710684931,0.274964051154455,0.25297575136947653,0.14192073570121436
hyperlogistic,$(1-n)^2$,0.48833333333333045,0.10116258647036022,0.2697737126776014,0.2506044012493863,0.1410430047304143
hyperlogistic,$(1-n)^2$,0.48999999999998206,0.1022266177719367,0.26463349159707417,0.24826525300681462,0.1402061084596423
hyperlogistic,$(1-n)^2$,0.4916666666666731,0.1033346771089059,0.25954491762938187,0.24595849090349772,0.1394101100582878
hyperlogistic,$(1-n)^2$,0.49333333333332463,0.10448722113146969,0.25450942975401586,0.24368429671403646,0.13865508095419116
hyperlogistic,$(1-n)^2$,0.4950000000000157,0.10568471599680947,0.24952837739469638,0.24144284995450435,0.1379411008712653
hyperlogistic,$(1-n)^2$,0.49666666666666726,0.10692763627525778,0.2446030217080483,0.23923432810745043,0.13726825784398572
hyperlogistic,$(1-n)^2$,0.4983333333333188,0.10821646380892125,0.2397345369694271,0.2370589068414968,0.13663664820728308
hyperlogistic,$(1-n)^2$,0.5000000000000099,0.10955168652160996,0.23492401205169683,0.23491676022640653,0.13604637656195606
hyperlogistic,$(1-n)^2$,0.5016666666666615,0.11093379717992956,0.23017245198850986,0.23280806094232354,0.13549755571527744
hyperlogistic,$(1-n)^2$,0.5033333333333525,0.11236329210586103,0.22548077961436044,0.23073298048250368,0.13499030659588945
hyperlogistic,$(1-n)^2$,0.505000000000004,0.11384066984051042,0.22084983727813592,0.22869168935084866,0.13452475814221942
hyperlogistic,$(1-n)^2$,0.5066666666666556,0.11536642975975944,0.21628038861909135,0.2266843572513553,0.13410104716480026
hyperlogistic,$(1-n)^2$,0.5083333333333466,0.11694107064201932,0.21177312040246424,0.22471115327093547,0.13371931818141056
hyperlogistic,$(1-n)^2$,0.5099999999999982,0.11856508918911529,0.20732864440701393,0.22277224605474333,0.13337972322472447
hyperlogistic,$(1-n)^2$,0.5116666666666498,0.12023897850184082,0.20294749935752937,0.22086780397288472,0.13308242162206363
hyperlogistic,$(1-n)^2$,0.5133333333333409,0.12196322651073133,0.19863015289818547,0.2189979952785636,0.13282757974714043
hyperlogistic,$(1-n)^2$,0.5149999999999924,0.12373831436440404,0.19437700360015292,0.21716298825796385,0.13261537074302326
hyperlogistic,$(1-n)^2$,0.5166666666666835,0.12556471477773976,0.190188382996852,0.21536295137003988,0.13244597421634877
hyperlogistic,$(1-n)^2$,0.518333333333335,0.12744289034126244,0.18606455764410065,0.21359805337692336,0.13231957590255328
hyperlogistic,$(1-n)^2$,0.5199999999999866,0.12937329179573312,0.18200573119685037,0.21186846346376342,0.1322363673018158
hyperlogistic,$(1-n)^2$,0.5216666666666776,0.13135635627404674,0.1780120465001415,0.21017435134857004,0.13219654528578167
hyperlogistic,$(1-n)^2$,0.5233333333333292,0.13339250551421455,0.1740835876887513,0.20851588738054455,0.13220031167485954
hyperlogistic,$(1-n)^2$,0.5249999999999807,0.13548214404758602,0.17022038228996705,0.20689324262655573,0.13224787278618474
hyperlogistic,$(1-n)^2$,0.5266666666666718,0.13762565736603438,0.16642240332666208,0.20530658894724466,0.13233943895263217
hyperlogistic,$(1-n)^2$,0.5283333333333233,0.13982341007264745,0.16268957141637097,0.2037560990598664,0.13247522401269407
hyperlogistic,$(1-n)^2$,0.5300000000000145,0.1420757440216394,0.15902175686117023,0.20224194658856576,0.13265544477180888
hyperlogistic,$(1-n)^2$,0.531666666666666,0.1443829764514493,0.1554187817268335,0.2007643061027998,0.13288032043556924
hyperlogistic,$(1-n)^2$,0.5333333333333176,0.14674539811832066,0.15188042190553666,0.19932335314188523,0.13315007201530668
hyperlogistic,$(1-n)^2$,0.5350000000000086,0.1491632714348381,0.14840640916133238,0.19791926422549772,0.13346492170636534
hyperlogistic,$(1-n)^2$,0.5366666666666602,0.15163682862050665,0.14499643315345043,0.1965522168518325,0.13382509224046416
hyperlogistic,$(1-n)^2$,0.5383333333333512,0.15416626987154763,0.14165014343476626,0.1952223894809641,0.13423080621266223
hyperlogistic,$(1-n)^2$,0.5400000000000028,0.15675176155524892,0.13836715142482903,0.19392996150388475,0.13468228538371618
hyperlogistic,$(1-n)^2$,0.5416666666666543,0.15939343443792073,0.13514703235208966,0.192675113197235,0.1351797499594582
hyperlogistic,$(1-n)^2$,0.5433333333333453,0.16209138195240388,0.13198932716532905,0.19145802566410164,0.1357234178482027
hyperlogistic,$(1-n)^2$,0.5449999999999969,0.16484565851314953,0.12889354441194334,0.19027888075913305,0.13631350389743838
hyperlogistic,$(1-n)^2$,0.5466666666666485,0.1676562778871454,0.12585916208025336,0.18913786099823562,0.1369502191115163
hyperlogistic,$(1-n)^2$,0.5483333333333396,0.1705232116276734,0.12288562940465289,0.18803514945576894,0.13763376985228226
hyperlogistic,$(1-n)^2$,0.5499999999999912,0.17344638757891523,0.11997236863315117,0.18697092964452136,0.13836435702373076
hyperlogistic,$(1-n)^2$,0.5516666666666822,0.17642568846015927,0.11711877675407567,0.18594538538115304,0.13914217524336675
hyperlogistic,$(1-n)^2$,0.5533333333333337,0.17946095053576827,0.11432422718259352,0.1849587006378071,0.13996741200168797
hyperlogistic,$(1-n)^2$,0.5549999999999853,0.18255196238056276,0.11158807140434461,0.18401105937828532,0.1408402468125564
hyperlogistic,$(1-n)^2$,0.5566666666666763,0.18569846374635826,0.10890964057742825,0.1831026453781941,0.14176085035624744
hyperlogistic,$(1-n)^2$,0.5583333333333279,0.1889001445378273,0.10628824708997728,0.18223364203286715,0.14272938361775175
hyperlogistic,$(1-n)^2$,0.5600000000000189,0.19215664390538345,0.10372318607322539,0.1814042321501745,0.1437459970230701
hyperlogistic,$(1-n)^2$,0.5616666666666705,0.19546754945976266,0.10121373687119528,0.1806145977286673,0.14481082957563057
hyperlogistic,$(1-n)^2$,0.563333333333322,0.19883239661703778,0.09875916446416817,0.17986491972273447,0.14592400799599034
hyperlogistic,$(1-n)^2$,0.5650000000000132,0.2022506680778599,0.09635872084747521,0.1791553777951918,0.14708564586697792
hyperlogistic,$(1-n)^2$,0.5666666666666647,0.20572179344682734,0.09401164636533008,0.1784861500558249,0.1482958427876815
hyperlogistic,$(1-n)^2$,0.5683333333333163,0.2092451489976744,0.09171717099895614,0.17785741278688286,0.14955468353922857
hyperlogistic,$(1-n)^2$,0.5700000000000073,0.21282005758664616,0.0894745156091321,0.17726934016005969,0.15086223726400483
hyperlogistic,$(1-n)^2$,0.5716666666666589,0.21644578871832984,0.08728289313457017,0.1767221039390773,0.15221855666274275
hyperlogistic,$(1-n)^2$,0.5733333333333499,0.22012155876731995,0.08514150974463795,0.1762158731726179,0.1536236772119483
hyperlogistic,$(1-n)^2$,0.5750000000000015,0.22384653135567134,0.08304956594822537,0.17575081387822933,0.1550776164034961
hyperlogistic,$(1-n)^2$,0.576666666666653,0.22761981788955019,0.08100625765785618,0.1753270887166598,0.1565803730107043
hyperlogistic,$(1-n)^2$,0.5783333333333441,0.23144047825350536,0.079010777211146,0.17494485665623577,0.15813192638360113
hyperlogistic,$(1-n)^2$,0.5799999999999956,0.23530752166247645,0.07706231434858807,0.17460427263194417,0.15973223577455772
hyperlogistic,$(1-n)^2$,0.5816666666666472,0.23921990767093632,0.07516005714861686,0.17430548719718822,0.16138123969859128
hyperlogistic,$(1-n)^2$,0.5833333333333383,0.24317654733542166,0.07330319292155055,0.17404864616876897,0.16307885533066183
hyperlogistic,$(1-n)^2$,0.5849999999999899,0.24717630452805273,0.0714909090621406,0.17383389026786117,0.16482497794162929
hyperlogistic,$(1-n)^2$,0.5866666666666809,0.2512179973979624,0.06972239386121407,0.17366135475735406,0.16661948037578878
hyperlogistic,$(1-n)^2$,0.5883333333333325,0.25530039997350856,0.06799683727857404,0.1735311690754899,0.16846221257218483
hyperlogistic,$(1-n)^2$,0.589999999999984,0.25942224390283986,0.06631343167656015,0.17344345646699563,0.17035300113277724
hyperlogistic,$(1-n)^2$,0.5916666666666751,0.26358222032329176,0.06467137251542551,0.1733983336157694,0.17229164893580418
hyperlogistic,$(1-n)^2$,0.5933333333333266,0.26777898185434473,0.06306985901219733,0.17339591027535187,0.17427793480033357
hyperlogistic,$(1-n)^2$,0.5950000000000176,0.27201114470680304,0.061508094762687426,0.17343628890152188,0.17631161320147745
hyperlogistic,$(1-n)^2$,0.5966666666666692,0.2762772908974741,0.059985288328631044,0.17351956428737642,0.17839241403658787
hyperlogistic,$(1-n)^2$,0.5983333333333208,0.2805759705632577,0.058500653789867775,0.1736458232017187,0.1805200424453501
hyperlogistic,$(1-n)^2$,0.6000000000000119,0.2849057043629742,0.05705341126366457,0.1738151440312165,0.18269417868445909
hyperlogistic,$(1-n)^2$,0.6016666666666635,0.2892649859575659,0.055642787391117714,0.17402759642888346,0.18491447805564967
hyperlogistic,$(1-n)^2$,0.603333333333315,0.29365228455944925,0.05426801579168804,0.17428324096897208,0.1871805708893625
hyperlogistic,$(1-n)^2$,0.605000000000006,0.2980660475388562,0.052928337487574195,0.17458212880910423,0.18949206258381887
hyperlogistic,$(1-n)^2$,0.6066666666666576,0.30250470307690425,0.05162300129820226,0.1749243013612068,0.19184853369876453
hyperlogistic,$(1-n)^2$,0.6083333333333486,0.3069666628556113,0.05035126420558625,0.17530978997203606,0.194249540104411
hyperlogistic,$(1-n)^2$,0.6100000000000002,0.3114503247714067,0.04911239169247576,0.175738615614181,0.19669461318419842
hyperlogistic,$(1-n)^2$,0.6116666666666518,0.31595407566426253,0.04790565805327454,0.17621078858868666,0.1991832600923664
hyperlogistic,$(1-n)^2$,0.6133333333333428,0.32047629404846084,0.04673034667893884,0.17672630823977192,0.20171496406240488
hyperlogistic,$(1-n)^2$,0.6149999999999943,0.32501535283604277,0.04558575031725041,0.1772851626828868,0.20428918476799127
hyperlogistic,$(1-n)^2$,0.6166666666666855,0.3295696220430853,0.04447117130861816,0.17788732854698558,0.20690535873417307
hyperlogistic,$(1-n)^2$,0.618333333333337,0.33413747146585493,0.04338592179906714,0.17853277073098228,0.20956289979629067
hyperlogistic,$(1-n)^2$,0.6199999999999886,0.3387172733205154,0.042329323930582516,0.17922144217592453,0.21226119960651565
hyperlogistic,$(1-n)^2$,0.6216666666666796,0.3433074048343599,0.04130071001052868,0.17995328365386226,0.2149996281846005
hyperlogistic,$(1-n)^2$,0.6233333333333312,0.347906250780225,0.0402994226603687,0.18072822357248247,0.21777753451157025
hyperlogistic,$(1-n)^2$,0.6249999999999827,0.35251220594706106,0.039324814944545886,0.18154617779715743,0.22059424716457163
hyperlogistic,$(1-n)^2$,0.6266666666666738,0.3571236775369633,0.03837625048095082,0.18240704949123726,0.22344907498919725
hyperlogistic,$(1-n)^2$,0.6283333333333253,0.3617390874820008,0.03745310353332888,0.18331072897390277,0.22634130780785622
hyperlogistic,$(1-n)^2$,0.6300000000000164,0.3663568746754662,0.03655475908629372,0.18425709359631282,0.22927021716237417
hyperlogistic,$(1-n)^2$,0.6316666666666679,0.37097549710918,0.03568061290442199,0.1852460076368711,0.23223505708575787
hyperlogistic,$(1-n)^2$,0.6333333333333195,0.3755934339144673,0.03483007157555083,0.18627732221638343,0.23523506490264953
hyperlogistic,$(1-n)^2$,0.6350000000000106,0.38020918729918185,0.03400255253921855,0.18735087522988864,0.2382694620558511
hyperlogistic,$(1-n)^2$,0.6366666666666622,0.3848212843786177,0.03319748410130992,0.1884664912998163,0.2413374549539156
hyperlogistic,$(1-n)^2$,0.6383333333333137,0.38942827889756354,0.03241430543512634,0.18962398174803946,0.24443823583944882
hyperlogistic,$(1-n)^2$,0.6400000000000048,0.39402875283872296,0.03165246656997466,0.19082314458645022,0.247570983674279
hyperlogistic,$(1-n)^2$,0.6416666666666563,0.39862131791692496,0.030911428367827468,0.19206376452676863,0.2507348650386882
hyperlogistic,$(1-n)^2$,0.6433333333333473,0.40320461695900506,0.030190662488675194,0.1933456130109324,0.25392903504157127
hyperlogistic,$(1-n)^2$,0.6449999999999989,0.4077773251651677,0.02948965134540674,0.1946684482584676,0.257152638239615
hyperlogistic,$(1-n)^2$,0.6466666666666505,0.4123381512555583,0.028807888048444225,0.19603201533288894,0.2604048095637016
hyperlogistic,$(1-n)^2$,0.6483333333333415,0.41688583849987687,0.028144876341303072,0.19743604622719554,0.26368467524683475
hyperlogistic,$(1-n)^2$,0.6499999999999931,0.42141916563162046,0.027500130527303854,0.1988802599665886,0.26699135375375804
hyperlogistic,$(1-n)^2$,0.6516666666666842,0.42593694764959733,0.026873175387907254,0.20036436272877028,0.2703239567102653
hyperlogistic,$(1-n)^2$,0.6533333333333357,0.4304380365063642,0.026263546093700622,0.20188804798152193,0.2736815898266142
hyperlogistic,$(1-n)^2$,0.6549999999999873,0.43492132168893155,0.025670788108123174,0.20345099663811994,0.277063353815094
hyperlogistic,$(1-n)^2$,0.6566666666666783,0.4393857306910556,0.02509445708455056,0.20505287722636723,0.280468345301279
hyperlogistic,$(1-n)^2$,0.6583333333333299,0.44383022938256805,0.024534118757479944,0.20669334607525947,0.28389565772229547
hyperlogistic,$(1-n)^2$,0.6599999999999815,0.448253822279257,0.023989348827933927,0.20837204751639435,0.2873443822142175
hyperlogistic,$(1-n)^2$,0.6616666666666725,0.4526555527150392,0.023459732843820878,0.21008861409919954,0.2908136084850468
hyperlogistic,$(1-n)^2$,0.663333333333324,0.45703450292152736,0.022944866075597647,0.2118426668199848,0.2943024256717626
hyperlogistic,$(1-n)^2$,0.6650000000000151,0.4613897940204264,0.022444353387629713,0.2136338153653891,0.297809923179446
hyperlogistic,$(1-n)^2$,0.6666666666666666,0.46572058592959154,0.021957809105795787,0.21546165836683223,0.3013351915015241
hyperlogistic,$(1-n)^2$,0.6683333333333182,0.47002607719069184,0.02148485688143622,0.2173257836673313,0.304877323021167
hyperlogistic,$(1-n)^2$,0.6700000000000093,0.4743055047206824,0.021025129552420342,0.2192257685997162,0.3084354127891735
hyperlogistic,$(1-n)^2$,0.6716666666666609,0.4785581434921254,0.020578269001435667,0.22116118027481604,0.31200855927994126
hyperlogistic,$(1-n)^2$,0.6733333333333519,0.48278330614803827,0.0201439260117749,0.223131575879661,0.3155958651249758
hyperlogistic,$(1-n)^2$,0.6750000000000035,0.4869803425536123,0.019721760121268715,0.22513650298425547,0.31919643782018137
hyperlogistic,$(1-n)^2$,0.676666666666655,0.49114863929240593,0.01931143947437089,0.22717549985762037,0.3228093904085829
hyperlogistic,$(1-n)^2$,0.6783333333333461,0.495287619108111,0.018912640672775326,0.229248095789929,0.32643384213825477
hyperlogistic,$(1-n)^2$,0.6799999999999976,0.4993967402986707,0.018525048624997202,0.23135381142234948,0.33006891909222236
hyperlogistic,$(1-n)^2$,0.6816666666666492,0.503475496067157,0.01814835639494648,0.23349215908314394,0.3337137547928883
hyperlogistic,$(1-n)^2$,0.6833333333333402,0.5075234138320468,0.017782265049943416,0.23566264312869648,0.33736749077875683
hyperlogistic,$(1-n)^2$,0.6849999999999918,0.5115400545019944,0.01742648350834136,0.23786476028924014,0.34102927715385767
hyperlogistic,$(1-n)^2$,0.6866666666666829,0.5155250117203392,0.017080728386952307,0.24009800001935871,0.34469827311005397
hyperlogistic,$(1-n)^2$,0.6883333333333345,0.5194779110803671,0.016744723848608648,0.24236184485085321,0.34837364742105065
hyperlogistic,$(1-n)^2$,0.689999999999986,0.5233984093180793,0.016418201449846664,0.24465577074908704,0.3520545789103931
hyperlogistic,$(1-n)^2$,0.691666666666677,0.5272861934839882,0.01610089998917007,0.24697924747102795,0.35574025689078675
hyperlogistic,$(1-n)^2$,0.6933333333333286,0.531140980097961,0.015792565355908474,0.2493317389246512,0.35942988157651495
hyperlogistic,$(1-n)^2$,0.6950000000000196,0.5349625142913563,0.015492950379790052,0.25171270352973474,0.36312266446987645
hyperlogistic,$(1-n)^2$,0.6966666666666712,0.538750568937336,0.0152018146815922,0.2541215945780873,0.36681782871965657
hyperlogistic,$(1-n)^2$,0.6983333333333228,0.542504943775105,0.014918924524804622,0.2565578605943184,0.37051460945455594
hyperlogistic,$(1-n)^2$,0.7000000000000138,0.5462254645280621,0.01464405266852811,0.25902094569514683,0.374212254090324
hyperlogistic,$(1-n)^2$,0.7016666666666653,0.5499119820199854,0.014376978221791827,0.2615102899473529,0.37791002261128176
hyperlogistic,$(1-n)^2$,0.7033333333333169,0.5535643712920284,0.014117486499265221,0.2640253297243364,0.38160718782797964
hyperlogistic,$(1-n)^2$,0.705000000000008,0.557182530721304,0.01386536887860643,0.26656549805983815,0.3853030356097539
hyperlogistic,$(1-n)^2$,0.7066666666666596,0.5607663811438882,0.013620422659486679,0.2691302249988115,0.3889968650936553
hyperlogistic,$(1-n)^2$,0.7083333333333506,0.564315864985076,0.013382450924345098,0.2717189379455622,0.39268798887130596
hyperlogistic,$(1-n)^2$,0.7100000000000022,0.5678309453964283,0.013151262401062454,0.27433106200736457,0.3963757331519698
hyperlogistic,$(1-n)^2$,0.7116666666666537,0.571311605403744,0.012926671327468406,0.27696602033497586,0.4000594379051681
hyperlogistic,$(1-n)^2$,0.7133333333333448,0.5747578470653918,0.012708497317918375,0.27962323445797793,0.4037384569815372
hyperlogistic,$(1-n)^2$,0.7149999999999963,0.5781696906430969,0.01249656523190551,0.28230212461541343,0.40741215821324644
hyperlogistic,$(1-n)^2$,0.7166666666666479,0.5815471737871188,0.012290705044729545,0.28500211008191434,0.4110799234954825
hyperlogistic,$(1-n)^2$,0.7183333333333389,0.5848903507353439,0.012090751720367667,0.28772260948780065,0.41474114884837465
hyperlogistic,$(1-n)^2$,0.7199999999999905,0.5881992915280269,0.011896545086541326,0.29046304113339944,0.41839524446091536
hyperlogistic,$(1-n)^2$,0.7216666666666816,0.5914740812397479,0.011707929711936222,0.29322282329830585,0.42204163471778355
hyperlogistic,$(1-n)^2$,0.7233333333333332,0.5947148192273067,0.011524754785770667,0.2960013745432855,0.4256797582085671
hyperlogistic,$(1-n)^2$,0.7249999999999847,0.5979216183964798,0.011346873999563085,0.2987981140068071,0.4293090677222109
hyperlogistic,$(1-n)^2$,0.7266666666666758,0.6010946044862604,0.01117414543124281,0.3016124616943804,0.43292903022516355
hyperlogistic,$(1-n)^2$,0.7283333333333273,0.6042339153717141,0.0110064314315703,0.3044438387611079,0.4365391268249691
hyperlogistic,$(1-n)^2$,0.7300000000000184,0.6073397003864563,0.010843598512843469,0.30729166778788064,0.44013885272117037
hyperlogistic,$(1-n)^2$,0.7316666666666699,0.610412119663244,0.01068551723998599,0.31015537304958135,0.4437277171415233
hyperlogistic,$(1-n)^2$,0.7333333333333215,0.6134513434950399,0.010532062123906859,0.31303438077716084,0.4473052432668547
hyperlogistic,$(1-n)^2$,0.7350000000000125,0.6164575517146963,0.010383111517233125,0.31592811941161264,0.45087096814368416
hyperlogistic,$(1-n)^2$,0.7366666666666641,0.6194309330941624,0.010238547512361022,0.31883601985064086,0.4544244425855057
hyperlogistic,$(1-n)^2$,0.7383333333333156,0.6223716847638094,0.01009825584179425,0.32175751568849853,0.45796523106424586
hyperlogistic,$(1-n)^2$,0.7400000000000068,0.6252800116504211,0.00996212578082077,0.3246920434476635,0.461492911591286
hyperlogistic,$(1-n)^2$,0.7416666666666583,0.62815612593438,0.009830050052480954,0.3276390428028997,0.46500707558953286
hyperlogistic,$(1-n)^2$,0.7433333333333493,0.6310002465267674,0.009701924734777732,0.33059795679857307,0.4685073277570403
hyperlogistic,$(1-n)^2$,0.7450000000000009,0.6338125985641653,0.009577649170199301,0.33356823205719466,0.47199328592189704
hyperlogistic,$(1-n)^2$,0.7466666666666525,0.6365934129231003,0.009457125877430446,0.3365493189814497,0.4754645808908
hyperlogistic,$(1-n)^2$,0.7483333333333435,0.639342925752197,0.009340260465314488,0.3395406719479433,0.47892085628974934
hyperlogistic,$(1-n)^2$,0.7499999999999951,0.6420613780223694,0.00922696154900803,0.3425417494933617,0.48236176839837025
hyperlogistic,$(1-n)^2$,0.7516666666666861,0.6447490150952702,0.009117140668275958,0.345552014493777,0.48578698597948
hyperlogistic,$(1-n)^2$,0.7533333333333376,0.6474060863081829,0.009010712207968272,0.3485709343354064,0.48919619010186494
hyperlogistic,$(1-n)^2$,0.7549999999999892,0.6500328445769138,0.008907593320574088,0.35159798107899953,0.4925890739592041
hyperlogistic,$(1-n)^2$,0.7566666666666803,0.6526295460145157,0.008807703850885642,0.35463263161608805,0.49596534268414255
hyperlogistic,$(1-n)^2$,0.7583333333333319,0.6551964495662776,0.00871096626271608,0.3576743678179347,0.49932471315819504
hyperlogistic,$(1-n)^2$,0.7599999999999835,0.6577338166610834,0.008617305567622833,0.3607226766778654,0.5026669138187341
hyperlogistic,$(1-n)^2$,0.7616666666666745,0.6602419108775351,0.008526649255644562,0.36377705044579467,0.5059916844622249
hyperlogistic,$(1-n)^2$,0.763333333333326,0.6627209976249581,0.00843892722799498,0.3668369867556863,0.5092987760449214
hyperlogistic,$(1-n)^2$,0.7650000000000171,0.6651713438396847,0.008354071731667094,0.3699019887467377,0.5125879504814544
hyperlogistic,$(1-n)^2$,0.7666666666666686,0.6675932176943985,0.008272017295962966,0.3729715651766052,0.5158589804406107
hyperlogistic,$(1-n)^2$,0.7683333333333202,0.6699868883220221,0.00819270067085221,0.3760452305289621,0.5191116491405205
hyperlogistic,$(1-n)^2$,0.7700000000000112,0.6723526255522722,0.008116060767180546,0.3791225051136485,0.5223457501415983
hyperlogistic,$(1-n)^2$,0.7716666666666628,0.6746906996610124,0.008042038598671466,0.3822029151602681,0.5255610871384175
hyperlogistic,$(1-n)^2$,0.7733333333333143,0.6770013811323843,0.007970577225669049,0.38528599290605986,0.5287574737516835
hyperlogistic,$(1-n)^2$,0.7750000000000055,0.6792849404324015,0.007901621700623222,0.3883712766767908,0.5319347333188966
hyperlogistic,$(1-n)^2$,0.776666666666657,0.681541647794122,0.007835119015268885,0.39145831096143324,0.5350926986846334
hyperlogistic,$(1-n)^2$,0.7783333333333481,0.6837717730143374,0.007771018049443622,0.394546646481588,0.5382312119918436
hyperlogistic,$(1-n)^2$,0.7799999999999996,0.6859755852601858,0.007709269521554425,0.3976358402538715,0.5413501244721297
hyperlogistic,$(1-n)^2$,0.7816666666666512,0.6881533528868599,0.0076498259406133275,0.4007254556475878,0.5444492962375526
hyperlogistic,$(1-n)^2$,0.7833333333333422,0.6903053432646322,0.0075926415598454285,0.4038150624360495,0.5475285960724113
hyperlogistic,$(1-n)^2$,0.7849999999999938,0.6924318226153168,0.007537672331818142,0.4069042368424437,0.550587901226013
hyperlogistic,$(1-n)^2$,0.7866666666666848,0.6945330558584794,0.007484875865053583,0.40999256158093483,0.5536270972068998
hyperlogistic,$(1-n)^2$,0.7883333333333364,0.6966093064655241,0.007434211382119184,0.4130796258915165,0.5566460775774101
hyperlogistic,$(1-n)^2$,0.7899999999999879,0.698660836322917,0.007385639679126837,0.416165025570866,0.5596447437506411
hyperlogistic,$(1-n)^2$,0.791666666666679,0.7006879056029492,0.0073391230866436275,0.4192483629974696,0.5626230047881369
hyperlogistic,$(1-n)^2$,0.7933333333333306,0.7026907726421892,0.007294625431968999,0.42232924715192066,0.5655807771992117
hyperlogistic,$(1-n)^2$,0.7949999999999822,0.7046696938276442,0.007252112002737038,0.4254072936332637,0.5685179847427625
hyperlogistic,$(1-n)^2$,0.7966666666666732,0.7066249234895225,0.007211549511836017,0.4284821246701046,0.571434558230265
hyperlogistic,$(1-n)^2$,0.7983333333333248,0.7085567138007449,0.007172906063607714,0.43155336912724607,0.5743304353306681
hyperlogistic,$(1-n)^2$,0.8000000000000158,0.7104653146832186,0.007136151121284344,0.4346206625088892,0.5772055603781969
hyperlogistic,$(1-n)^2$,0.8016666666666673,0.7123509737195399,0.00710125547566203,0.4376836469565647,0.5800598841812202
hyperlogistic,$(1-n)^2$,0.8033333333333189,0.7142139360711898,0.007068191214956172,0.4407419712441247,0.5828933638343685
hyperlogistic,$(1-n)^2$,0.8050000000000099,0.7160544444017672,0.007036931695833438,0.443795290768174,0.5857059625323139
hyperlogistic,$(1-n)^2$,0.8066666666666615,0.7178727388054321,0.007007451515583236,0.44684326753484443,0.5884976493860046
hyperlogistic,$(1-n)^2$,0.8083333333333526,0.7196690567408465,0.006979726485401387,0.4498855701435388,0.5912683992418638
hyperlogistic,$(1-n)^2$,0.8100000000000042,0.7214436329691296,0.006953733604775478,0.4529218737662218,0.5940181925025892
hyperlogistic,$(1-n)^2$,0.8116666666666557,0.7231966994969439,0.006929451036927576,0.4559518601244475,0.5967470149514622
hyperlogistic,$(1-n)^2$,0.8133333333333468,0.7249284855234128,0.0069068580853092944,0.4589752174624052,0.5994548575785523
hyperlogistic,$(1-n)^2$,0.8149999999999983,0.7266392173910683,0.006885935171118689,0.46199164051686376,0.6021417164095345
hyperlogistic,$(1-n)^2$,0.8166666666666499,0.7283291185409313,0.006866663811811788,0.4650008304848549,0.6048075923377586
hyperlogistic,$(1-n)^2$,0.8183333333333409,0.7299984094708192,0.00684902660059782,0.46800249498782914,0.6074524909583779
hyperlogistic,$(1-n)^2$,0.8199999999999925,0.7316473076970801,0.006833007186893692,0.4709963480329977,0.610076422405122
hyperlogistic,$(1-n)^2$,0.8216666666666835,0.7332760277198549,0.006818590257711357,0.47398210997287615,0.6126794011904437
hyperlogistic,$(1-n)^2$,0.8233333333333351,0.7348847809907711,0.006805761519970566,0.4769595074612048,0.615261446047399
hyperlogistic,$(1-n)^2$,0.8249999999999866,0.7364737758840466,0.00679450768370696,0.4799282734075065,0.6178225797751541
hyperlogistic,$(1-n)^2$,0.8266666666666778,0.7380432176698375,0.006784816446166312,0.48288814692867293,0.6203628290865834
hyperlogistic,$(1-n)^2$,0.8283333333333293,0.7395933084900426,0.006776676476762414,0.4858388732984372,0.6228822244585989
hyperlogistic,$(1-n)^2$,0.8299999999999809,0.7411242473368078,0.006770077402882738,0.488780203895264,0.6253807999856633
hyperlogistic,$(1-n)^2$,0.8316666666666719,0.742636230032818,0.0067650097965287195,0.4917118961477164,0.6278585932354788
hyperlogistic,$(1-n)^2$,0.8333333333333235,0.7441294492136102,0.006761465161772357,0.49463371347794927,0.6303156451073474
hyperlogistic,$(1-n)^2$,0.8350000000000145,0.7456040943121223,0.0067594359230147665,0.49754542524407847,0.6327519996937669
hyperlogistic,$(1-n)^2$,0.8366666666666661,0.7470603515444438,0.006758915414034974,0.5004468066798147,0.6351677041437852
hyperlogistic,$(1-n)^2$,0.8383333333333176,0.7484984038976806,0.006759897867812511,0.5033376388335936,0.6375628085298527
hyperlogistic,$(1-n)^2$,0.8400000000000087,0.7499184311189476,0.006762378407112784,0.5062177085054891,0.6399373657166836
hyperlogistic,$(1-n)^2$,0.8416666666666602,0.7513206097057509,0.00676635303582282,0.5090868081826404,0.6422914312326818
hyperlogistic,$(1-n)^2$,0.8433333333333513,0.7527051128979108,0.006771818631025975,0.5119447359741192,0.6446250631444849
hyperlogistic,$(1-n)^2$,0.8450000000000029,0.7540721106701294,0.006778772935803172,0.514791295543481,0.6469383219331719
hyperlogistic,$(1-n)^2$,0.8466666666666545,0.7554217697260843,0.006787214552753178,0.517626296041142,0.6492312703737907
hyperlogistic,$(1-n)^2$,0.8483333333333455,0.7567542534931089,0.006797142938219578,0.5204495520349977,0.6515039734167772
hyperlogistic,$(1-n)^2$,0.8499999999999971,0.7580697221176897,0.0068085583972152175,0.5232608834400768,0.653756498071803
hyperlogistic,$(1-n)^2$,0.8516666666666486,0.7593683324620091,0.006821462079038745,0.5260601154477501,0.6559889132944813
hyperlogistic,$(1-n)^2$,0.8533333333333396,0.760650238100825,0.006835855973571328,0.5288470784535165,0.6582012898749366
hyperlogistic,$(1-n)^2$,0.8549999999999912,0.761915589318917,0.00685174290824682,0.5316216079839908,0.6603937003286882
hyperlogistic,$(1-n)^2$,0.8566666666666822,0.7631645331093134,0.006869126545693005,0.5343835446237787,0.6625662187903264
hyperlogistic,$(1-n)^2$,0.8583333333333338,0.7643972131714684,0.006888011382028573,0.5371327339406784,0.66471892090864
hyperlogistic,$(1-n)^2$,0.8599999999999854,0.765613769910197,0.006908402745821303,0.5398690264112869,0.6668518837447088
hyperlogistic,$(1-n)^2$,0.8616666666666765,0.7668143404345662,0.0069303067976919895,0.5425922773453801,0.6689651856716288
hyperlogistic,$(1-n)^2$,0.863333333333328,0.7679990585569876,0.006953730530563209,0.5453023468097433,0.6710589062763611
hyperlogistic,$(1-n)^2$,0.8650000000000191,0.7691680547926898,0.006978681770554732,0.5479990995522663,0.6731331262641402
hyperlogistic,$(1-n)^2$,0.8666666666666706,0.770321456358828,0.007005169178507977,0.5506824049246501,0.6751879273641634
hyperlogistic,$(1-n)^2$,0.8683333333333222,0.7714593871740073,0.007033202252153104,0.5533521368057199,0.6772233922380089
hyperlogistic,$(1-n)^2$,0.8700000000000132,0.7725819678574581,0.007062791328902223,0.5560081735238137,0.6792396043894976
hyperlogistic,$(1-n)^2$,0.8716666666666648,0.7736893157280875,0.007093947589271383,0.5586503977789635,0.681236648076453
hyperlogistic,$(1-n)^2$,0.8733333333333163,0.7747815448036098,0.007126683060936108,0.561278696565377,0.6832146082247547
hyperlogistic,$(1-n)^2$,0.8750000000000074,0.7758587657991999,0.007161010623407979,0.5638929610932295,0.685173570343762
hyperlogistic,$(1-n)^2$,0.8766666666666589,0.7769210861258771,0.007196944013336192,0.5664930867103494,0.687113620443512
hyperlogistic,$(1-n)^2$,0.8783333333333501,0.7779686098888244,0.007234497830442978,0.5690789728244252,0.6890348449541016
hyperlogistic,$(1-n)^2$,0.8800000000000016,0.7790014378849619,0.007273687544072377,0.5716505228242453,0.6909373306460613
hyperlogistic,$(1-n)^2$,0.8816666666666532,0.7800196676004805,0.007314529500378939,0.5742076440018777,0.6928211645530405
hyperlogistic,$(1-n)^2$,0.8833333333333442,0.781023393207675,0.007357040930135222,0.5767502474742614,0.6946864338956273
hyperlogistic,$(1-n)^2$,0.8849999999999958,0.782012705561301,0.0074012399571679035,0.5792782481048337,0.696533226006733
hyperlogistic,$(1-n)^2$,0.8866666666666473,0.7829876921946037,0.007447145607435315,0.5817915644258347,0.6983616282588614
hyperlogistic,$(1-n)^2$,0.8883333333333384,0.7839484373145704,0.007494777818729923,0.5842901185601731,0.700171727992443
hyperlogistic,$(1-n)^2$,0.8899999999999899,0.7848950217965897,0.007544157451017172,0.5867738361434445,0.7019636124455958
hyperlogistic,$(1-n)^2$,0.8916666666666809,0.7858275231787001,0.007595306297426843,0.5892426462467224,0.7037373686856814
hyperlogistic,$(1-n)^2$,0.8933333333333325,0.7867460156548293,0.007648247095871862,0.5916964812986865,0.7054930835415442
hyperlogistic,$(1-n)^2$,0.8949999999999841,0.7876505700676792,0.00770300354133279,0.594135277008826,0.7072308435376857
hyperlogistic,$(1-n)^2$,0.8966666666666752,0.7885412539006555,0.00775960029878499,0.5965589722903224,0.7089507348292523
hyperlogistic,$(1-n)^2$,0.8983333333333268,0.7894181312690463,0.007818063016783717,0.5989675091832113,0.7106528431382294
hyperlogistic,$(1-n)^2$,0.9000000000000178,0.7902812629106281,0.007878418341727157,0.601360832778396,0.7123372536912058
hyperlogistic,$(1-n)^2$,0.9016666666666693,0.7911307061751504,0.007940693932769442,0.6037388911411088,0.7140040511576495
hyperlogistic,$(1-n)^2$,0.9033333333333209,0.7919665150132916,0.008004918477432016,0.6061016352355609,0.7156533195898577
hyperlogistic,$(1-n)^2$,0.9050000000000119,0.7927887399645511,0.008071121707884453,0.6084490188493598,0.7172851423635416
hyperlogistic,$(1-n)^2$,0.9066666666666635,0.7935974281442694,0.008139334417915109,0.6107809985182718,0.7188996021194236
hyperlogistic,$(1-n)^2$,0.9083333333333151,0.794392623229912,0.00820958848061565,0.6130975334518695,0.7204967807061249
hyperlogistic,$(1-n)^2$,0.9100000000000061,0.7951743654462555,0.00828191686675798,0.6153985854590467,0.7220767591236221
hyperlogistic,$(1-n)^2$,0.9116666666666576,0.7959426915496334,0.008356353663885454,0.617684118873929,0.7236396174675909
hyperlogistic,$(1-n)^2$,0.9133333333333488,0.7966976348114012,0.00843293409614592,0.619954100482729,0.725185434874956
hyperlogistic,$(1-n)^2$,0.9150000000000003,0.7974392250001411,0.008511694544832133,0.6222084994502004,0.7267142894696784
hyperlogistic,$(1-n)^2$,0.9166666666666519,0.7981674883631446,0.008592672569690664,0.624447287247311,0.728226258309864
hyperlogistic,$(1-n)^2$,0.9183333333333429,0.798882447606694,0.008675906930966827,0.6266704375788039,0.729721417335223
hyperlogistic,$(1-n)^2$,0.9199999999999945,0.7995841218753189,0.00876143761221165,0.6288779263111953,0.7311998413152216
hyperlogistic,$(1-n)^2$,0.9216666666666855,0.8002725267301731,0.008849305843882622,0.6310697314017284,0.732661603798235
hyperlogistic,$(1-n)^2$,0.9233333333333371,0.8009476741261041,0.008939554127699293,0.6332458328269814,0.7341067770607874
hyperlogistic,$(1-n)^2$,0.9249999999999886,0.8016095723878942,0.009032226261826275,0.6354062125127007,0.735535432057892
hyperlogistic,$(1-n)^2$,0.9266666666666797,0.8022582261852538,0.009127367366843525,0.6375508542635558,0.7369476383735816
hyperlogistic,$(1-n)^2$,0.9283333333333312,0.8028936365067291,0.009225023912535333,0.6396797436933476,0.7383434641719591
hyperlogistic,$(1-n)^2$,0.9299999999999828,0.8035158006326378,0.009325243745533285,0.6417928681561198,0.7397229761490158
hyperlogistic,$(1-n)^2$,0.9316666666666739,0.8041247121067541,0.009428076117783912,0.6438902166772575,0.7410862394845885
hyperlogistic,$(1-n)^2$,0.9333333333333255,0.8047203607068789,0.009533571715873579,0.6459717798850422,0.7424333177947294
hyperlogistic,$(1-n)^2$,0.9350000000000165,0.8053027324144251,0.009641782691249988,0.6480375499431442,0.7437642730847703
hyperlogistic,$(1-n)^2$,0.9366666666666681,0.8058718093826539,0.009752762691291935,0.6500875204828166,0.7450791657022494
hyperlogistic,$(1-n)^2$,0.9383333333333196,0.8064275699039891,0.00986656689131497,0.6521216865362713,0.7463780542906235
hyperlogistic,$(1-n)^2$,0.9400000000000107,0.8069699883760488,0.009983252027466057,0.6541400444700011,0.7476609957429432
hyperlogistic,$(1-n)^2$,0.9416666666666622,0.8074990352665397,0.010102876430544404,0.6561425919185395,0.7489280451557848
hyperlogistic,$(1-n)^2$,0.9433333333333138,0.8080146770771242,0.010225500060789644,0.6581293277190832,0.7501792557836737
hyperlogistic,$(1-n)^2$,0.9450000000000048,0.8085168763060295,0.010351184543602763,0.6601002518461085,0.7514146789934206
hyperlogistic,$(1-n)^2$,0.9466666666666564,0.80900559140952,0.010479993206238247,0.6620553653464111,0.7526343642186317
hyperlogistic,$(1-n)^2$,0.9483333333333475,0.8094807767623506,0.010611991115513619,0.6639946702750223,0.7538383589146438
hyperlogistic,$(1-n)^2$,0.9499999999999991,0.8099423826169184,0.010747245116476274,0.6659181696308482,0.7550267085131251
hyperlogistic,$(1-n)^2$,0.9516666666666506,0.8103903550614557,0.010885823872135686,0.6678258672933916,0.7561994563771981
hyperlogistic,$(1-n)^2$,0.9533333333333416,0.8108246359769968,0.011027797904198592,0.6697177679594102,0.7573566437563273
hyperlogistic,$(1-n)^2$,0.9549999999999932,0.8112451629932435,0.011173239634853137,0.6715938770799724,0.7584983097412419
hyperlogistic,$(1-n)^2$,0.9566666666666842,0.8116518694434375,0.0113222234296534,0.6734542007983356,0.759624491219139
hyperlogistic,$(1-n)^2$,0.9583333333333358,0.812044684318001,0.011474825641434714,0.6752987458875185,0.7607352228284717
hyperlogistic,$(1-n)^2$,0.9599999999999874,0.812423532217264,0.011631124655378428,0.6771275196889138,0.7618305369140892
hyperlogistic,$(1-n)^2$,0.9616666666666784,0.8127883333030465,0.011791200935157127,0.6789405300508076,0.7629104634820529
hyperlogistic,$(1-n)^2$,0.9633333333333299,0.8131390032492194,0.011955137070207879,0.6807377852672438,0.7639750301543838
hyperlogistic,$(1-n)^2$,0.9649999999999815,0.8134754531913421,0.012123017824186373,0.6825192940176154,0.7650242621239308
hyperlogistic,$(1-n)^2$,0.9666666666666726,0.813797589675242,0.012294930184549633,0.6842850653061959,0.7660581821088843
hyperlogistic,$(1-n)^2$,0.9683333333333242,0.8141053146046492,0.012470963413314915,0.6860351084019861,0.7670768103071695
hyperlogistic,$(1-n)^2$,0.9700000000000152,0.8143985251879865,0.01265120909905312,0.6877694327792793,0.7680801643509283
hyperlogistic,$(1-n)^2$,0.9716666666666668,0.8146771138841656,0.012835761210029082,0.6894880480579195,0.7690682592604471
hyperlogistic,$(1-n)^2$,0.9733333333333183,0.8149409683476367,0.013024716148629384,0.6911909639444463,0.770041107398282
hyperlogistic,$(1-n)^2$,0.9750000000000094,0.8151899713725582,0.013218172806986589,0.6928781901731075,0.7709987184229383
hyperlogistic,$(1-n)^2$,0.9766666666666609,0.8154240008362044,0.013416232623855629,0.6945497364471515,0.771941099242336
hyperlogistic,$(1-n)^2$,0.978333333333352,0.815642929641708,0.013618999642804427,0.6962056123807705,0.7728682539672809
hyperlogistic,$(1-n)^2$,0.9800000000000035,0.8158466256600425,0.013826580571615824,0.6978458274406776,0.7737801838643849
hyperlogistic,$(1-n)^2$,0.9816666666666551,0.8160349516714709,0.014039084843054533,0.6994703908885324,0.7746768873090495
hyperlogistic,$(1-n)^2$,0.9833333333333462,0.816207765306377,0.014256624676895063,0.7010793117231916,0.7755583597379876
hyperlogistic,$(1-n)^2$,0.9849999999999978,0.8163649189855987,0.014479315143265913,0.7026725986231702,0.7764245936015092
hyperlogistic,$(1-n)^2$,0.9866666666666493,0.8165062598603643,0.014707274227371659,0.7042502598896585,0.7772755783157189
hyperlogistic,$(1-n)^2$,0.9883333333333404,0.8166316297518234,0.014940622895510479,0.7058123033893942,0.778111300214257
hyperlogistic,$(1-n)^2$,0.9899999999999919,0.8167408650902904,0.015179485162439997,0.7073587364977131,0.7789317424997992
hyperlogistic,$(1-n)^2$,0.9916666666666829,0.8168337968543008,0.015423988160158492,0.7088895660421393,0.7797368851954959
hyperlogistic,$(1-n)^2$,0.9933333333333345,0.816910250509507,0.015674262207969133,0.7104047982456174,0.7805267050958101
hyperlogistic,$(1-n)^2$,0.9949999999999861,0.8169700459475608,0.01593044088400393,0.7119044386704226,0.7813011757174367
hyperlogistic,$(1-n)^2$,0.9966666666666771,0.8170129974250299,0.016192661098069355,0.7133884921618597,0.7820602672497586
hyperlogistic,$(1-n)^2$,0.9983333333333287,0.8170389135024775,0.016461063165873438,0.7148569627921204,0.782803946505051
hyperlogistic,$(1-n)^2$,0.9999999999999802,0.817047596983809,0.016735790884695203,0.7163098538045816,0.7835321768686171
hyperlogistic,$(1-n)^2$,1.0016666666666714,0.817038844855972,0.01701699161038622,0.7177471675578914,0.7842449182485685
hyperlogistic,$(1-n)^2$,1.003333333333323,0.8170124482291643,0.017304816335755275,0.719168905470204,0.7849421270253567
hyperlogistic,$(1-n)^2$,1.0050000000000139,0.8169681922776472,0.0175994197704064,0.7205750679638584,0.7856237560012892
hyperlogistic,$(1-n)^2$,1.0066666666666655,0.8169058561813054,0.017900960421854756,0.7219656544096373,0.7862897543496458
hyperlogistic,$(1-n)^2$,1.008333333333317,0.8168252130680825,0.01820960067812022,0.7233406630716424,0.786940067563863
hyperlogistic,$(1-n)^2$,1.010000000000008,0.8167260299574534,0.018525506891617978,0.7247000910519319,0.7875746374064142
hyperlogistic,$(1-n)^2$,1.0116666666666596,0.8166080677050747,0.018848849464401362,0.7260439342352393,0.7881934018576212
hyperlogistic,$(1-n)^2$,1.0133333333333507,0.8164710809487405,0.01917980293482304,0.7273721872340849,0.7887962950645512
hyperlogistic,$(1-n)^2$,1.0150000000000023,0.8163148180559073,0.01951854606540648,0.7286848433335348,0.7893832472895735
hyperlogistic,$(1-n)^2$,1.0166666666666537,0.8161390210728254,0.019865261932142872,0.7299818944364701,0.7899541848592054
hyperlogistic,$(1-n)^2$,1.0183333333333449,0.8159434256755705,0.020220138014995715,0.7312633310086316,0.7905090301128139
hyperlogistic,$(1-n)^2$,1.0199999999999965,0.8157277611231399,0.02058336628966335,0.7325291420237592,0.7910477013513751
hyperlogistic,$(1-n)^2$,1.021666666666648,0.8154917502127546,0.020955143320650446,0.7337793149090767,0.7915701127864716
hyperlogistic,$(1-n)^2$,1.023333333333339,0.8152351092376369,0.021335670355468107,0.7350138354905534,0.7920761744893835
hyperlogistic,$(1-n)^2$,1.0249999999999906,0.8149575479474999,0.021725153419992538,0.7362326879382891,0.7925657923403296
hyperlogistic,$(1-n)^2$,1.0266666666666817,0.814658769511864,0.0221238034150426,0.7374358547122665,0.7930388679781083
hyperlogistic,$(1-n)^2$,1.0283333333333333,0.8143384704865885,0.02253183621390268,0.7386233165077373,0.793495298749929
hyperlogistic,$(1-n)^2$,1.0299999999999847,0.8139963407836904,0.02294947276101801,0.7397950522011525,0.7939349776617688
hyperlogistic,$(1-n)^2$,1.0316666666666758,0.8136320636448692,0.023376939171576138,0.740951038795915,0.7943577933290525
hyperlogistic,$(1-n)^2$,1.0333333333333274,0.8132453156189099,0.023814466832008576,0.7420912513682287,0.794763629927907
hyperlogistic,$(1-n)^2$,1.0350000000000183,0.8128357665431468,0.024262292501456895,0.7432156630133249,0.7951523671471359
hyperlogistic,$(1-n)^2$,1.03666666666667,0.8124030795295623,0.024720658413864605,0.74432424479147,0.7955238801406114
hyperlogistic,$(1-n)^2$,1.0383333333333216,0.8119469109554185,0.025189812380949785,0.7454169656744631,0.7958780394806863
hyperlogistic,$(1-n)^2$,1.0400000000000127,0.8114669104590319,0.02567000789570407,0.7464937924920392,0.7962147111123244
hyperlogistic,$(1-n)^2$,1.0416666666666643,0.8109627209409155,0.026161504236431102,0.7475546898784661,0.7965337563081472
hyperlogistic,$(1-n)^2$,1.0433333333333157,0.8104339785704741,0.02666456657133941,0.7485996202195566,0.7968350316246
hyperlogistic,$(1-n)^2$,1.0450000000000068,0.8098803127987352,0.02717946606339312,0.7496285435996236,0.7971183888592569
hyperlogistic,$(1-n)^2$,1.0466666666666584,0.8093013463774799,0.027706479975387784,0.750641417748713,0.7973836750092864
hyperlogistic,$(1-n)^2$,1.0483333333333493,0.808696695384899,0.028245891775275204,0.7516381979903297,0.7976307322313517
hyperlogistic,$(1-n)^2$,1.050000000000001,0.8080659692584375,0.028797991241307712,0.7526188371890479,0.7978593978029529
hyperlogistic,$(1-n)^2$,1.0516666666666525,0.807408770834853,0.029363074567231168,0.7535832856988082,0.7980695040854058
hyperlogistic,$(1-n)^2$,1.0533333333333437,0.8067246963981952,0.029941444467068954,0.7545314913113207,0.7982608784884629
hyperlogistic,$(1-n)^2$,1.054999999999995,0.806013335735897,0.03053341027947749,0.7554633992048146,0.798433343436853
hyperlogistic,$(1-n)^2$,1.0566666666666862,0.8052742722031929,0.031139288071657528,0.7563789518933882,0.7985867163388926
hyperlogistic,$(1-n)^2$,1.0583333333333378,0.8045070827968543,0.03175940074226033,0.7572780891765322,0.7987208095570153
hyperlogistic,$(1-n)^2$,1.0599999999999894,0.8037113382378615,0.032394078123585836,0.7581607480893828,0.7988354303808033
hyperlogistic,$(1-n)^2$,1.0616666666666803,0.8028866030640179,0.03304365708248924,0.7590268628532879,0.7989303810023697
hyperlogistic,$(1-n)^2$,1.063333333333332,0.8020324357327724,0.03370848161992396,0.7598763648269506,0.7990054584943119
hyperlogistic,$(1-n)^2$,1.0649999999999835,0.8011483887344226,0.03438890296905671,0.7607091824583526,0.799060454790461
hyperlogistic,$(1-n)^2$,1.0666666666666746,0.8002340087163824,0.035085279691473535,0.7615252412370954,0.7990951566696303
hyperlogistic,$(1-n)^2$,1.068333333333326,0.7992888366190088,0.035797977771309365,0.7623244636474932,0.7991093457423791
hyperlogistic,$(1-n)^2$,1.0700000000000172,0.7983124078230556,0.03652737070724508,0.7631067691226084,0.7991027984410779
hyperlogistic,$(1-n)^2$,1.0716666666666688,0.7973042523096454,0.03727383960170653,0.7638720739987688,0.7990752860135274
hyperlogistic,$(1-n)^2$,1.0733333333333204,0.7962638948326904,0.03803777324744742,0.7646202914712615,0.7990265745201897
hyperlogistic,$(1-n)^2$,1.0750000000000113,0.7951908551047366,0.03881956821079177,0.7653513315507782,0.7989564248352633
hyperlogistic,$(1-n)^2$,1.0766666666666629,0.7940846479963128,0.03961962891141613,0.766065101020834,0.7988645926518935
hyperlogistic,$(1-n)^2$,1.0783333333333145,0.7929447837489806,0.04043836769851999,0.7667615033963783,0.7987508284916884
hyperlogistic,$(1-n)^2$,1.0800000000000056,0.7917707682033346,0.041276204922596475,0.7674404388834559,0.7986148777185615
hyperlogistic,$(1-n)^2$,1.081666666666657,0.7905621030416043,0.04213356900274623,0.7681018043400072,0.7984564805574579
hyperlogistic,$(1-n)^2$,1.0833333333333481,0.789318286045305,0.043010896489271234,0.7687454932381284,0.7982753721179154
hyperlogistic,$(1-n)^2$,1.0849999999999997,0.7880388113690812,0.04390863212063642,0.7693713956274733,0.7980712824227966
hyperlogistic,$(1-n)^2$,1.0866666666666513,0.7867231698301738,0.044827228875010415,0.7699793981003283,0.7978439364423503
hyperlogistic,$(1-n)^2$,1.0883333333333423,0.7853708492144297,0.04576714801549563,0.7705693837580269,0.7975930541339963
hyperlogistic,$(1-n)^2$,1.0899999999999939,0.7839813345993843,0.04672885912866201,0.7711412321790245,0.7973183504878785
hyperlogistic,$(1-n)^2$,1.091666666666685,0.7825541086942193,0.04771284015619209,0.7716948193888341,0.7970195355784311
hyperlogistic,$(1-n)^2$,1.0933333333333366,0.7810886521975342,0.048719577418645285,0.7722300178315202,0.7966963146224348
hyperlogistic,$(1-n)^2$,1.094999999999988,0.7795844441726044,0.04974956563140477,0.7727466963433313,0.7963483880434828
hyperlogistic,$(1-n)^2$,1.0966666666666791,0.7780409624412111,0.05080330791169986,0.773244720128209,0.7959754515433118
hyperlogistic,$(1-n)^2$,1.0983333333333307,0.776457683995757,0.05188131577643727,0.7737239507354039,0.7955771961802244
hyperlogistic,$(1-n)^2$,1.0999999999999823,0.7748340854295793,0.05298410913050651,0.7741842460393946,0.7951533084547505
hyperlogistic,$(1-n)^2$,1.1016666666666732,0.7731696433870289,0.05411221624426678,0.7746254602220846,0.7947034704028315
hyperlogistic,$(1-n)^2$,1.1033333333333248,0.7714638350321985,0.055266173720132004,0.7750474437573998,0.7942273596968913
hyperlogistic,$(1-n)^2$,1.105000000000016,0.7697161385366387,0.05644652644769444,0.7754500433985658,0.7937246497547821
hyperlogistic,$(1-n)^2$,1.1066666666666674,0.7679260335872422,0.05765382754601513,0.775833102167919,0.7931950098571732
hyperlogistic,$(1-n)^2$,1.108333333333319,0.7660930019130135,0.058888638293255434,0.7761964593496602,0.7926381052732753
hyperlogistic,$(1-n)^2$,1.11000000000001,0.7642165278314842,0.06015152804236521,0.7765399504854289,0.7920535973954101
hyperlogistic,$(1-n)^2$,1.1116666666666617,0.7622960988150982,0.06144307412210428,0.7768634073729362,0.7914411438825739
hyperlogistic,$(1-n)^2$,1.1133333333333526,0.7603312060767872,0.06276386172303189,0.7771666580678667,0.7908003988130615
hyperlogistic,$(1-n)^2$,1.1150000000000042,0.758321345175386,0.06411448376708846,0.777449526888953,0.7901310128466981
hyperlogistic,$(1-n)^2$,1.1166666666666558,0.7562660166399815,0.06549554076065879,0.7777118344266224,0.7894326333964942
hyperlogistic,$(1-n)^2$,1.118333333333347,0.7541647266141079,0.066907640629534,0.7779533975551287,0.7887049048103314
hyperlogistic,$(1-n)^2$,1.1199999999999983,0.7520169875187607,0.06835139853536429,0.7781740294484145,0.787947468562635
hyperlogistic,$(1-n)^2$,1.12166666666665,0.7498223187334796,0.06982743667307317,0.7783735395998791,0.7871599634560469
hyperlogistic,$(1-n)^2$,1.123333333333341,0.7475802472971418,0.071336384047272,0.7785517338460382,0.7863420258338629
hyperlogistic,$(1-n)^2$,1.1249999999999927,0.7452903086261534,0.07287887622768617,0.7787084143943513,0.785493289802875
hyperlogistic,$(1-n)^2$,1.1266666666666836,0.7429520472499198,0.07445555508268284,0.7788433798553449,0.784613387466744
hyperlogistic,$(1-n)^2$,1.1283333333333352,0.7405650175645019,0.07606706848899797,0.7789564252790623,0.7837019491706603
hyperlogistic,$(1-n)^2$,1.1299999999999868,0.7381287846020618,0.07771407001789356,0.7790473421961035,0.7827586037566882
hyperlogistic,$(1-n)^2$,1.131666666666678,0.7356429248164218,0.07939721859606663,0.7791159186633602,0.7817829788301773
hyperlogistic,$(1-n)^2$,1.1333333333333293,0.7331070268844233,0.08111717814023946,0.7791619393145163,0.7807747010376322
hyperlogistic,$(1-n)^2$,1.134999999999981,0.7305206925214861,0.08287461716492073,0.7791851854155123,0.7797333963557472
hyperlogistic,$(1-n)^2$,1.136666666666672,0.7278835373110217,0.08467020836195373,0.7791854349251262,0.7786586903916807
hyperlogistic,$(1-n)^2$,1.1383333333333236,0.7251951915470879,0.08650462815075209,0.7791624625607637,0.7775502086949201
hyperlogistic,$(1-n)^2$,1.1400000000000146,0.7224553010885858,0.08837855619868379,0.7791160398695645,0.776407577080472
hyperlogistic,$(1-n)^2$,1.1416666666666662,0.7196635282251763,0.09029267490975325,0.7790459353050402,0.7752304219636137
hyperlogistic,$(1-n)^2$,1.1433333333333178,0.716819552551891,0.09224766888190614,0.7789519143093712,0.7740183707053351
hyperlogistic,$(1-n)^2$,1.1450000000000087,0.7139230718541368,0.09424422433003486,0.7788337394012586,0.7727710519703158
hyperlogistic,$(1-n)^2$,1.1466666666666603,0.710973802999596,0.09628302847516304,0.7786911702697983,0.7714880960954321
hyperlogistic,$(1-n)^2$,1.1483333333333514,0.7079714828360304,0.09836476889871236,0.778523963874251,0.7701691354692646
hyperlogistic,$(1-n)^2$,1.150000000000003,0.7049158690953917,0.10049013285956081,0.7783318745498946,0.768813804923478
hyperlogistic,$(1-n)^2$,1.1516666666666546,0.7018067413006013,0.10265980657452896,0.7781146541199983,0.7674217421346742
hyperlogistic,$(1-n)^2$,1.1533333333333455,0.6986439016749542,0.10487447446046674,0.77787205201423,0.7659925880366314
hyperlogistic,$(1-n)^2$,1.1549999999999971,0.6954271760527002,0.10713481833680445,0.7776038153933315,0.7645259872437512
hyperlogistic,$(1-n)^2$,1.1566666666666487,0.6921564147883531,0.1094415165882898,0.7773096892801674,0.7630215884848723
hyperlogistic,$(1-n)^2$,1.1583333333333397,0.6888314936639556,0.11179524328670146,0.7769894166974891,0.7614790450465938
hyperlogistic,$(1-n)^2$,1.1599999999999913,0.685452314792623,0.11419666727046442,0.7766427388122532,0.7598980152269266
hyperlogistic,$(1-n)^2$,1.1616666666666824,0.6820188075156933,0.1166464511820384,0.7762693950864966,0.7582781627984592
hyperlogistic,$(1-n)^2$,1.163333333333334,0.6785309292935782,0.11914525046132184,0.7758691234351304,0.7566191574807196
hyperlogistic,$(1-n)^2$,1.1649999999999854,0.6749886665860996,0.12169371229617744,0.7754416603904851,0.7549206754200141
hyperlogistic,$(1-n)^2$,1.1666666666666765,0.6713920357230737,0.12429247452683383,0.7749867412734842,0.75318239968011
hyperlogistic,$(1-n)^2$,1.1683333333333281,0.6677410837617279,0.12694216450575188,0.7745041003719275,0.7514040207391854
hyperlogistic,$(1-n)^2$,1.1700000000000192,0.6640358893287257,0.12964339791230428,0.7739934711254562,0.7495852369941155
hyperlogistic,$(1-n)^2$,1.1716666666666706,0.6602765634468108,0.1323967775201647,0.7734545863175314,0.7477257552730245
hyperlogistic,$(1-n)^2$,1.1733333333333222,0.6564632503416049,0.13520289191924953,0.7728871782741116,0.7458252913537013
hyperlogistic,$(1-n)^2$,1.1750000000000134,0.6525961282288899,0.13806231419091344,0.772290979069409,0.7438835704870749
hyperlogistic,$(1-n)^2$,1.176666666666665,0.6486754100794054,0.14097560053601904,0.7716657207383917,0.7419003279271026
hyperlogistic,$(1-n)^2$,1.1783333333333164,0.6447013443582846,0.14394328885665864,0.771011135495918,0.7398753094657297
hyperlogistic,$(1-n)^2$,1.1800000000000075,0.6406742157391137,0.14696589729135323,0.7703269559628587,0.7378082719706266
hyperlogistic,$(1-n)^2$,1.181666666666659,0.6365943457895265,0.15004392270360406,0.769612915398837,0.7356989839272811
hyperlogistic,$(1-n)^2$,1.1833333333333502,0.6324620936251962,0.15317783912506738,0.7688687479414198,0.7335472259839272
hyperlogistic,$(1-n)^2$,1.1850000000000016,0.6282778565331624,0.15636809615261113,0.7680941888520892,0.7313527914984135
hyperlogistic,$(1-n)^2$,1.1866666666666532,0.624042070559791,0.15961511730225328,0.7672889747683875,0.7291154870842704
hyperlogistic,$(1-n)^2$,1.1883333333333443,0.6197552110623096,0.16291929831749202,0.7664528439624392,0.7268351331611073
hyperlogistic,$(1-n)^2$,1.189999999999996,0.6154177932229,0.16628100543577395,0.765585536605762,0.7245115645020024
hyperlogistic,$(1-n)^2$,1.1916666666666473,0.6110303725217374,0.16970057361406013,0.7646867950398145,0.7221446307796482
hyperlogistic,$(1-n)^2$,1.1933333333333385,0.6065935451682991,0.17317830471327528,0.7637563640526395,0.719734197111847
hyperlogistic,$(1-n)^2$,1.19499999999999,0.6021079484886481,0.17671446564425303,0.7627939911612167,0.7172801446042015
hyperlogistic,$(1-n)^2$,1.196666666666681,0.5975742612668717,0.1803092864784165,0.7617994268989631,0.7147823708866708
hyperlogistic,$(1-n)^2$,1.1983333333333326,0.5929932040397414,0.1839629585221084,0.7607724251088988,0.7122407906475963
hyperlogistic,$(1-n)^2$,1.1999999999999842,0.5883655393395608,0.18767563235940923,0.7597127432416318,0.709655336162466
hyperlogistic,$(1-n)^2$,1.2016666666666753,0.5836920718884068,0.1914474158649434,0.7586201426582391,0.7070259578142226
hyperlogistic,$(1-n)^2$,1.203333333333327,0.5789736487388427,0.1952783721890351,0.7574943889377513,0.7043526246073054
hyperlogistic,$(1-n)^2$,1.2050000000000178,0.57421115935829,0.1991685177192304,0.756335252188858,0.7016353246732318
hyperlogistic,$(1-n)^2$,1.2066666666666694,0.5694055356597338,0.20311782001970569,0.7551425073658743,0.6988740657667077
hyperlogistic,$(1-n)^2$,1.208333333333321,0.5645577519745046,0.2071261957548511,0.7539159345877229,0.6960688757486603
hyperlogistic,$(1-n)^2$,1.210000000000012,0.559668824963706,0.21119350859678102,0.7526553194612327,0.6932198030622897
hyperlogistic,$(1-n)^2$,1.2116666666666636,0.5547398134715775,0.21531956712375327,0.7513604534071093,0.6903269171935016
hyperlogistic,$(1-n)^2$,1.2133333333333152,0.5497718183157818,0.2195041227136008,0.7500311339882784,0.6873903091175982
hyperlogistic,$(1-n)^2$,1.2150000000000063,0.5447659820144555,0.22374686743466432,0.7486671652411648,0.6844100917327917
hyperlogistic,$(1-n)^2$,1.2166666666666577,0.539723488448688,0.22804743194016053,0.7472683580090729,0.6813864002781193
hyperlogistic,$(1-n)^2$,1.2183333333333488,0.5346455624603252,0.2324053833726429,0.7458345302762297,0.6783193927322241
hyperlogistic,$(1-n)^2$,1.2200000000000004,0.5295334693836667,0.23682022328027597,0.7443655075038789,0.6752092501965031
hyperlogistic,$(1-n)^2$,1.221666666666652,0.5243885145060317,0.2412913855535124,0.7428611229672005,0.6720561772597082
hyperlogistic,$(1-n)^2$,1.223333333333343,0.5192120424640502,0.24581823438665432,0.7413212180920774,0.668860402340937
hyperlogistic,$(1-n)^2$,1.2249999999999945,0.5140054365693665,0.25040006227015693,0.7397456427920994,0.6656221780129512
hyperlogistic,$(1-n)^2$,1.2266666666666857,0.5087701180621389,0.2550360880211857,0.7381342558051572,0.6623417813031999
hyperlogistic,$(1-n)^2$,1.2283333333333373,0.5035075452969808,0.25972545485684606,0.7364869250291702,0.659019513972387
hyperlogistic,$(1-n)^2$,1.2299999999999887,0.4982192128582856,0.26446722852029053,0.7348035278548491,0.6556557027666812
hyperlogistic,$(1-n)^2$,1.2316666666666798,0.4929066506004845,0.2692603954622277,0.7330839514988682,0.6522506996485097
hyperlogistic,$(1-n)^2$,1.2333333333333314,0.487571422620429,0.2741038610881895,0.7313280933332262,0.6488048819991881
hyperlogistic,$(1-n)^2$,1.234999999999983,0.48221512615677836,0.27899644807905194,0.729535861211189,0.6453186527943054
hyperlogistic,$(1-n)^2$,1.236666666666674,0.4768393904177326,0.2839368947899988,0.7277071737907643,0.6417924407523062
hyperlogistic,$(1-n)^2$,1.2383333333333255,0.4714458753372422,0.2889238537369048,0.7258419608543737,0.6382267004542537
hyperlogistic,$(1-n)^2$,1.2400000000000166,0.46603627026137223,0.29395589017985857,0.7239401636221431,0.6346219124323496
hyperlogistic,$(1-n)^2$,1.2416666666666683,0.4606122925648992,0.2990314808078415,0.7220017350614375,0.6309785832295045
hyperlogistic,$(1-n)^2$,1.2433333333333196,0.4551756861940901,0.3041490125359001,0.720026640191399,0.6272972454267941
hyperlogistic,$(1-n)^2$,1.2450000000000108,0.44972822014547675,0.3093067814214208,0.7180148563796972,0.6235784576385119
hyperlogistic,$(1-n)^2$,1.2466666666666624,0.4442716868753638,0.3145029917075425,0.7159663736332649,0.6198228044748191
hyperlogistic,$(1-n)^2$,1.248333333333314,0.4388079006409486,0.3197357550029632,0.7138811948821472,0.6160308964696197
hyperlogistic,$(1-n)^2$,1.2500000000000049,0.4333386957785914,0.325003089604674,0.7117593362551065,0.612203369974872
hyperlogistic,$(1-n)^2$,1.2516666666666565,0.4278659249207951,0.33030291997319494,0.7096008273449512,0.6083408870200409
hyperlogistic,$(1-n)^2$,1.2533333333333476,0.4223914571464297,0.3356330763673039,0.7074057114680747,0.6044441351347047
hyperlogistic,$(1-n)^2$,1.254999999999999,0.416917176076805,0.34099129464541267,0.7051740459126151,0.6005138271364451
hyperlogistic,$(1-n)^2$,1.2566666666666506,0.41144497791272394,0.3463752162440792,0.7029059021755328,0.5965507008811399
hyperlogistic,$(1-n)^2$,1.2583333333333417,0.4059767694180606,0.3517823883375207,0.700601366190572,0.5925555189765975
hyperlogistic,$(1-n)^2$,1.2599999999999933,0.4005144658520749,0.35721026418677343,0.6982605385452831,0.5885290684586542
hyperlogistic,$(1-n)^2$,1.2616666666666843,0.3950599888536195,0.362656203687782,0.6958835346833778,0.5844721604298838
hyperlogistic,$(1-n)^2$,1.2633333333333359,0.3896152642820439,0.36811747412068285,0.6934704850964335,0.5803856296614293
hyperlogistic,$(1-n)^2$,1.2649999999999875,0.38418222001401714,0.37359125110955727,0.6910215355042499,0.5762703341541926
hyperlogistic,$(1-n)^2$,1.2666666666666786,0.3787627837063227,0.37907461979770063,0.6885368470187679,0.5721271546649835
hyperlogistic,$(1-n)^2$,1.26833333333333,0.37335888052487987,0.3845645762432239,0.686016596295301,0.5679569941941697
hyperlogistic,$(1-n)^2$,1.2699999999999816,0.3679724308442308,0.3900580290409455,0.683460975669997,0.563760777433571
hyperlogistic,$(1-n)^2$,1.2716666666666727,0.36260534792445936,0.3955518011734042,0.6808701932817623,0.5595394501787044
hyperlogistic,$(1-n)^2$,1.2733333333333243,0.35725953556925155,0.4010426320969304,0.678244473175948,0.5552939787061907
hyperlogistic,$(1-n)^2$,1.2750000000000152,0.3519368857686806,0.40652718006356603,0.6755840553970127,0.5510253491088118
hyperlogistic,$(1-n)^2$,1.2766666666666668,0.34663927633584846,0.4120020246817759,0.6728891960621707,0.546734566598921
hyperlogistic,$(1-n)^2$,1.2783333333333184,0.3413685685382963,0.4174636697204087,0.670160167417069,0.5424226547753007
hyperlogistic,$(1-n)^2$,1.2800000000000096,0.3361266047342115,0.42290854615294815,0.6673972578764756,0.5380906548545694
hyperlogistic,$(1-n)^2$,1.281666666666661,0.33091520601777835,0.4283330154438106,0.6646007720479754,0.533739624868229
hyperlogistic,$(1-n)^2$,1.283333333333352,0.3257361698771832,0.43373337307917004,0.6617710307341781,0.5293706388289803
hyperlogistic,$(1-n)^2$,1.2850000000000037,0.32059126787609066,0.4391058523362516,0.6589083709187201,0.5249847858656128
hyperlogistic,$(1-n)^2$,1.2866666666666553,0.31548224336254005,0.4444466282909469,0.6560131457364606,0.5205831693217818
hyperlogistic,$(1-n)^2$,1.2883333333333462,0.3104108092110818,0.4497518220617427,0.653085724420716,0.5161669058320157
hyperlogistic,$(1-n)^2$,1.2899999999999978,0.3053786456062831,0.45501750528417656,0.6501264922334542,0.5117371243677123
hyperlogistic,$(1-n)^2$,1.2916666666666494,0.3003873978737136,0.4602397048120211,0.6471358503772826,0.5072949652539076
hyperlogistic,$(1-n)^2$,1.2933333333333406,0.2954386743649425,0.46541440763822245,0.6441142158876417,0.5028415791638576
hyperlogistic,$(1-n)^2$,1.294999999999992,0.2905340444003963,0.4705375660315867,0.6410620215022425,0.49837812609491305
hyperlogistic,$(1-n)^2$,1.296666666666683,0.28567503628288116,0.47560510287736973,0.6379797155169966,0.4939057743137982
hyperlogistic,$(1-n)^2$,1.2983333333333347,0.2808631353833329,0.4806129172152887,0.6348677616195598,0.48942569928952173
hyperlogistic,$(1-n)^2$,1.2999999999999863,0.2760997823037285,0.485556889967428,0.6317266387019985,0.48493908260817253
hyperlogistic,$(1-n)^2$,1.3016666666666772,0.27138637112883196,0.49043288984137234,0.6285568406566615,0.48044711087117403
hyperlogistic,$(1-n)^2$,1.3033333333333288,0.26672424777019754,0.4952367793986744,0.6253588761534877,0.47595097457997004
hyperlogistic,$(1-n)^2$,1.3049999999999804,0.2621147084033592,0.4999644212794777,0.6221332683944958,0.47145186701357306
hyperlogistic,$(1-n)^2$,1.3066666666666713,0.25755899800968723,0.5046116845663167,0.6188805548508746,0.4669509830977062
hyperlogistic,$(1-n)^2$,1.308333333333323,0.2530583090306327,0.5091744512716245,0.6156012869858407,0.46244951826212344
hyperlogistic,$(1-n)^2$,1.310000000000014,0.2486137801278667,0.5136486229408683,0.6122960299529203,0.4579486673014813
hyperlogistic,$(1-n)^2$,1.3116666666666656,0.24422649506433416,0.5180301273489276,0.608965362279593,0.45344962323387783
hyperlogistic,$(1-n)^2$,1.3133333333333173,0.2398974817066788,0.5223149252769826,0.6056098755335834,0.4489535761575411
hyperlogistic,$(1-n)^2$,1.3150000000000082,0.23562771115204248,0.5264990173514784,0.6022301739718108,0.4444617121145448
hyperlogistic,$(1-n)^2$,1.3166666666666598,0.23141809697874524,0.5305784509303406,0.5988268741694417,0.43997521196633205
hyperlogistic,$(1-n)^2$,1.318333333333351,0.22726949463374616,0.5345493270139491,0.5954006046380881,0.435495250268575
hyperlogistic,$(1-n)^2$,1.3200000000000023,0.2231827009499492,0.5384078071650926,0.591952005426161,0.4310229941651949
hyperlogistic,$(1-n)^2$,1.3216666666666539,0.21915845379539914,0.5421501204203599,0.5884817277026462,0.426559602296201
hyperlogistic,$(1-n)^2$,1.323333333333345,0.21519743186083654,0.5457725701701316,0.5849904333289675,0.4221062237214397
hyperlogistic,$(1-n)^2$,1.3249999999999966,0.21130025458353016,0.5492715409891191,0.5814787944178073,0.41766399686342137
hyperlogistic,$(1-n)^2$,1.326666666666648,0.20746748220272426,0.5526435054001037,0.5779474928760243,0.41323404847511575
hyperlogistic,$(1-n)^2$,1.3283333333333391,0.20369961595156127,0.5558850305480677,0.5743972199366056,0.4088174926327708
hyperlogistic,$(1-n)^2$,1.3299999999999907,0.1999970983875764,0.5589927847637723,0.570828675683046,0.4044154297500057
hyperlogistic,$(1-n)^2$,1.3316666666666819,0.1963603138485915,0.5619635440022549,0.567242568558047,0.4000289456271315
hyperlogistic,$(1-n)^2$,1.3333333333333333,0.1927895890420598,0.5647941981313775,0.563639614865731,0.39565911053056885
hyperlogistic,$(1-n)^2$,1.3349999999999849,0.18928519376114794,0.5674817570537698,0.5600205382646617,0.3913069783030922
hyperlogistic,$(1-n)^2$,1.336666666666676,0.18584734172447132,0.5700233566421443,0.5563860692534401,0.3869735855114126
hyperlogistic,$(1-n)^2$,1.3383333333333276,0.1824761915330098,0.5724162644707831,0.5527369446475456,0.3826599506341243
hyperlogistic,$(1-n)^2$,1.3400000000000185,0.1791718477463232,0.5746578853226727,0.5490739070529513,0.37836707328211167
hyperlogistic,$(1-n)^2$,1.3416666666666701,0.17593436206806246,0.5767457664563023,0.5453977043342428,0.37409593346414466
hyperlogistic,$(1-n)^2$,1.3433333333333217,0.17276373463553238,0.578677602615999,0.5417090890773129,0.369847490893233
hyperlogistic,$(1-n)^2$,1.3450000000000126,0.16965991541086553,0.5804512407676354,0.5380088180507556,0.3656226843362326
hyperlogistic,$(1-n)^2$,1.3466666666666642,0.16662280566633647,0.582064684545524,0.5342976516655294,0.36142243100763993
hyperlogistic,$(1-n)^2$,1.3483333333333158,0.16365225955584722,0.5835160983968862,0.5305763534321084,0.35724762600904786
hyperlogistic,$(1-n)^2$,1.350000000000007,0.16074808576845384,0.584803811408793,0.5268456894185319,0.35309914181576546
hyperlogistic,$(1-n)^2$,1.3516666666666586,0.1579100492579058,0.5859263208054732,0.5231064277109743,0.34897782780830355
hyperlogistic,$(1-n)^2$,1.3533333333333495,0.15513787303746432,0.5868822951060195,0.5193593378738399,0.3448845098526155
hyperlogistic,$(1-n)^2$,1.355000000000001,0.15243124003718228,0.5876705769304195,0.51560519041499,0.3408199899284754
hyperlogistic,$(1-n)^2$,1.3566666666666527,0.1497897950132502,0.588290185445955,0.5118447562535234,0.3367850458047645
hyperlogistic,$(1-n)^2$,1.3583333333333436,0.1472131465044179,0.5887403184458713,0.5080788061933605,0.3327804307635942
hyperlogistic,$(1-n)^2$,1.3599999999999952,0.14470086882786695,0.5890203540535671,0.5043081104026117,0.3288068733720312
hyperlogistic,$(1-n)^2$,1.3616666666666863,0.14225250410563112,0.5891298520470019,0.5005334378988667,0.32486507730113173
hyperlogistic,$(1-n)^2$,1.363333333333338,0.13986756431690905,0.5890685547996133,0.496755556043327,0.32095572119339993
hyperlogistic,$(1-n)^2$,1.3649999999999893,0.13754553336788738,0.5888363878348135,0.49297523004223337,0.31707945857495473
hyperlogistic,$(1-n)^2$,1.3666666666666805,0.13528586917231544,0.5884334599926194,0.48919322245820995,0.31323691781538954
hyperlogistic,$(1-n)^2$,1.368333333333332,0.13308800573596508,0.5878600632088784,0.48541029273142056,0.3094287021331988
hyperlogistic,$(1-n)^2$,1.3699999999999837,0.13095135523981055,0.5871166719079483,0.4816271967112645,0.30565538964311556
hyperlogistic,$(1-n)^2$,1.3716666666666746,0.12887531011535558,0.5862039420111916,0.47784468620034937,0.30191753344747707
hyperlogistic,$(1-n)^2$,1.3733333333333262,0.12685924510315416,0.5851227095664836,0.47406350850946105,0.29821566177238445
hyperlogistic,$(1-n)^2$,1.3750000000000173,0.1249025192937707,0.5838739890023157,0.4702844060256531,0.29455027814046614
hyperlogistic,$(1-n)^2$,1.376666666666669,0.12300447814334266,0.5824589710141946,0.46650811579464946,0.2909218615854258
hyperlogistic,$(1-n)^2$,1.3783333333333203,0.12116445545708299,0.5808790200901989,0.462735369115175,0.28733086690455684
hyperlogistic,$(1-n)^2$,1.3800000000000114,0.11938177533901323,0.5791356716853331,0.45896689114882816,0.28377772494789233
hyperlogistic,$(1-n)^2$,1.381666666666663,0.11765575410478912,0.5772306290536735,0.45520340054605735,0.2802628429394075
hyperlogistic,$(1-n)^2$,1.3833333333333147,0.11598570214742322,0.5751657597498921,0.4514456090844713,0.2767866048354784
hyperlogistic,$(1-n)^2$,1.3850000000000056,0.11437092575830589,0.5729430918124737,0.44769422132445824,0.27334937171362783
hyperlogistic,$(1-n)^2$,1.3866666666666572,0.11281072889948213,0.5705648096410758,0.4439499342812989,0.2699514821899095
hyperlogistic,$(1-n)^2$,1.3883333333333483,0.11130441492156065,0.5680332495816037,0.4402134371118298,0.26659325286544816
hyperlogistic,$(1-n)^2$,1.39,0.10985128822661588,0.5653508952351667,0.4364854108185079,0.26327497880134365
hyperlogistic,$(1-n)^2$,1.3916666666666513,0.10845065587516893,0.5625203725043221,0.43276652796991083,0.2599969340146349
hyperlogistic,$(1-n)^2$,1.3933333333333424,0.10710182913489166,0.5595444443939982,0.42905745243909,0.2567593719976613
hyperlogistic,$(1-n)^2$,1.394999999999994,0.10580412496543593,0.5564260055842924,0.4253588391564364,0.25356252626367437
hyperlogistic,$(1-n)^2$,1.396666666666685,0.10455686744540546,0.5531680767902838,0.42167133388122974,0.2504066109055079
hyperlogistic,$(1-n)^2$,1.3983333333333365,0.10335938913628213,0.5497737989290847,0.41799557299059553,0.2472918211751703
hyperlogistic,$(1-n)^2$,1.3999999999999881,0.10221103238250365,0.5462464271098603,0.4143321832835684,0.24421833407944699
hyperlogistic,$(1-n)^2$,1.4016666666666793,0.10111115054942385,0.5425893244669313,0.41068178180326964,0.24118630898998422
hyperlogistic,$(1-n)^2$,1.4033333333333307,0.10005910920028815,0.5388059558534769,0.40704497567743836,0.2381958882631004
hyperlogistic,$(1-n)^2$,1.4049999999999823,0.09905428720780067,0.5348998814142637,0.4034223619727034,0.23524719787463258
hyperlogistic,$(1-n)^2$,1.4066666666666734,0.09809607780499444,0.5308747500572268,0.39981452756717845,0.2323403480631068
hyperlogistic,$(1-n)^2$,1.408333333333325,0.09718388957562436,0.5267342928417861,0.3962220490401651,0.22947543397965733
hyperlogistic,$(1-n)^2$,1.410000000000016,0.09631714738317569,0.5224823163017452,0.3926454925765533,0.22665253634529986
hyperlogistic,$(1-n)^2$,1.4116666666666675,0.09549529324067307,0.5181226957235175,0.38908541388826323,0.22387172211485304
hyperlogistic,$(1-n)^2$,1.4133333333333191,0.09471778712291015,0.5136593683946562,0.3855423581511144,0.22113304514199567
hyperlogistic,$(1-n)^2$,1.4150000000000102,0.09398410772239221,0.5090963268432944,0.3820168599583451,0.2184365468470144
hyperlogistic,$(1-n)^2$,1.4166666666666616,0.0932937531480974,0.5044376120852775,0.378509443287336,0.21578225688954483
hyperlogistic,$(1-n)^2$,1.4183333333333528,0.09264624157206741,0.4996873068943241,0.3750206214825977,0.21317019383671304
hyperlogistic,$(1-n)^2$,1.4200000000000044,0.09204111182325038,0.4948495291150014,0.37155089725382356,0.21060036583271693
hyperlogistic,$(1-n)^2$,1.421666666666656,0.0914779239302915,0.4899284250314065,0.3681007626866475,0.2080727712657405
hyperlogistic,$(1-n)^2$,1.4233333333333469,0.09095625961547732,0.48492816280945134,0.3646706992682826,0.2055873994321007
hyperlogistic,$(1-n)^2$,1.4249999999999985,0.09047572274170015,0.4798529260265484,0.36126117792760626,0.20314423119484307
hyperlogistic,$(1-n)^2$,1.42666666666665,0.09003593971295985,0.47470690730257015,0.35787265908632104,0.20074323963885055
hyperlogistic,$(1-n)^2$,1.4283333333333412,0.08963655983098741,0.46949430204696435,0.3545055927240687,0.19838439071986413
hyperlogistic,$(1-n)^2$,1.4299999999999926,0.0892772556094254,0.46421930233393754,0.3511604184563046,0.19606764390625042
hyperlogistic,$(1-n)^2$,1.4316666666666837,0.08895772304682371,0.45888609091698296,0.3478375656228944,0.19379295281336664
hyperlogistic,$(1-n)^2$,1.4333333333333353,0.08867768186026014,0.4534988353969417,0.34453745338927955,0.19156026583073046
hyperlogistic,$(1-n)^2$,1.434999999999987,0.0884368756806762,0.44806168254986467,0.3412604908579543,0.1893695267392207
hyperlogistic,$(1-n)^2$,1.4366666666666779,0.08823507221159833,0.4425787528281528,0.33800707719157136,0.18722067531926376
hyperlogistic,$(1-n)^2$,1.4383333333333295,0.08807206335248897,0.4370541350430838,0.334777601745243,0.18511364795004495
hyperlogistic,$(1-n)^2$,1.439999999999981,0.08794766528760037,0.4314918812342624,0.33157244420899845,0.18304837819677547
hyperlogistic,$(1-n)^2$,1.4416666666666722,0.08786171854170939,0.42589600173662995,0.32839197475988857,0.1810247973879349
hyperlogistic,$(1-n)^2$,1.4433333333333236,0.08781408800381661,0.42027046045050415,0.32523655422291897,0.17904283518091874
hyperlogistic,$(1-n)^2$,1.4450000000000147,0.08780466291940353,0.4146191703182666,0.3221065342397548,0.1771024201153852
hyperlogistic,$(1-n)^2$,1.4466666666666663,0.08783335685179997,0.40894598901559953,0.31900225744691,0.17520348015514386
hyperlogistic,$(1-n)^2$,1.448333333333318,0.08790010761418146,0.40325471485897263,0.3159240576599962,0.17334594321653965
hyperlogistic,$(1-n)^2$,1.4500000000000088,0.08800487717203166,0.3975490829344843,0.3128722600660206,0.1715297376843012
hyperlogistic,$(1-n)^2$,1.4516666666666604,0.08814765151638272,0.3918327614492863,0.3098471814225586,0.1697547929142094
hyperlogistic,$(1-n)^2$,1.4533333333333516,0.08832844050872013,0.3861093483069245,0.3068491302623944,0.16802103972147536
hyperlogistic,$(1-n)^2$,1.455000000000003,0.08854727769749977,0.3803823679106951,0.30387840710510666,0.16632841085558728
hyperlogistic,$(1-n)^2$,1.4566666666666546,0.08880422010599102,0.37465526819047046,0.30093530467310264,0.16467684146060457
hyperlogistic,$(1-n)^2$,1.4583333333333457,0.0890993479915324,0.3689314178567021,0.2980201081134401,0.16306626952145406
hyperlogistic,$(1-n)^2$,1.4599999999999973,0.08943276457703003,0.36321410388069286,0.29513309522406755,0.1614966362943045
hyperlogistic,$(1-n)^2$,1.461666666666649,0.08980459575278192,0.35750652919551484,0.292274536683823,0.15996788672242834
hyperlogistic,$(1-n)^2$,1.4633333333333398,0.09021498974931978,0.35181181061986666,0.2894446962867425,0.15847996983663432
hyperlogistic,$(1-n)^2$,1.4649999999999914,0.09066411678071984,0.34613297700087714,0.28664383117975983,0.15703283913956684
hyperlogistic,$(1-n)^2$,1.4666666666666826,0.09115216865765138,0.34047296757063933,0.2838721921026886,0.15562645297367572
hyperlogistic,$(1-n)^2$,1.468333333333334,0.09167935836887016,0.33483463051552415,0.2811300236317016,0.15426077487407958
hyperlogistic,$(1-n)^2$,1.4699999999999855,0.09224591963181243,0.3292207217522132,0.2784175644240208,0.15293577390319152
hyperlogistic,$(1-n)^2$,1.4716666666666767,0.09285210641040219,0.32363390390759933,0.2757350474649976,0.15165142496883605
hyperlogistic,$(1-n)^2$,1.4733333333333283,0.09349819239910744,0.31807674549600945,0.2730827003164611,0.15040770912553458
hyperlogistic,$(1-n)^2$,1.4750000000000192,0.09418447047302307,0.31255172028827094,0.27046074536540554,0.149204613857303
hyperlogistic,$(1-n)^2$,1.4766666666666708,0.09491125210241079,0.30706120686993266,0.26786940007420634,0.14804213334258323
hyperlogistic,$(1-n)^2$,1.4783333333333224,0.09567886673075215,0.30160748837798124,0.26530887722993224,0.14692026870077118
hyperlogistic,$(1-n)^2$,1.4800000000000135,0.0964876611149381,0.2961927524134862,0.2627793851939531,0.14583902822051018
hyperlogistic,$(1-n)^2$,1.481666666666665,0.09733799862747418,0.2908190911242266,0.26028112815112925,0.14479842756720834
hyperlogistic,$(1-n)^2$,1.4833333333333165,0.09823025851835072,0.28548850144652727,0.25781430635714386,0.14379848997208367
hyperlogistic,$(1-n)^2$,1.4850000000000076,0.09916483513608378,0.28020288550394606,0.2553791163849606,0.14283924640081147
hyperlogistic,$(1-n)^2$,1.4866666666666593,0.10014213710679212,0.27496405115445854,0.2529757513694891,0.14192073570132205
hyperlogistic,$(1-n)^2$,1.4883333333333502,0.10116258647037878,0.26977371267760397,0.25060440124938765,0.1410430047303773
hyperlogistic,$(1-n)^2$,1.4900000000000018,0.10222661777195968,0.26463349159708716,0.2482652530068193,0.14020610845959497
hyperlogistic,$(1-n)^2$,1.4916666666666534,0.10333467710888472,0.2595449176294744,0.24595849090353986,0.1394101100583018
hyperlogistic,$(1-n)^2$,1.4933333333333443,0.10448722113147968,0.2545094297540046,0.24368429671403338,0.13865508095417073
hyperlogistic,$(1-n)^2$,1.4949999999999959,0.10568471599678969,0.24952837739479938,0.2414428499545484,0.1379411008712677
hyperlogistic,$(1-n)^2$,1.4966666666666475,0.106927636275216,0.24460302170809867,0.23923432810745404,0.13726825784404445
hyperlogistic,$(1-n)^2$,1.4983333333333386,0.10821646380891091,0.23973453696936384,0.2370589068414612,0.1366366482073169
hyperlogistic,$(1-n)^2$,1.4999999999999902,0.10955168652161106,0.23492401205183272,0.23491676022649202,0.1360463765619086
hyperlogistic,$(1-n)^2$,1.5016666666666811,0.11093379717993737,0.2301724519884857,0.2328080609423178,0.1354975557152719
hyperlogistic,$(1-n)^2$,1.5033333333333327,0.11236329210583362,0.2254807796144468,0.23073298048254456,0.1349903065958962
hyperlogistic,$(1-n)^2$,1.5049999999999844,0.11384066984048401,0.22084983727822538,0.22869168935090356,0.134524758142219
hyperlogistic,$(1-n)^2$,1.5066666666666753,0.11536642975976588,0.21628038861907098,0.22668435725132302,0.13410104716480298
hyperlogistic,$(1-n)^2$,1.5083333333333269,0.11694107064197422,0.21177312040253476,0.22471115327090965,0.13371931818143912
hyperlogistic,$(1-n)^2$,1.510000000000018,0.11856508918912531,0.20732864440698356,0.22277224605475612,0.13337972322471847
hyperlogistic,$(1-n)^2$,1.5116666666666696,0.12023897850185916,0.20294749935750908,0.22086780397290978,0.13308242162205286
hyperlogistic,$(1-n)^2$,1.513333333333321,0.12196322651069991,0.1986301528982661,0.2189979952785975,0.13282757974714354
hyperlogistic,$(1-n)^2$,1.5150000000000121,0.12373831436441134,0.1943770036001213,0.21716298825797478,0.13261537074302474
hyperlogistic,$(1-n)^2$,1.5166666666666637,0.12556471477770748,0.19018838299692795,0.21536295137008327,0.13244597421635268
hyperlogistic,$(1-n)^2$,1.5183333333333153,0.12744289034122275,0.1860645576442034,0.2135980533768822,0.13231957590254514
hyperlogistic,$(1-n)^2$,1.5200000000000062,0.12937329179572982,0.18200573119683824,0.21186846346370025,0.13223636730180782
hyperlogistic,$(1-n)^2$,1.5216666666666578,0.13135635627402328,0.17801204650018146,0.21017435134869575,0.13219654528579636
hyperlogistic,$(1-n)^2$,1.523333333333349,0.13339250551422663,0.17408358768872942,0.2085158873805444,0.13220031167486052
hyperlogistic,$(1-n)^2$,1.5250000000000006,0.1354821440475962,0.1702203822899423,0.20689324262655454,0.13224787278618658
hyperlogistic,$(1-n)^2$,1.526666666666652,0.13762565736599527,0.16642240332671035,0.20530658894731543,0.13233943895264116
hyperlogistic,$(1-n)^2$,1.528333333333343,0.13982341007266103,0.16268957141637308,0.203756099059819,0.13247522401268705
hyperlogistic,$(1-n)^2$,1.5299999999999947,0.14207574402158382,0.15902175686129347,0.20224194658846326,0.1326554447717709
hyperlogistic,$(1-n)^2$,1.5316666666666858,0.14438297645145703,0.15541878172679077,0.20076430610283127,0.13288032043557724
hyperlogistic,$(1-n)^2$,1.5333333333333372,0.14674539811834253,0.15188042190548665,0.19932335314195337,0.13315007201532725
hyperlogistic,$(1-n)^2$,1.5349999999999888,0.14916327143479396,0.14840640916139847,0.19791926422552142,0.133464921706359
hyperlogistic,$(1-n)^2$,1.53666666666668,0.15163682862052155,0.14499643315341096,0.1965522168518685,0.13382509224047312
hyperlogistic,$(1-n)^2$,1.5383333333333316,0.1541662698715059,0.14165014343481547,0.19522238948101708,0.13423080621266215
hyperlogistic,$(1-n)^2$,1.539999999999983,0.15675176155519271,0.13836715142494913,0.19392996150377,0.134682285383685
hyperlogistic,$(1-n)^2$,1.541666666666674,0.15939343443791743,0.1351470323521159,0.19267511319711345,0.1351797499594342
hyperlogistic,$(1-n)^2$,1.5433333333333257,0.16209138195236428,0.1319893271653114,0.19145802566430528,0.1357234178482221
hyperlogistic,$(1-n)^2$,1.5450000000000166,0.16484565851316707,0.1288935444119249,0.1902788807591386,0.13631350389744257
hyperlogistic,$(1-n)^2$,1.5466666666666682,0.16765627788716142,0.12585916208023215,0.18913786099824195,0.1369502191115195
hyperlogistic,$(1-n)^2$,1.5483333333333198,0.17052321162762904,0.12288562940467725,0.18803514945586614,0.13763376985227072
hyperlogistic,$(1-n)^2$,1.550000000000011,0.17344638757892977,0.11997236863315776,0.18697092964445947,0.13836435702373873
hyperlogistic,$(1-n)^2$,1.5516666666666625,0.17642568846008708,0.1171187767542055,0.18594538538094865,0.13914217524334674
hyperlogistic,$(1-n)^2$,1.553333333333314,0.17946095053570693,0.11432422718262387,0.18495870063787437,0.1399674120016641
hyperlogistic,$(1-n)^2$,1.555000000000005,0.1825519623805843,0.1115880714042865,0.18401105937841217,0.14084024681256005
hyperlogistic,$(1-n)^2$,1.5566666666666567,0.18569846374629972,0.10890964057747932,0.1831026453782069,0.1417608503562316
hyperlogistic,$(1-n)^2$,1.5583333333333476,0.1889001445378527,0.10628824708994312,0.182233642032924,0.14272938361774395
hyperlogistic,$(1-n)^2$,1.5599999999999992,0.1921566439053295,0.10372318607325691,0.18140423215023965,0.14374599702304414
hyperlogistic,$(1-n)^2$,1.5616666666666508,0.19546754945969108,0.10121373687129658,0.18061459772849656,0.1448108295756501
hyperlogistic,$(1-n)^2$,1.563333333333342,0.1988323966170497,0.09875916446420406,0.179864919722556,0.1459240079960237
hyperlogistic,$(1-n)^2$,1.5649999999999933,0.20225066807778996,0.0963587208474479,0.17915537779544888,0.1470856458669014
hyperlogistic,$(1-n)^2$,1.5666666666666844,0.20572179344684882,0.09401164636531582,0.1784861500558333,0.14829584278768243
hyperlogistic,$(1-n)^2$,1.568333333333336,0.20924514899769503,0.09171717099894043,0.1778574127868916,0.14955468353922957
hyperlogistic,$(1-n)^2$,1.5699999999999876,0.21282005758658956,0.08947451560914843,0.17726934016015808,0.15086223726394166
hyperlogistic,$(1-n)^2$,1.5716666666666785,0.2164457887183455,0.08728289313457215,0.1767221039390257,0.1522185566627754
hyperlogistic,$(1-n)^2$,1.5733333333333301,0.22012155876725265,0.08514150974473915,0.17621587317238452,0.15362367721203032
hyperlogistic,$(1-n)^2$,1.5749999999999817,0.22384653135560184,0.08304956594825338,0.175750813878269,0.15507761640344692
hyperlogistic,$(1-n)^2$,1.5766666666666729,0.2276198178895569,0.08100625765780922,0.1753270887168016,0.15658037301064065
hyperlogistic,$(1-n)^2$,1.5783333333333243,0.23144047825343395,0.07901077721118371,0.17494485665623988,0.1581319263835722
hyperlogistic,$(1-n)^2$,1.5800000000000154,0.235307521662502,0.07706231434856428,0.17460427263198894,0.15973223577453075
hyperlogistic,$(1-n)^2$,1.581666666666667,0.23921990767095708,0.07516005714859439,0.17430548719723374,0.16138123969856516
hyperlogistic,$(1-n)^2$,1.5833333333333186,0.24317654733535096,0.07330319292161994,0.1740486461686405,0.16307885533073516
hyperlogistic,$(1-n)^2$,1.5850000000000095,0.24717630452809183,0.07149090906216773,0.1738338902677138,0.16482497794175094
hyperlogistic,$(1-n)^2$,1.5866666666666611,0.2512179973978601,0.0697223938611998,0.17366135475753014,0.1666194803756108
hyperlogistic,$(1-n)^2$,1.5883333333333522,0.2553003999735308,0.06799683727856351,0.17353116907549607,0.16846221257218247
hyperlogistic,$(1-n)^2$,1.5900000000000039,0.2594222439028616,0.06631343167654927,0.17344345646699968,0.17035300113278018
hyperlogistic,$(1-n)^2$,1.5916666666666552,0.2635822203232123,0.06467137251543952,0.17339833361581028,0.17229164893571378
hyperlogistic,$(1-n)^2$,1.5933333333333464,0.2677789818543673,0.06306985901219489,0.17339591027534076,0.17427793480036247
hyperlogistic,$(1-n)^2$,1.594999999999998,0.2720111447067469,0.061508094762754574,0.17343628890141716,0.17631161320158664
hyperlogistic,$(1-n)^2$,1.5966666666666496,0.2762772908973966,0.0599852883286562,0.17351956428736978,0.1783924140365473
hyperlogistic,$(1-n)^2$,1.5983333333333405,0.28057597056325856,0.05850065378983633,0.17364582320177566,0.18052004244526793
hyperlogistic,$(1-n)^2$,1.599999999999992,0.28490570436289475,0.057053411263691636,0.17381514403121387,0.18269417868441398
hyperlogistic,$(1-n)^2$,1.6016666666666832,0.2892649859575823,0.05564278739110217,0.1740275964288849,0.18491447805564143
hyperlogistic,$(1-n)^2$,1.6033333333333346,0.2936522845594662,0.054268015791671856,0.17428324096897993,0.18718057088934403
hyperlogistic,$(1-n)^2$,1.6049999999999862,0.2980660475387938,0.052928337487618604,0.17458212880910576,0.18949206258382825
hyperlogistic,$(1-n)^2$,1.6066666666666773,0.3025047030769488,0.05162300129821946,0.17492430136120057,0.19184853369886035
hyperlogistic,$(1-n)^2$,1.608333333333329,0.30696666285550256,0.050351264205582426,0.17530978997201055,0.1942495401042946
hyperlogistic,$(1-n)^2$,1.6099999999999806,0.3114503247713215,0.049112391692497,0.175738615614169,0.19669461318414533
hyperlogistic,$(1-n)^2$,1.6116666666666715,0.3159540756642842,0.04790565805326705,0.1762107885886858,0.19918326009237816
hyperlogistic,$(1-n)^2$,1.613333333333323,0.32047629404836103,0.04673034667894993,0.17672630823973026,0.20171496406235606
hyperlogistic,$(1-n)^2$,1.6150000000000142,0.3250153528360764,0.0455857503172468,0.17728516268291267,0.20428918476798985
hyperlogistic,$(1-n)^2$,1.6166666666666656,0.32956962204303386,0.044471171308662696,0.17788732854706957,0.20690535873412164
hyperlogistic,$(1-n)^2$,1.6183333333333172,0.33413747146576345,0.04338592179908724,0.17853277073095086,0.2095628997962639
hyperlogistic,$(1-n)^2$,1.6200000000000083,0.3387172733205224,0.04232932393056113,0.1792214421758539,0.21226119960653905
hyperlogistic,$(1-n)^2$,1.62166666666666,0.343307404834277,0.04130071001054778,0.1799532836538505,0.21499962818454288
hyperlogistic,$(1-n)^2$,1.6233333333333508,0.3479062507802338,0.040299422660358165,0.1807282235724523,0.21777753451160803
hyperlogistic,$(1-n)^2$,1.6250000000000024,0.35251220594707494,0.03932481494453423,0.18154617779712678,0.22059424716460405
hyperlogistic,$(1-n)^2$,1.626666666666654,0.3571236775369136,0.03837625048098079,0.18240704949133046,0.22344907498906647
hyperlogistic,$(1-n)^2$,1.6283333333333452,0.3617390874820467,0.03745310353334102,0.18331072897402642,0.22634130780780248
hyperlogistic,$(1-n)^2$,1.6299999999999966,0.36635687467534866,0.03655475908629221,0.1842570935961387,0.22927021716242815
hyperlogistic,$(1-n)^2$,1.6316666666666482,0.3709754971090905,0.03568061290443661,0.1852460076368387,0.23223505708571046
hyperlogistic,$(1-n)^2$,1.6333333333333393,0.375593433914489,0.03483007157554565,0.18627732221638377,0.23523506490266924
hyperlogistic,$(1-n)^2$,1.634999999999991,0.3802091872990727,0.03400255253922645,0.18735087522980726,0.23826946205585572
hyperlogistic,$(1-n)^2$,1.6366666666666818,0.3848212843786564,0.033197484101306955,0.18846649129984944,0.24133745495390166
hyperlogistic,$(1-n)^2$,1.6383333333333334,0.38942827889763787,0.03241430543513942,0.189623981748221,0.24443823583929228
hyperlogistic,$(1-n)^2$,1.639999999999985,0.394028752838627,0.03165246656998945,0.19082314458642186,0.24757098367423075
hyperlogistic,$(1-n)^2$,1.6416666666666762,0.3986213179169211,0.030911428367811387,0.19206376452664628,0.25073486503883224
hyperlogistic,$(1-n)^2$,1.6433333333333275,0.4032046169589217,0.030190662488688447,0.19334561301090794,0.2539290350415087
hyperlogistic,$(1-n)^2$,1.6450000000000187,0.40777732516517584,0.02948965134539961,0.19466844825844254,0.25715263823967394
hyperlogistic,$(1-n)^2$,1.6466666666666703,0.4123381512555682,0.028807888048436106,0.1960320153328568,0.26040480956377016
hyperlogistic,$(1-n)^2$,1.6483333333333219,0.41688583849983657,0.02814487634132406,0.19743604622727323,0.2636846752466433
hyperlogistic,$(1-n)^2$,1.6500000000000128,0.4214191656316826,0.027500130527312917,0.19888025996672531,0.26699135375361227
hyperlogistic,$(1-n)^2$,1.6516666666666644,0.4259369476494641,0.026873175387905637,0.20036436272859637,0.2703239567103847
hyperlogistic,$(1-n)^2$,1.653333333333316,0.43043803650627555,0.026263546093710448,0.20188804798147733,0.2736815898265703
hyperlogistic,$(1-n)^2$,1.655000000000007,0.43492132168895337,0.025670788108119656,0.20345099663812524,0.27706335381511554
hyperlogistic,$(1-n)^2$,1.6566666666666585,0.4393857306909522,0.02509445708455652,0.2050528772262978,0.2804683453012804
hyperlogistic,$(1-n)^2$,1.6583333333333496,0.44383022938260147,0.024534118757477942,0.20669334607528272,0.2838956577222953
hyperlogistic,$(1-n)^2$,1.6600000000000013,0.44825382227933663,0.02398934882794286,0.20837204751652127,0.2873443822140548
hyperlogistic,$(1-n)^2$,1.6616666666666529,0.45265555271495567,0.0234597328438313,0.21008861409917293,0.2908136084849682
hyperlogistic,$(1-n)^2$,1.6633333333333438,0.4570345029215102,0.022944866075585827,0.2118426668199051,0.2943024256719146
hyperlogistic,$(1-n)^2$,1.6649999999999954,0.46138979402034586,0.02244435338763877,0.21363381536535214,0.29780992317938226
hyperlogistic,$(1-n)^2$,1.6666666666666865,0.4657205859296051,0.021957809105791322,0.2154616583668296,0.3013351915015684
hyperlogistic,$(1-n)^2$,1.6683333333333379,0.47002607719070283,0.021484856881431175,0.21732578366732372,0.3048773230212245
hyperlogistic,$(1-n)^2$,1.6699999999999895,0.47430550472063554,0.02102512955243436,0.219225768599727,0.3084354127890262
hyperlogistic,$(1-n)^2$,1.6716666666666806,0.47855814349218795,0.020578269001441246,0.22116118027488857,0.3120085592798399
hyperlogistic,$(1-n)^2$,1.6733333333333322,0.4827833061479161,0.02014392601177424,0.22313157587955953,0.3155958651250218
hyperlogistic,$(1-n)^2$,1.6749999999999836,0.48698034255352957,0.019721760121275335,0.22513650298420748,0.3191964378201301
hyperlogistic,$(1-n)^2$,1.6766666666666747,0.4911486392924271,0.01931143947436853,0.2271754998576299,0.3228093904086034
hyperlogistic,$(1-n)^2$,1.6783333333333263,0.49528761910802516,0.018912640672780354,0.22924809578988242,0.3264338421382143
hyperlogistic,$(1-n)^2$,1.6800000000000175,0.4993967402986959,0.0185250486249959,0.23135381142236516,0.330068919092238
hyperlogistic,$(1-n)^2$,1.6816666666666689,0.5034754960672135,0.018148356394951187,0.2334921590831882,0.3337137547928291
hyperlogistic,$(1-n)^2$,1.6833333333333205,0.5075234138319765,0.017782265049950445,0.2356626431286592,0.33736749077867345
hyperlogistic,$(1-n)^2$,1.6850000000000116,0.5115400545019854,0.01742648350833378,0.23786476028922524,0.34102927715393566
hyperlogistic,$(1-n)^2$,1.6866666666666632,0.5155250117202648,0.017080728386958455,0.24009800001931264,0.3446982731099896
hyperlogistic,$(1-n)^2$,1.6883333333333146,0.5194779110802928,0.01674472384861396,0.24236184485081258,0.3483736474209858
hyperlogistic,$(1-n)^2$,1.6900000000000057,0.523398409318096,0.016418201449843992,0.24465577074910075,0.3520545789104203
hyperlogistic,$(1-n)^2$,1.6916666666666573,0.5272861934839282,0.016100899989178744,0.24697924747098868,0.3557402568907043
hyperlogistic,$(1-n)^2$,1.6933333333333482,0.531140980098001,0.015792565355910722,0.24933173892466803,0.35942988157650585
hyperlogistic,$(1-n)^2$,1.6949999999999998,0.5349625142912664,0.015492950379790867,0.25171270352968483,0.36312266446982744
hyperlogistic,$(1-n)^2$,1.6966666666666514,0.5387505689372633,0.01520181468159679,0.2541215945780389,0.36681782871959306
hyperlogistic,$(1-n)^2$,1.6983333333333426,0.5425049437751246,0.01491892452480302,0.25655786059433044,0.37051460945457565
hyperlogistic,$(1-n)^2$,1.6999999999999942,0.5462254645279946,0.014644052668532416,0.25902094569510803,0.37421225409024933
hyperlogistic,$(1-n)^2$,1.701666666666685,0.5499119820200054,0.014376978221790977,0.2615102899473672,0.37791002261130263
hyperlogistic,$(1-n)^2$,1.7033333333333367,0.5535643712920547,0.014117486499266692,0.2640253297243396,0.3816071878280092
hyperlogistic,$(1-n)^2$,1.7049999999999883,0.5571825307212404,0.01386536887861093,0.2665654980597886,0.3853030356096834
hyperlogistic,$(1-n)^2$,1.7066666666666792,0.560766381143898,0.013620422659482571,0.2691302249988322,0.38899686509366527
hyperlogistic,$(1-n)^2$,1.7083333333333308,0.5643158649850099,0.013382450924349271,0.27171893794551055,0.392687988871241
hyperlogistic,$(1-n)^2$,1.7099999999999824,0.5678309453963661,0.01315126240106647,0.2743310620073206,0.39637573315189334
hyperlogistic,$(1-n)^2$,1.7116666666666736,0.5713116054037652,0.012926671327467193,0.2769660203349968,0.4000594379051753
hyperlogistic,$(1-n)^2$,1.713333333333325,0.5747578470653264,0.012708497317923475,0.2796232344579203,0.4037384569814894
hyperlogistic,$(1-n)^2$,1.715000000000016,0.5781696906431136,0.01249656523190557,0.28230212461541293,0.4074121582132949
hyperlogistic,$(1-n)^2$,1.7166666666666677,0.5815471737871368,0.012290705044726456,0.2850021100819401,0.4110799234954735
hyperlogistic,$(1-n)^2$,1.7183333333333193,0.5848903507352826,0.01209075172037094,0.28772260948775036,0.41474114884830315
hyperlogistic,$(1-n)^2$,1.7200000000000102,0.5881992915280442,0.011896545086540228,0.29046304113341315,0.41839524446093473
hyperlogistic,$(1-n)^2$,1.7216666666666618,0.5914740812396935,0.011707929711939695,0.2932228232982616,0.42204163471769807
hyperlogistic,$(1-n)^2$,1.723333333333353,0.5947148192273239,0.011524754785770124,0.29600137454330055,0.4256797582085869
hyperlogistic,$(1-n)^2$,1.7250000000000045,0.5979216183964876,0.011346873999562851,0.29879811400680756,0.42930906772227345
hyperlogistic,$(1-n)^2$,1.726666666666656,0.6010946044862008,0.011174145431245572,0.3016124616943246,0.43292903022510554
hyperlogistic,$(1-n)^2$,1.728333333333347,0.6042339153717361,0.011006431431568403,0.30444383876113407,0.436539126824951
hyperlogistic,$(1-n)^2$,1.7299999999999986,0.6073397003863988,0.010843598512846308,0.3072916677878258,0.44013885272110603
hyperlogistic,$(1-n)^2$,1.7316666666666503,0.610412119663191,0.010685517239988904,0.3101553730495306,0.4437277171414477
hyperlogistic,$(1-n)^2$,1.7333333333333412,0.6134513434950614,0.010532062123906375,0.3130343807771798,0.44730524326685683
hyperlogistic,$(1-n)^2$,1.7349999999999928,0.6164575517146346,0.010383111517236126,0.31592811941155385,0.4508709681436435
hyperlogistic,$(1-n)^2$,1.736666666666684,0.619430933094167,0.010238547512360162,0.3188360198506468,0.45442444258556713
hyperlogistic,$(1-n)^2$,1.7383333333333355,0.6223716847638331,0.01009825584179282,0.32175751568852096,0.45796523106422965
hyperlogistic,$(1-n)^2$,1.739999999999987,0.6252800116503697,0.009962125780823112,0.3246920434476095,0.4614929115912136
hyperlogistic,$(1-n)^2$,1.741666666666678,0.628156125934395,0.009830050052480194,0.3276390428029146,0.4650070755895515
hyperlogistic,$(1-n)^2$,1.7433333333333296,0.6310002465267213,0.00970192473478031,0.3305979567985201,0.4685073277569592
hyperlogistic,$(1-n)^2$,1.7449999999999812,0.6338125985641143,0.009577649170201851,0.3335682320571397,0.4719932859218319
hyperlogistic,$(1-n)^2$,1.7466666666666721,0.6365934129231021,0.009457125877429666,0.33654931898146134,0.47546458089085875
hyperlogistic,$(1-n)^2$,1.7483333333333237,0.6393429257521429,0.009340260465316148,0.3395406719478869,0.47892085628969716
hyperlogistic,$(1-n)^2$,1.7500000000000149,0.6420613780223942,0.009226961549007262,0.34254174949338057,0.4823617683983522
hyperlogistic,$(1-n)^2$,1.7516666666666663,0.6447490150952206,0.009117140668277866,0.34555201449372025,0.48578698597941783
hyperlogistic,$(1-n)^2$,1.7533333333333179,0.6474060863081368,0.009010712207970275,0.34857093433535025,0.48919619010179544
hyperlogistic,$(1-n)^2$,1.755000000000009,0.6500328445769327,0.008907593320573887,0.3515979810790146,0.4925890739592088
hyperlogistic,$(1-n)^2$,1.7566666666666606,0.6526295460144619,0.00880770385088745,0.35463263161603237,0.4959653426840985
hyperlogistic,$(1-n)^2$,1.7583333333333515,0.655196449566279,0.008710966262715093,0.3576743678179521,0.49932471315824667
hyperlogistic,$(1-n)^2$,1.7600000000000031,0.6577338166611052,0.00861730556762215,0.36072267667788066,0.5026669138187266
hyperlogistic,$(1-n)^2$,1.7616666666666547,0.6602419108774917,0.008526649255646182,0.3637770504457372,0.5059916844621567
hyperlogistic,$(1-n)^2$,1.7633333333333459,0.662720997624971,0.00843892722799446,0.3668369867557021,0.5092987760449389
hyperlogistic,$(1-n)^2$,1.7649999999999972,0.6651713438396443,0.008354071731668852,0.36990198874667857,0.5125879504813832
hyperlogistic,$(1-n)^2$,1.7666666666666488,0.6675932176943549,0.00827201729596465,0.3729715651765477,0.5158589804405495
hyperlogistic,$(1-n)^2$,1.76833333333334,0.6699868883220238,0.008192700670851467,0.37604523052898353,0.5191116491405645
hyperlogistic,$(1-n)^2$,1.7699999999999916,0.6723526255522246,0.008116060767181521,0.37912250511359374,0.5223457501415485
hyperlogistic,$(1-n)^2$,1.7716666666666825,0.6746906996610342,0.008042038598671164,0.3822029151602792,0.52556108713841
hyperlogistic,$(1-n)^2$,1.773333333333334,0.6770013811323963,0.007970577225668614,0.3852859929060756,0.5287574737517007
hyperlogistic,$(1-n)^2$,1.7749999999999857,0.6792849404323613,0.00790162170062451,0.388371276676732,0.5319347333188348
hyperlogistic,$(1-n)^2$,1.7766666666666768,0.6815416477941374,0.007835119015268779,0.3914583109614455,0.5350926986846422
hyperlogistic,$(1-n)^2$,1.7783333333333282,0.683771773014292,0.007771018049444723,0.3945466464815347,0.5382312119917959
hyperlogistic,$(1-n)^2$,1.7800000000000193,0.6859755852601878,0.007709269521553654,0.39763584025389626,0.5413501244721667
hyperlogistic,$(1-n)^2$,1.781666666666671,0.6881533528868773,0.007649825940612953,0.4007254556475988,0.5444492962375549
hyperlogistic,$(1-n)^2$,1.7833333333333226,0.690305343264595,0.007592641559846464,0.4038150624359901,0.5475285960723499
hyperlogistic,$(1-n)^2$,1.7850000000000135,0.6924318226153278,0.007537672331817799,0.4069042368424598,0.5505879012260292
hyperlogistic,$(1-n)^2$,1.786666666666665,0.6945330558584436,0.007484875865054664,0.4099925615808735,0.5536270972068384
hyperlogistic,$(1-n)^2$,1.7883333333333167,0.6966093064654866,0.007434211382120217,0.4130796258914582,0.5566460775773536
hyperlogistic,$(1-n)^2$,1.7900000000000078,0.6986608363229201,0.007385639679126325,0.4161650255708917,0.5596447437506709
hyperlogistic,$(1-n)^2$,1.7916666666666592,0.7006879056029087,0.0073391230866441575,0.419248362997417,0.5626230047880878
hyperlogistic,$(1-n)^2$,1.7933333333333503,0.7026907726422066,0.007294625431968861,0.4223292471519277,0.5655807771992135
hyperlogistic,$(1-n)^2$,1.795000000000002,0.7046696938276544,0.007252112002736761,0.4254072936332797,0.5685179847427778
hyperlogistic,$(1-n)^2$,1.7966666666666535,0.7066249234894876,0.007211549511836749,0.4284821246700458,0.5714345582302097
hyperlogistic,$(1-n)^2$,1.7983333333333444,0.7085567138007572,0.007172906063607644,0.4315533691272572,0.5743304353306795
hyperlogistic,$(1-n)^2$,1.799999999999996,0.7104653146831807,0.007136151121284959,0.43462066250883696,0.5772055603781486
hyperlogistic,$(1-n)^2$,1.8016666666666477,0.7123509737194988,0.007101255475662347,0.43768364695651907,0.5800598841811778
hyperlogistic,$(1-n)^2$,1.8033333333333386,0.714213936071203,0.007068191214955937,0.4407419712441345,0.5828933638343771
hyperlogistic,$(1-n)^2$,1.8049999999999902,0.716054444401735,0.007036931695833988,0.44379529076811464,0.5857059625322595
hyperlogistic,$(1-n)^2$,1.8066666666666813,0.7178727388054414,0.00700745151558303,0.4468432675348604,0.5884976493860191
hyperlogistic,$(1-n)^2$,1.808333333333333,0.719669056740815,0.006979726485401929,0.4498855701434783,0.5912683992418107
hyperlogistic,$(1-n)^2$,1.8099999999999845,0.7214436329690973,0.006953733604776001,0.45292187376616416,0.5940181925025382
hyperlogistic,$(1-n)^2$,1.8116666666666754,0.7231966994969483,0.0069294510369273,0.455951860124473,0.5967470149514823
hyperlogistic,$(1-n)^2$,1.813333333333327,0.7249284855233786,0.006906858085309483,0.4589752174623543,0.5994548575785051
hyperlogistic,$(1-n)^2$,1.8150000000000182,0.7266392173910817,0.006885935171118608,0.46199164051686986,0.6021417164095425
hyperlogistic,$(1-n)^2$,1.8166666666666695,0.72832911854094,0.0068666638118116356,0.4650008304848706,0.6048075923377724
hyperlogistic,$(1-n)^2$,1.8183333333333211,0.7299984094707889,0.006849026600598105,0.4680024949877719,0.6074524909583288
hyperlogistic,$(1-n)^2$,1.8200000000000123,0.7316473076970899,0.006833007186893661,0.47099634803300877,0.6100764224051345
hyperlogistic,$(1-n)^2$,1.8216666666666639,0.7332760277198233,0.006818590257711588,0.47398210997282475,0.6126794011903973
hyperlogistic,$(1-n)^2$,1.8233333333333153,0.7348847809907375,0.006805761519970615,0.4769595074611598,0.6152614460473549
hyperlogistic,$(1-n)^2$,1.8250000000000064,0.7364737758840568,0.006794507683706817,0.47992827340751687,0.6178225797751651
hyperlogistic,$(1-n)^2$,1.826666666666658,0.7380432176698097,0.006784816446166443,0.48288814692861537,0.6203628290865354
hyperlogistic,$(1-n)^2$,1.8283333333333491,0.7395933084900504,0.006776676476762322,0.48583887329845266,0.6228822244586119
hyperlogistic,$(1-n)^2$,1.8300000000000005,0.7411242473368165,0.006770077402882701,0.48878020389527566,0.6253807999856759
hyperlogistic,$(1-n)^2$,1.8316666666666521,0.7426362300327903,0.006765009796528819,0.4917118961476607,0.6278585932354331
hyperlogistic,$(1-n)^2$,1.8333333333333433,0.7441294492136151,0.006761465161772276,0.49463371347797214,0.6303156451073617
hyperlogistic,$(1-n)^2$,1.8349999999999949,0.7456040943120935,0.00675943592301465,0.49754542524402906,0.6327519996937229
hyperlogistic,$(1-n)^2$,1.8366666666666858,0.747060351544454,0.00675891541403493,0.5004468066798217,0.635167704143796
hyperlogistic,$(1-n)^2$,1.8383333333333374,0.748498403897688,0.006759897867812465,0.5033376388336086,0.637562808529865
hyperlogistic,$(1-n)^2$,1.839999999999989,0.7499184311189216,0.006762378407112682,0.5062177085054347,0.63993736571664
hyperlogistic,$(1-n)^2$,1.8416666666666799,0.7513206097057588,0.0067663530358228405,0.5090868081826518,0.642291431232694
hyperlogistic,$(1-n)^2$,1.8433333333333315,0.7527051128978842,0.006771818631025854,0.5119447359740691,0.6446250631444421
hyperlogistic,$(1-n)^2$,1.844999999999983,0.7540721106701018,0.006778772935802943,0.5147912955434362,0.6469383219331296
hyperlogistic,$(1-n)^2$,1.8466666666666742,0.7554217697260923,0.006787214552753112,0.5176262960411532,0.6492312703738022
hyperlogistic,$(1-n)^2$,1.8483333333333258,0.7567542534930851,0.0067971429382193225,0.520449552034943,0.6515039734167352
hyperlogistic,$(1-n)^2$,1.8500000000000167,0.7580697221176964,0.006808558397215225,0.5232608834400915,0.6537564980718146
hyperlogistic,$(1-n)^2$,1.8516666666666683,0.7593683324620162,0.006821462079038776,0.526060115447762,0.655988913294493
hyperlogistic,$(1-n)^2$,1.85333333333332,0.7606502381008016,0.0068358559735710415,0.5288470784534638,0.658201289874896
hyperlogistic,$(1-n)^2$,1.8550000000000109,0.7619155893189219,0.006851742908246888,0.5316216079840105,0.660393700328699
hyperlogistic,$(1-n)^2$,1.8566666666666625,0.7631645331092896,0.0068691265456925716,0.5343835446237309,0.662566218790286
hyperlogistic,$(1-n)^2$,1.858333333333314,0.7643972131714474,0.006888011382028109,0.5371327339406218,0.6647189209086006
hyperlogistic,$(1-n)^2$,1.8600000000000052,0.7656137699102034,0.006908402745821353,0.5398690264113011,0.6668518837447197
hyperlogistic,$(1-n)^2$,1.8616666666666566,0.7668143404345442,0.006930306797691516,0.542592277345329,0.6689651856715899
hyperlogistic,$(1-n)^2$,1.8633333333333477,0.767999058556994,0.006953730530563299,0.545302346809755,0.6710589062763723
hyperlogistic,$(1-n)^2$,1.8649999999999993,0.7691680547926678,0.006978681770554258,0.5479990995522179,0.6731331262641017
hyperlogistic,$(1-n)^2$,1.866666666666651,0.7703214563588056,0.00700516917850744,0.5506824049246055,0.6751879273641246
hyperlogistic,$(1-n)^2$,1.8683333333333418,0.7714593871740139,0.007033202252153125,0.5533521368057316,0.6772233922380196
hyperlogistic,$(1-n)^2$,1.8699999999999934,0.772581967857438,0.007062791328901583,0.5560081735237629,0.6792396043894606
hyperlogistic,$(1-n)^2$,1.8716666666666846,0.7736893157280932,0.007093947589271492,0.5586503977789772,0.6812366480764632
hyperlogistic,$(1-n)^2$,1.8733333333333362,0.7747815448036157,0.007126683060936226,0.5612786965653889,0.6832146082247652
hyperlogistic,$(1-n)^2$,1.8749999999999876,0.7758587657991802,0.007161010623407312,0.5638929610931803,0.6851735703437262
hyperlogistic,$(1-n)^2$,1.8766666666666787,0.7769210861258818,0.007196944013336396,0.5664930867103657,0.687113620443521
hyperlogistic,$(1-n)^2$,1.8783333333333303,0.7779686098888048,0.007234497830442197,0.5690789728243794,0.6890348449540655
hyperlogistic,$(1-n)^2$,1.879999999999982,0.779001437884944,0.0072736875440715,0.5716505228241943,0.6909373306460272
hyperlogistic,$(1-n)^2$,1.8816666666666728,0.7800196676004858,0.007314529500379093,0.5742076440018908,0.6928211645530501
hyperlogistic,$(1-n)^2$,1.8833333333333244,0.7810233932076567,0.0073570409301343615,0.5767502474742139,0.694686433895593
hyperlogistic,$(1-n)^2$,1.8850000000000156,0.7820127055613064,0.007401239957168091,0.5792782481048453,0.696533226006743
hyperlogistic,$(1-n)^2$,1.8866666666666672,0.7829876921946085,0.007447145607435566,0.5817915644258481,0.6983616282588705
hyperlogistic,$(1-n)^2$,1.8883333333333185,0.7839484373145521,0.007494777818729018,0.5842901185601292,0.7001717279924087
hyperlogistic,$(1-n)^2$,1.8900000000000097,0.784895021796595,0.007544157451017292,0.586773836143456,0.7019636124456055
hyperlogistic,$(1-n)^2$,1.8916666666666613,0.7858275231786834,0.007595306297425788,0.5892426462466755,0.7037373686856492
hyperlogistic,$(1-n)^2$,1.8933333333333522,0.7867460156548342,0.007648247095872082,0.5916964812986989,0.7054930835415532
hyperlogistic,$(1-n)^2$,1.8950000000000038,0.7876505700676841,0.007703003541333017,0.5941352770088375,0.7072308435376952
hyperlogistic,$(1-n)^2$,1.8966666666666554,0.7885412539006393,0.007759600298783904,0.5965589722902769,0.7089507348292209
hyperlogistic,$(1-n)^2$,1.8983333333333465,0.7894181312690505,0.007818063016784048,0.5989675091832247,0.7106528431382375
hyperlogistic,$(1-n)^2$,1.8999999999999981,0.7902812629106121,0.007878418341725955,0.6013608327783525,0.7123372536911744
hyperlogistic,$(1-n)^2$,1.9016666666666495,0.7911307061751355,0.007940693932768106,0.603738891141063,0.7140040511576198
hyperlogistic,$(1-n)^2$,1.9033333333333406,0.7919665150132961,0.008004918477432288,0.6061016352355728,0.7156533195898662
hyperlogistic,$(1-n)^2$,1.9049999999999923,0.7927887399645362,0.008071121707883148,0.608449018849316,0.7172851423635117
hyperlogistic,$(1-n)^2$,1.9066666666666832,0.7935974281442737,0.00813933441791542,0.610780998518283,0.7188996021194324
hyperlogistic,$(1-n)^2$,1.9083333333333348,0.7943926232299161,0.008209588480616028,0.6130975334518813,0.720496780706133
hyperlogistic,$(1-n)^2$,1.9099999999999864,0.795174365446241,0.008281916866756613,0.6153985854590048,0.7220767591235923
hyperlogistic,$(1-n)^2$,1.9116666666666775,0.7959426915496378,0.008356353663885686,0.6176841188739405,0.7236396174675991
hyperlogistic,$(1-n)^2$,1.913333333333329,0.7966976348113877,0.008432934096144373,0.6199541004826867,0.7251854348749278
hyperlogistic,$(1-n)^2$,1.9149999999999805,0.7974392250001276,0.008511694544830585,0.6222084994501587,0.7267142894696502
hyperlogistic,$(1-n)^2$,1.9166666666666716,0.7981674883631485,0.008592672569691026,0.6244472872473222,0.7282262583098719
hyperlogistic,$(1-n)^2$,1.9183333333333232,0.7988824476066811,0.008675906930965243,0.6266704375787626,0.7297214173351957
hyperlogistic,$(1-n)^2$,1.9200000000000141,0.7995841218753224,0.008761437612212113,0.6288779263112066,0.7311998413152291
hyperlogistic,$(1-n)^2$,1.9216666666666657,0.8002725267301607,0.008849305843880885,0.631069731401688,0.7326616037982078
hyperlogistic,$(1-n)^2$,1.9233333333333174,0.8009476741260925,0.00893955412769741,0.633245832826941,0.7341067770607611
hyperlogistic,$(1-n)^2$,1.9250000000000085,0.8016095723878979,0.009032226261826681,0.6354062125127118,0.7355354320578994
hyperlogistic,$(1-n)^2$,1.9266666666666599,0.8022582261852421,0.00912736736684167,0.6375508542635161,0.7369476383735557
hyperlogistic,$(1-n)^2$,1.928333333333351,0.8028936365067326,0.009225023912535803,0.6396797436933584,0.7383434641719664
hyperlogistic,$(1-n)^2$,1.9300000000000026,0.803515800632641,0.009325243745533816,0.6417928681561303,0.7397229761490232
hyperlogistic,$(1-n)^2$,1.9316666666666542,0.8041247121067429,0.009428076117781951,0.6438902166772184,0.7410862394845636
hyperlogistic,$(1-n)^2$,1.9333333333333451,0.8047203607068825,0.009533571715873953,0.6459717798850529,0.7424333177947363
hyperlogistic,$(1-n)^2$,1.9349999999999967,0.8053027324144149,0.009641782691247835,0.6480375499431064,0.7437642730847459
hyperlogistic,$(1-n)^2$,1.9366666666666483,0.8058718093826437,0.009752762691289772,0.6500875204827787,0.7450791657022254
hyperlogistic,$(1-n)^2$,1.9383333333333395,0.8064275699039922,0.00986656689131551,0.652121686536282,0.7463780542906302
hyperlogistic,$(1-n)^2$,1.9399999999999908,0.8069699883760391,0.009983252027463857,0.6541400444699639,0.7476609957429196
hyperlogistic,$(1-n)^2$,1.941666666666682,0.8074990352665423,0.01010287643054502,0.6561425919185491,0.7489280451557919
hyperlogistic,$(1-n)^2$,1.9433333333333336,0.808014677077127,0.010225500060790161,0.6581293277190928,0.7501792557836805
hyperlogistic,$(1-n)^2$,1.9449999999999852,0.8085168763060211,0.010351184543600206,0.660100251846073,0.7514146789933973
hyperlogistic,$(1-n)^2$,1.946666666666676,0.8090055914095228,0.010479993206238826,0.6620553653464212,0.752634364218638
hyperlogistic,$(1-n)^2$,1.9483333333333277,0.8094807767623423,0.010611991115511069,0.6639946702749866,0.7538383589146216
hyperlogistic,$(1-n)^2$,1.9500000000000188,0.809942382616921,0.01074724511647696,0.6659181696308585,0.7550267085131309
hyperlogistic,$(1-n)^2$,1.9516666666666702,0.8103903550614581,0.010885823872136411,0.667825867293401,0.7561994563772046
hyperlogistic,$(1-n)^2$,1.9533333333333218,0.810824635976989,0.011027797904195854,0.6697177679593739,0.7573566437563073
hyperlogistic,$(1-n)^2$,1.955000000000013,0.8112451629932461,0.011173239634853695,0.6715938770799823,0.7584983097412475
hyperlogistic,$(1-n)^2$,1.9566666666666646,0.8116518694434307,0.011322223429650478,0.673454200798302,0.7596244912191179
hyperlogistic,$(1-n)^2$,1.9583333333333162,0.8120446843179941,0.01147482564143175,0.6752987458874844,0.7607352228284516
hyperlogistic,$(1-n)^2$,1.960000000000007,0.8124235322172663,0.011631124655379209,0.6771275196889236,0.7618305369140945
hyperlogistic,$(1-n)^2$,1.9616666666666587,0.81278833330304,0.01179120093515414,0.6789405300507745,0.7629104634820328
hyperlogistic,$(1-n)^2$,1.9633333333333498,0.8131390032492212,0.011955137070208694,0.6807377852672517,0.7639750301543909
hyperlogistic,$(1-n)^2$,1.9650000000000012,0.8134754531913441,0.01212301782418708,0.6825192940176233,0.7650242621239375
hyperlogistic,$(1-n)^2$,1.9666666666666528,0.813797589675237,0.012294930184546204,0.684285065306165,0.7660581821088637
hyperlogistic,$(1-n)^2$,1.968333333333344,0.8141053146046511,0.012470963413315724,0.6860351084019952,0.7670768103071749
hyperlogistic,$(1-n)^2$,1.9699999999999955,0.8143985251879815,0.012651209099049661,0.6877694327792475,0.7680801643509099
hyperlogistic,$(1-n)^2$,1.9716666666666864,0.8146771138841672,0.01283576121003006,0.6894880480579293,0.7690682592604513
hyperlogistic,$(1-n)^2$,1.973333333333338,0.8149409683476381,0.013024716148630372,0.6911909639444548,0.7700411073982878
hyperlogistic,$(1-n)^2$,1.9749999999999897,0.8151899713725537,0.013218172806982835,0.6928781901730745,0.7709987184229234
hyperlogistic,$(1-n)^2$,1.9766666666666808,0.8154240008362063,0.013416232623856432,0.6945497364471606,0.7719410992423403
hyperlogistic,$(1-n)^2$,1.9783333333333322,0.8156429296417049,0.013618999642800483,0.6962056123807412,0.7728682539672627
hyperlogistic,$(1-n)^2$,1.9799999999999838,0.8158466256600392,0.013826580571611808,0.6978458274406473,0.7737801838643684
hyperlogistic,$(1-n)^2$,1.981666666666675,0.8160349516714721,0.014039084843055626,0.6994703908885416,0.7746768873090532
hyperlogistic,$(1-n)^2$,1.9833333333333265,0.8162077653063741,0.014256624676891028,0.7010793117231626,0.7755583597379708
hyperlogistic,$(1-n)^2$,1.9850000000000174,0.8163649189855993,0.01447931514326702,0.7026725986231767,0.7764245936015164
hyperlogistic,$(1-n)^2$,1.986666666666669,0.8165062598603651,0.014707274227372637,0.7042502598896648,0.7772755783157256
hyperlogistic,$(1-n)^2$,1.9883333333333206,0.8166316297518226,0.014940622895505856,0.7058123033893675,0.7781113002142382
hyperlogistic,$(1-n)^2$,1.9900000000000118,0.8167408650902913,0.015179485162441105,0.7073587364977211,0.7789317424998036
hyperlogistic,$(1-n)^2$,1.9916666666666631,0.8168337968542996,0.015423988160153817,0.7088895660421112,0.7797368851954809
hyperlogistic,$(1-n)^2$,1.9933333333333147,0.8169102505095062,0.01567426220796448,0.7104047982455907,0.7805267050957939
hyperlogistic,$(1-n)^2$,1.9950000000000059,0.816970045947561,0.015930440884005283,0.7119044386704299,0.781301175717442
hyperlogistic,$(1-n)^2$,1.9966666666666575,0.8170129974250286,0.016192661098064304,0.7133884921618295,0.7820602672497494
hyperlogistic,$(1-n)^2$,1.9983333333333484,0.8170389135024786,0.016461063165874538,0.7148569627921283,0.782803946505054
hyperlogistic,$(1-n)^2$,2.0,0.8170475969838102,0.016735790884696428,0.7163098538045906,0.7835321768686184
