time_days,phase,N,P,Q,R
0.0,0.0,65.3630272495155,0.6767818669056092,51.244452169460786,60.21375357290569
0.05458476841883228,0.00033344448149383126,65.36281530947815,0.6779387119664787,51.33239327880942,60.26409809185813
0.10916953683766456,0.0006668889629876625,65.36218082743399,0.6791007874481373,51.419964369624104,60.31394624217751
0.16375430525649684,0.0010003334444814939,65.36112580082819,0.6802680996962543,51.50716421013342,60.36329875546884
0.21833907367532912,0.001333777925975325,65.35965221417362,0.6814406550261844,51.59399158782267,60.412156375650184
0.27292384209416143,0.0016672224074691564,65.35776203898357,0.6826184597228011,51.68044530936479,60.46051985870548
0.3275086105129937,0.0020006668889629878,65.35545723370846,0.6838015200403285,51.766524200549476,60.50838997243917
0.38209337893182593,0.0023341113704568187,65.35273974367689,0.6849898422021712,51.85222710621068,60.5557674962326
0.43667814735065824,0.00266755585195065,65.34961150104046,0.6861834324007418,51.93755289015241,60.602653220802274
0.49126291576949055,0.0030010003334444814,65.34607442472269,0.6873822967972851,52.02250043507292,60.64904794795996
0.5458476841883229,0.003334444814938313,65.34213042037179,0.688586441521702,52.10706864248725,60.69495249037462
0.600432452607155,0.0036678892964321437,65.33778138031714,0.6897958726723693,52.191256432648295,60.740367671336244
0.6550172210259874,0.0040013337779259755,65.33302918352959,0.6910105963159584,52.275062744466275,60.78529432452161
0.7096019894448197,0.004334778259419807,65.32787569558535,0.6922306184872508,52.35848653542673,60.829733293761926
0.7641867578636519,0.004668222740913637,65.32232276863344,0.693455945188952,52.44152678150705,60.87368543281243
0.8187715262824842,0.005001667222407469,65.31637224136671,0.6946865823915029,52.524182477091614,60.91715160512394
0.8733562947013165,0.0053351117039013,65.3100259389962,0.695922536032888,52.606452634885486,60.96013268361635
0.9279410631201488,0.0056685561853951315,65.30328567322894,0.697163812018443,52.68833628582677,61.002629550454174
0.9825258315389811,0.006002000666888963,65.29615324224898,0.698410416220658,52.76983247899765,61.044643096823954
1.0371105999578134,0.006335445148382794,65.2886304307017,0.6996623544789798,52.8509402815341,61.08617422271383
1.0916953683766457,0.006668889629876626,65.28071900968122,0.7009196325996114,52.93165877853439,61.12722383669501
1.1462801367954778,0.007002334111370456,65.27242073672087,0.7021822563553085,53.01198707296627,61.16779285570533
1.20086490521431,0.0073357785928642874,65.26373735578684,0.7034502314851743,53.09192428557307,61.2078822048348
1.2554496736331424,0.007669223074358119,65.25467059727451,0.7047235636944515,53.17146955477849,61.2474928171133
1.3100344420519747,0.008002667555851951,65.24522217800796,0.7060022586543124,53.25062203659042,61.28662563330016
1.364619210470807,0.008336112037345782,65.23539380124207,0.7072863220016455,53.32938090450351,61.32528160167602
1.4192039788896393,0.008669556518839614,65.2251871566675,0.7085757593388408,53.40774534940074,61.36346167783654
1.4737887473084716,0.009003001000333445,65.21460392041837,0.7098705762335712,53.48571457945393,61.4011668244884
1.5283735157273037,0.009336445481827275,65.20364575508246,0.7111707782185738,53.56328782002326,61.43839801124718
1.582958284146136,0.009669889963321106,65.19231430971413,0.7124763707914256,53.64046431355574,61.47515621443749
1.6375430525649683,0.010003334444814937,65.18061121984965,0.7137873594143193,53.71724331948282,61.51144241689513
1.6921278209838007,0.010336778926308769,65.16853810752502,0.7151037495138352,53.793624114117,61.54725760777129
1.746712589402633,0.0106702234078026,65.15609658129615,0.7164255464807112,53.869605990547605,61.582602782338995
1.8012973578214653,0.011003667889296432,65.14328823626141,0.71775275566961,53.94518825853563,61.617478941801465
1.8558821262402976,0.011337112370790263,65.13011465408648,0.7190853823988836,54.02037024440786,61.65188709310275
1.9104668946591299,0.011670556852284094,65.11657740303129,0.7204234319503356,54.09515129095001,61.685828248740364
1.9650516630779622,0.012004001333777926,65.1026780379793,0.7217669095689812,54.1695307572993,61.71930342658009
2.0196364314967945,0.012337445815271757,65.08841810046877,0.7231158204628035,54.243508018836096,61.75231364967281
2.074221199915627,0.012670890296765588,65.0737991187261,0.7244701698025092,54.31708246707494,61.78485994607353
2.128805968334459,0.01300433477825942,65.05882260770123,0.7258299627212794,54.39025350955485,61.81694334866249
2.1833907367532914,0.013337779259753251,65.0434900691049,0.7271952043145197,54.46302056972895,61.84856489496833
2.2379755051721233,0.01367122374124708,65.02780299144789,0.7285658996396065,54.53538308685345,61.87972562699336
2.2925602735909556,0.014004668222740912,65.01176285008201,0.7299420537156323,54.60734051587606,61.91042659104107
2.347145042009788,0.014338112704234744,64.99537110724305,0.7313236715231457,54.67889232732378,61.9406688375455
2.40172981042862,0.014671557185728575,64.97862921209524,0.7327107580038923,54.75003800719013,61.97045342090293
2.4563145788474525,0.015005001667222406,64.96153860077764,0.7341033180605496,54.82077705682184,61.999781399305505
2.510899347266285,0.015338446148716238,64.94410069645204,0.7355013565564622,54.89110899280509,62.02865383457705
2.565484115685117,0.01567189063021007,64.92631690935242,0.7369048783153721,54.961033346851174,62.05707179201089
2.6200688841039494,0.016005335111703902,64.90818863683621,0.7383138881211477,55.03054966568181,62.08503634020978
2.6746536525227818,0.01633877959319773,64.88971726343674,0.7397283907175102,55.0996575109139,62.112548550927954
2.729238420941614,0.016672224074691565,64.87090416091736,0.7411483908077567,55.16835645894399,62.13960949891513
2.7838231893604464,0.017005668556185394,64.851750688327,0.7425738930544811,55.23664610083228,62.16622026176267
2.8384079577792787,0.017339113037679228,64.83225819205695,0.7440049020792924,55.30452604218632,62.19238191975179
2.892992726198111,0.017672557519173057,64.81242800589911,0.7454414224625303,55.37199590304428,62.21809555570373
2.9475774946169433,0.01800600200066689,64.79226145110547,0.7468834587429783,55.43905531775806,62.243362254832064
3.0021622630357756,0.01833944648216072,64.77175983644891,0.748331015417574,55.50570393487593,62.268183104597014
3.0567470314546075,0.01867289096365455,64.75092445828514,0.7497840969411166,55.57194141702505,62.29255919456173
3.1113317998734398,0.01900633544514838,64.72975660061586,0.7512427077259726,55.63776744079366,62.31649161625068
3.165916568292272,0.019339779926642212,64.70825753515301,0.7527068521417777,55.70318169661306,62.339981463009956
3.2205013367111044,0.019673224408136045,64.6864285213842,0.7541765345151372,55.76818388863943,62.363029829869674
3.2750861051299367,0.020006668889629875,64.66427080663914,0.755651759129323,55.83277373463541,62.385637813408266
3.329670873548769,0.020340113371123708,64.64178562615706,0.7571325302239681,55.89695096585157,62.407806511618844
3.3842556419676013,0.020673557852617538,64.61897420315522,0.7586188519947588,55.96071532690771,62.42953702377745
3.4388404103864336,0.02100700233411137,64.59583774889833,0.7601107285931241,56.02406657567405,62.45083045031336
3.493425178805266,0.0213404468156052,64.57237746276878,0.7616081641259225,56.08700448315234,62.47168789268125
3.5480099472240982,0.021673891297099034,64.54859453233799,0.7631111626551258,56.149528833356875,62.492110453235355
3.6025947156429305,0.022007335778592863,64.52449013343836,0.7646197281975011,56.21163942319545,62.51209923510556
3.657179484061763,0.022340780260086696,64.50006543023622,0.766133864724289,56.273336062350275,62.53165534207538
3.711764252480595,0.022674224741580526,64.4753215753055,0.7676535761608808,56.33461857315891,62.55077987846189
3.7663490208994275,0.02300766922307436,64.45025970970212,0.7691788663864912,56.395486790495134,62.569473948997505
3.8209337893182598,0.02334111370456819,64.42488096303921,0.77070973923383,56.45594056164988,62.587738658713704
3.875518557737092,0.023674558186062022,64.39918645356295,0.7722461984887702,56.5159797462122,62.60557511282658
3.9301033261559244,0.02400800266755585,64.37317728822904,0.7737882478900135,56.57560421595028,62.62298441662426
3.9846880945747563,0.02434144714904968,64.34685456277995,0.7753358911287545,56.634813854692474,62.639967675356225
4.039272862993589,0.024674891630543514,64.32021936182264,0.77688913184834,56.69360855820856,62.6565259941244
4.093857631412421,0.025008336112037344,64.29327275890695,0.7784479736439279,56.75198823409095,62.67266047777613
4.148442399831254,0.025341780593531177,64.2660158166045,0.7800124200621424,56.80995280163614,62.68837223079894
4.2030271682500855,0.025675225075025006,64.23844958658817,0.7815824746007263,56.86750219172621,62.703662357217105
4.257611936668918,0.02600866955651884,64.21057510971204,0.7831581407081916,56.92463634671054,62.718531960490004
4.31219670508775,0.02634211403801267,64.18239341609184,0.784739421783467,56.981355220287696,62.732982143412286
4.366781473506583,0.026675558519506502,64.15390552518582,0.786326321175543,57.03765877738746,62.74701400801573
4.421366241925415,0.027009003001000332,64.12511244587614,0.7879188421831141,57.0935469940531,62.760628655472956
4.475951010344247,0.02734244748249416,64.09601517655058,0.789516988054219,57.14901985732384,62.77382718600277
4.530535778763079,0.027675891963987995,64.06661470518466,0.7911207619858771,57.204077365117605,62.78661069877733
4.585120547181911,0.028009336445481824,64.03691200942417,0.7927301671237242,57.2587195261139,62.79898029183094
4.639705315600744,0.028342780926975657,64.00690805666795,0.7943452065616439,57.312946359637124,62.81093706197062
4.694290084019576,0.028676225408469487,63.97660380415118,0.7959658833413975,57.366757895539976,62.822482104688305
4.748874852438409,0.02900966988996332,63.946000199028695,0.7975922004522509,57.4201541740873,62.83361651407474
4.80345962085724,0.02934311437145715,63.915098178458834,0.7992241608305991,57.47313524584014,62.84434138273507
4.858044389276073,0.029676558852950983,63.88389866968744,0.8008617673595883,57.52570117154014,62.854657801705955
4.912629157694905,0.030010003334444812,63.85240259013209,0.8025050228687347,57.577852021994296,62.864566860374495
4.967213926113738,0.030343447815938646,63.820610847466604,0.8041539301335426,57.629587877959985,62.87406964639864
5.02179869453257,0.030676892297432475,63.788524339705724,0.8058084918751172,57.68090883003043,62.88316724562921
5.076383462951402,0.03101033677892631,63.75614395529001,0.8074687107597776,57.731814978520475,62.89186074203361
5.130968231370234,0.03134378126042014,63.723470573170864,0.8091345893986654,57.782306433352744,62.90015121762098
5.185552999789067,0.03167722574191397,63.690505062895795,0.8108061303473525,57.83238331394422,62.90803975236906
5.240137768207899,0.032010670223407804,63.6572482846937,0.812483336105444,57.88204574909317,62.91552742415245
5.294722536626731,0.03234411470490163,63.62370108956039,0.8141662091161812,57.93129387686656,62.92261530867253
5.3493073050455635,0.03267755918639546,63.589864319344166,0.8158547517660406,57.980127844487804,62.92930447938884
5.403892073464395,0.03301100366788929,63.55573880683147,0.8175489663843306,58.02854780822502,62.93559600745197
5.458476841883228,0.03334444814938313,63.52132537583267,0.8192488552427863,58.076553933279705,62.94149096163797
5.51306161030206,0.033677892630876956,63.48662484126787,0.8209544205551612,58.12414639367583,62.946990408284236
5.567646378720893,0.03401133711237079,63.451638009252775,0.8226656644768169,58.171325372149454,62.95209541122682
5.622231147139725,0.03434478159386462,63.416365677184615,0.8243825891043098,58.21809106003878,62.95680703173925
5.676815915558557,0.034678226075358455,63.38080863382808,0.8261051964749766,58.26444365717473,62.96112632847278
5.731400683977389,0.03501167055685228,63.34496765940127,0.8278334885665156,58.31038337177193,62.96505435739797
5.785985452396222,0.035345115038346114,63.308843525661615,0.8295674672965673,58.355910420320285,62.96859217174786
5.840570220815054,0.03567855951983995,63.27243699599186,0.8313071345222912,58.401025027477054,62.97174082196236
5.895154989233887,0.03601200400133378,63.23574882548594,0.8330524920399417,58.445727425959376,62.974501355634125
5.9497397576527185,0.03634544848282761,63.19877976103489,0.8348035415844396,58.4900178564374,62.97687481745577
6.004324526071551,0.03667889296432144,63.16153054141267,0.8365602848289437,58.5338965674279,62.97886224916846
6.058909294490383,0.03701233744581527,63.12400189736191,0.8383227233844177,58.57736381518848,62.98046468951179
6.113494062909215,0.0373457819273091,63.0861945516797,0.8400908587991965,58.62041986361227,62.981683174175046
6.168078831328048,0.03767922640880293,63.04810921930314,0.8418646925585491,58.66306498412326,62.982518735749785
6.2226635997468795,0.03801267089029676,63.009746607395,0.8436442260842396,58.70529945557212,62.98297240368364
6.277248368165712,0.0383461153717906,62.971107415429074,0.845429460734086,58.74712356413263,62.98304520423553
6.331833136584544,0.038679559853284425,62.93219233527561,0.8472203978015161,58.788537603198705,62.98273816043203
6.386417905003377,0.03901300433477826,62.89300205128653,0.8490170385151222,58.829541873282004,62.98205229202507
6.441002673422209,0.03934644881627209,62.85353724038056,0.8508193840382124,58.87013668191007,62.98098861545085
6.4955874418410415,0.039679893297765924,62.81379857212825,0.8526274354683602,58.91032234352517,62.97954814379002
6.550172210259873,0.04001333777925975,62.7737867088368,0.8544411938369514,58.95009917938369,62.97773188672904
6.604756978678706,0.04034678226075358,62.73350230563484,0.8562606601087299,58.989467517456085,62.97554085052277
6.659341747097538,0.040680226742247416,62.69294601055696,0.8580858351813396,59.02842769232758,62.97297603795826
6.713926515516371,0.04101367122374125,62.65211846462812,0.8599167198848658,59.06698004509938,62.9700384483197
6.768511283935203,0.041347115705235075,62.611020301947946,0.8617533149813725,59.10512492329053,62.96672907735453
6.823096052354035,0.04168056018672891,62.569652149774775,0.8635956211644397,59.14286268074047,62.96304891724075
6.877680820772867,0.04201400466822274,62.5280146286096,0.8654436390586963,59.18019367751215,62.95899895655534
6.9322655891917,0.042347449149716575,62.486108352279764,0.867297369219353,59.21711827979585,62.954580180243795
6.986850357610532,0.0426808936312104,62.44393392802253,0.869156812131731,59.2536368598136,62.94979356959078
7.041435126029364,0.04301433811270423,62.40149195656841,0.8710219682107904,59.28974979572429,62.94464010219193
7.0960198944481965,0.04334778259419807,62.35878303222431,0.8728928378006549,59.325457471529404,62.9391207519267
7.150604662867028,0.04368122707569189,62.315807742956515,0.8747694211741356,59.36076027697947,62.93323648893227
7.205189431285861,0.044014671557185726,62.27256667047339,0.8766517185322521,59.39565860748109,62.92698827957859
7.259774199704693,0.04434811603867956,62.229060390307914,0.8785397300037515,59.43015286400473,62.9203770864444
7.314358968123526,0.04468156052017339,62.18528947190002,0.8804334556446257,59.46424345299313,62.91340386829433
7.368943736542358,0.04501500500166722,62.14125447867866,0.8823328954376267,59.49793078627038,62.906069580057036
7.42352850496119,0.04534844948316105,62.0969559681437,0.884238049291779,59.531215280951734,62.89837517280433
7.478113273380022,0.045681893964654885,62.052394491947524,0.8861489170418911,59.56409735935404,62.890321593731294
7.532698041798855,0.04601533844614872,62.007570595976475,0.8880654984480648,59.596577448906885,62.881909786137435
7.587282810217687,0.046348782927642544,61.96248482043201,0.8899877931952014,59.62865598206448,62.8731406894088
7.6418675786365196,0.04668222740913638,61.91713769991164,0.8919158008925074,59.66033339621813,62.86401523900105
7.696452347055351,0.04701567189063021,61.87152976348965,0.893849521072998,59.69161013360946,62.85453436642345
7.751037115474184,0.047349116372124044,61.82566153479748,0.8957889531929975,59.72248664124438,62.84469899922393
7.805621883893016,0.04768256085361787,61.77953353210404,0.8977340966316392,59.75296337080768,62.8345100609749
7.860206652311849,0.0480160053351117,61.733146268395544,0.8996849506903625,59.783040778578304,62.823968471260166
7.914791420730681,0.048349449816605536,61.68650025145531,0.9016415145924089,59.81271932534546,62.813075145662594
7.9693761891495125,0.04868289429809936,61.639595983943124,0.9036037874823155,59.84199947632529,62.80183099575281
8.023960957568345,0.049016338779593195,61.59243396347453,0.9055717684254068,59.87088170107831,62.79023692907867
8.078545725987178,0.04934978326108703,61.54501468269967,0.9075454564072847,59.89936647342756,62.77829384915569
8.133130494406009,0.049683227742580854,61.49733862938206,0.909524850333317,59.9274542713775,62.76600265545831
8.187715262824842,0.05001667222407469,61.44940628647687,0.911509949028124,59.95514557703351,62.753364243412
8.242300031243674,0.05035011670556852,61.40121813220924,0.9135007512350628,59.98244087652222,62.740379504386226
8.296884799662507,0.050683561187062354,61.352774640152006,0.9154972556157106,60.009340659912496,62.72704932568822
8.351469568081338,0.05101700566855618,61.30407627930346,0.9174994607493461,60.03584542113714,62.71337459055763
8.406054336500171,0.05135045015005001,61.255123514164616,0.9195073651324288,60.061955657915334,62.699356178161906
8.460639104919004,0.051683894631543846,61.20591680481632,0.9215209671780771,60.08767187167579,62.68499496359255
8.515223873337836,0.05201733911303768,61.15645660699609,0.9235402652155443,60.112994567480584,62.67029181786209
8.569808641756667,0.052350783594531505,61.10674337217464,0.9255652574896939,60.13792425394978,62.65524760790193
8.6243934101755,0.05268422807602534,61.0567775476322,0.9275959421604716,60.1624614431867,62.63986319656083
8.678978178594333,0.05301767255751917,61.00655957653446,0.9296323173023776,60.186606650703986,62.62413944260431
8.733562947013166,0.053351117039013005,60.95608989800835,0.9316743809039362,60.21036039535029,62.60807720071463
8.788147715431997,0.05368456152050683,60.90536894721753,0.9337221308671635,60.2337231992378,62.59167732149166
8.84273248385083,0.054018006002000664,60.854397155437525,0.9357755650070353,60.25669558767036,62.574940651454384
8.897317252269662,0.0543514504834945,60.803174950130675,0.9378346810509515,60.27927808907243,62.55786803304315
8.951902020688493,0.05468489496498832,60.7517027550208,0.9398994766382001,60.30147123491869,62.540460304622655
9.006486789107326,0.055018339446482156,60.69998099016755,0.9419699493194198,60.323275559664374,62.52271830048557
9.061071557526159,0.05535178392797599,60.64801007204054,0.9440460965560608,60.34469160067636,62.50464285085692
9.115656325944991,0.05568522840946982,60.59579041359314,0.9461279157198437,60.36571989816495,62.4862347818991
9.170241094363822,0.05601867289096365,60.543322424336075,0.9482154040922188,60.386360995116355,62.46749491571758
9.224825862782655,0.05635211737245748,60.4906065104107,0.9503085588638222,60.40661543722596,62.448424070367274
9.279410631201488,0.056685561853951315,60.437643074662006,0.9524073771339308,60.42648377283222,62.42902305985957
9.33399539962032,0.05701900633544515,60.38443251671138,0.954511855909917,60.44596655285136,62.40929269416994
9.388580168039152,0.057352450816938974,60.33097523302908,0.9566219921067016,60.465064330712735,62.389233779246325
9.443164936457984,0.05768589529843281,60.27727161700643,0.9587377825462053,60.48377766229493,62.36884711701797
9.497749704876817,0.05801933977992664,60.22332205902776,0.9608592239567985,60.50210710586256,62.34813350540501
9.55233447329565,0.05835278426142047,60.16912694654209,0.962986312972751,60.52005322200378,62.327093738328614
9.60691924171448,0.0586862287429143,60.1146866641345,0.9651190461336798,60.53761657356858,62.30572860572173
9.661504010133314,0.05901967322440813,60.060001593597285,0.9672574198839962,60.554797725607656,62.28403889354043
9.716088778552146,0.059353117705901966,60.00507211400079,0.9694014305723506,60.57159724531212,62.262025383775836
9.770673546970977,0.05968656218739579,59.949898601764055,0.9715510744510781,60.58801570195384,62.23968885446659
9.82525831538981,0.060020006668889625,59.8944814307251,0.9737063476756415,60.60405366682655,62.217030079711975
9.879843083808643,0.06035345115038346,59.83882097221104,0.9758672463040735,60.61971171318758,62.19404982968549
9.934427852227476,0.06068689563187729,59.78291759510784,0.9780337662964187,60.634990416200395,62.17074887064904
9.989012620646307,0.06102034011337112,59.72677166592993,0.9802059035141737,60.649890352877755,62.14712796496768
10.04359738906514,0.06135378459486495,59.67038354888941,0.9823836537197269,60.664412102025615,62.12318787112482
10.098182157483972,0.061687229076358784,59.613753605965144,0.9845670125757965,60.67855624418774,62.09892934373804
10.152766925902805,0.06202067355785262,59.55688219697148,0.9867559756448686,60.692323361590944,62.07435313357539
10.207351694321636,0.06235411803934644,59.49976967962678,0.9889505383886341,60.705714038091145,62.04945998757217
10.261936462740469,0.06268756252084028,59.44241640962167,0.9911506961674243,60.71872885911999,62.024250648848266
10.316521231159301,0.06302100700233411,59.38482274068703,0.9933564442396464,60.73136841163228,61.99872585672597
10.371105999578134,0.06335445148382794,59.326989024661735,0.9955677777612174,60.743633284054,61.97288634674827
10.425690767996965,0.06368789596532178,59.26891561156017,0.997784691784998,60.75552406623109,61.94673285069762
10.480275536415798,0.06402134044681561,59.21060284963943,1.0000071812602258,60.76704134937889,61.92026609661522
10.53486030483463,0.06435478492830944,59.15205108546634,1.0022352410319468,60.778185726032284,61.89348680882074
10.589445073253462,0.06468822940980326,59.0932606639842,1.004468865840448,60.78895778999647,61.8663957079325
10.644029841672294,0.0650216738912971,59.03423192857924,1.0067080503206867,60.799358136298494,61.83899351088809
10.698614610091127,0.06535511837279093,58.9749652211469,1.008952789001723,60.8093873611394,61.811280930965495
10.75319937850996,0.06568856285428476,58.91546088215784,1.0112030763061473,60.81904606184707,61.78325867780462
10.80778414692879,0.06602200733577858,58.85571925072366,1.0134589065495117,60.828334836829754,61.75492745742921
10.862368915347623,0.06635545181727243,58.79574066466246,1.0157202739397573,60.83725428553028,61.726287972269304
10.916953683766456,0.06668889629876626,58.735525460564084,1.0179871725766434,60.84580500838086,61.69734092118398
10.971538452185289,0.06702234078026009,58.67507397385519,1.0202595964511745,60.853987606758665,61.66808699948462
11.02612322060412,0.06735578526175391,58.61438653886403,1.022537539445029,60.86180268294201,61.638526898958524
11.080707989022953,0.06768922974324774,58.55346348888501,1.0248209953299854,60.86925084006718,61.60866130789295
11.135292757441785,0.06802267422474158,58.492305156243035,1.0271099577673495,60.876332682085966,61.578490911099536
11.189877525860618,0.06835611870623541,58.43091187235759,1.0294044203073813,60.88304881372381,61.54801638993912
11.24446229427945,0.06868956318772924,58.36928396780662,1.0317043763887208,60.88939984043863,61.51723842234695
11.299047062698282,0.06902300766922308,58.307421772390164,1.0340098193378142,60.895386368380315,61.48615768285822
11.353631831117115,0.06935645215071691,58.24532561519374,1.0363207423683407,60.90100900435082,61.45477484263409
11.408216599535946,0.06968989663221073,58.18299582465154,1.0386371385806366,60.906268355764915,61.42309056948792
11.462801367954778,0.07002334111370456,58.12043272860937,1.0409590009611231,60.911165030611635,61.39110552791198
11.517386136373611,0.0703567855951984,58.057636654387395,1.0432863223817308,60.9156996374163,61.3588203791045
11.571970904792444,0.07069023007669223,57.994607928842605,1.0456190955993245,60.9198727852032,61.32623578099699
11.626555673211275,0.07102367455818605,57.93134687843114,1.047957313255131,60.9236850834589,61.29335238828198
11.681140441630108,0.0713571190396799,57.86785382927032,1.0503009678741633,60.92713714209623,61.2601708524411
11.73572521004894,0.07169056352117373,57.804129107200474,1.0526500518646467,60.93022957141882,61.226691821773414
11.790309978467773,0.07202400800266756,57.740173037846624,1.055004557517445,60.93296298208634,61.19291594142417
11.844894746886604,0.07235745248416138,57.6759859466798,1.0573644770054862,60.935337985080274,61.15884385341379
11.899479515305437,0.07269089696565521,57.61156815907832,1.0597298023831898,60.937355191670434,61.12447619666729
11.95406428372427,0.07302434144714905,57.54692000038868,1.0621005255858922,60.93901521338196,61.08981360704384
12.008649052143102,0.07335778592864288,57.4820417959864,1.0644766384292739,60.94031866196302,61.05485671736679
12.063233820561933,0.07369123041013671,57.41693387133651,1.0668581326087878,60.941266149353105,61.01960615745393
12.117818588980766,0.07402467489163055,57.35159655205393,1.0692449996990852,60.94185828765192,60.98406255414802
12.172403357399599,0.07435811937312438,57.286030163963574,1.0716372311534452,60.94209568908885,60.94822653134764
12.22698812581843,0.0746915638546182,57.22023503316033,1.074034818303202,60.9419789659931,60.912098710038364
12.281572894237263,0.07502500833611203,57.15421148606868,1.076437752357175,60.94150873076437,60.875679708324114
12.336157662656095,0.07535845281760586,57.087959849502326,1.078846024401098,60.940685595844144,60.83897014145888
12.390742431074928,0.0756918972990997,57.02148045072341,1.0812596253970486,60.939510173687594,60.80197062187869
12.445327199493759,0.07602534178059352,56.95477361750165,1.08367854618288,60.93798307673602,60.7646817592338
12.499911967912592,0.07635878626208736,56.88783967817327,1.0861027774716523,60.936104917389926,60.72710416042123
12.554496736331425,0.0766922307435812,56.82067896169965,1.0885323098510642,60.933876307982686,60.68923842961746
12.609081504750257,0.07702567522507503,56.75329179772586,1.0909671337828861,60.931297860754704,60.65108516831147
12.663666273169088,0.07735911970656885,56.68567851663896,1.0934072396023942,60.92837018782826,60.61264497533795
12.718251041587921,0.07769256418806268,56.61783944962609,1.0958526175178052,60.92509390118285,60.57391844691083
12.772835810006754,0.07802600866955652,56.5497749287324,1.0983032576097111,60.92146961263114,60.53490617665697
12.827420578425587,0.07835945315105035,56.48148528691872,1.1007591498305163,60.91749793379546,60.49560875565014
12.882005346844418,0.07869289763254418,56.41297085811914,1.1032202840038754,60.91317947608487,60.456026772445234
12.93659011526325,0.07902634211403801,56.34423197729826,1.1056866498241311,60.90851485067279,60.41616081311269
12.991174883682083,0.07935978659553185,56.27526898050836,1.1081582368557539,60.903504668475165,60.37601146127309
13.045759652100916,0.07969323107702568,56.20608220494633,1.1106350345327836,60.89814954012924,60.335579298132096
13.100344420519747,0.0800266755585195,56.1366719890104,1.11311703215827,60.8924500759728,60.29486490251549
13.15492918893858,0.08036012004001333,56.0670386723567,1.1156042189037176,60.886406886024055,60.25386885090445
13.209513957357412,0.08069356452150717,55.997182595955614,1.1180965838085295,60.880020579961936,60.212591717471106
13.264098725776243,0.08102700900300099,55.92710410214796,1.1205941157794521,60.8732917671071,60.171034074114175
13.318683494195076,0.08136045348449483,55.85680353470094,1.1230968035900246,60.86622105640332,60.12919649049489
13.373268262613909,0.08169389796598867,55.78628123886396,1.125604635880026,60.85880905639948,60.087079534073126
13.427853031032742,0.0820273424474825,55.71553756142423,1.1281176011549254,60.85105637523211,60.044683770143635
13.482437799451573,0.08236078692897632,55.64457285076218,1.1306356877853347,60.84296362060844,60.00200976187254
13.537022567870405,0.08269423141047015,55.573387456906666,1.1331588840064604,60.83453139978989,59.95905807033403
13.591607336289238,0.08302767589196398,55.50198173159002,1.1356871779175604,60.82576031957625,59.91582925454713
13.64619210470807,0.08336112037345782,55.43035602830291,1.1382205574813984,60.81665098629022,59.87232387151277
13.700776873126902,0.08369456485495165,55.35851070234901,1.1407590105237044,60.80720400576255,59.82854247625099
13.755361641545734,0.08402800933644548,55.28644611089944,1.143302524732634,60.79741998331766,59.78448562183824
13.809946409964567,0.08436145381793932,55.21416261304712,1.14585108765823,60.78729952375977,59.74015385944495
13.8645311783834,0.08469489829943315,55.14166056986084,1.148404686711887,60.776843231359514,59.69554773837322
13.919115946802231,0.08502834278092697,55.068940344439184,1.1509633091658162,60.766051709841136,59.65066780609466
13.973700715221064,0.0853617872624208,54.99600230196426,1.153526942152516,60.75492556237005,59.60551460828837
14.028285483639896,0.08569523174391463,54.922846809755285,1.1560955726642386,60.743465391541,59.560088688879155
14.082870252058727,0.08602867622540845,54.84947423732191,1.158669187552464,60.731671799366694,59.5143905900758
14.13745502047756,0.0863621207069023,54.775884956417414,1.1612477735273745,60.719545387266855,59.4684208524095
14.192039788896393,0.08669556518839613,54.702079341091725,1.1638313171573302,60.707086756057855,59.422180014772536
14.246624557315226,0.08702900966988997,54.62805776774417,1.1664198048683485,60.69429650594274,59.375668614456906
14.301209325734057,0.08736245415138379,54.55382061517613,1.1690132229435852,60.68117523650179,59.328887187193295
14.35579409415289,0.08769589863287762,54.47936826464349,1.171611557522818,60.66772354668355,59.28183626719003
14.410378862571722,0.08802934311437145,54.40470109990887,1.1742147946019323,60.65394203479627,59.234516387172235
14.464963630990555,0.08836278759586529,54.329819507293664,1.17682292003241,60.639831298499914,59.186928078421076
14.519548399409386,0.08869623207735912,54.254723875729965,1.179435919520821,60.6253919347985,59.13907187081319
14.574133167828219,0.08902967655885295,54.17941459681219,1.1820537786283163,60.61062454003305,59.090948292860155
14.628717936247051,0.08936312104034679,54.10389206484863,1.1846764827701246,60.59552970987488,59.04255787174815
14.683302704665884,0.08969656552184062,54.02815667691273,1.1873040172150522,60.58010803931936,58.99390113337769
14.737887473084715,0.09003001000333444,53.95220883289423,1.1899363670849843,60.56436012268023,58.944978602403445
14.792472241503548,0.09036345448482827,53.87604893555006,1.1925735173543897,60.548286553584155,58.89579080227427
14.84705700992238,0.0906968989663221,53.79967739055511,1.19521545284983,60.531887924965986,58.84633825527324
14.901641778341212,0.09103034344781592,53.72309460655275,1.1978621582494686,60.51516482906422,58.7966214825578
14.956226546760044,0.09136378792930977,53.646300995205216,1.2005136180825864,60.49811785741705,58.74664100420012
15.010811315178877,0.0916972324108036,53.569296971243745,1.2031698167290976,60.480747600858784,58.69639733922737
15.06539608359771,0.09203067689229744,53.49208295251853,1.2058307384190703,60.4630546495167,58.64589100566226
15.11998085201654,0.09236412137379126,53.41465936004854,1.2084963672322493,60.445039592808364,58.59512252056356
15.174565620435374,0.09269756585528509,53.33702661807103,1.2111666870975846,60.4267030194393,58.54409240006677
15.229150388854206,0.09303101033677892,53.259185154090986,1.2138416817927595,60.40804551740118,58.49280115942486
15.283735157273039,0.09336445481827275,53.181135398930245,1.216521334943725,60.38906767397032,58.441249313049056
15.33831992569187,0.09369789929976659,53.1028777867765,1.2192056300242369,60.36977007570667,58.38943737454977
15.392904694110703,0.09403134378126042,53.02441275523208,1.2218945503553966,60.35015330845321,58.33736585677756
15.447489462529536,0.09436478826275425,52.94574074536252,1.2245880791051944,60.330217957335684,58.285035271864196
15.502074230948368,0.09469823274424809,52.86686220174494,1.2272861992880582,60.30996460676282,58.23244613126378
15.5566589993672,0.0950316772257419,52.78777757251619,1.2299888937644046,60.28939384042691,58.179598945793934
15.611243767786032,0.09536512170723574,52.708487309420825,1.232696145240195,60.2685062413048,58.126494225677064
15.665828536204865,0.09569856618872957,52.62899186785888,1.2354079362664943,60.247302391659225,58.07313248058169
15.720413304623698,0.0960320106702234,52.549291706933346,1.2381242492390345,60.22578287304066,58.01951421966385
15.774998073042529,0.09636545515171724,52.46938728949759,1.2408450663977812,60.203948266289395,57.965639951608516
15.829582841461361,0.09669889963321107,52.389279082202385,1.2435703698265064,60.18179915153812,57.911510184671116
15.884167609880194,0.0970323441147049,52.308967555542864,1.2463001414523625,60.15933610821484,57.85712542671909
15.938752378299025,0.09736578859619872,52.2284531839052,1.2490343630454632,60.13655971504616,57.802486185273494
15.993337146717858,0.09769923307769256,52.147736445613056,1.2517730162184666,60.11347055006098,57.74759296755068
16.04792191513669,0.09803267755918639,52.066817822973825,1.2545160824261636,60.09006919059455,57.692446280503965
16.10250668355552,0.09836612204068021,51.98569780232469,1.2572635429650716,60.06635621329283,57.637046630865385
16.157091451974356,0.09869956652217406,51.90437687407837,1.2600153789730304,60.04233219411734,57.581394525187505
16.211676220393187,0.09903301100366789,51.822855532768756,1.2627715714288044,60.01799770835026,57.52549046988525
16.266260988812018,0.09936645548516171,51.741134277096165,1.2655321011516896,59.99335333059993,57.469334971277696
16.320845757230853,0.09969989996665556,51.65921360997254,1.2682969488011238,59.968399634806744,57.412928535630066
16.375430525649683,0.10003334444814937,51.57709403856627,1.2710660948763026,59.9431371942493,57.35627166919557
16.430015294068518,0.10036678892964322,51.494776074346845,1.273839519715801,59.91756658155103,57.29936487825741
16.48460006248735,0.10070023341113704,51.41226023312925,1.276617203497197,59.891688368687035,57.24220866917073
16.53918483090618,0.10103367789263087,51.32954703511815,1.279399126236704,59.86550312699137,57.18480354840461
16.593769599325014,0.10136712237412471,51.24663700495178,1.2821852677888055,59.83901142716463,57.127150022584125
16.648354367743845,0.10170056685561854,51.163530671745605,1.284975607845895,59.81221383928186,57.06924859853234
16.702939136162676,0.10203401133711236,51.08022856913578,1.2877701259379235,59.78511093280085,57.01109978331237
16.75752390458151,0.1023674558186062,50.99673123532228,1.2905688014320496,59.75770327657066,56.952704084269456
16.812108673000342,0.10270090030010003,50.91303921311186,1.293371613532295,59.72999143884059,56.894062009073046
16.866693441419173,0.10303434478159385,50.82915304996064,1.296178541279208,59.7019759872694,56.83517406575884
16.921278209838007,0.10336778926308769,50.74507329801657,1.2989895635495299,59.67365748893487,56.77604076277091
16.97586297825684,0.10370123374458153,50.66080051416153,1.301804659055867,59.64503651034368,56.71666260900378
17.030447746675673,0.10403467822607536,50.57633526005318,1.3046238063463707,59.6161136174416,56.65704011384448
17.085032515094504,0.10436812270756919,50.49167810216661,1.3074469838044194,59.586889375624004,56.597173787214686
17.139617283513335,0.10470156718906301,50.40682961183559,1.3102741696483102,59.55736434974669,56.53706413961273
17.19420205193217,0.10503501167055686,50.32179036529368,1.313105341930954,59.527539104136984,56.476711682155724
17.248786820351,0.10536845615205068,50.236560943714956,1.3159404785395756,59.497414202605164,56.41611692662157
17.30337158876983,0.1057019006335445,50.15114193325452,1.3187795571954237,59.46699020845619,56.35528038549105
17.357956357188666,0.10603534511503834,50.06553392508867,1.3216225554534822,59.436267684501715,56.2942025719898
17.412541125607497,0.10636878959653218,49.97973751545484,1.3244694507021908,59.40524719307242,56.23288400013036
17.46712589402633,0.10670223407802601,49.89375330569119,1.3273202201631709,59.373929296030575,56.171325184754124
17.521710662445162,0.10703567855951984,49.80758190227593,1.3301748408909573,59.34231455478296,56.109526641573325
17.576295430863993,0.10736912304101366,49.721223916866336,1.333033289772737,59.31040353029403,56.04748888721296
17.630880199282828,0.10770256752250751,49.63467996633746,1.3358955435280941,59.27819678309936,55.985212439252656
17.68546496770166,0.10803601200400133,49.54795067282055,1.3387615787087603,59.245694873319394,55.92269781626863
17.74004973612049,0.10836945648549515,49.46103666374112,1.341631371698374,59.21289836067342,55.85994553787541
17.794634504539324,0.108702900966989,49.37393857185672,1.3445048987122445,59.1798078044939,55.79695612476772
17.849219272958155,0.10903634544848283,49.28665703529443,1.3473821357971218,59.14642376374097,55.73373009876218
17.903804041376986,0.10936978992997665,49.19919269758796,1.3502630588309772,59.11274679701727,55.67026798283905
17.95838880979582,0.1097032344114705,49.11154620771444,1.3531476435227863,59.07877746258305,55.606570301183886
18.012973578214652,0.11003667889296431,49.02371822013093,1.356035865412321,59.04451631837144,55.54263757922915
18.067558346633486,0.11037012337445816,48.93570939481052,1.3589276998699495,59.00996392200411,55.47847034369576
18.122143115052317,0.11070356785595198,48.84752039727817,1.3618231220964405,58.97512083080707,55.41406912263464
18.17672788347115,0.11103701233744581,48.759151898646074,1.364722107122778,58.9399876018268,55.349434445468155
18.231312651889983,0.11137045681893964,48.670604575648845,1.367624629809981,58.90456479184655,55.28456684303145
18.285897420308814,0.11170390130043348,48.581879110678216,1.37053066484893,58.86885295740301,55.219466847613866
18.340482188727645,0.1120373457819273,48.49297619181744,1.3734401867602044,58.832852654803034,55.15413499300014
18.39506695714648,0.11237079026342114,48.40389651287529,1.376353169893923,58.7965644401408,55.088571814511624
18.44965172556531,0.11270423474491496,48.31464077341977,1.379269588429595,58.759988869315066,55.0227778490474
18.50423649398414,0.11303767922640878,48.225209678811304,1.3821894163759767,58.72312649804672,54.9567536351253
18.558821262402976,0.11337112370790263,48.13560394023573,1.3851126275709387,58.68597788189655,54.89049971292294
18.613406030821807,0.11370456818939646,48.04582427473681,1.3880391956813374,58.64854357628323,54.824016624318524
18.66799079924064,0.1140380126708903,47.95587140524831,1.3909690942028965,58.61082413650155,54.75730491293172
18.722575567659472,0.11437145715238413,47.86574606062581,1.393902296460096,58.57282011774084,54.690365124164344
18.777160336078303,0.11470490163387795,47.77544897567801,1.3968387756060692,58.53453207510361,54.62319780524097
18.831745104497138,0.1150383461153718,47.6849808911977,1.3997785046225075,58.49596056362447,54.555803505249514
18.88632987291597,0.11537179059686561,47.5943425539923,1.4027214563195731,58.45710613828916,54.48818277518163
18.9409146413348,0.11570523507835943,47.50353471691398,1.4056676033358215,58.41796935405385,54.420336167973055
18.995499409753634,0.11603867955985328,47.41255813888938,1.40861691813813,58.378550765864645,54.35226423854389
19.050084178172465,0.11637212404134711,47.32141358494891,1.4115693730216368,58.33885092867728,54.28396754383867
19.1046689465913,0.11670556852284095,47.23010182625555,1.4145249401096864,58.29887039747701,54.215446642866446
19.15925371501013,0.11703901300433478,47.1386236401334,1.417483591353785,58.258609727298705,54.14670209674066
19.21383848342896,0.1173724574858286,47.046979810095564,1.4204452985335654,58.21806947324712,54.077734468718965
19.268423251847796,0.11770590196732245,46.955171125871736,1.423410033256757,58.17725019051739,54.0085443242429
19.323008020266627,0.11803934644881627,46.86319838343533,1.4263777669591684,58.1361524344157,53.939132230977464
19.377592788685458,0.11837279093031008,46.77106238503009,1.4293484709046775,58.09477676038011,53.869498758850526
19.432177557104293,0.11870623541180393,46.678763939196266,1.4323221161852295,58.053123724001566,53.799644480092155
19.486762325523124,0.11903967989329776,46.5863038607964,1.4352986737208446,58.01119388104516,53.72956996927381
19.541347093941955,0.11937312437479158,46.493682971040506,1.438278114259636,57.96898778747148,53.659275803347356
19.59593186236079,0.11970656885628543,46.40090209751088,1.4412604083778346,57.92650599945814,53.588762561684
19.65051663077962,0.12004001333777925,46.30796207418639,1.444245526479825,57.883749073421555,53.51803082611305
19.705101399198455,0.1203734578192731,46.21486374146628,1.44723343879819,57.84071756603878,53.44708118096052
19.759686167617286,0.12070690230076692,46.12160794619348,1.4502241153937634,57.79741203426957,53.37591421308763
19.814270936036117,0.12104034678226075,46.028195541677405,1.4532175261556943,57.753833035378634,53.30453051192914
19.86885570445495,0.12137379126375458,45.934627387716276,1.45621364080152,57.70998112695794,53.23293066953148
19.923440472873782,0.12170723574524842,45.840904350618914,1.4592124288772477,57.66585686694929,53.16111528059081
19.978025241292613,0.12204068022674223,45.74702730322602,1.462213859757446,57.62146081366696,53.08908494249086
20.032610009711448,0.12237412470823608,45.65299712493092,1.4652179026453491,57.576793525820506,53.01684025534058
20.08719477813028,0.1227075691897299,45.558814701699795,1.4682245265729645,57.53185556253778,52.94438182201174
20.14177954654911,0.12304101367122372,45.46448092609138,1.471233700401198,57.48664748338798,52.871710248176186
20.196364314967944,0.12337445815271757,45.369996697276115,1.4742453928199828,57.441169848404954,52.79882614234309
20.250949083386775,0.1237079026342114,45.275362921054736,1.4772595723484216,57.39542321811051,52.72573011589589
20.30553385180561,0.12404134711570523,45.180580509876314,1.4802762073349383,57.349408153537965,52.65242278312915
20.36011862022444,0.12437479159719907,45.08565038285581,1.4832952659574383,57.303125216255815,52.57890476128514
20.41470338864327,0.12470823607869289,44.99057346579091,1.4863167162234827,57.25657496839143,52.505176670590295
20.469288157062106,0.12504168056018672,44.89535069117844,1.4893405259704684,57.209757972655005,52.431239134291474
20.523872925480937,0.12537512504168055,44.79998299823014,1.4923666628658205,57.16267479236355,52.35709277869197
20.578457693899768,0.12570856952317438,44.704471332887834,1.4953950944071972,57.115325991465006,52.28273823318737
20.633042462318603,0.12604201400466822,44.60881664783803,1.4984257879227012,57.067712134562484,52.2081761303012
20.687627230737434,0.12637545848616205,44.51301990252598,1.5014587105711046,57.01983378693864,52.133407105720345
20.742211999156268,0.12670890296765588,44.417082063169,1.5044938293420838,56.97169151458011,52.058431798330275
20.7967967675751,0.12704234744914972,44.321004102769336,1.5075311110564642,56.92328588420208,51.98325085025005
20.85138153599393,0.12737579193064355,44.22478700112631,1.510570522366477,56.87461746327294,51.907864906867104
20.905966304412765,0.12770923641213738,44.12843174484787,1.5136120297560267,56.82568682003906,51.832274616871764
20.960551072831596,0.12804268089363122,44.031939327361584,1.516655599540967,56.77649452354962,51.75648063229165
21.015135841250427,0.12837612537512502,43.93531074892485,1.519701197869392,56.7270411436816,51.680483608525705
21.06972060966926,0.12870956985661888,43.83854701663459,1.5227487907219355,56.67732725116476,51.6042842043781
21.124305378088092,0.1290430143381127,43.741649144436316,1.5257983439120812,56.6273534176068,51.52788308209184
21.178890146506923,0.12937645881960652,43.644618153132384,1.5288498230864866,56.57712021551855,51.451280907382156
21.233474914925758,0.12970990330110035,43.54745507038976,1.5319031937253151,56.52662821833924,51.37447834946961
21.28805968334459,0.1300433477825942,43.45016093074705,1.5349584211425817,56.47587800046189,51.297476081113004
21.342644451763423,0.13037679226408802,43.35273677562084,1.538015470486509,56.424870137258694,51.22027477864197
21.397229220182254,0.13071023674558185,43.2551836533114,1.5410743067398947,56.37360520510655,51.142875121989384
21.451813988601085,0.1310436812270757,43.157502619007644,1.5441348947204911,56.32208378141261,51.06527779472339
21.50639875701992,0.13137712570856952,43.059694734791485,1.5471971990813966,56.27030644463989,50.987483484079306
21.56098352543875,0.13171057019006335,42.96176106964143,1.5502611843114558,56.218273774333014,50.909492880991124
21.61556829385758,0.13204401467155716,42.863702699435485,1.5533268147356758,56.16598635114388,50.831306680122836
21.670153062276416,0.13237745915305102,42.76552070695331,1.5563940545156516,56.113444756857504,50.75292557989939
21.724737830695247,0.13271090363454485,42.6672161818778,1.5594628676500024,56.06064957441785,50.67435028253746
21.77932259911408,0.13304434811603869,42.56879022079574,1.5625332179748228,56.00760138795371,50.5955814940758
21.833907367532913,0.13337779259753252,42.470243927197934,1.5656050691641432,55.95430078280467,50.51661992440545
21.888492135951743,0.13371123707902632,42.3715784114784,1.5686783847304033,55.90074834554703,50.43746628729952
21.943076904370578,0.13404468156052018,42.27279479093301,1.5717531280249384,55.84694466401985,50.35812130044273
21.99766167278941,0.134378126042014,42.17389418975727,1.574829262238475,55.792890327351,50.27858568546068
22.05224644120824,0.13471157052350782,42.074877739043366,1.5779067504016424,55.738585925983195,50.198860167948695
22.106831209627074,0.13504501500500166,41.97574657677647,1.5809855553854943,55.684032051700115,50.118945477500446
22.161415978045905,0.1353784594864955,41.87650184783031,1.5840656399020414,55.629229297652536,50.03884234773629
22.216000746464736,0.13571190396798932,41.777144703961866,1.5871469665047995,55.57417825838444,49.95855151633114
22.27058551488357,0.13604534844948316,41.67767630380539,1.590229497589348,55.5188795298592,49.87807372504214
22.325170283302402,0.136378792930977,41.578097812865636,1.5933131953939002,55.46333370948573,49.797409719735974
22.379755051721236,0.13671223741247082,41.478410403510225,1.596398021999888,55.40754139614467,49.71656025041575
22.434339820140067,0.13704568189396465,41.3786152549613,1.599483939332557,55.351503190214586,49.635526071247725
22.4889245885589,0.1373791263754585,41.27871355328633,1.602570909161577,55.29521969359811,49.554307940587485
22.543509356977733,0.13771257085695232,41.178706491388105,1.6056588931016615,55.238691509748186,49.47290662100588
22.598094125396564,0.13804601533844615,41.078595268994,1.6087478526132026,55.18191924369422,49.39132287931466
22.652678893815395,0.13837945981993996,40.97838109264428,1.6118377490029172,55.12490350206822,49.309557486591565
22.70726366223423,0.13871290430143382,40.87806517567969,1.6149285434245075,55.067644893131046,49.22761121820526
22.76184843065306,0.13904634878292763,40.77764873822823,1.618020196879332,55.01014402679848,49.14548485383978
22.81643319907189,0.13937979326442146,40.677133007190996,1.621112670217091,54.952401514667386,49.0631791775186
22.871017967490726,0.1397132377459153,40.57651921622726,1.6242059241365252,54.8944179700418,48.980694977628374
22.925602735909557,0.14004668222740912,40.47580860573869,1.627299919186125,54.836194007959065,48.89803304694232
22.98018750432839,0.14038012670890296,40.375002422852695,1.6303946157648563,54.7777302452158,48.81519418264308
23.034772272747222,0.1407135711903968,40.27410192140497,1.6334899741228954,54.719027300394,48.73217918634539
23.089357041166053,0.14104701567189062,40.17310836192109,1.63658595436238,54.660085793887,48.648988864118145
23.143941809584888,0.14138046015338446,40.07202301159733,1.639682516438172,54.60090634792536,48.565624026506235
23.19852657800372,0.1417139046348783,39.97084714428058,1.6427796201586329,54.54148958660288,48.482085488551874
23.25311134642255,0.1420473491163721,39.869582040447355,1.645877225186413,54.481836135902356,48.39837406981555
23.307696114841384,0.14238079359786596,39.76822898718197,1.6489752910392552,54.42194662372145,48.31449059439658
23.362280883260215,0.1427142380793598,39.666789278153814,1.6520737770908074,54.36182167989844,48.23043589095321
23.41686565167905,0.14304768256085362,39.56526421359371,1.6551726425714548,54.30146193623786,48.146210792722314
23.47145042009788,0.14338112704234746,39.46365510026942,1.658271846569159,54.240868026536205,48.061816137538685
23.526035188516712,0.14371457152384126,39.36196325146025,1.6613713480303154,54.18004058660747,47.97725276785382
23.580619956935546,0.14404801600533512,39.26018998693069,1.6644711057606207,54.11898025430863,47.89252153075436
23.635204725354377,0.14438146048682893,39.158336632903236,1.6675710784259543,54.057687669565155,47.80762327798003
23.68978949377321,0.14471490496832276,39.056404522030235,1.670671224553275,53.996163474396255,47.72255886594116
23.744374262192043,0.1450483494498166,38.954394993364836,1.6737715025315296,53.93440831294024,47.63732915573571
23.798959030610874,0.14538179393131043,38.85230939233106,1.6768718706125734,53.87242283147969,47.55193501316594
23.853543799029705,0.14571523841280426,38.75014907069283,1.6799722869121076,53.81020767846655,47.466377308754474
23.90812856744854,0.1460486828942981,38.647915386522236,1.683072709410628,53.74776350454716,47.38065691776003
23.96271333586737,0.14638212737579193,38.54560970416676,1.686173095954386,53.6850909625872,47.29477472019263
24.017298104286205,0.14671557185728576,38.44323339421556,1.6892734042563669,53.62219070769648,47.2087316008283
24.071882872705036,0.1470490163387796,38.34078783346491,1.6923735918972778,53.55906339725371,47.122528449223395
24.126467641123867,0.14738246082027343,38.23827440488258,1.6954736163265511,53.49570969093106,47.0361661597283
24.1810524095427,0.14771590530176726,38.13569449757137,1.6985734348633619,53.43213025071874,46.94964563150077
24.235637177961532,0.1480493497832611,38.03304950673167,1.7016730046976556,53.36832574094939,46.86296776851872
24.290221946380363,0.1483827942647549,37.93034083362301,1.7047722828911953,53.3042968283223,46.7761334795925
24.344806714799198,0.14871623874624876,37.82756988552477,1.7078712263786162,53.24004418192767,46.68914367837673
24.39939148321803,0.14904968322774256,37.724738075695804,1.7109697919684972,53.1755684732706,46.60199928338159
24.45397625163686,0.1493831277092364,37.621846823333264,1.714067936344446,53.11087037629501,46.5147012179836
24.508561020055694,0.14971657219073023,37.518897553530266,1.7171656160661963,53.04595056740742,46.42725041043588
24.563145788474525,0.15005001667222406,37.41589169723282,1.7202627875707197,52.98080972550063,46.33964779387796
24.61773055689336,0.1503834611537179,37.312830691195586,1.7233594071733516,52.91544853197719,46.25189430634492
24.67231532531219,0.15071690563521173,37.20971597793682,1.7264554310689277,52.849867670772824,46.163990890776226
24.72690009373102,0.15105035011670556,37.106549005692244,1.72955081533294,52.78406782837959,46.07593849502377
24.781484862149856,0.1513837945981994,37.00333122836804,1.7326455159226997,52.718049693869006,45.98773807185961
24.836069630568687,0.15171723907969323,36.9000641054928,1.7357394886785178,52.651813958914936,45.899390578983024
24.890654398987518,0.15205068356118703,36.796749102168555,1.7388326893248984,52.58536131781637,45.810896979027085
24.945239167406353,0.1523841280426809,36.69338768902076,1.7419250734717462,52.51869246752004,45.72225823956466
24.999823935825184,0.15271757252417473,36.589981342147425,1.7450165966155844,52.45180810764282,45.63347533311389
25.05440870424402,0.15305101700566856,36.48653154306714,1.7481072141407912,52.38470894049402,45.54454923714306
25.10899347266285,0.1533844614871624,36.38303977866624,1.7511968813208454,52.3173956710975,45.45548093407497
25.16357824108168,0.1537179059686562,36.27950754114488,1.7542855533195882,52.249869007213526,45.36627141129068
25.218163009500515,0.15405135045015006,36.175936327962255,1.7573731851924974,52.18212965936057,45.27692166113275
25.272747777919346,0.15438479493164387,36.07232764178077,1.7604597318879749,52.11417834083686,45.187432680907875
25.327332546338177,0.1547182394131377,35.96868299040922,1.763545148248648,52.04601576774171,45.09780547288891
25.38191731475701,0.15505168389463153,35.86500388674504,1.7666293890126858,51.97764265899672,45.00804104431638
25.436502083175842,0.15538512837612536,35.76129184871563,1.769712408815125,51.90905973636678,44.91814040739939
25.491086851594673,0.1557185728576192,35.65754839921853,1.7727941621892136,51.84026772448079,44.82810457931589
25.545671620013508,0.15605201733911303,35.553775066060794,1.7758746035677646,51.7712673508523,44.737934582212425
25.60025638843234,0.15638546182060686,35.44997338189738,1.7789536872845253,51.702059345899855,44.64763144320326
25.654841156851173,0.1567189063021007,35.346144884168424,1.7820313675755586,51.63264444296715,44.55719619436885
25.709425925270004,0.15705235078359453,35.24229111503573,1.7851075985806377,51.56302337834298,44.46662987275385
25.764010693688835,0.15738579526508836,35.13841362131814,1.788182334344655,51.49319689128099,44.375933520364335
25.81859546210767,0.1577192397465822,35.03451395442607,1.7912555288190435,51.42316572401912,44.28510818416456
25.8731802305265,0.15805268422807603,34.93059367029496,1.7943271358632105,51.35293062179899,44.19415491607304
25.92776499894533,0.15838612870956983,34.82665432931787,1.797397109245987,51.28249233288482,44.103074772958024
25.982349767364166,0.1587195731910637,34.72269749627701,1.8004654026470877,51.21185160858236,44.01186881663234
26.036934535782997,0.1590530176725575,34.618724740274445,1.8035319696585843,51.1410092032574,43.92053811384762
26.09151930420183,0.15938646215405136,34.514737634661714,1.8065967637863944,51.06996587435413,43.829083736287934
26.146104072620663,0.15971990663554517,34.41073775696861,1.8096597384517796,50.99872238241325,43.737506760562745
26.200688841039494,0.160053351117039,34.3067266888309,1.8127208469928595,50.927279491089784,43.645808268199254
26.255273609458328,0.16038679559853283,34.20270601591723,1.8157800426661375,50.85563796717068,43.55398934563407
26.30985837787716,0.16072024008002667,34.09867732785502,1.8188372786480385,50.78379858059217,43.46205108420438
26.36444314629599,0.1610536845615205,33.994642218155384,1.8218925080364616,50.71176210445681,43.36999458013825
26.419027914714825,0.16138712904301433,33.8906022841372,1.8249456838523437,50.63952931505032,43.27782093454447
26.473612683133656,0.16172057352450817,33.78655912685024,1.827996759041235,50.56710099185812,43.18553125340172
26.528197451552487,0.16205401800600197,33.68251435099731,1.831045686474891,50.49447791758159,43.09312664754697
26.58278221997132,0.16238746248749583,33.57846956485555,1.8340924189528722,50.421660878154086,43.00060823266336
26.637366988390152,0.16272090696898966,33.47442638019682,1.8371369092041592,50.34865066275667,42.90797712926742
26.691951756808987,0.1630543514504835,33.370386412207075,1.8401791098887803,50.275448063833494,42.81523446269548
26.746536525227818,0.16338779593197733,33.26635127940503,1.8432189735994489,50.202053877107026,42.72238136308963
26.80112129364665,0.16372124041347114,33.1623226035597,1.8462564528632173,50.12846890159287,42.62941896538285
26.855706062065483,0.164054684894965,33.05830200960726,1.849291500143138,50.0546939396143,42.53634840928356
26.910290830484314,0.1643881293764588,32.9542911255669,1.8523240678399413,49.98072979681665,42.443170839259516
26.964875598903145,0.16472157385795264,32.8502915824558,1.855354108293722,49.90657728218113,42.349887404520956
27.01946036732198,0.16505501833944647,32.74630501420335,1.85838157378564,49.83223720803861,42.25649925900314
27.07404513574081,0.1653884628209403,32.64233305756437,1.8614064165396311,49.75771039008294,42.16300756134824
27.12862990415964,0.16572190730243413,32.53837735203154,1.864428588724132,49.68299764738398,42.06941347488645
27.183214672578476,0.16605535178392797,32.43443953974698,1.8674480424538145,49.60809980240036,41.975718167616535
27.237799440997307,0.1663887962654218,32.330521265413026,1.8704647297913324,49.53301768099189,41.88192281218565
27.29238420941614,0.16672224074691563,32.22662417620206,1.8734786027490806,49.45775211243163,41.78802858586844
27.346968977834972,0.16705568522840947,32.12274992166566,1.8764896132909652,49.3823039294177,41.69403667054557
27.401553746253803,0.1673891297099033,32.01890015364283,1.8794977133341841,49.30667396808468,41.59994825268145
27.456138514672638,0.16772257419139713,31.915076526167464,1.8825028547510207,49.23086306801471,41.505764523301345
27.51072328309147,0.16805601867289097,31.811280695375007,1.8855049893706468,49.154872072248324,41.4114866779678
27.5653080515103,0.16838946315438477,31.707514319408325,1.8885040689809387,49.078701827294786,41.317115916756364
27.619892819929134,0.16872290763587863,31.603779058322797,1.8915000453303028,49.00235318314225,41.2226534442306
27.674477588347965,0.16905635211737244,31.50007657399066,1.8944928701295114,48.92582699326747,41.128100469416474
27.7290623567668,0.1693897965988663,31.39640853000452,1.8974824950535525,48.84912411464521,41.033458205775986
27.78364712518563,0.1697232410803601,31.292776591580225,1.9004688717434868,48.77224540775727,40.93872787118018
27.838231893604462,0.17005668556185394,31.18918242545888,1.9034519518083173,48.69519173660117,40.84391068788137
27.892816662023296,0.17039013004334777,31.085627699808228,1.9064316868268687,48.61796396869848,40.74900788248479
27.947401430442127,0.1707235745248416,30.982114084123282,1.9094080283496768,48.54056297510279,40.65402068591949
28.00198619886096,0.17105701900633544,30.8786432491262,1.9123809279008894,48.46298963040727,40.55895033340851
28.056570967279793,0.17139046348782927,30.77521686666553,1.9153503369801772,48.38524481275195,40.46379806443844
28.111155735698624,0.1717239079693231,30.671836609614783,1.9183162070646516,48.30732940383054,40.368565122728235
28.165740504117455,0.1720573524508169,30.568504151770227,1.9212784896107977,48.22924428889693,40.273252756197365
28.22032527253629,0.17239079693231077,30.465221167748137,1.9242371360564132,48.15099035677124,40.17786221693324
28.27491004095512,0.1727242414138046,30.361989332881347,1.9271920978225576,48.07256849984563,40.08239476115803
28.329494809373955,0.17305768589529844,30.25881032311515,1.9301433263155128,47.993979614089554,39.98685164919464
28.384079577792786,0.17339113037679227,30.155685814902608,1.9330907729287499,47.915224599054774,39.891234145432215
28.438664346211617,0.17372457485828607,30.052617485099226,1.936034389044909,47.83630435787986,39.795543518290714
28.49324911463045,0.17405801933977993,29.949607010857036,1.9389741260377855,47.7572197972944,39.69978104018498
28.547833883049282,0.17439146382127374,29.846656069518115,1.9419099352743256,47.67797182762273,39.60394798748807
28.602418651468113,0.17472490830276757,29.743766338507495,1.9448417681166328,47.59856136278735,39.508045640493854
28.657003419886948,0.1750583527842614,29.640939495225542,1.9477695759239804,47.518989320311874,39.41207528337897
28.71158818830578,0.17539179726575524,29.538177216939808,1.9506933100548336,47.43925662132357,39.31603820416412
28.766172956724613,0.1757252417472491,29.435481180676284,1.9536129218688822,47.35936419055555,39.219935694674625
28.820757725143444,0.1760586862287429,29.332853063110246,1.956528362729078,47.279312956348534,39.12376905050035
28.875342493562275,0.17639213071023674,29.23029454045649,1.9594395840036827,47.1991038506521,39.0275395709549
28.92992726198111,0.17672557519173057,29.127807288359154,1.9623465370683242,47.11873780902571,38.93124855903422
28.98451203039994,0.1770590196732244,29.02539298178107,1.965249173308058,47.038215770639155,38.83489732137445
29.039096798818772,0.17739246415471824,28.923053294892604,1.96814744411944,46.95753867827264,38.73848716820909
29.093681567237606,0.17772590863621207,28.820789900960097,1.9710413009126047,46.87670747831646,38.6420194133256
29.148266335656437,0.1780593531177059,28.718604472233928,1.9739306951133502,46.79572312077024,38.545495374021236
29.20285110407527,0.1783927975991997,28.616498679836038,1.976815578165233,46.71458655924171,38.44891637105823
29.257435872494103,0.17872624208069357,28.51447419364721,1.9796959015316682,46.63329875094511,38.35228372861836
29.312020640912934,0.17905968656218738,28.412532682193888,1.9825716166980356,46.55186065669915,38.25559877425682
29.36660540933177,0.17939313104368124,28.310675812534623,1.985442675173796,46.47027324092448,38.1588628388554
29.4211901777506,0.17972657552517504,28.208905250146266,1.9883090284946099,46.38853747164081,38.06207725657515
29.47577494616943,0.18006002000666887,28.10722265880972,1.9911706282244666,46.306654320463515,37.96524336480818
29.530359714588265,0.1803934644881627,28.00562970049548,1.9940274259578177,46.22462476259985,37.868362504129
29.584944483007096,0.18072690896965654,27.90412803524882,1.9968793733217147,46.14244977684472,37.77143601824513
29.639529251425927,0.18106035345115037,27.802719321074743,1.9997264219779582,46.06013034557595,37.67446525394706
29.69411401984476,0.1813937979326442,27.701405213822625,2.002568523625247,45.97766745474916,37.577451561057615
29.748698788263592,0.18172724241413804,27.600187367070703,2.005405630001335,45.89506209389222,37.48039629238067
29.803283556682423,0.18206068689563185,27.49906743201024,2.0082376928851966,45.81231525609918,37.38330080364919
29.857868325101258,0.1823941313771257,27.398047057329556,2.011064664099191,45.72942793802379,37.28616645347275
29.91245309352009,0.18272757585861954,27.297127889097876,2.0138864955112377,45.646401139872566,37.18899460328434
29.967037861938923,0.18306102034011337,27.196311570648927,2.016703139036994,45.56323586539738,37.09178661728656
30.021622630357754,0.1833944648216072,27.095599742464525,2.0195145466420366,45.479933121887655,36.994543862397265
30.076207398776585,0.183727909303101,26.99499404205788,2.0223206703440493,45.39649392016201,36.897267708194526
30.13079216719542,0.18406135378459487,26.894496103856888,2.0251214622150155,45.31291927455948,36.79995952686106
30.18537693561425,0.18439479826608868,26.794107559087337,2.027916874383412,45.229210202930375,36.702620693128
30.23996170403308,0.1847282427475825,26.693830035655946,2.0307068590364103,45.14536772662647,36.60525258421811
30.294546472451916,0.18506168722907634,26.593665158033435,2.0334913684220792,45.06139287049094,36.50785657978839
30.349131240870747,0.18539513171057018,26.493614547137547,2.0362703548515926,44.97728666284771,36.41043406187215
30.40371600928958,0.18572857619206404,26.393679820215993,2.0390437707014395,44.89305013549036,36.312986414820394
30.458300777708413,0.18606202067355784,26.293862590729493,2.0418115684156364,44.808684323670604,36.21551502524277
30.512885546127244,0.18639546515505168,26.194164468234735,2.0445737005079474,44.724190266086225,36.118021281947854
30.567470314546078,0.1867289096365455,26.09458705826746,2.047330119564101,44.63956900486862,36.020506575882905
30.62205508296491,0.18706235411803934,25.995131962225585,2.0500807782440127,44.55482158556984,35.92297230007309
30.67663985138374,0.18739579859953318,25.895800777252365,2.0528256292840097,44.46994905714917,35.825419849560134
30.731224619802575,0.187729243081027,25.7965950961197,2.0555646254990596,44.38495247195918,35.727850621340416
30.785809388221406,0.18806268756252084,25.697516507111562,2.058297719784996,44.29983288573143,35.63026601430257
30.840394156640237,0.18839613204401465,25.598566593907535,2.0610248651207512,44.214591357561574,35.532667429164526
30.89497892505907,0.1887295765255085,25.49974693546652,2.063746014570589,44.12922894989402,35.435056268410015
30.949563693477902,0.1890630210070023,25.401059105910658,2.066461121286336,44.043746728506235,35.33743393622465
31.004148461896737,0.18939646548849617,25.30250467440939,2.0691701385096195,43.95814576249238,35.23980183843132
31.058733230315568,0.18972990996998998,25.204085205063805,2.0718730195741006,43.872427124246634,35.14216138242531
31.1133179987344,0.1900633544514838,25.10580225679115,2.074569717907714,43.78659188944596,35.04451397710872
31.167902767153233,0.19039679893297765,25.007657383209683,2.0772601870349017,43.70064113703241,34.94686103282452
31.222487535572064,0.19073024341447148,24.90965213252376,2.079944380578853,43.61457594919501,34.849203961290115
31.277072303990895,0.1910636878959653,24.81178804740922,2.0826222522637425,43.528397411351044,34.751544175530334
31.33165707240973,0.19139713237745914,24.714066664899097,2.085293755916965,43.44210661212702,34.65388308981013
31.38624184082856,0.19173057685895298,24.616489516269713,2.087958845471377,43.35570464333906,34.55622211956666
31.440826609247395,0.1920640213404468,24.51905812692705,2.0906174749675293,43.26919259997281,34.45856268134103
31.495411377666226,0.19239746582194064,24.4217740162936,2.0932695985559064,43.18257158016298,34.36090619270949
31.549996146085057,0.19273091030343448,24.324638697695534,2.095915170499161,43.09584268517226,34.26325407221433
31.60458091450389,0.1930643547849283,24.22765367825034,2.098554145174348,43.00900701936987,34.165607739294224
31.659165682922723,0.19339779926642214,24.13082045875492,2.101186477075156,42.92206569020964,34.06796861421426
31.713750451341554,0.19373124374791595,24.034140533574067,2.10381212081414,42.83501980820757,33.97033811799546
31.768335219760388,0.1940646882294098,23.937615390529533,2.1064310311249503,42.74787048691887,33.87271767234402
31.82291998817922,0.19439813271090362,23.841246510789542,2.1090431628645594,42.660618842914715,33.775108699580045
31.87750475659805,0.19473157719239745,23.7450353687588,2.1116484710154886,42.57326599575831,33.677512622566006
31.932089525016885,0.19506502167389128,23.648983431969103,2.1142469106880277,42.485813067980644,33.57993086463472
31.986674293435716,0.19539846615538511,23.553092160970515,2.1168384371224582,42.39826118505568,33.482364849517054
32.04125906185455,0.19573191063687895,23.45736300922305,2.1194230056912673,42.310611475375154,33.384816001269236
32.09584383027338,0.19606535511837278,23.361797422989042,2.1220005719013644,42.222865070222824,33.287285744199814
32.150428598692216,0.19639879959986664,23.26639684122609,2.124571091396289,42.13502310374837,33.18977550279631
32.20501336711104,0.19673224408136042,23.171162695480696,2.1271345199584197,42.0470867129407,33.09228670165153
32.25959813552988,0.19706568856285428,23.07609640978245,2.129690813511175,41.95905703760087,32.994820765389505
32.31418290394871,0.1973991330443481,22.981199400539072,2.1322399281212148,41.87093522031457,32.89737911859126
32.36876767236754,0.19773257752584192,22.88647307643202,2.1347818200006325,41.782722406424085,32.79996318572015
32.423352440786374,0.19806602200733578,22.791918838312803,2.1373164455091476,41.69441974399979,32.70257439104696
32.47793720920521,0.1983994664888296,22.697538079100195,2.1398437611562895,41.60602838381129,32.60521415857474
32.532521977624036,0.19873291097032342,22.60333218367804,2.142363723603577,41.51754947929803,32.507883911963404
32.58710674604287,0.19906635545181725,22.509302528793878,2.1448762896666977,41.42898418653942,32.41058507445393
32.641691514461705,0.1993997999333111,22.415450482958438,2.1473814163176734,41.34033366422459,32.3133190687925
32.69627628288053,0.19973324441480492,22.32177740634588,2.149879060687026,41.2515990736217,32.21608731715432
32.75086105129937,0.20006668889629875,22.22828465069484,2.1523691800659366,41.162781578546664,32.11889124106711
32.8054458197182,0.20040013337779258,22.134973559210437,2.154851731908396,41.07388234533166,32.02173226133459
32.860030588137036,0.20073357785928644,22.041845466467052,2.157326673833353,40.98490254279299,31.924611797959606
32.91461535655586,0.20106702234078025,21.94890169831205,2.1597939636268504,40.8958433421986,31.827531270067105
32.9692001249747,0.20140046682227408,21.856143571770332,2.1622535592441623,40.80670591723516,31.730492095826886
33.02378489339353,0.20173391130376794,21.763572394949943,2.1647054188119146,40.7174914439747,31.63349569237629
33.07836966181236,0.20206735578526175,21.671189466948515,2.167149500630206,40.628201100840826,31.53654347574262
33.132954430231194,0.20240080026675558,21.578996077760653,2.1695857631747186,40.53883606857444,31.439636860765408
33.18753919865003,0.20273424474824941,21.486993508186423,2.1720141650988216,40.44939753019915,31.34277726101864
33.242123967068856,0.20306768922974322,21.395183029740714,2.1744346652356636,40.359886670986185,31.245966088732764
33.29670873548769,0.20340113371123708,21.303565904563616,2.176847222600264,40.27030467841886,31.149204754716568
33.351293503906525,0.20373457819273091,21.21214338533192,2.179251796391588,40.180652742156724,31.052494668279042
33.40587827232535,0.20406802267422472,21.12091671517158,2.181648345994618,40.09093205399921,30.955837237151076
33.46046304074419,0.20440146715571855,21.0298871275712,2.1840368309824156,40.001143807848855,30.85923386740703
33.51504780916302,0.2047349116372124,20.93905584629672,2.1864172111181728,39.91128919967424,30.76268596338637
33.56963257758185,0.20506835611870622,20.848424085307105,2.1887894463572546,39.82136942747241,30.66619492761511
33.624217346000684,0.20540180060020005,20.75799304867109,2.191153496849233,39.731385691230884,30.569762160727223
33.67880211441952,0.2057352450816939,20.667763930485194,2.193509322939912,39.64133919288937,30.473389061386104
33.733386882838346,0.2060686895631877,20.577737914792767,2.1958568851733364,39.551231136301006,30.37707702620591
33.78797165125718,0.20640213404468155,20.487916175504147,2.198196144293802,39.4610627271932,30.280827449672874
33.842556419676015,0.20673557852617538,20.398299876318134,2.200527061247844,39.37083517312817,30.18464172406672
33.89714118809485,0.20706902300766925,20.30889017064448,2.202849597186221,39.280549683463015,30.08852123938197
33.95172595651368,0.20740246748916305,20.21968820152771,2.2051637134658857,39.19020746930945,29.992467383249345
34.00631072493251,0.20773591197065688,20.13069510157198,2.2074693716519485,39.0998097434931,29.896481540857117
34.060895493351346,0.20806935645215072,20.041911992867387,2.2097665335196233,39.009357720512575,29.800565094872614
34.11548026177017,0.20840280093364452,19.95333998691731,2.212055161056165,38.918852616498036,29.704719425363677
34.17006503018901,0.20873624541513838,19.864980184567045,2.2143352164628016,38.82829564916939,29.608945909720195
34.22464979860784,0.20906968989663222,19.776833675933812,2.21660666215664,38.737688037794264,29.513245922575795
34.27923456702667,0.20940313437812602,19.68890154033789,2.218869460772573,38.64703100314551,29.417620835729533
34.333819335445504,0.20973657885961985,19.601184846235082,2.2211235751651714,38.556325767458354,29.322072018067683
34.38840410386434,0.21007002334111372,19.513684651150513,2.2233689684105533,38.46557355438729,29.22660083548572
34.442988872283166,0.21040346782260752,19.426402001613717,2.225605603808256,38.37477558896259,29.131208650810358
34.497573640702,0.21073691230410135,19.339337933094956,2.2278334448830837,38.283933097546374,29.035896823721686
34.552158409120835,0.21107035678559521,19.252493469943033,2.230052455386946,38.19304730778856,28.940666710675576
34.60674317753966,0.211403801267089,19.165869625324305,2.2322625993006833,38.1021194485823,28.84551966482613
34.6613279459585,0.21173724574858285,19.079467401163054,2.2344638408358786,38.011150750019155,28.75045703594831
34.71591271437733,0.21207069023007669,18.99328778808332,2.2366561444366533,37.92014244334403,28.655480170360832
34.77049748279616,0.2124041347115705,18.907331765352005,2.238839474781451,37.829095760909674,28.560590410849173
34.825082251214994,0.21273757919306435,18.821600300823327,2.2410137967848085,37.7380119361309,28.46578909658876
34.87966701963383,0.21307102367455819,18.7360943508848,2.2431790755991075,37.646892203438625,28.371077563068493
34.93425178805266,0.21340446815605202,18.65081486040448,2.2453352766163164,37.55573779823343,28.276457142014355
34.98883655647149,0.21373791263754582,18.565762762679647,2.247482365469716,37.464549956838965,28.181929161313366
35.043421324890325,0.21407135711903968,18.4809389793869,2.249620308035609,37.37332991645497,28.08749494493769
35.09800609330916,0.21440480160053352,18.3963444205337,2.2517490704350167,37.28207891511012,27.993155812869105
35.15259086172799,0.21473824608202732,18.311979984411312,2.2538686190353547,37.19079819161452,27.898913081023707
35.20717563014682,0.21507169056352116,18.227846557549118,2.255978920452102,37.0994889855119,27.804768061176798
35.261760398565656,0.21540513504501502,18.14394501467051,2.2580799415504464,37.00815253703166,27.71072206088825
35.31634516698448,0.21573857952650882,18.060276218650095,2.2601716494469177,36.91679008704056,27.61677638342806
35.37092993540332,0.21607202400800266,17.976841020472392,2.262254011511004,36.82540287699413,27.522932327702176
35.42551470382215,0.21640546848949652,17.893640259192026,2.264326995366752,36.73399214888799,27.42919118817881
35.48009947224098,0.2167389129709903,17.81067476189533,2.2663905688943498,36.64255914520874,27.33555425481495
35.534684240659814,0.21707235745248415,17.727945343663404,2.268444700231694,36.55110510888469,27.242022812983244
35.58926900907865,0.217405801933978,17.64545280753671,2.27048935777594,36.459631283236426,27.148598143399337
35.643853777497476,0.2177392464154718,17.563197944481086,2.2725245101850335,36.36813891192705,27.055281522049466
35.69843854591631,0.21807269089696565,17.48118153335521,2.2745501263792294,36.2766292389122,26.962074220118467
35.753023314335145,0.2184061353784595,17.399404340879645,2.276566175542586,36.18510350838999,26.868977503918256
35.80760808275397,0.2187395798599533,17.317867121607286,2.2785726271244493,36.093562964750575,26.775992634816607
35.86219285117281,0.21907302434144713,17.23657061789526,2.280569450840914,36.00200885252556,26.683120869166363
35.91677761959164,0.219406468822941,17.155515559878456,2.282556616676269,35.910442416337354,26.590363458235164
35.97136238801047,0.2197399133044348,17.074702665444406,2.2845340948844255,35.81886490084811,26.49772164813551
36.025947156429304,0.22007335778592862,16.994132640209678,2.286501855990326,35.727277550708635,26.405196679755257
36.08053192484814,0.22040680226742246,16.913806177497857,2.2884598707913333,35.6356816105071,26.312789788688704
36.13511669326697,0.22074024674891632,16.833723958318927,2.290408110358604,35.54407832471752,26.22050220516799
36.1897014616858,0.22107369123041012,16.753886651350165,2.2923465460384422,35.45246893764816,26.128335153995067
36.244286230104635,0.22140713571190396,16.674294912918523,2.2942751494536338,35.36085469338967,26.036289854474088
36.29887099852347,0.22174058019339782,16.594949386984567,2.296193892504762,35.269236835763174,25.94436752034437
36.3534557669423,0.22207402467489162,16.51585070512784,2.298102747371503,35.177616608268195,25.852569359713826
36.40804053536113,0.22240746915638546,16.436999486533704,2.300001686513907,35.085995254030315,25.76089657499284
36.462625303779966,0.2227409136378793,16.35839633798177,2.3018906826736516,34.99437401574893,25.66935036282882
36.51721007219879,0.2230743581193731,16.28004185383573,2.303769708875283,34.9027541356447,25.57793191404116
36.57179484061763,0.22340780260086696,16.20193661603466,2.3056387384274353,34.81113685540685,25.486642413556748
36.62637960903646,0.2237412470823608,16.124081194085942,2.3074977449240266,34.7195234161406,25.395483040346146
36.68096437745529,0.2240746915638546,16.046476145059515,2.309346702245442,34.62791505831422,25.304454967360204
36.735549145874124,0.22440813604534843,15.969122013583654,2.31118558455969,34.5363130217061,25.21355936146726
36.79013391429296,0.2247415805268423,15.892019331842302,2.313014366323542,34.44471854535175,25.122797383391017
36.844718682711786,0.2250750250083361,15.815168619573788,2.3148330222836515,34.35313286749069,25.032170187648916
36.89930345113062,0.22540846948982993,15.738570384070993,2.316641527477653,34.26155722551322,24.941678922491086
36.953888219549455,0.2257419139713238,15.66222512018311,2.3184398572352367,34.169992855907175,24.851324729840034
37.00847298796828,0.22607535845281757,15.586133310318733,2.32022798717921,34.0784409942046,24.761108745230803
37.06305775638712,0.22640880293431143,15.510295424450419,2.32200589322653,33.98690287492829,24.6710320977518
37.11764252480595,0.22674224741580526,15.434711920120808,2.3237735515893214,33.895379731538426,24.58109590998632
37.172227293224786,0.22707569189729912,15.359383242450045,2.3255309387758705,33.80387279637903,24.49130129795461
37.226812061643614,0.22740913637879293,15.284309824144739,2.327278031591596,33.71238330062446,24.401649371056642
37.28139683006245,0.22774258086028676,15.20949208550827,2.329014807140008,33.62091247422576,24.31214123201549
37.33598159848128,0.2280760253417806,15.134930434452633,2.330741242823631,33.52946154585718,24.222777976821458
37.39056636690011,0.2284094698232744,15.060625266511613,2.332457316344919,33.438031742862506,24.13356069467677
37.445151135318945,0.22874291430476826,14.986576964855347,2.3341630057071416,33.34662429120138,24.04449046794098
37.49973590373778,0.2290763587862621,14.912785900306416,2.3358582892152526,33.25524041539578,23.95556837207712
37.55432067215661,0.2294098032677559,14.839252431357208,2.337543145476733,33.1638813384763,23.866795475598447
37.60890544057544,0.22974324774924973,14.7659769041887,2.339217553402415,33.072548281928526,23.778172840015923
37.663490208994276,0.2300766922307436,14.692959652690682,2.3408814922072847,32.98124246563949,23.68970151978644
37.7180749774131,0.2304101367122374,14.62020099848328,2.342534941411261,32.889965107844034,23.6013825622617
37.77265974583194,0.23074358119373123,14.547701250939832,2.3441778808399545,32.79871742507121,23.51321700763782
37.82724451425077,0.2310770256752251,14.47546070721121,2.3458102906254013,32.70750063209084,23.425205888905694
37.8818292826696,0.23141047015671887,14.403479652251393,2.34743215120678,32.616315941859995,23.33735023180207
37.936414051088434,0.23174391463821273,14.331758358844374,2.3490434433311007,32.525164565469495,23.2496510547613
37.99099881950727,0.23207735911970656,14.260297087632477,2.3506441480538762,32.43404771209062,23.162109368867963
38.045583587926096,0.23241080360120037,14.189096087145911,2.3522342467397683,32.34296658892175,23.074726177810117
38.10016835634493,0.23274424808269423,14.118155593833603,2.353813721063215,32.25192240113506,22.987502477833313
38.154753124763765,0.23307769256418806,14.047475832095422,2.3553825530090293,32.16091635182346,22.900439257695474
38.2093378931826,0.2334111370456819,13.977057014315609,2.3569407248729837,32.06994964194738,22.81353749862239
38.26392266160143,0.2337445815271757,13.90689934089748,2.358488219262365,31.97902347028184,22.72679817426411
38.31850743002026,0.23407802600866956,13.83700300029939,2.3600250190965126,31.888139033363476,22.64022225065197
38.373092198439096,0.2344114704901634,13.76736816907199,2.361551107607329,31.797297525437795,22.553810686156556
38.42767696685792,0.2347449149716572,13.697995011896657,2.3630664683397704,31.70650013840643,22.467564431446334
38.48226173527676,0.23507835945315103,13.628883681625146,2.364571085152317,31.615748061774543,22.38148442944707
38.53684650369559,0.2354118039346449,13.560034319320522,2.3660649422174145,31.525042482598398,22.295571615302133
38.59143127211442,0.2357452484161387,13.491447054299215,2.367548024021899,31.43438458543301,22.2098269163335
38.646016040533254,0.23607869289763253,13.423122004174248,2.3690203153673974,31.3437755522799,22.124251252003557
38.70060080895209,0.2364121373791264,13.355059274899736,2.3704818013707025,31.253216562535105,22.038845533877783
38.755185577370916,0.23674558186062017,13.287258960816441,2.37193246746413,31.16270879293721,21.95361066558819
38.80977034578975,0.23707902634211403,13.219721144698479,2.373372299395847,31.072253417515586,21.86854754279751
38.864355114208585,0.23741247082360786,13.152445897801236,2.3748012832301852,30.981851607538832,21.783657053164337
38.91893988262741,0.23774591530510167,13.085433279910323,2.376219405347924,30.891504531463326,21.69894007630897
38.97352465104625,0.23807935978659553,13.018683339391627,2.377626652446556,30.801213354881906,21.61439748378006
39.02810941946508,0.23841280426808936,12.952196113242536,2.3790230115405278,30.710979240472895,21.530030139022216
39.08269418788391,0.23874624874958317,12.885971627144146,2.3804084699614565,30.62080334794914,21.445838897344288
39.137278956302744,0.239079693231077,12.820009895514543,2.381783015358327,30.530686834007284,21.36182460588851
39.19186372472158,0.23941313771257086,12.754310921563194,2.383146635697665,30.44063085227734,21.27798810360055
39.24644849314041,0.2397465821940647,12.688874697346284,2.384499319263686,30.350636553272345,21.194330221200286
39.30103326155924,0.2400800266755585,12.623701203823128,2.3858410546584223,30.260705084338273,21.110851781153492
39.355618029978075,0.24041347115705236,12.55879041091351,2.3871718308018295,30.17083758960414,21.027553597644268
39.41020279839691,0.2407469156385462,12.49414227755611,2.3884916369318665,30.08103520993242,20.944436476548436
39.46478756681574,0.24108036012004,12.429756751767819,2.3898004626045575,29.99129908286958,20.861501215407653
39.51937233523457,0.24141380460153383,12.365633770703996,2.3910982976940263,29.901630342596864,20.77874860340439
39.573957103653406,0.2417472490830277,12.301773260719747,2.392385132392512,29.812030119881413,20.696179421337813
39.62854187207223,0.2420806935645215,12.23817513743205,2.393660957210361,29.72249954202754,20.613794441600433
39.68312664049107,0.24241413804601533,12.174839305782779,2.3949257629759955,29.633039732828237,20.53159442815558
39.7377114089099,0.24274758252750916,12.1117656601027,2.396179540835861,29.543651812517066,20.449580136515834
39.79229617732873,0.24308102700900297,12.048954084176257,2.3974222822543494,29.45433689772019,20.36775231372217
39.846880945747564,0.24341447149049683,11.98640445130722,2.3986539790137034,29.365096101408675,20.28611169832398
39.9014657141664,0.24374791597199066,11.924116624385245,2.399874623213894,29.275930532851206,20.20465902036
39.956050482585226,0.24408136045348447,11.862090455953197,2.401084207272479,29.186841297566918,20.123395001339997
40.01063525100406,0.2444148049349783,11.80032578827525,2.4022827239244395,29.097829497278564,20.042320354227307
40.065220019422895,0.24474824941647216,11.73882245340589,2.4034701662219895,29.00889622986606,19.9614357834223
40.11980478784172,0.24508169389796597,11.67758027325959,2.40464652753437,28.92004258932022,19.88074198474657
40.17438955626056,0.2454151383794598,11.61659905968126,2.405811801547618,28.83126966569679,19.800239645428007
40.22897432467939,0.24574858286095366,11.555878614517505,2.4069659822643112,28.742578545070913,19.71992944408676
40.28355909309822,0.24608202734244744,11.49541872968853,2.408109064003295,28.653970309491772,19.639812050721968
40.338143861517054,0.2464154718239413,11.435219187260767,2.4092410413993863,28.565446036937594,19.559888126699335
40.39272862993589,0.24674891630543513,11.37527975952025,2.410361909403053,28.477006801271013,19.480158324739588
40.44731339835472,0.247082360786929,11.315600209046595,2.411471663280074,28.388653672194728,19.400623288907727
40.50189816677355,0.2474158052684228,11.256180288787677,2.4125702986111808,28.300387715207496,19.32128365460312
40.556482935192385,0.24774924974991663,11.197019742134914,2.41365781129167,28.21220999156042,19.242140048550397
40.61106770361122,0.24808269423141047,11.138118302999231,2.4147341975310015,28.124121558213712,19.16319308879124
40.66565247203005,0.24841613871290427,11.07947569588758,2.415799453852371,28.036123467793644,19.084443384676955
40.72023724044888,0.24874958319439813,11.021091635980047,2.416853577092264,27.948216768549926,19.00589153686183
40.774822008867716,0.24908302767589197,10.962965829207585,2.417896564399986,27.860402504313473,18.92753813729742
40.82940677728654,0.24941647215738577,10.905097972330253,2.418928413237175,27.772681714454485,18.849383769227547
40.88399154570538,0.2497499166388796,10.847487753015992,2.419949121377288,27.685055433840855,18.77142900718414
40.93857631412421,0.25008336112037344,10.790134849919975,2.4209586869050734,27.597524692797062,18.69367441698396
40.99316108254304,0.25041680560186724,10.733038932764412,2.421957108216017,27.510090517063336,18.616120555726056
41.047745850961874,0.2507502500833611,10.676199662418838,2.422944384015769,27.42275392775521,18.53876797179001
41.10233061938071,0.25108369456485496,10.619616690980935,2.4239205133195525,27.335515941323543,18.461617204835104
41.156915387799536,0.25141713904634877,10.563289661857745,2.424885495451548,27.248377569514822,18.384668785800184
41.21150015621837,0.2517505835278426,10.50721820984732,2.4258393300442607,27.16133981933189,18.3079232369043
41.266084924637205,0.25208402800933644,10.451401961220867,2.4267820170378664,27.074403692995116,18.231381071648283
41.32066969305603,0.25241747249083024,10.395840533805218,2.4277135566795374,26.98757018790391,18.155042794816953
41.37525446147487,0.2527509169723241,10.340533537065697,2.428633949522747,26.90084029659862,18.07890890248219
41.4298392298937,0.25308436145381796,10.285480572189424,2.429543196426558,26.814215006722925,18.002979882006805
41.484423998312536,0.25341780593531177,10.230681232168891,2.430441298554887,26.727695300986554,17.927256212049137
41.539008766731364,0.2537512504168056,10.176135101885938,2.431328257375752,26.64128215712846,17.851738362568465
41.5935935351502,0.25408469489829943,10.121841758195991,2.4322040746604996,26.55497654788035,17.776426794831135
41.64817830356903,0.2544181393797933,10.06780077001268,2.4330687524830137,26.468779440930767,17.701321961417555
41.70276307198786,0.2547515838612871,10.014011698392691,2.4339222932189037,26.382691798889446,17.62642430622984
41.757347840406695,0.2550850283427809,9.960474096620889,2.4347646995446746,26.29671457925216,17.551734264500247
41.81193260882553,0.25541847282427477,9.907187510295742,2.435595974436877,26.210848734366056,17.477252262800423
41.86651737724436,0.2557519173057686,9.85415147741496,2.436416121171241,26.125095211395315,17.402978719051323
41.92110214566319,0.25608536178726243,9.801365528461323,2.4372251433217893,26.03945495228729,17.328914042533864
41.975686914082026,0.25641880626875624,9.748829186488802,2.4380230447599316,25.95392889373915,17.25505863390041
42.03027168250085,0.25675225075025004,9.6965419672088,2.4388098296535414,25.868517967164863,17.18141288518689
42.08485645091969,0.2570856952317439,9.644503379076587,2.4395855024660156,25.783223098662656,17.107977179825646
42.13944121933852,0.25741913971323777,9.592712923377936,2.4403500679553143,25.698045208982986,17.034751892659095
42.19402598775735,0.25775258419473157,9.541170094315868,2.4411035311729843,25.612985213496884,16.961737389954006
42.248610756176184,0.2580860286762254,9.48987437909751,2.441845897463163,25.52804402216475,16.8889340294165
42.30319552459502,0.25841947315771924,9.438825258021142,2.442577172461568,25.443222539505676,16.816342160207828
42.357780293013846,0.25875291763921304,9.388022204563283,2.4432973620944645,25.358521664567185,16.743962122960756
42.41236506143268,0.2590863621207069,9.337464685465859,2.44400647257762,25.273942290895356,16.671794249796676
42.466949829851515,0.2594198066022007,9.287152160823508,2.4447045104152405,25.18948530650557,16.599838864343425
42.52153459827035,0.25975325108369457,9.23708408417087,2.445391482398887,25.105151593853584,16.528096281753765
42.57611936668918,0.2600866955651884,9.187259902569973,2.4460673956063808,25.020942029807134,16.45656680872452
42.63070413510801,0.26042014004668224,9.137679056697584,2.4467322574006873,24.936857485617963,16.38525074351638
42.685288903526846,0.26075358452817604,9.088340980932664,2.447386075428785,24.85289882689439,16.314148375974423
42.73987367194567,0.26108702900966985,9.039245103443747,2.44802885762052,24.7690669135743,16.243259987549234
42.79445844036451,0.2614204734911637,8.990390846276314,2.4486606121874406,24.68536259989857,16.172585851318647
42.84904320878334,0.26175391797265757,8.941777625440194,2.4492813476216218,24.60178673438509,16.10212623201023
42.90362797720217,0.2620873624541514,8.893404850996859,2.4498910726944665,24.518340159803145,16.031881386024317
42.958212745621005,0.2624208069356452,8.845271927146682,2.450489796455498,24.435023713148293,15.961851561457657
43.01279751403984,0.26275425141713904,8.797378252316152,2.451077528231135,24.351838225617822,15.89203699812779
43.06738228245867,0.26308769589863285,8.749723219244995,2.451654277623448,24.268784522586568,15.82243792759793
43.1219670508775,0.2634211403801267,8.702306215073143,2.452220054508906,24.185863423583235,15.753054573202476
43.176551819296336,0.26375458486162057,8.655126621427712,2.4527748690371056,24.103075742267293,15.683887150073188
43.23113658771516,0.2640880293431143,8.608183814509745,2.4533187316294844,24.020422286406266,15.61493586516589
43.285721356134,0.2644214738246082,8.56147716518087,2.453851652978024,23.937903857853495,15.54620091728775
43.34030612455283,0.26475491830610204,8.515006039049837,2.454373644043933,23.855521252526497,15.477682497125228
43.39489089297166,0.26508836278759584,8.468769796558846,2.454884716056321,23.773275260385702,15.409380787272502
43.449475661390494,0.2654218072690897,8.422767793069717,2.455384880510857,23.691166665413697,15.34129596226048
43.50406042980933,0.2657552517505835,8.376999378949922,2.4558741491684124,23.609196245595037,15.273428188586434
43.55864519822816,0.26608869623207737,8.331463899658358,2.4563525340536922,23.52736477289645,15.205777624744098
43.61322996664699,0.2664221407135712,8.286160695830961,2.4568200474538537,23.4456730132476,15.138344421254368
43.667814735065825,0.26675558519506504,8.24108910336606,2.457276701917111,23.36412172652225,15.071128720696482
43.72239950348466,0.26708902967655884,8.196248453509558,2.4577225102513247,23.282711666520072,15.004130657739811
43.77698427190349,0.26742247415805265,8.15163807293983,2.458157485522582,23.2014435809488,14.937350359176106
43.83156904032232,0.2677559186395465,8.107257283852359,2.4585816410537635,23.120318211406918,14.870787943952244
43.886153808741156,0.26808936312104037,8.063105404044169,2.4589949904230957,23.03933629336689,14.804443523203565
43.94073857715998,0.2684228076025342,8.019181746997932,2.459397547462693,22.958498556158855,14.738317200287629
43.99532334557882,0.268756252084028,7.975485621965791,2.4597893262570887,22.877805722954726,14.672409070818462
44.04990811399765,0.26908969656552184,7.93201633405294,2.4601703411417506,22.797258510752965,14.606719222701367
44.10449288241648,0.26942314104701565,7.888773184300852,2.4605406067015902,22.716857630363677,14.541247736168126
44.159077650835314,0.2697565855285095,7.845755469770193,2.460900137769455,22.636603786394268,14.47599468381268
44.21366241925415,0.2700900300100033,7.802962483623462,2.4612489494246144,22.556497677235615,14.410960130627334
44.268247187672976,0.2704234744914971,7.760393515207248,2.461587056991231,22.476539995048707,14.346144134039347
44.32283195609181,0.270756918972991,7.718047850134148,2.4619144760368235,22.396731425751714,14.281546743947967
44.377416724510645,0.27109036345448484,7.67592477036438,2.4622312223707183,22.31707264900768,14.217168002761968
44.43200149292947,0.27142380793597864,7.634023554286983,2.4625373120424894,22.2375643382126,14.153007945437558
44.48658626134831,0.27175725241747245,7.592343476800662,2.4628327613403913,22.158207160483975,14.08906659951669
44.54117102976714,0.2720906968989663,7.550883809394283,2.463117586789777,22.07900177664997,14.025343985165877
44.59575579818597,0.2724241413804601,7.50964382022695,2.4633918051515122,21.999948841238954,13.961840115215333
44.650340566604804,0.272757585861954,7.468622774207681,2.4636554334203744,21.921049002469523,13.898554995198506
44.70492533502364,0.27309103034344784,7.427819933074727,2.4639084888234466,21.8423029022411,13.835488623392079
44.75951010344247,0.27342447482494164,7.387234555474432,2.464150988818499,21.763711176124957,13.772640990856287
44.8140948718613,0.27375791930643545,7.3468658970397,2.4643829510923645,21.685274453355703,13.710012081475627
44.868679640280135,0.2740913637879293,7.3067132104680095,2.4646043935593016,21.606993356823274,13.647601871999916
44.92326440869897,0.27442480826942317,7.266775745599047,2.4648153343593537,21.528868503065464,13.585410332085766
44.9778491771178,0.274758252750917,7.227052749491849,2.4650157918566946,21.450900502260854,13.523437424338361
45.03243394553663,0.2750916972324108,7.187543466501493,2.465205784637971,21.373089958222206,13.461683104353554
45.087018713955466,0.27542514171390464,7.148247138355394,2.4653853315106335,21.29543746839046,13.400147320760386
45.14160348237429,0.27575858619539845,7.1091630042290745,2.46555445150126,21.217943623829086,13.33883001526386
45.19618825079313,0.2760920306768923,7.070290300821481,2.465713163853873,21.14060900921892,13.277731122688033
45.25077301921196,0.2764254751583861,7.031628262429863,2.465861488028251,21.063434202853568,13.216850571019494
45.30535778763079,0.2767589196398799,6.9931761210241365,2.465999443698227,20.986419776635184,13.156188281451067
45.359942556049624,0.2770923641213738,6.954933106320744,2.466127050749986,20.909566296070725,13.095744168425828
45.41452732446846,0.27742580860286764,6.916898445856081,2.4662443292803533,20.83287432026876,13.035518139681468
45.469112092887286,0.27775925308436145,6.879071365059375,2.466351299595076,20.75634440193666,12.975510096294869
45.52369686130612,0.27809269756585525,6.841451087325064,2.4664479822070966,20.679977087378234,12.915719932726965
45.578281629724955,0.2784261420473491,6.804036834084698,2.4665343978348275,20.603772916491963,12.856147536867923
45.63286639814378,0.2787595865288429,6.766827824878302,2.4666105674004077,20.527732422769546,12.796792790082526
45.68745116656262,0.2790930310103368,6.729823277425201,2.4666765120279663,20.451856133294946,12.737655567255803
45.74203593498145,0.2794264754918306,6.693022407694377,2.466732253041869,20.376144568743968,12.678735736838972
45.796620703400286,0.27975991997332444,6.656424429974244,2.46677781196497,20.3005982433842,12.620033160895543
45.851205471819114,0.28009336445481825,6.620028556941921,2.4668132105168485,20.22521766507545,12.561547695147695
45.90579024023795,0.2804268089363121,6.58383399973193,2.466838470612049,20.150003335270597,12.503279189022823
45.96037500865678,0.2807602534178059,6.54783996800442,2.466853614358311,20.074955749016958,12.445227485700393
46.01495977707561,0.2810936978992997,6.51204567001278,2.466858664054796,20.000075394958042,12.38739242215891
46.069544545494445,0.2814271423807936,6.476450312670716,2.46685364219031,19.92536275533574,12.329773829223107
46.12412931391328,0.28176058686228744,6.441053101618813,2.466838571441524,19.85081830599302,12.27237153161138
46.17871408233211,0.28209403134378125,6.405853241290504,2.466813474671185,19.776442516377013,12.215185347983345
46.23329885075094,0.28242747582527505,6.370849934977462,2.4667783749263297,19.7022358495425,12.158215090987571
46.287883619169776,0.2827609203067689,6.336042384894501,2.466733295436489,19.628198762155925,12.101460567309552
46.3424683875886,0.2830943647882627,6.301429792243832,2.4666782596118937,19.554331704499784,12.044921577719771
46.39705315600744,0.2834278092697566,6.267011357278782,2.466613291041672,19.48063512047739,11.988597917121924
46.45163792442627,0.28376125375125044,6.2327862793669615,2.4665384134920494,19.407109447618204,11.932489374601357
46.5062226928451,0.2840946982327442,6.198753757052829,2.4664536509045427,19.33375511708345,11.876595733473573
46.560807461263934,0.28442814271423805,6.16491298811967,2.4663590273941494,19.260572553672183,11.820916771332888
46.61539222968277,0.2847615871957319,6.131263169651041,2.4662545672475398,19.187562175827864,11.765452260101261
46.669976998101596,0.2850950316772257,6.097803498091597,2.466140294921241,19.11472439564524,11.710201966077197
46.72456176652043,0.2854284761587196,6.064533169307323,2.4660162350398243,19.042059618877644,11.655165649984745
46.779146534939265,0.2857619206402134,6.0314513786452295,2.4658824123940852,18.969568244944796,11.600343067022694
46.8337313033581,0.28609536512170725,5.99855732099242,2.4657388519392285,18.897250666940916,11.545733966913765
46.88831607177693,0.28642880960320105,5.965850190834583,2.4655855787930423,18.825107271643272,11.491338093953967
46.94290084019576,0.2867622540846949,5.9333291823138845,2.4654226182340806,18.75313843952111,11.437155187061977
46.997485608614596,0.2870956985661887,5.900993489286294,2.4652499956998386,18.681344544745027,11.383184979828691
47.052070377033424,0.2874291430476825,5.868842305378298,2.465067736784928,18.609725955196705,11.329427200566762
47.10665514545226,0.2877625875291764,5.836874824043006,2.464875867239253,18.538283032478986,11.275881572360227
47.16123991387109,0.28809603201067024,5.8050902386157075,2.4646744129661826,18.467016131926453,11.222547813114232
47.21582468228992,0.28842947649216405,5.7734877423687925,2.4644634000207275,18.395925602616288,11.169425635604787
47.270409450708755,0.28876292097365786,5.742066528566077,2.4642428546077104,18.32501178737952,11.116514747528521
47.32499421912759,0.2890963654551517,5.710825790516568,2.464012803079942,18.254275022812735,11.063814851552578
47.37957898754642,0.2894298099366455,5.679764721627599,2.4637732719363927,18.18371563929008,11.011325645364474
47.43416375596525,0.2897632544181394,5.648882515457365,2.4635242878203663,18.113333960975616,10.959046821721973
47.488748524384086,0.2900966988996332,5.6181783657668944,2.463265877517674,18.043130305836147,10.906978068503067
47.54333329280291,0.290430143381127,5.58765146657139,2.462998067954809,17.973104985654317,10.855119068755894
47.59791806122175,0.29076358786262085,5.557301012190973,2.4627208861971224,17.903258306042062,10.803469500748676
47.65250282964058,0.2910970323441147,5.52712619730087,2.4624343594469966,17.833590566454514,10.752029038019721
47.70708759805941,0.2914304768256085,5.497126216980951,2.462138515042025,17.764102060204166,10.700797349427367
47.761672366478244,0.2917639213071023,5.467300266764694,2.4618333804531893,17.694793074475392,10.649774099199904
47.81625713489708,0.2920973657885962,5.437647542687571,2.461518983283039,17.625663890339393,10.598958946985569
47.87084190331591,0.29243081027009005,5.408167241334806,2.461195351263871,17.55671478276939,10.548351547902431
47.92542667173474,0.29276425475158385,5.378858559888565,2.4608625122559147,17.487946020656224,10.497951552588306
47.980011440153575,0.2930976992330777,5.349720696174522,2.460520494245515,17.419357866824214,10.447758607250606
48.03459620857241,0.2934311437145715,5.320752848707876,2.460169325343321,17.350950578047474,10.3977723537162
48.08918097699124,0.2937645881960653,5.291954216738739,2.4598090337824705,17.28272440506643,10.3479924294812
48.14376574541007,0.2940980326775592,5.263324000296934,2.459439647916785,17.2146795926047,10.298418467760682
48.198350513828906,0.29443147715905305,5.234861400236238,2.4590611962189612,17.146816379386365,10.249050097538422
48.25293528224773,0.29476492164054685,5.206565618278004,2.4586737072787677,17.079134998153464,10.199886943616525
48.30752005066657,0.29509836612204066,5.1784358570541915,2.458277209801243,17.011635675683817,10.15092862666497
48.3621048190854,0.2954318106035345,5.150471320149851,2.4578717326048984,16.94431863280924,10.10217476327117
48.41668958750423,0.2957652550850283,5.122671212144989,2.457457304619922,16.877184084433956,10.053624965989396
48.471274355923065,0.2960986995665222,5.0950347386558485,2.4570339548863855,16.810232239553372,10.005278843390109
48.5258591243419,0.296432144048016,5.067561106375648,2.4566017125524584,16.743463301273152,9.957136000109287
48.58044389276073,0.2967655885295098,5.040249523114705,2.456160606872619,16.676877466828586,9.909196036897606
48.63502866117956,0.29709903301100365,5.0130991978399795,2.4557106672058753,16.610474927604184,9.861458550669512
48.689613429598396,0.2974324774924975,4.98610934071409,2.455251923013987,16.544255869153677,9.813923134552278
48.74419819801722,0.2977659219739913,4.959279163133703,2.45478440385969,16.47822047122021,9.766589377934883
48.79878296643606,0.2980993664554851,4.932607877767375,2.4543081394049286,16.412368907756825,9.719456866516799
48.85336773485489,0.298432810936979,4.90609469859284,2.4538231594090862,16.346701346947267,9.672525182356718
48.90795250327372,0.2987662554184728,4.879738840933709,2.4533294937272276,16.281217951227028,9.625793903921112
48.962537271692554,0.29909969989996665,4.853539521495606,2.4528271723083397,16.215918877304635,9.579262606132668
49.01712204011139,0.29943314438146046,4.827495958401775,2.4523162251935795,16.150804276183266,9.532930860418666
49.07170680853022,0.2997665888629543,4.801607371228084,2.451796682514526,16.085874293182584,9.486798234759156
49.12629157694905,0.3001000333444481,4.7758729810375105,2.4512685744914373,16.021129067960842,9.44086429373505
49.180876345367885,0.300433477825942,4.750292010414042,2.450731931431512,15.9565687345372,9.395128598576036
49.23546111378672,0.3007669223074358,4.724863683496062,2.4501867837271583,15.892193421314374,9.349590707208417
49.29004588220555,0.3011003667889296,4.6995872260091565,2.4496331618542624,15.828003251101478,9.304250174302743
49.34463065062438,0.30143381127042346,4.674461865298387,2.449071096370469,15.763998341137075,9.259106551321311
49.399215419043216,0.3017672557519173,4.649486830360034,2.448500617913463,15.700178803112554,9.21415938656555
49.45380018746204,0.3021007002334111,4.624661351872785,2.447921757199258,15.636544743195678,9.169408225223211
49.50838495588088,0.30243414471490493,4.5999846622283815,2.4473345450204893,15.573096262054342,9.124852609415386
49.56296972429971,0.3027675891963988,4.575455995561765,2.446739012244716,15.509833454880651,9.080492078243427
49.61755449271854,0.3031010336778926,4.55107458778066,2.446135189812724,15.446756411415127,9.036326167835643
49.672139261137374,0.30343447815938646,4.526839676594635,2.445523108736841,15.38386521597115,8.99235441139382
49.72672402955621,0.3037679226408803,4.502750501543666,2.44490280009925,15.321159947459694,8.948576339239635
49.781308797975036,0.30410136712237407,4.478806304026153,2.4442742950503167,15.258640679414171,8.904991478860822
49.83589356639387,0.3044348116038679,4.455006327326418,2.443637624806918,15.196307480015513,8.861599354957175
49.890478334812705,0.3047682560853618,4.43134981664172,2.442992820650779,15.134160412117518,8.818399489486408
49.94506310323153,0.3051017005668556,4.4078360191087285,2.442339913926818,15.07219953327232,8.775391401709781
49.99964787165037,0.30543514504834945,4.384464183829495,2.4416789360414923,15.010424895756064,8.732574608237542
50.0542326400692,0.30576858952984326,4.361233561896944,2.441009918461159,14.948836546594835,8.68994862307421
50.10881740848804,0.3061020340113371,4.33814340641984,2.440332892710435,14.887434527590706,8.647512957663627
50.163402176906864,0.3064354784928309,4.315192972547266,2.43964789037057,14.826218875348014,8.605267120933835
50.2179869453257,0.3067689229743248,4.292381517492607,2.4389549430778215,14.765189621299761,8.563210619341707
50.27257171374453,0.3071023674558186,4.269708300557056,2.4382540825218406,14.70434679173429,8.521342956917445
50.32715648216336,0.3074358119373124,4.247172583152627,2.4375453404440623,14.643690407822042,8.479663635308826
50.381741250582195,0.30776925641880626,4.224773628824668,2.4368287486361058,14.583220485642503,8.438172153825208
50.43632601900103,0.3081027009003001,4.202510703273937,2.4361043389381787,14.522937036211369,8.396868009481407
50.49091078741986,0.3084361453817939,4.180383074378171,2.435372143237493,14.462840065507821,8.355750697041291
50.54549555583869,0.30876958986328773,4.158390012213182,2.4346321934666837,14.40292957450194,8.314819709061153
50.600080324257526,0.3091030343447816,4.13653078907352,2.43388452160224,14.34320555918236,8.274074535932927
50.65466509267635,0.3094364788262754,4.114804679492639,2.433129159662939,14.283668010584002,8.233514665927126
50.70924986109519,0.30976992330776926,4.093210960262611,2.432366139708293,14.224316914815946,8.193139585235551
50.76383462951402,0.31010336778926306,4.071748910453399,2.431595493836998,14.165152253089524,8.152948778013824
50.81841939793285,0.31043681227075687,4.050417811431676,2.4308172541853983,14.106174001746487,8.112941726423646
50.873004166351684,0.31077025675225073,4.029216946879167,2.4300314529259497,14.047382132287293,8.073117910674817
50.92758893477052,0.3111037012337446,4.008145602810594,2.4292381222656982,13.988776611399622,8.033476809067082
50.982173703189346,0.3114371457152384,3.98720306759115,2.4284372944447643,13.930357400986926,7.9940178980316805
51.03675847160818,0.3117705901967322,3.966388631953533,2.4276290017348345,13.872124458197119,7.954740652172668
51.091343240027015,0.31210403467822606,3.945701589014581,2.4268132764376626,13.814077735451459,7.9156445443080345
51.14592800844585,0.3124374791597199,3.9251412342914436,2.4259901508835777,13.756217180473461,7.876729045510543
51.20051277686468,0.3127709236412137,3.9047068657173525,2.425159657430004,13.69854273631799,7.837993625148347
51.25509754528351,0.3131043681227076,3.884397783656953,2.424321828459984,13.641054341400391,7.799437750925331
51.309682313702346,0.3134378126042014,3.8642132909212457,2.4234766963807153,13.583751929525839,7.7610608889212624
51.364267082121174,0.3137712570856952,3.8441526927820937,2.4226242936220914,13.526635429918697,7.722862503631645
51.41885185054001,0.31410470156718906,3.8242152969863232,2.421764652635256,13.469704767251985,7.68484205800732
51.47343661895884,0.3144381460486829,3.8044004137694394,2.420897805891162,13.412959861677017,7.646999013493864
51.52802138737767,0.3147715905301767,3.7847073558689246,2.4200237858791405,13.356400628853061,7.609332830070697
51.582606155796505,0.31510503501167053,3.7651354385371354,2.41914262510548,13.300026979977098,7.571842966289916
51.63719092421534,0.3154384794931644,3.7456839795538373,2.4182543560920124,13.243838821813718,7.534528879314938
51.69177569263417,0.3157719239746582,3.7263522992383216,2.41735901137471,13.18783605672505,7.497390024958831
51.746360461053,0.31610536845615206,3.707139720461142,2.4164566235022877,13.132018582700777,7.460425857722387
51.800945229471836,0.31643881293764586,3.6880455686554967,2.415547225034821,13.076386293388266,7.423635830831986
51.85552999789066,0.31677225741913967,3.6690691718282067,2.414630848542366,13.020939078122739,7.387019396277146
51.9101147663095,0.31710570190063353,3.650209860570328,2.413707526603592,12.965676821957503,7.350576004847818
51.96469953472833,0.3174391463821274,3.6314669680674148,2.4127772918044235,12.910599405694303,7.3143051061714655
52.01928430314716,0.3177725908636212,3.612839830109398,2.411840176736691,12.855706705913684,7.27820614874982
52.073869071565994,0.318106035345115,3.594327785100103,2.4108962139967884,12.800998595005424,7.242278579995397
52.12845383998483,0.31843947982660886,3.5759301740664395,2.4099454361843446,12.74647494119907,7.206521846267765
52.18303860840366,0.3187729243081027,3.5576463406672074,2.4089878759009014,12.692135608594459,7.170935392909515
52.23762337682249,0.31910636878959653,3.539475631201574,2.4080235657485995,12.63798045719236,7.135518664281988
52.292208145241325,0.31943981327109033,3.5214173946171945,2.407052538328877,12.584009342925087,7.100271103800706
52.34679291366016,0.3197732577525842,3.5034709825180137,2.406074826241176,12.530222117687254,7.065192153970577
52.40137768207899,0.320106702234078,3.4856357491717143,2.405090462081659,12.476618629366488,7.030281256420796
52.45596245049782,0.32044014671557186,3.467911051516829,2.4040994784419323,12.423198721874208,6.995537851939468
52.510547218916656,0.32077359119706567,3.4502962491695515,2.4031019079077827,12.369962235176473,6.960961380508009
52.565131987335484,0.32110703567855947,3.4327907044301993,2.4020977830579224,12.316909005324826,6.9265512813352315
52.61971675575432,0.32144048016005333,3.415393782289358,2.401087136462742,12.264038864487151,6.892306992891155
52.67430152417315,0.3217739246415472,3.3981048504337314,2.4000700006830744,12.211351640978634,6.858227952940591
52.72888629259198,0.322107369123041,3.3809232792516566,2.399046408268969,12.15884715929267,6.82431359857641
52.783471061010815,0.3224408136045348,3.3638484418383143,2.3980163917584734,12.106525240131809,6.790563366252543
52.83805582942965,0.32277425808602866,3.3468797140006545,2.396979983676428,12.054385700438772,6.756976691816736
52.89264059784848,0.32310770256752247,3.3300164742620004,2.3959372165332664,12.002428353427419,6.723553010543009
52.94722536626731,0.32344114704901633,3.313258103866359,2.3948881228238283,11.950653008613738,6.690291757163824
53.001810134686146,0.3237745915305102,3.296603986782456,2.3938327350261814,11.899059471846908,6.6571923659020324
53.05639490310497,0.32410803601200394,3.2800535097074643,2.392771085600454,11.847647545340287,6.6242542705025
53.11097967152381,0.3244414804934978,3.2636060620704486,2.391703206987673,11.796417027702438,6.591476904263462
53.16556443994264,0.32477492497499166,3.2472610360355465,2.3906291316086192,11.745367713968184,6.55885970006764
53.22014920836148,0.3251083694564855,3.231017826504852,2.389548891862685,11.694499395629622,6.526402090413045
53.274733976780304,0.32544181393797933,3.214875831121039,2.388462520126747,11.64381186066716,6.494103507443529
53.32931874519914,0.32577525841947313,3.198834450269702,2.387370048754046,11.593304893580502,6.461963382979037
53.38390351361797,0.326108702900967,3.1828930870814514,2.386271510073075,11.542978275419713,6.429981148545626
53.4384882820368,0.3264421473824608,3.1670511474337295,2.385166936386485,11.49283178381619,6.39815623540518
53.493073050455635,0.32677559186395466,3.1513080399523665,2.384056359969988,11.442865193013628,6.366488074584836
53.54765781887447,0.32710903634544847,3.135663176012901,2.3829398130712818,11.393078273899034,6.334976096906184
53.6022425872933,0.3274424808269423,3.1201159697416303,2.381817327908977,11.343470794033664,6.30361973301416
53.65682735571213,0.32777592530843613,3.104665838016416,2.380688936671539,11.294042517683913,6.272418413405654
53.711412124130966,0.32810936978993,3.0893122004672593,2.3795546715162343,11.24479320585228,6.241371568457886
53.76599689254979,0.3284428142714238,3.074054479476622,2.378414564568092,11.19572261630822,6.21047862845648
53.82058166096863,0.3287762587529176,3.0588921001795093,2.3772686479188714,11.146830503618977,6.179739023623252
53.87516642938746,0.32910970323441147,3.0438244904633365,2.376116953626042,11.098116619180434,6.1491521841437775
53.92975119780629,0.32944314771590527,3.028851080967551,2.3749595137117705,11.049580711247897,6.118717540194634
53.984335966225125,0.32977659219739913,3.0139713050830244,2.3737963601619225,11.00122252496681,6.088434521970388
54.03892073464396,0.33011003667889294,2.999184598951244,2.3726275249250666,10.953041802403511,6.058302559710338
54.09350550306279,0.33044348116038674,2.9844904014632627,2.3714530399114975,10.905038282575891,6.028321083724953
54.14809027148162,0.3307769256418806,2.969888154258439,2.3702729369922584,10.857211701483994,5.998489524422043
54.202675039900456,0.33111037012337446,2.9553773017229763,2.369087247998184,10.809561792140649,5.968807312332693
54.25725980831928,0.33144381460486827,2.94095729098824,2.3678960047189457,10.762088284601983,5.939273878136895
54.31184457673812,0.3317772590863621,2.9266275719288686,2.366699238902109,10.71479090599789,5.9098886526889105
54.36642934515695,0.33211070356785594,2.912387597160696,2.365496982252201,10.667669380562515,5.880651067042403
54.42101411357579,0.3324441480493498,2.8982368220384616,2.364289266429788,10.620723429664597,5.851560552475263
54.475598881994614,0.3327775925308436,2.8841747046533324,2.3630761230505617,10.573952771837822,5.8226165405141845
54.53018365041345,0.33311103701233746,2.870200705830223,2.3618575836844355,10.527357122811068,5.793818462958969
54.58476841883228,0.33344448149383127,2.856314289124944,2.3606336798546517,10.480936195538646,5.765165751906582
54.63935318725111,0.3337779259753251,2.842514920821149,2.3594044430368966,10.434689700230438,5.736657839774929
54.693937955669945,0.33411137045681893,2.828802069927099,2.358169904658426,10.388617344381958,5.708294159326357
54.74852272408878,0.3344448149383128,2.8151752081722616,2.356930096097203,10.342718832804419,5.680074143690936
54.80310749250761,0.3347782594198066,2.801633810003721,2.355685048681038,10.29699386765466,5.651997226389434
54.85769226092644,0.3351117039013004,2.7881773525824114,2.3544347936867496,10.251442148465008,5.624062841356046
54.912277029345276,0.33544514838279427,2.7748053157791994,2.3531793623393242,10.206063372173139,5.596270422960882
54.9668617977641,0.3357785928642881,2.7615171821707802,2.351918785811092,10.160857233151788,5.568619406032175
55.02144656618294,0.33611203734578193,2.7483124370354113,2.35065309522091,10.115823423238401,5.541109225878222
55.07603133460177,0.33644548182727574,2.7351905683485014,2.349382321633356,10.070961631764758,5.513739318309104
55.1306161030206,0.33677892630876954,2.722151066778025,2.3481064960579294,10.026271545586466,5.486509119658119
55.185200871439434,0.3371123707902634,2.709193425679781,2.3468256494482644,9.981752849112365,5.459418066802957
55.23978563985827,0.33744581527175727,2.6963171410925164,2.3455398127013534,9.93740522433392,5.432465597186655
55.294370408277096,0.33777925975325107,2.6835217117328822,2.3442490166567747,9.893228350854459,5.405651148838269
55.34895517669593,0.3381127042347449,2.670806638990247,2.342953292095935,9.849221905918338,5.37897416039328
55.403539945114765,0.33844614871623874,2.6581714269213794,2.341652669741321,9.805385564440071,5.352434071113807
55.4581247135336,0.3387795931977326,2.6456155822449725,2.340347180255754,9.761718999033306,5.326030320908506
55.51270948195243,0.3391130376792264,2.6331386143360422,2.3390368542416646,9.71822188003975,5.299762350352263
55.56729425037126,0.3394464821607202,2.6207400352201793,2.3377217222403663,9.674893875557972,5.273629600705602
55.621879018790096,0.33977992664221407,2.6084193595676863,2.3364018147313446,9.631734651472165,5.247631513933898
55.676463787208924,0.3401133711237079,2.596176104687567,2.335077162131554,9.588743871480764,5.221767532726295
55.73104855562776,0.34044681560520174,2.5840097905213946,2.333747794794723,9.545921197124965,5.196037100514392
55.78563332404659,0.34078026008669554,2.5719199396370627,2.3324137430106697,9.503266287817201,5.170439661490713
55.84021809246542,0.34111370456818935,2.5599060772224065,2.3310750370046263,9.460778800869473,5.144974660626905
55.894802860884255,0.3414471490496832,2.5479677310787,2.329731706936572,9.418458391521565,5.11964154369169
55.94938762930309,0.34178059353117707,2.536104431614055,2.3283837829005765,9.376304712969226,5.094439757268618
56.00397239772192,0.3421140380126709,2.5243157118366875,2.3270312949241503,9.334317416392189,5.069368748773537
56.05855716614075,0.3424474824941647,2.512601107348075,2.3256742729676065,9.292496150982087,5.044427966471844
56.113141934559586,0.34278092697565854,2.5009601563360198,2.3243127469234306,9.25084056397031,5.019616859495505
56.16772670297841,0.34311437145715235,2.4893923995675884,2.322946746615658,9.209350300655716,4.994934877859842
56.22231147139725,0.3434478159386462,2.4778973803819513,2.321576301799263,9.168025004432224,4.9703814724800575
56.27689623981608,0.34378126042014007,2.466474644683128,2.320201442159554,9.126864316816345,4.94595609518757
56.33148100823491,0.3441147049016338,2.4551237409326276,2.3188221973115803,9.085867877474568,4.921658198746089
56.386065776653744,0.3444481493831277,2.4438442201419837,2.3174385967995446,9.045035324250614,4.897487236867461
56.44065054507258,0.34478159386462154,2.432635635865216,2.3160506700962284,9.004366293192648,4.873442664227309
56.49523531349141,0.3451150383461154,2.421497544191178,2.3146584466024214,8.963860418580301,4.849523936480421
56.54982008191024,0.3454484828276092,2.410429503735827,2.3132619556463627,8.923517332951628,4.8257305102759265
56.604404850329075,0.345781927309103,2.399431075634398,2.3118612264831917,8.883336667129901,4.802061843272233
56.65898961874791,0.34611537179059687,2.3885018235335047,2.310456288294402,8.843318050250357,4.778517394151769
56.71357438716674,0.3464488162720907,2.3776413135831427,2.3090471701873123,8.803461109786761,4.755096622635479
56.76815915558557,0.34678226075358454,2.3668491144286157,2.307633901194538,8.76376547157786,4.731798989497095
56.822743924004406,0.34711570523507834,2.3561247972023933,2.306216510273476,8.724230759853771,4.708623956577219
56.877328692423234,0.34744914971657215,2.3454679355158765,2.304795026305796,8.684856597262176,4.685570986797163
56.93191346084207,0.347782594198066,2.3348781054510934,2.303369478096941,8.645642604894428,4.662639544172566
56.9864982292609,0.34811603867955987,2.3243548855523297,2.301939894375637,8.606588402311553,4.63982909382683
57.04108299767973,0.3484494831610537,2.31389785681768,2.3005063037934086,8.567693607570094,4.617139102004311
57.095667766098565,0.3487829276425475,2.303506602690527,2.299068734924104,8.528957837247836,4.594569036083302
57.1502525345174,0.34911637212404134,2.293180709050968,2.2976272162634306,8.490380706469434,4.572118364588829
57.20483730293623,0.34944981660553515,2.282919764207166,2.296181776228495,8.451961828931882,4.549786557205211
57.25942207135506,0.349783261087029,2.2727233588866342,2.2947324431573533,8.413700816929857,4.527573084788417
57.314006839773896,0.3501167055685228,2.262591086227473,2.2932792453085695,8.37559728138097,4.505477419378233
57.36859160819272,0.3504501500500166,2.2525225417695394,2.291822210860782,8.337650831850842,4.483499034210215
57.42317637661156,0.3507835945315105,2.2425173234455524,2.2903613679122756,8.299861076578072,4.461637403727417
57.47776114503039,0.35111703901300434,2.2325750315721624,2.2888967444805663,8.262227622499088,4.439892003591961
57.53234591344923,0.3514504834944982,2.222695268840949,2.287428368501991,8.224750075272846,4.418262310696367
57.586930681868054,0.35178392797599195,2.212877640309375,2.285956267831303,8.187428039305404,4.396747803174706
57.64151545028689,0.3521173724574858,2.203121753391688,2.2844804702412795,8.150261117774352,4.375347960413539
57.69610021870572,0.35245081693897967,2.193427217849779,2.283001003422336,8.11324891265315,4.354062263062681
57.75068498712455,0.3527842614204735,2.1837936457839864,2.2815178949821457,8.076391024735281,4.332890193045754
57.805269755543385,0.35311770590196734,2.1742206516238607,2.2800311724452706,8.039687053658291,4.311831233570545
57.85985452396222,0.35345115038346114,2.164707852118886,2.278540863252796,8.003136597927718,4.290884869139184
57.91443929238105,0.35378459486495495,2.15525486632916,2.2770469947619754,7.966739254940848,4.270050585558131
57.96902406079988,0.3541180393464488,2.145861315616027,2.2755495942458834,7.930494621010341,4.249327869947951
58.023608829218716,0.35445148382794267,2.1365268236326864,2.274048688893074,7.8944022913877605,4.228716210752941
58.078193597637544,0.3547849283094365,2.1272510163147538,2.272544305807248,7.858461860286916,4.208215097750537
58.13277836605638,0.3551183727909303,2.1180335218707866,2.2710364720069243,7.822672920907078,4.187824022060544
58.18736313447521,0.35545181727242414,2.108873970772787,2.2695252144251272,7.7870350654561,4.167542476154204
58.24194790289404,0.35578526175391795,2.0997719957466616,2.2680105599090696,7.751547885173344,4.1473699538630555
58.296532671312875,0.3561187062354118,2.0907272317626524,2.266492535219852,7.7162109703524875,4.127305950387618
58.35111743973171,0.3564521507169056,2.0817393160257454,2.2649711670321646,7.681023910364218,4.1073499623059195
58.40570220815054,0.3567855951983994,2.072807887966046,2.2634464819339986,7.645986293678757,4.08750148758182
58.46028697656937,0.3571190396798933,2.0639325892291267,2.261918506426363,7.611097707888233,4.067760025573166
58.514871744988206,0.35745248416138714,2.055113063666356,2.26038726692301,7.576357739728972,4.048125077039786
58.56945651340703,0.35778592864288095,2.046348957325202,2.2588527897501662,7.541765975103589,4.028596144151301
58.62404128182587,0.35811937312437475,2.0376399184395044,2.2573151011462698,7.507321999102951,4.00917273049475
58.6786260502447,0.3584528176058686,2.028985597419746,2.2557742272617185,7.473025396028032,3.9898543410820806
58.73321081866354,0.3587862620873625,2.0203856468432853,2.2542301941586205,7.438875749411592,3.9706404823574375
58.787795587082364,0.3591197065688563,2.01183972144458,2.252683027810554,7.404872642039728,3.951530662204305
58.8423803555012,0.3594531510503501,2.003347478105392,2.2511327541023327,7.3710156559732685,3.9325243899524667
58.89696512392003,0.35978659553184394,1.9949085758449812,2.2495793988297783,7.33730437256906,3.913621176384825
58.95154989233886,0.36012004001333775,1.9865226758102783,2.2480229876995006,7.30373837250108,3.8948205337440376
59.006134660757695,0.3604534844948316,1.9781894412660457,2.2464635463286817,7.270317235781406,3.8761219757389918
59.06071942917653,0.3607869289763254,1.969908537585033,2.244901100244871,7.237040541781077,3.8575250175511435
59.11530419759536,0.3611203734578192,1.9616796322381151,2.243335674885782,7.203907869250776,3.8390291758406705
59.16988896601419,0.3614538179393131,1.9535023947844206,2.241767295599097,7.170918796341372,3.8206339687524777
59.224473734433026,0.36178726242080694,1.9453764968614582,2.2401959876422812,7.1380729006243495,3.8023389159220593
59.27905850285185,0.36212070690230075,1.9373016121752316,2.2386217761823994,7.105369759112072,3.784143538481194
59.33364327127069,0.36245415138379455,1.929277416490343,2.2370446862959406,7.072808948277883,3.7660473590634815
59.38822803968952,0.3627875958652884,1.921303587620105,2.2354647429686483,7.0403900440761165,3.7480499018097526
59.44281280810835,0.3631210403467822,1.9133798054166369,2.233881971095358,7.008112621961921,3.730150692373309
59.497397576527185,0.3634544848282761,1.9055057517609588,2.232296395479839,6.975976256910935,3.7123492579250117
59.55198234494602,0.36378792930976994,1.8976811105530929,2.230708040834645,6.943980523438873,3.694645127158248
59.60656711336485,0.3641213737912637,1.8899055677021552,2.229116931780968,6.912124995620909,3.6770378302937283
59.66115188178368,0.36445481827275755,1.8821788111164468,2.2275230928484997,6.880409247110928,3.6595268990841427
59.715736650202516,0.3647882627542514,1.8745005306935554,2.2259265484752984,6.848832851160678,3.6421118668186936
59.77032141862135,0.3651217072357453,1.8668704183104492,2.2243273230076626,6.817395380638723,3.6247922683274636
59.82490618704018,0.3654551517172391,1.8592881678135793,2.222725440700009,6.786096408049284,3.607567639985661
59.87949095545901,0.3657885961987329,1.8517534750089801,2.2211209257147555,6.7549355055509155,3.5904375197177103
59.93407572387785,0.36612204068022675,1.8442660376523854,2.2195138021222154,6.723912244975074,3.57340144700123
59.988660492296674,0.36645548516172055,1.8368255554393398,2.2179040939004895,6.693026197844509,3.556458962870852
60.04324526071551,0.3667889296432144,1.8294317299953173,2.2162918249353694,6.662276935391509,3.539609609921912
60.09783002913434,0.3671223741247082,1.8220842648658577,2.214677019020244,6.6316640285760435,3.5228529323140245
60.15241479755317,0.367455818606202,1.8147828655066995,2.2130596998560135,6.601187048103726,3.5061884757745028
60.206999565972005,0.3677892630876959,1.8075272392739248,2.211439891051005,6.570845564443631,3.489615787601657
60.26158433439084,0.36812270756918974,1.80031709541412,2.209817616120898,6.540639147846004,3.473134416667977
60.31616910280967,0.36845615205068355,1.793152145054543,2.208192898488654,6.510567368359803,3.4567439134231703
60.3707538712285,0.36878959653217736,1.7860321011932956,2.206565761484447,6.480629795850079,3.4404438298970756
60.425338639647336,0.3691230410136712,1.7789566786895232,2.2049362283456073,6.450826000015268,3.4242337197024693
60.47992340806616,0.369456485495165,1.771925594253614,2.2033043222165647,6.421155550404296,3.4081131380377294
60.534508176485,0.3697899299766589,1.7649385664374158,2.201670066148797,6.3916180164335445,3.392081641689381
60.58909294490383,0.3701233744581527,1.7579953156244719,2.2000334831007873,6.36221296740371,3.376138789034533
60.64367771332266,0.3704568189396465,1.751095564020267,2.198394595937982,6.332939972516483,3.3602841400431873
60.698262481741494,0.37079026342114035,1.7442390356424884,2.1967534274327574,6.303798600891094,3.34451725628042
60.75284725016033,0.3711237079026342,1.7374254563113096,2.1951100002643895,6.274788421580744,3.3288377009084713
60.80743201857916,0.3714571523841281,1.7306545536396858,2.193464337019028,6.245909003588863,3.3132450386886956
60.86201678699799,0.3717905968656218,1.7239260570236683,2.191816460189678,6.217159915885247,3.297738835983413
60.916601555416825,0.3721240413471157,1.7172396976327367,2.1901663921761836,6.188540727422035,3.2823186607576345
60.97118632383566,0.37245748582860955,1.7105952084001557,2.1885141552852163,6.160051007149577,3.266984082580695
61.02577109225449,0.37279093031010335,1.7039923240133443,2.1868597717302722,6.131690324032139,3.2517346726277605
61.08035586067332,0.3731243747915972,1.6974307809042677,2.1852032636316676,6.103458247063459,3.236570003681224
61.134940629092156,0.373457819273091,1.6909103172398534,2.1835446530165448,6.075354345282209,3.2214896501320154
61.189525397510984,0.3737912637545848,1.6844306729124257,2.1818839618188792,6.047378187787264,3.2064931879807803
61.24411016592982,0.3741247082360787,1.6779915895301587,2.180221211879492,6.019529343752861,3.1915801948389637
61.29869493434865,0.37445815271757255,1.6715928104075626,2.1785564249460676,5.991807382443628,3.1767502499297984
61.35327970276748,0.37479159719906635,1.6652340805559822,2.176889622673175,5.9642118732294565,3.1620029340891795
61.407864471186315,0.37512504168056016,1.6589151466741217,2.175220826622293,5.936742385600231,3.1473378297664327
61.46244923960515,0.375458486162054,1.6526357571385997,2.1735500582618426,5.9093984891804565,3.1327545210250047
61.51703400802398,0.3757919306435478,1.646395661994522,2.1718773389672186,5.882179753743717,3.1182525935430334
61.57161877644281,0.3761253751250417,1.6401946129460787,2.1702026900208304,5.855085749226993,3.103831634613823
61.626203544861646,0.3764588196065355,1.6340323633471756,2.1685261326121443,5.828116045744884,3.0894912331462376
61.68078831328047,0.3767922640880293,1.6279086681920834,2.1668476878377314,5.801270213603654,3.075230979664986
61.73537308169931,0.37712570856952315,1.6218232841061127,2.1651673767013175,5.774547823315149,3.061050466310809
61.78995785011814,0.377459153051017,1.6157759693363245,2.1634852201138397,5.747948445610606,3.046949286840589
61.84454261853698,0.3777925975325108,1.6097664837422596,2.1618012388935037,5.721471651454302,3.0329270366273584
61.899127386955804,0.3781260420140046,1.6037945887867002,2.1601154537658505,5.695117012057073,3.0189833126602146
61.95371215537464,0.3784594864954985,1.597860047526455,2.1584278853638197,5.668884098889699,3.0051177135441485
62.00829692379347,0.37879293097699235,1.5919626246031815,2.1567385542278226,5.6427724836961755,2.9913298394997923
62.0628816922123,0.37912637545848615,1.5861020862342283,2.155047480805818,5.616781738506828,2.9776192923630713
62.117466460631135,0.37945981993997996,1.5802782002035092,2.1533546854533876,5.590911435651292,2.963985675584764
62.17205122904997,0.3797932644214738,1.5744907358524118,2.1516601884338216,5.565161147771397,2.950428594229998
62.2266359974688,0.3801267089029676,1.5687394640707313,2.149964009918204,5.539530447833881,2.936947654977644
62.28122076588763,0.3804601533844615,1.5630241572876313,2.148266169985499,5.51401890914298,2.923542466119626
62.335805534306466,0.3807935978659553,1.5573445894626468,2.1465666886226504,5.488626105352912,2.910212637560168
62.390390302725294,0.3811270423474491,1.551700536076707,2.144865585724673,5.463351610480214,2.896957780814945
62.44497507114413,0.38146048682894296,1.5460917741231928,2.143162881094755,5.438194998915929,2.8837775090101525
62.49955983956296,0.3817939313104368,1.5405180820990303,2.141458594444363,5.413155845437714,2.870671436881514
62.55414460798179,0.3821273757919306,1.5349792399958104,2.139752745393347,5.388233725221779,2.8576391807731953
62.608729376400625,0.38246082027342443,1.5294750292909418,2.138045353470051,5.363428213854699,2.8446803586366474
62.66331414481946,0.3827942647549183,1.5240052329388412,2.13633643811143,5.338738887345133,2.8317945900293813
62.71789891323829,0.3831277092364121,1.5185696353621503,2.1346260186631634,5.314165322135381,2.818981496113661
62.77248368165712,0.38346115371790596,1.513168022442987,2.132914114379777,5.28970709511282,2.8062406996551195
62.827068450075956,0.3837945981993998,1.5078001815142352,2.1312007444247683,5.265363783621241,2.793571825021321
62.88165321849479,0.3841280426808936,1.5024659013508606,2.1294859278707303,5.241134965472027,2.7809744981802305
62.93623798691362,0.3844614871623874,1.4971649721612663,2.1277696836994835,5.21702021895523,2.76844834669863
62.99082275533245,0.3847949316438813,1.491897185578676,2.126052030802208,5.1930191228504965,2.7559929997404513
63.04540752375129,0.38512837612537515,1.48666233465256,2.12433298797958,5.1691312564379155,2.7436080880650593
63.099992292170114,0.38546182060686895,1.4814602138400892,2.12261257394191,5.145356199508698,2.7312932440254527
63.15457706058895,0.38579526508836276,1.4762906189976222,2.120890807309287,5.121693532375747,2.719048101566401
63.20916182900778,0.3861287095698566,1.4711533473722362,2.1191677066117194,5.098142835884127,2.7068722962225276
63.26374659742661,0.3864621540513504,1.4660481975932844,2.1174432902892875,5.074703691421389,2.694765465116318
63.318331365845445,0.3867955985328443,1.4609749696639887,2.1157175766922895,5.051375680927769,2.682727246956065
63.37291613426428,0.3871290430143381,1.455933464953076,2.1139905840813986,5.028158386906298,2.6707572820337613
63.42750090268311,0.3874624874958319,1.4509234861864408,2.112262330627818,5.0050513924327635,2.6588552122229254
63.48208567110194,0.38779593197732576,1.4459448374388477,2.1105328344134366,4.982054281165556,2.647020680976358
63.536670439520776,0.3881293764588196,1.4409973241256702,2.108802113430996,4.959166637355416,2.6352533333238624
63.591255207939604,0.3884628209403134,1.4360807529946653,2.1070701855842504,4.9363880458550415,2.623552815869884
63.64583997635844,0.38879626542180723,1.4311949321177801,2.105337068688135,4.913718092128577,2.611918776791102
63.70042474477727,0.3891297099033011,1.4263396708830027,2.1036027804689352,4.891156362261017,2.6003508658339674
63.7550095131961,0.3894631543847949,1.4215147799862426,2.1018673385644577,4.868702442967457,2.5888487343121835
63.809594281614935,0.38979659886628876,1.4167200714232484,2.1001307605242046,4.846355921602242,2.577412035104122
63.86417905003377,0.39013004334778256,1.4119553584815674,2.098393063809551,4.824116386168008,2.566040422650208
63.9187638184526,0.39046348782927637,1.4072204557325358,2.0966542657939256,4.8019834253246065,2.5547335529502275
63.97334858687143,0.39079693231077023,1.4025151790233077,2.094914383762986,4.779956628397896,2.5434910835605957
64.02793335529026,0.39113037679226403,1.3978393454689244,2.0931734349148106,4.758035585388456,2.53231267359158
64.0825181237091,0.3914638212737579,1.3931927734444143,2.091431436360078,4.736219886980147,2.521197983704454
64.13710289212793,0.3917972657552517,1.3885752825769366,2.0896884051222586,4.714509124548604,2.510146676108623
64.19168766054676,0.39213071023674556,1.3839866937379575,2.087944358137806,4.6929028901695755,2.4991584145586883
64.2462724289656,0.3924641547182394,1.3794268290354657,2.0861993122563454,4.6714007766271815,2.4882328643514664
64.30085719738443,0.3927975991997333,1.3748955118062247,2.0844532842408734,4.650002377422049,2.4773696923229624
64.35544196580325,0.39313104368122703,1.3703925666080643,2.082706290767952,4.628707286779342,2.466568566845302
64.41002673422209,0.39346448816272084,1.3659178192122023,2.0809583484279064,4.607515099656668,2.4558291578235996
64.46461150264092,0.3937979326442147,1.3614710965956176,2.07920947372503,4.5864254117519145,2.4451511366928154
64.51919627105976,0.39413137712570856,1.3570522269334466,2.077459683077784,4.565437819510933,2.4345341764145356
64.57378103947859,0.3944648216072024,1.3526610395914258,2.075708992819003,4.544551920135145,2.4239779514737303
64.62836580789742,0.3947982660886962,1.3482973651183683,2.0739574191961045,4.5237673115890304,2.4134821378754596
64.68295057631626,0.3951317105701901,1.3439610352386793,2.0722049783712935,4.503083592607511,2.403046413141544
64.73753534473508,0.39546515505168384,1.339651882844911,2.070451686421776,4.48250036270324,2.3926704563071928
64.79212011315391,0.3957985995331777,1.3353697419903487,2.068697559339971,4.462017222173754,2.382353947917585
64.84670488157275,0.39613204401467156,1.3311144478816448,2.066942613033724,4.441633772108581,2.372096570024431
64.90128964999158,0.39646548849616536,1.3268858368714826,2.065186863326523,4.421349614396182,2.361898006182476
64.95587441841042,0.3967989329776592,1.32268374645128,2.063430325957718,4.401164351730828,2.3517579414459733
65.01045918682925,0.3971323774591531,1.318508015243932,2.061673016582739,4.381077587619365,2.341676062365125
65.06504395524807,0.39746582194064684,1.314358482996591,2.059914950773317,4.36108892638788,2.3316520569824832
65.1196287236669,0.3977992664221407,1.3102349905734805,2.058156144017706,4.341197973188245,2.3216856148293066
65.17421349208574,0.3981327109036345,1.3061373799487563,2.0563966117209103,4.3214043340046135,2.311776426921906
65.22879826050458,0.39846615538512836,1.3020654941993957,2.054636369204907,4.301707615659763,2.301924185757934
65.28338302892341,0.3987995998666222,1.2980191774981282,2.052875431708876,4.282107425821361,2.2921285853126503
65.33796779734224,0.39913304434811603,1.293998275106405,2.0511138143894265,4.262603373008143,2.282389321035154
65.39255256576106,0.39946648882960983,1.2900026333674062,2.0493515323208307,4.243195066595977,2.2727060898445863
65.4471373341799,0.39979993331110364,1.2860320996990797,2.0475886004952515,4.223882116823824,2.263078590126292
65.50172210259873,0.4001333777925975,1.2820865225872298,2.045825033822979,4.2046641347996445,2.25350652172797
65.55630687101757,0.40046682227409136,1.2781657515786313,2.044060847132665,4.185540732506159,2.2439895859557746
65.6108916394364,0.40080026675558517,1.2742696372741884,2.042296055171557,4.166511522806542,2.2345274855703976
65.66547640785524,0.401133711237079,1.2703980313221284,2.040530672605737,4.147576119450016,2.225119924783121
65.72006117627407,0.4014671557185729,1.2665507864112333,2.038764714020359,4.128734137077352,2.21576660925184
65.77464594469289,0.40180060020006664,1.2627277562641102,2.036998193919892,4.109985191226278,2.2064672460770622
65.82923071311173,0.4021340446815605,1.2589287956304949,2.0352311267283554,4.091328898336782,2.1972215437978697
65.88381548153056,0.4024674891630543,1.2551537602806002,2.0334635267895673,4.072764875756357,2.1880292123878764
65.9384002499494,0.40280093364454816,1.2514025069984953,2.0316954083673844,4.054292741745119,2.1788899632511387
65.99298501836823,0.403134378126042,1.2476748935755242,2.029926785645948,4.035912115480854,2.1698035092180534
66.04756978678707,0.4034678226075359,1.2439707788037615,2.0281576727299284,4.017622617063972,2.160769564541226
66.10215455520589,0.40380126708902964,1.2402900224695075,2.0263880836447745,3.999423867522372,2.151787844891323
66.15673932362472,0.4041347115705235,1.236632485346813,2.024618032336958,3.9813154888162043,2.1428580673528845
66.21132409204355,0.4044681560520173,1.2329980291910532,2.0228475326742257,3.9632971038425837,2.133979950420143
66.26590886046239,0.40480160053351116,1.2293865167325275,2.0210765984458483,3.945368336440172,2.125153213992792
66.32049362888122,0.405135045015005,1.2257978116701014,2.019305243362871,3.9275288113937004,2.1163775793717488
66.37507839730006,0.40546848949649883,1.222231778664884,2.017533481058365,3.9097781544383956,2.107652769254894
66.42966316571888,0.40580193397799263,1.218688283333943,2.0157613250876825,3.8921159922643302,2.0989785077327916
66.48424793413771,0.40613537845948644,1.2151671922440535,2.013988788928707,3.8745419525206644,2.0903545202843796
66.53883270255655,0.4064688229409803,1.211668372905489,2.012215885982113,3.8570556638198488,2.0817805337726654
66.59341747097538,0.40680226742247416,1.2081916937658432,2.0104426295716156,3.8396567557416987,2.073256276440377
66.64800223939422,0.40713571190396797,1.2047370242038908,2.0086690329442316,3.8223448588374103,2.0647814779056106
66.70258700781305,0.40746915638546183,1.2013042345234846,2.006895109270535,3.805119604633488,2.056355869157459
66.75717177623189,0.4078026008669557,1.197893195947487,2.005120871644914,3.7879806256355915,2.04797918255162
66.8117565446507,0.40813604534844944,1.1945037806117418,2.0033463330858314,3.770927555332308,2.0396511518059945
66.86634131306954,0.4084694898299433,1.1911358615590744,2.001571506536083,3.7539600281988195,2.0313715119962548
66.92092608148837,0.4088029343114371,1.187789312733338,1.9997964048630579,3.7370776797005387,2.023139999551423
66.97551084990721,0.40913637879293097,1.1844640089734875,1.998021040859,3.7202801462966173,2.014956352249408
67.03009561832604,0.4094698232744248,1.1811598260076919,1.9962454272412686,3.703567065443403,2.006820309212545
67.08468038674488,0.4098032677559187,1.1778766404474827,1.9944695766526015,3.686938075597812,1.998731610903115
67.1392651551637,0.41013671223741244,1.1746143297819387,1.9926935016613774,3.6703928162206285,1.9906899991188534
67.19384992358253,0.41047015671890624,1.1713727723719005,1.9909172147618783,3.6539309277797085,1.9826952169884373
67.24843469200137,0.4108036012004001,1.168151847444231,1.9891407283745555,3.637552051753149,1.9747470089669803
67.3030194604202,0.41113704568189396,1.1649514350861,1.9873640548462923,3.621255830632342,1.9668451208314945
67.35760422883904,0.4114704901633878,1.1617714162393113,1.9855872064506705,3.6050419079249716,1.9589892996763516
67.41218899725787,0.41180393464488163,1.15861167269466,1.9838101953882348,3.588909928157936,1.9511792939087313
67.46677376567669,0.4121373791263754,1.1554720870863293,1.98203303378676,3.5728595368802005,1.943414853244061
67.52135853409553,0.41247082360786924,1.152352542886315,1.980255733701515,3.556890380665557,1.935695728701435
67.57594330251436,0.4128042680893631,1.149252924398895,1.9784783071155339,3.5410021071153506,1.9280216725990456
67.6305280709332,0.41313771257085696,1.1461731167551232,1.9767007659398794,3.5251943648610973,1.920392438549583
67.68511283935203,0.41347115705235077,1.1431130059073635,1.9749231220139136,3.5094668035670495,1.9128077814556383
67.73969760777086,0.41380460153384463,1.1400724786238563,1.973145387105564,3.4938190739326878,1.9052674575050954
67.7942823761897,0.4141380460153385,1.1370514224833188,1.9713675729115934,3.4782508276951423,1.8977712241665134
67.84886714460852,0.41447149049683224,1.1340497258695814,1.9695896910578685,3.462761717631553,1.890318840184508
67.90345191302735,0.4148049349783261,1.1310672779662527,1.967811753099628,3.4473513975613344,1.8829100655751096
67.95803668144619,0.4151383794598199,1.1281039687514274,1.9660337705217537,3.4320195223484222,1.8755446616211413
68.01262144986502,0.41547182394131377,1.1251596889924187,1.96425575473904,3.4167657479034044,1.8682223908675641
68.06720621828386,0.41580526842280763,1.1222343302405289,1.9624777170964638,3.4015897311856094,1.8609430171168322
68.12179098670269,0.41613871290430143,1.1193277848258527,1.960699668869454,3.3864911302051257,1.8537063054242366
68.17637575512151,0.41647215738579524,1.1164399458521135,1.9589216212641638,3.3714696040247585,1.8465120220932467
68.23096052354035,0.41680560186728904,1.1135707071915308,1.957143585417739,3.356524812761901,1.8393599346708387
68.28554529195918,0.4171390463487829,1.110719963479727,1.9553655723985917,3.341656417590385,1.8322498119428374
68.34013006037802,0.41747249083027677,1.1078876101106578,1.9535875932066697,3.326864080742221,1.8251814239292345
68.39471482879685,0.41780593531177057,1.1050735432315844,1.9518096587737286,3.3121474655093044,1.818154541879515
68.44929959721568,0.41813937979326443,1.1022776597380706,1.9500317799636027,3.297506236245049,1.811168938267976
68.5038843656345,0.4184728242747582,1.0994998572690187,1.9482539675724773,3.2829400583659645,1.8042243867890448
68.55846913405334,0.41880626875625204,1.0967400342017313,1.9464762323291587,3.2684485983531535,1.7973206623525873
68.61305390247217,0.4191397132377459,1.0939980896470136,1.9446985848953486,3.254031523753786,1.790457541079229
68.66763867089101,0.4194731577192397,1.0912739234442996,1.9429210358659137,3.2396885031824776,1.783634800295659
68.72222343930984,0.41980660220073357,1.0885674361568145,1.941143595769159,3.2254192063226235,1.7768522185299398
68.77680820772868,0.42014004668222743,1.0858785290667685,1.9393662750670986,3.211223303927673,1.7701095755068144
68.83139297614751,0.4204734911637213,1.0832071041705813,1.9375890841557288,3.1971004678223456,1.7634066521430114
68.88597774456633,0.42080693564521504,1.0805530641741394,1.9358120333652997,3.183050370903788,1.7567432305425539
68.94056251298517,0.42114038012670885,1.0779163124880813,1.934035132960586,3.169072687142664,1.7501190939920566
68.995147281404,0.4214738246082027,1.0752967532231208,1.9322583931411608,3.1551670915842185,1.7435340269560409
69.04973204982284,0.42180726908969657,1.072694291185394,1.9304818240416666,3.1413332603492488,1.7369878150722347
69.10431681824167,0.42214071357119043,1.0701088318718421,1.9287054357320872,3.1275708706350414,1.7304802451468795
69.1589015866605,0.42247415805268423,1.0675402814656219,1.9269292382180199,3.1138796007162486,1.7240111051500364
69.21348635507933,0.422807602534178,1.0649885468315505,1.9251532414409467,3.100259129945713,1.7175801842108975
69.26807112349816,0.42314104701567185,1.0624535355115752,1.9233774552785052,3.0867091387552246,1.711187272613087
69.322655891917,0.4234744914971657,1.0599351557202805,1.9216018895447624,3.073229308656254,1.7048321617899844
69.37724066033583,0.42380793597865957,1.0574333163404206,1.9198265539904842,3.059819322240602,1.698514644320029
69.43182542875466,0.42414138046015337,1.0549479269184823,1.9180514583034072,3.046478863181013,1.692234513922039
69.4864101971735,0.42447482494164723,1.0524788976602801,1.9162766121085095,3.0332076162317323,1.6859915654505284
69.54099496559232,0.424808269423141,1.0500261394265802,1.9145020249682834,3.020005267229019,1.6797855948910305
69.59557973401115,0.42514171390463484,1.0475895637287511,1.912727706383002,3.0068715030915856,1.6736163993554152
69.65016450242999,0.4254751583861287,1.0451690827244504,1.9109536657909947,2.9938060118210243,1.6674837770772257
69.70474927084882,0.4258086028676225,1.0427646092133347,1.9091799125689144,2.980808482502155,1.6613875274070042
69.75933403926766,0.42614204734911637,1.0403760566328017,1.907406456032009,2.9678786053033277,1.6553274508076277
69.81391880768649,0.42647549183061023,1.0380033390537609,1.905633305434391,2.95501607147669,1.6493033488496471
69.86850357610533,0.42680893631210404,1.0356463711764325,1.9038604699693065,2.942220573358392,1.643315024206631
69.92308834452415,0.42714238079359784,1.033305068326178,1.9020879587694062,2.9294918043687543,1.6373622806505155
69.97767311294298,0.42747582527509165,1.0309793464493533,1.900315780907012,2.9168294590123707,1.6314449230469499
70.03225788136182,0.4278092697565855,1.0286691221091988,1.8985439453943886,2.9042332328781986,1.6255627573506652
70.08684264978065,0.42814271423807937,1.026374312481751,1.896772461184011,2.8917028226395676,1.61971559060083
70.14142741819948,0.4284761587195732,1.024094835351785,1.8950013371688326,2.879237926054163,1.6139032309164223
70.19601218661832,0.42880960320106704,1.021830609108785,1.893230582182553,2.8668382419639555,1.6081254874916018
70.25059695503714,0.4291430476825608,1.0195815527429435,1.8914602049998868,2.854503470295096,1.6023821705910943
70.30518172345597,0.42947649216405465,1.0173475858411847,1.8896902143368284,2.8422333120577448,1.5966730915455714
70.35976649187481,0.4298099366455485,1.0151286285832226,1.8879206188509223,2.8300274693458927,1.5909980627470512
70.41435126029364,0.4301433811270423,1.0129246017376388,1.8861514271415276,2.8178856453371064,1.5853568976442947
70.46893602871248,0.4304768256085362,1.0107354266579924,1.8843826477500847,2.8058075442922443,1.5797494107382108
70.52352079713131,0.43081027009003003,1.008561025278957,1.8826142891603814,2.7937928715551337,1.5741754175772726
70.57810556555013,0.4311437145715238,1.0064013201124826,1.880846359798818,2.7818413335522005,1.5686347347529372
70.63269033396897,0.43147715905301764,1.004256234243984,1.8790788680346724,2.769952637792051,1.563127179895069
70.6872751023878,0.43181060353451145,1.0021256913285623,1.8773118221803649,2.7581264928650384,1.557652571667384
70.74185987080664,0.4321440480160053,1.000009615587244,1.8755452304917233,2.74636260844276,1.5522107297628869
70.79644463922547,0.43247749249749917,0.9979079318032529,1.8737791011682452,2.7346606952775305,1.5468014748993248
70.8510294076443,0.43281093697899303,0.9958205653183068,1.8720134423533625,2.7230204652018113,1.5414246288146456
70.90561417606312,0.4331443814604868,0.9937474420289398,1.8702482621347047,2.711441631127607,1.536080014262468
70.96019894448196,0.4334778259419806,0.9916884883828496,1.8684835685443588,2.6999239070458043,1.5307674550075514
71.0147837129008,0.43381127042347445,0.9896436313752752,1.866719369559135,2.688467008025509,1.5254867758212904
71.06936848131963,0.4341447149049683,0.9876127985453951,1.8649556731008263,2.6770706502133086,1.5202378024772016
71.12395324973846,0.43447815938646217,0.9855959179727547,1.863192487036469,2.6657345508325188,1.5150203617464288
71.1785380181573,0.434811603867956,0.9835929182737175,1.8614298191786047,2.654458428182387,1.5098342813932546
71.23312278657613,0.43514504834944984,0.9816037285979428,1.8596676772855398,2.64324200163726,1.5046793901706208
71.28770755499495,0.4354784928309436,0.9796282786248878,1.8579060690616054,2.632084991645723,1.4995555178156619
71.34229232341379,0.43581193731243745,0.9776664985603339,1.8561450021574146,2.6209871197296835,1.4944624950452392
71.39687709183262,0.4361453817939313,0.9757183191329424,1.8543844841701238,2.6099481084834504,1.4894001535514987
71.45146186025146,0.4364788262754251,0.9737836715908287,1.8526245226436893,2.598967681572754,1.4843683259974263
71.50604662867029,0.436812270756919,0.9718624876981663,1.8508651250691246,2.588045563733743,1.4793668460124192
71.56063139708913,0.43714571523841284,0.9699546997318126,1.8491062988847577,2.577181480771945,1.4743955481878654
71.61521616550795,0.4374791597199066,0.9680602404779604,1.8473480514764877,2.5663751595611988,1.4694542680727367
71.66980093392678,0.43781260420140045,0.9661790432288117,1.8455903901780393,2.5556263280425378,1.464542842169184
71.72438570234561,0.43814604868289425,0.9643110417792796,1.8438333222712198,2.544934715223072,1.4596611079281572
71.77897047076445,0.4384794931643881,0.9624561704237107,1.8420768549861735,2.5343000511748084,1.4548089037450218
71.83355523918328,0.438812937645882,0.9606143639526319,1.8403209955016342,2.523722067033453,1.4499860689551947
71.88814000760212,0.4391463821273758,0.9587855576495221,1.8385657509451812,2.5132004949971827,1.4451924438297872
71.94272477602094,0.4394798266088696,0.9569696872876073,1.83681112839349,2.5027350683253853,1.4404278695712633
71.99730954443977,0.4398132710903634,0.9551666891266769,1.835057134872585,2.4923255213373596,1.4356921883091003
72.05189431285861,0.44014671557185725,0.953376499909928,1.8333037773580925,2.4819715894110095,1.4309852430954746
72.10647908127744,0.4404801600533511,0.951599056860828,1.8315510627754903,2.471673008981484,1.4263068779009473
72.16106384969628,0.4408136045348449,0.9498342976800032,1.8297989980003595,2.461429517539801,1.4216569376101653
72.21564861811511,0.4411470490163388,0.9480821605421489,1.8280475898586332,2.4512408536314414,1.417035268017575
72.27023338653395,0.44148049349783264,0.946342584092964,1.8262968451268462,2.441106756854911,1.4124417158231475
72.32481815495277,0.4418139379793264,0.9446155074461061,1.824546770532384,2.4310269678602827,1.4078761286281152
72.3794029233716,0.44214738246082025,0.9429008701801698,1.8227973727537283,2.421001228347694,1.4033383549307168
72.43398769179043,0.4424808269423141,0.941198612335689,1.8210486584207086,2.4110292810658467,1.3988282441219655
72.48857246020927,0.4428142714238079,0.93950867441216,1.819300634114745,2.4011108698104513,1.3943456464814166
72.5431572286281,0.4431477159053018,0.9378309973650861,1.817553306369096,2.3912457394226605,1.3898904131729537
72.59774199704694,0.44348116038679564,0.9361655226030456,1.8158066816691034,2.3814336357874732,1.3854623962405885
72.65232676546576,0.4438146048682894,0.934512191984782,1.814060766452437,2.371674305832116,1.38106144860427
72.7069115338846,0.44414804934978325,0.9328709478163124,1.8123155671093374,2.361967497524386,1.376687424055705
72.76149630230343,0.44448149383127705,0.9312417328480634,1.810571089982861,2.3523129598709955,1.3723401772541988
72.81608107072226,0.4448149383127709,0.9296244902720238,1.808827341369122,2.3427104429158674,1.3680195637225003
72.8706658391411,0.4451483827942648,0.9280191637189198,1.8070843275175341,2.333159697738417,1.363725439842664
72.92525060755993,0.4454818272757586,0.9264256972554124,1.805342054631051,2.3236604764518103,1.3594576628519248
72.97983537597875,0.4458152717572524,0.9248440353813154,1.803600528866409,2.314212532201199,1.3552160908385862
73.03442014439759,0.4461487162387462,0.9232741230268329,1.801859756334363,2.304815619161925,1.3510005827379152
73.08900491281642,0.44648216072024005,0.921715905549821,1.8001197430999303,2.295469492537719,1.346810998328065
73.14358968123526,0.4468156052017339,0.9201693287330668,1.7983804951826257,2.2861739085588604,1.3426471982259949
73.19817444965409,0.4471490496832277,0.9186343387815903,1.7966420185566996,2.276928624480324,1.3385090438834133
73.25275921807292,0.4474824941647216,0.9171108823199651,1.794904319151376,2.2677333985799017,1.3343963975827309
73.30734398649176,0.44781593864621544,0.9155989063896608,1.7931674028510882,2.2585879901563057,1.3303091224330277
73.36192875491058,0.4481493831277092,0.9140983584464054,1.791431275495714,2.2494921595272506,1.3262470823660346
73.41651352332941,0.44848282760920305,0.9126091863575658,1.78969594288081,2.240445668027505,1.3222101421321235
73.47109829174825,0.44881627209069686,0.9111313383995523,1.7879614107578468,2.231448278006948,1.318198167296322
73.52568306016708,0.4491497165721907,0.9096647632552395,1.7862276848344418,2.2224997528285777,1.3142110242343306
73.58026782858592,0.4494831610536846,0.9082094100114078,1.7844947707745913,2.2135998568665167,1.3102485801285582
73.63485259700475,0.44981660553517844,0.9067652281562054,1.7827626741989029,2.2047483555039924,1.3063107029641732
73.68943736542357,0.4501500500166722,0.9053321675766293,1.7810314006848265,2.195945015131305,1.3023972615251662
73.7440221338424,0.450483494498166,0.9039101785560242,1.7793009557668829,2.1871896031437603,1.298508125390424
73.79860690226124,0.45081693897965985,0.9024992117716043,1.7775713449368962,2.1784818879396117,1.2946431649298265
73.85319167068008,0.4511503834611537,0.9010992182919904,1.7758425736442205,2.1698216389179596,1.2908022513003472
73.90777643909891,0.4514838279426476,0.8997101495747681,1.7741146472959692,2.1612086264766446,1.2869852564421749
73.96236120751774,0.4518172724241414,0.8983319574640646,1.7723875712572408,2.1526426220101205,1.2831920530748464
74.01694597593657,0.45215071690563513,0.896964594188144,1.770661350851347,2.144123397907314,1.279422514693395
74.0715307443554,0.452484161387129,0.8956080123570208,1.768935991360036,2.135650727549457,1.2756765155645087
74.12611551277423,0.45281760586862285,0.8942621649600939,1.7672114980237208,2.1272243853079225,1.2719539307227126
74.18070028119307,0.4531510503501167,0.892927005363797,1.7654878760417008,2.1188441465420236,1.268254635966555
74.2352850496119,0.4534844948316105,0.8916024873092677,1.763765130572386,2.1105097875968086,1.264578507854814
74.28986981803074,0.4538179393131044,0.8902885649100359,1.7620432667335202,2.102221085800838,1.2609254237027157
74.34445458644957,0.45415138379459824,0.8889851926497295,1.7603222896024011,2.0939778194639445,1.2572952615781694
74.39903935486839,0.454484828276092,0.8876923253797979,1.758602204216104,2.085779767874983,1.2536879002980152
74.45362412328723,0.45481827275758585,0.886409918317253,1.7568830155716988,2.0776267112995543,1.250103219424285
74.50820889170606,0.45515171723907966,0.8851379270424307,1.7551647286264729,2.069518430977734,1.2465410992604833
74.5627936601249,0.4554851617205735,0.883876307496766,1.7534473482981474,2.06145470912177,1.2430014208478768
74.61737842854373,0.4558186062020674,0.8826250159805892,1.751730879465096,2.0534353289137734,1.2394840659618014
74.67196319696257,0.4561520506835612,0.8813840091509365,1.7500153269665628,2.045460074503395,1.2359889171079832
74.72654796538139,0.456485495165055,0.8801532440193813,1.7483006956028768,2.037528731005491,1.2325158575188755
74.78113273380022,0.4568189396465488,0.8789326779498787,1.7465869901356685,2.029641084497765,1.2290647711500056
74.83571750221905,0.45715238412804265,0.8777222686566312,1.7448742152880852,2.02179692201842,1.2256355426763446
74.89030227063789,0.4574858286095365,0.876521974201969,1.7431623757450039,2.013996031563772,1.2222280574886852
74.94488703905672,0.4578192730910303,0.8753317529942471,1.7414514761532454,2.0062382020858696,1.2188422016900364
74.99947180747556,0.4581527175725242,0.8741515637857608,1.7397415211217855,1.998523223490092,1.215477862092033
75.05405657589438,0.45848616205401793,0.8729813656706763,1.738032515221968,1.9908508866327428,1.2121349262113605
75.10864134431321,0.4588196065355118,0.8718211180829782,1.7363244629877133,1.983220983318621,1.208813282266192
75.16322611273205,0.45915305101700565,0.8706707807944352,1.7346173689157305,1.9756333062985987,1.205512819172645
75.21781088115088,0.45948649549849946,0.8695303139125792,1.7329112374657258,1.968087649267172,1.2022334265412493
75.27239564956972,0.4598199399799933,0.8683996778787035,1.7312060730606107,1.9605838068600077,1.1989749946734298
75.32698041798855,0.4601533844614872,0.8672788334658755,1.7295018800867088,1.9531215746514794,1.1957374145580053
75.38156518640739,0.46048682894298104,0.8661677417769661,1.7277986628939639,1.945700749152194,1.1925205778677022
75.4361499548262,0.4608202734244748,0.8650663642426945,1.7260964257961453,1.938321127806509,1.1893243769556832
75.49073472324504,0.4611537179059686,0.8639746626196894,1.7243951730710518,1.9309825089900308,1.186148704852088
75.54531949166388,0.46148716238746246,0.8628925989885667,1.7226949089607182,1.9236846920071242,1.1829934552605954
75.59990426008271,0.4618206068689563,0.8618201357520217,1.7209956376716171,1.9164274770883922,1.1798585225549933
75.65448902850154,0.4621540513504502,0.8607572356329363,1.7192973633748623,1.9092106653881569,1.1767438017757685
75.70907379692038,0.462487495831944,0.8597038616725042,1.71760009020641,1.90203405898193,1.1736491886267078
75.7636585653392,0.46282094031343773,0.8586599772283691,1.7159038222672607,1.8948974608638767,1.1705745794715179
75.81824333375803,0.4631543847949316,0.8576255459727784,1.7142085636236581,1.887800674944262,1.167519871330455
75.87282810217687,0.46348782927642546,0.8566005318907542,1.7125143183072908,1.8807435060469078,1.164484961876977
75.9274128705957,0.4638212737579193,0.8555848992782771,1.7108210903154886,1.8737257599066237,1.161469749434403
75.98199763901454,0.4641547182394131,0.8545786127404857,1.7091288836114216,1.8667472431666392,1.158474132972592
76.03658240743337,0.464488162720907,0.8535816371898916,1.7074377021242964,1.8598077633760277,1.1554980121046352
76.09116717585219,0.46482160720240073,0.8525939378446085,1.7057475497495533,1.8529071289871237,1.1525412870835645
76.14575194427103,0.4651550516838946,0.8516154802265958,1.7040584303490605,1.8460451493529257,1.1496038587990722
76.20033671268986,0.46548849616538845,0.8506462301599185,1.7023703477513095,1.8392216347245094,1.1466856287742528
76.2549214811087,0.46582194064688226,0.8496861537690197,1.7006833057516084,1.8324363962484174,1.143786499162352
76.30950624952753,0.4661553851283761,0.8487352174770083,1.6989973081122753,1.82568924596405,1.1409063727435358
76.36409101794636,0.46648882960987,0.8477933880039613,1.69731235856283,1.8189799968010503,1.1380451529216717
76.4186757863652,0.4668222740913638,0.8468606323652401,1.695628460800185,1.8123084625766825,1.1352027437211265
76.47326055478402,0.4671557185728576,0.8459369178698211,1.6939456184888373,1.8056744579932058,1.1323790497835795
76.52784532320285,0.4674891630543514,0.8450222121186395,1.6922638352610555,1.7990777986352353,1.1295739763648456
76.58243009162169,0.46782260753584526,0.8441164830029496,1.690583114717072,1.792518300967114,1.1267874293317224
76.63701486004052,0.4681560520173391,0.8432196987026959,1.688903460425269,1.7859957823302626,1.1240193151588447
76.69159962845936,0.4684894964988329,0.8423318276848999,1.6872248759223656,1.7795100609405348,1.1212695409255549
76.74618439687819,0.4688229409803268,0.8414528387020606,1.6855473647136054,1.7730609558855634,1.1185380143127923
76.80076916529701,0.46915638546182054,0.8405827007905677,1.683870930272942,1.7666482871221068,1.1158246435999934
76.85535393371585,0.4694898299433144,0.839721383269129,1.6821955760432215,1.7602718754733788,1.113129337662006
76.90993870213468,0.46982327442480826,0.8388688557372118,1.68052130543637,1.7539315426263966,1.1104520059660248
76.96452347055352,0.47015671890630206,0.8380250880734965,1.678848121833575,1.7476271111293025,1.1077925585685338
77.01910823897235,0.4704901633877959,0.8371900504343444,1.6771760285854678,1.7413584043886943,1.1051509061122693
77.07369300739119,0.4708236078692898,0.8363637132522787,1.6755050290123052,1.7351252466669487,1.102526959823194
77.12827777581,0.47115705235078353,0.8355460472344781,1.6738351264041513,1.7289274630795433,1.0999206315074888
77.18286254422884,0.4714904968322774,0.8347370233612837,1.672166324021055,1.7227648795923676,1.0973318335485551
77.23744731264767,0.4718239413137712,0.8339366128847197,1.6704986250932317,1.7166373230190473,1.094760478904039
77.29203208106651,0.47215738579526506,0.8331447873270256,1.668832032821241,1.7105446210182487,1.092206481102863
77.34661684948534,0.4724908302767589,0.8323615184792021,1.667166550376164,1.7044866020909895,1.0896697542422753
77.40120161790418,0.4728242747582528,0.8315867783995704,1.6655021808997796,1.6984630955779454,1.087150212984916
77.45578638632301,0.4731577192397466,0.8308205394123419,1.6638389275047418,1.6924739316567545,1.0846477725558932
77.51037115474183,0.47349116372124034,0.8300627741062034,1.662176793274754,1.68651894133932,1.0821623487398788
77.56495592316067,0.4738246082027342,0.8293134553329122,1.6605157812647429,1.6805979564691047,1.079693857878213
77.6195406915795,0.47415805268422806,0.8285725562059058,1.6588558945010334,1.6747108097184384,1.0772422168660312
77.67412545999834,0.4744914971657219,0.8278400500989225,1.6571971359815207,1.668857334585808,1.0748073431493987
77.72871022841717,0.4748249416472157,0.8271159106446349,1.6555395086758422,1.6630373653931543,1.0723891547224629
77.783294996836,0.4751583861287096,0.8264001117332954,1.6538830155255493,1.6572507372831662,1.0699875701246195
77.83787976525483,0.47549183061020334,0.8256926275113942,1.652227659444277,1.6514972862165742,1.0676025084376943
77.89246453367366,0.4758252750916972,0.8249934323803282,1.6505734433179138,1.645776848969436,1.0652338892831357
77.9470493020925,0.47615871957319106,0.824302500995084,1.6489203700047712,1.6400892631304367,1.0628816328192283
78.00163407051133,0.47649216405468486,0.8236198082629308,1.6472684423357513,1.634434367098172,1.0605456597383154
78.05621883893016,0.4768256085361787,0.8229453293421265,1.6456176631145139,1.6288120000784398,1.0582258912640372
78.110803607349,0.4771590530176726,0.8222790396406341,1.643968035117643,1.6232220020815293,1.0559222491485845
78.16538837576782,0.47749249749916634,0.8216209148148519,1.6423195610948136,1.6176642139195099,1.0536346556699665
78.21997314418665,0.4778259419806602,0.8209709307683525,1.6406722437689543,1.6121384772035154,1.0513630336292907
78.27455791260549,0.478159386462154,0.8203290636506368,1.6390260858364138,1.6066446343410405,1.0491073063480618
78.32914268102432,0.47849283094364786,0.8196952898558967,1.6373810899671237,1.6011825285332246,1.0468673976654908
78.38372744944316,0.4788262754251417,0.8190695860217897,1.6357372588047603,1.5957520037721402,1.0446432319358192
78.43831221786199,0.47915971990663553,0.8184519290282267,1.6340945949669066,1.5903529048380847,1.0424347340256586
78.49289698628083,0.4794931643881294,0.8178422959961683,1.6324531010452146,1.5849850772968688,1.0402418293113433
78.54748175469965,0.47982660886962314,0.8172406642864349,1.630812779605564,1.5796483674971094,1.0380644436762991
78.60206652311848,0.480160053351117,0.8166470114985255,1.629173633188222,1.574342622567515,1.0359025035084215
78.65665129153732,0.48049349783261086,0.81606131546945,1.6275356643080037,1.5690676904141865,1.033755935697475
78.71123605995615,0.4808269423141047,0.8154835542725709,1.6258988754544272,1.5638234197179055,1.031624667632501
78.76582082837498,0.4811603867955985,0.8149137062164562,1.624263269091874,1.5586096599314299,1.029508627199241
78.82040559679382,0.4814938312770924,0.8143517498437439,1.6226288476597428,1.5534262612767904,1.0274077427775758
78.87499036521264,0.48182727575858614,0.8137976639300161,1.6209956135726071,1.5482730747425892,1.025321943238976
78.92957513363147,0.48216072024008,0.8132514274826845,1.6193635692203683,1.5431499520812928,1.0232511579439674
78.98415990205031,0.48249416472157386,0.8127130197398879,1.6177327169684115,1.5380567458065426,1.0211953167396128
79.03874467046914,0.48282760920306766,0.8121824201693973,1.6161030591577583,1.5329933091904506,1.0191543499570033
79.09332943888798,0.4831610536845615,0.8116596084675349,1.6144745981052198,1.527959496260906,1.017128188408767
79.14791420730681,0.4834944981660554,0.8111445645581005,1.6128473361035474,1.5229551617988812,1.0151167633865898
79.20249897572563,0.48382794264754914,0.8106372685913111,1.6112212754215858,1.5179801613357422,1.013120006658751
79.25708374414447,0.484161387129043,0.8101377009427486,1.6095964183044207,1.513034351150555,1.0111378504676698
79.3116685125633,0.4844948316105368,0.8096458422123198,1.607972766973532,1.5081175882674052,1.0091702275274717
79.36625328098214,0.48482827609203066,0.809161673223225,1.60635032362694,1.5032297304527105,1.0072170710215618
79.42083804940097,0.4851617205735245,0.8086851750209373,1.6047290904393545,1.498370636212539,1.0052783146002164
79.4754228178198,0.48549516505501833,0.8082163288721932,1.6031090695623225,1.493540164789932,1.0033538923781855
79.53000758623863,0.48582860953651213,0.8077551162639912,1.6014902631243746,1.4887381761622274,1.0014437389323108
79.58459235465746,0.48616205401800594,0.8073015189026019,1.59987267323117,1.4839645310383835,0.9995477892991546
79.6391771230763,0.4864954984994998,0.8068555187125881,1.5982563019656442,1.4792190908563159,0.9976659789726473
79.69376189149513,0.48682894298099366,0.8064170978358334,1.5966411513881513,1.4745017177802244,0.9957982439017427
79.74834665991396,0.48716238746248747,0.8059862386305825,1.5950272235366088,1.4698122746979332,0.9939445204880898
79.8029314283328,0.48749583194398133,0.8055629236704902,1.5934145204266403,1.4651506252182287,0.9921047455837179
79.85751619675163,0.4878292764254752,0.8051471357436798,1.5918030440517175,1.460516633668203,0.9902788564887339
79.91210096517045,0.48816272090696894,0.8047388578518123,1.5901927963833034,1.4559101650906023,0.9884667909490351
79.96668573358929,0.4884961653884628,0.8043380732091642,1.5885837793709898,1.4513310852411723,0.9866684871540312
80.02127050200812,0.4888296098699566,0.8039447652417157,1.586975994942642,1.4467792605860195,0.9848838837343855
80.07585527042696,0.48916305435145047,0.8035589175862478,1.5853694450045348,1.4422545582989639,0.9831129197597642
80.13044003884579,0.4894964988329443,0.8031805140894489,1.583764131441492,1.4377568462589028,0.9813555347366016
80.18502480726463,0.4898299433144382,0.8028095388070314,1.5821600561170257,1.4332859930471755,0.9796116686058771
80.23960957568345,0.49016338779593194,0.8024459760028569,1.5805572208734722,1.4288418679449355,0.9778812617409071
80.29419434410228,0.49049683227742574,0.8020898101480708,1.5789556275321284,1.4244243409305193,0.9761642549451462
80.34877911252111,0.4908302767589196,0.8017410259202471,1.577355277893389,1.4200332826768318,0.9744605894500079
80.40336388093995,0.49116372124041346,0.801399608202541,1.5757561737368815,1.4156685645487241,0.9727702069126918
80.45794864935878,0.4914971657219073,0.8010655420828516,1.5741583168215991,1.411330058600383,0.9710930494140272
80.51253341777762,0.49183061020340113,0.8007388128529939,1.5725617088860366,1.4070176375727208,0.9694290594563294
80.56711818619644,0.4921640546848949,0.8004194060078783,1.5709663516483228,1.402731174890774,0.9677781799612682
80.62170295461527,0.49249749916638874,0.800107307244701,1.5693722468063505,1.3984705446610992,0.9661403542677486
80.67628772303411,0.4928309436478826,0.7998025024621425,1.5677793960379125,1.3942356216691862,0.9645155261298068
80.73087249145294,0.49316438812937646,0.7995049777595745,1.5661878010008299,1.390026281376863,0.9629036397145169
80.78545725987178,0.49349783261087027,0.799214719436277,1.5645974633330826,1.385842399919713,0.9613046395999104
80.84004202829061,0.49383127709236413,0.7989317139906623,1.5630083846529395,1.3816838541044958,0.9597184707729095
80.89462679670945,0.494164721573858,0.7986559481195101,1.5614205665590875,1.377550521406572,0.9581450786272724
80.94921156512827,0.49449816605535174,0.7983874087172091,1.5598340106307593,1.3734422799673354,0.9565844089615515
81.0037963335471,0.4948316105368456,0.7981260828750084,1.558248718427861,1.3693590085916443,0.9550364079770627
81.05838110196594,0.4951650550183394,0.7978719578802779,1.5566646914911,1.3653005867452694,0.9535010222758711
81.11296587038477,0.49549849949983327,0.7976250212157757,1.55508193134211,1.361266894552336,0.9519781988587848
81.1675506388036,0.49583194398132713,0.7973852605589264,1.5535004394835776,1.3572578127927772,0.9504678851233637
81.22213540722244,0.49616538846282093,0.7971526637811053,1.551920217399366,1.3532732228997906,0.9489700288619403
81.27672017564126,0.49649883294431474,0.7969272189469327,1.5503412665546412,1.3493130069573032,0.9474845782596529
81.3313049440601,0.49683227742580854,0.7967089143135767,1.548763588395993,1.3453770476974358,0.9460114818924898
81.38588971247893,0.4971657219073024,0.7964977383300628,1.54718718435156,1.341465228497983,0.9445506887253493
81.44047448089776,0.49749916638879627,0.7962936796365937,1.5456120558311517,1.3375774333798902,0.9431021481101077
81.4950592493166,0.49783261087029007,0.7960967270638761,1.5440382042263687,1.3337135470047399,0.941665809783703
81.54964401773543,0.49816605535178393,0.7959068696324563,1.5424656309107252,1.3298734546722435,0.9402416238662283
81.60422878615425,0.4984994998332777,0.7957240965520636,1.5408943372397688,1.32605704231774,0.93882954085904
81.65881355457309,0.49883294431477154,0.7955483972209619,1.5393243245511987,1.322264196509697,0.9374295116428745
81.71339832299192,0.4991663887962654,0.7953797612253104,1.5377555941649874,1.3184948044472249,0.9360414874759809
81.76798309141076,0.4994998332777592,0.7952181783385304,1.5361881473834975,1.31474875395759,0.9346654199922637
81.82256785982959,0.49983327775925307,0.7950636385206822,1.534621985491599,1.3110259334937375,0.9333012611994371
81.87715262824842,0.5001667222407469,0.794916131917848,1.5330571097567878,1.30732623213182,0.9319489634771927
81.93173739666726,0.5005001667222407,0.7947756488615251,1.5314935214293006,1.303649539568732,0.9306084795753778
81.98632216508608,0.5008336112037345,0.7946421798680242,1.5299312217422327,1.2999957461196519,0.9292797626121869
82.04090693350491,0.5011670556852283,0.794515715637878,1.5283702119116498,1.2963647427155864,0.9279627660723632
82.09549170192375,0.5015005001667222,0.7943962470552565,1.5268104931367068,1.2927564209009297,0.9266574438054144
82.15007647034258,0.5018339446482161,0.7942837651873899,1.5252520665997584,1.2891706728310195,0.9253637500238383
82.20466123876142,0.5021673891297099,0.7941782612839998,1.5236949334664744,1.2856073912697068,0.9240816393013612
82.25924600718025,0.5025008336112038,0.7940797267767381,1.5221390948859512,1.2820664695869277,0.9228110665711869
82.31383077559907,0.5028342780926975,0.7939881532786331,1.5205845519908248,1.2785478017562861,0.9215519871242592
82.3684155440179,0.5031677225741914,0.7939035325835436,1.5190313058973801,1.2750512823526363,0.920304356607533
82.42300031243674,0.5035011670556852,0.7938258566656206,1.5174793577056653,1.2715768065496826,0.919068131022261
82.47758508085558,0.503834611537179,0.7937551176787765,1.5159287084995994,1.268124270117576,0.9178432667222888
82.53216984927441,0.5041680560186729,0.7936913079561617,1.5143793593470825,1.2646935694205228,0.9166297204123623
82.58675461769324,0.5045015005001667,0.7936344200096491,1.5128313113001048,1.2612846014143997,0.9154274491464477
82.64133938611207,0.5048349449816605,0.7935844465293256,1.511284565394856,1.257897263644375,0.9142364103260612
82.6959241545309,0.5051683894631543,0.7935413803829913,1.5097391226518302,1.2545314542425332,0.9130565616986104
82.75050892294973,0.5055018339446482,0.7935052146156661,1.508194984075937,1.251187071925517,0.9118878613557494
82.80509369136857,0.5058352784261421,0.7934759424491036,1.5066521506566055,1.2478640159921652,0.910730267731742
82.8596784597874,0.5061687229076359,0.7934535572813123,1.5051106233678906,1.2445621863211633,0.9095837396018378
82.91426322820624,0.5065021673891297,0.7934380526860839,1.5035704031685795,1.2412814833687005,0.9084482360806594
82.96884799662507,0.5068356118706235,0.7934294224125298,1.5020314910022952,1.2380218081661332,0.9073237166206006
83.02343276504389,0.5071690563521173,0.7934276603846235,1.5004938877976022,1.2347830623176574,0.9062101410102363
83.07801753346273,0.5075025008336111,0.7934327607007512,1.4989575944681077,1.2315651479979837,0.9051074693727417
83.13260230188156,0.507835945315105,0.793444717633269,1.4974226119125678,1.2283679679500272,0.9040156621643254
83.1871870703004,0.5081693897965989,0.7934635256280677,1.4958889410149883,1.225191425482599,0.902934680172672
83.24177183871923,0.5085028342780927,0.7934891793041444,1.4943565826447258,1.2220354244681055,0.9018644845153947
83.29635660713807,0.5088362787595866,0.7935216734531816,1.4928255376565913,1.218899869340258,0.9008050366385011
83.35094137555689,0.5091697232410803,0.7935610030391322,1.4912958068909492,1.2157846650917874,0.8997562983148679
83.40552614397572,0.5095031677225742,0.7936071631978133,1.4897673911738172,1.2126897172721645,0.8987182316427277
83.46011091239455,0.509836612204068,0.7936601492365057,1.488240291316968,1.2096149319853358,0.8976907990441667
83.51469568081339,0.5101700566855618,0.7937199566335605,1.486714508118026,1.2065602158874569,0.8966739632636322
83.56928044923222,0.5105035011670557,0.7937865810380131,1.485190042360568,1.2035254761846395,0.8956676873664522
83.62386521765106,0.5108369456485495,0.7938600182692043,1.4836668948142193,1.2005106206307041,0.8946719347373642
83.67844998606988,0.5111703901300433,0.7939402643164069,1.4821450662347526,1.197515557524942,0.8936866690790565
83.73303475448871,0.5115038346115371,0.7940273153384609,1.4806245573641827,1.1945401957098807,0.8927118544107179
83.78761952290755,0.511837279093031,0.794121167663415,1.4791053689308655,1.1915844445690635,0.891747455066601
83.84220429132638,0.5121707235745249,0.7942218177881736,1.477587501649592,1.1886482140248316,0.8907934356945932
83.89678905974522,0.5125041680560186,0.7943292623781527,1.4760709562216838,1.185731414536116,0.8898497612548
83.95137382816405,0.5128376125375125,0.794443498266941,1.4745557333350883,1.1828339570962363,0.888916397018138
84.00595859658289,0.5131710570190063,0.7945645224559685,1.4730418336644717,1.179955753230709,0.8879933085649391
84.0605433650017,0.5135045015005001,0.7946923321141812,1.471529257871314,1.1770967149950622,0.8870804617835643
84.11512813342054,0.513837945981994,0.7948269245777233,1.4700180066039998,1.1742567549726564,0.8861778228690281
84.16971290183938,0.5141713904634878,0.794968297349625,1.468508080497914,1.171435786272519,0.8852853583216345
84.22429767025821,0.5145048349449817,0.7951164480994982,1.4669994801755313,1.168633722527181,0.8844030349456213
84.27888243867704,0.5148382794264755,0.7952713746632375,1.4654922062465081,1.1658504778905234,0.8835308198478162
84.33346720709588,0.5151717239079694,0.7954330750427288,1.463986259307774,1.1630859670356322,0.8826686804363026
84.3880519755147,0.5155051683894631,0.7956015474055638,1.462481639943622,1.1603401051526618,0.8818165844190958
84.44263674393353,0.5158386128709569,0.7957767900847615,1.4609783487257972,1.1576128079467025,0.8809744998028285
84.49722151235237,0.5161720573524508,0.7959588015784962,1.4594763862135884,1.1549039916356638,0.8801423948914485
84.5518062807712,0.5165055018339446,0.7961475805498313,1.457975752953915,1.1522135729481577,0.8793202382849244
84.60639104919004,0.5168389463154385,0.7963431258264603,1.456476449481416,1.1495414691213945,0.8785079988779628
84.66097581760887,0.5171723907969323,0.7965454364004543,1.4549784763185378,1.1468875978990858,0.8777056458587342
84.71556058602769,0.5175058352784261,0.7967545114280156,1.4534818339756224,1.1442518775293553,0.8769131487076105
84.77014535444653,0.51783927975992,0.7969703502292375,1.451986522950991,1.1416342267626556,0.8761304771959108
84.82473012286536,0.5181727242414138,0.797192952287871,1.4504925437310345,1.1390345648496998,0.8753576013846588
84.8793148912842,0.5185061687229077,0.7974223172510976,1.4489998967902966,1.1364528115393937,0.8745944916233491
84.93389965970303,0.5188396132044014,0.7976584449293084,1.44750858259156,1.13388888707678,0.8738411185487235
84.98848442812186,0.5191730576858953,0.7979013352958897,1.4460186015859304,1.13134271220099,0.8730974530835567
85.0430691965407,0.5195065021673891,0.798150988487015,1.444529954212922,1.128814208143204,0.8723634664354534
85.09765396495952,0.5198399466488829,0.7984074048014427,1.4430426409005404,1.126303296624619,0.8716391300956533
85.15223873337835,0.5201733911303767,0.798670584700321,1.441556662065365,1.1238098998544237,0.8709244158378464
85.20682350179719,0.5205068356118706,0.7989405288069982,1.4400720181126347,1.121333940527786,0.870219295716999
85.26140827021602,0.5208402800933645,0.7992172379068394,1.4385887094363277,1.1188753418238444,0.8695237420681882
85.31599303863486,0.5211737245748583,0.7995007129470504,1.4371067364192434,1.1164340274037083,0.8688377275054461
85.37057780705369,0.5215071690563521,0.7997909550365061,1.4356260994330854,1.114009921408469,0.8681612249206145
85.42516257547251,0.5218406135378459,0.8000879654455862,1.434146798838541,1.1116029484572176,0.8674942074822084
85.47974734389135,0.5221740580193397,0.8003917456060179,1.4326688349853618,1.1092130336450672,0.8668366486342883
85.53433211231018,0.5225075025008336,0.800702297110722,1.4311922082124444,1.1068401025411936,0.8661885220953445
85.58891688072902,0.5228409469823274,0.8010196217136681,1.4297169188479086,1.1044840811868732,0.8655498018571881
85.64350164914785,0.5231743914638213,0.8013437213297341,1.428242967209178,1.1021448960935365,0.8649204621838529
85.69808641756669,0.5235078359453151,0.8016745980345726,1.426770353603057,1.0998224742408265,0.8643004776105067
85.7526711859855,0.5238412804268089,0.8020122540644833,1.42529907832581,1.097516743074667,0.8636898229423712
85.80725595440434,0.5241747249083027,0.8023566918162907,1.4238291416632374,1.0952276305053377,0.8630884732536519
85.86184072282317,0.5245081693897966,0.8027079138472294,1.422360543890755,1.0929550649055606,0.8624964038864772
85.91642549124201,0.5248416138712904,0.8030659228748338,1.420893285273469,1.0906989751085925,0.8619135904498468
85.97101025966084,0.5251750583527842,0.8034307217768347,1.419427366066253,1.0884592904063253,0.8613400088185891
86.02559502807968,0.5255085028342781,0.8038023135910624,1.4179627865138236,1.086235940547397,0.8607756351323274
86.08017979649851,0.5258419473157719,0.8041807015153541,1.416499546850815,1.0840288557353093,0.8602204457944567
86.13476456491733,0.5261753917972657,0.8045658889074695,1.4150376473018556,1.0818379666265554,0.8596744174711285
86.18934933333617,0.5265088362787596,0.8049578792850105,1.41357708808164,1.0796632043287524,0.8591375270902445
86.243934101755,0.5268422807602534,0.8053566763253478,1.4121178693950056,1.0775045003987882,0.8586097518404604
86.29851887017384,0.5271757252417473,0.8057622838655536,1.4106599914370042,1.075361786840972,0.8580910691701981
86.35310363859267,0.5275091697232411,0.8061747059023392,1.4092034543929761,1.0732349961051943,0.8575814567866666
86.4076884070115,0.5278426142047349,0.8065939465920002,1.4077482584386223,1.0711240610850965,0.8570808926548935
86.46227317543033,0.5281760586862286,0.8070200102503657,1.4062944037400775,1.0690289151162484,0.8565893549967627
86.51685794384916,0.5285095031677225,0.8074529013527553,1.4048418904539801,1.0669494919743325,0.8561068222900637
86.571442712268,0.5288429476492164,0.80789262453394,1.403390718727546,1.0648857258733415,0.8556332732675489
86.62602748068683,0.5291763921307102,0.808339184588111,1.401940888698638,1.062837551463778,0.8551686869159986
86.68061224910566,0.5295098366122041,0.808792586468853,1.4004924004958363,1.0608049038308673,0.8547130424752969
86.7351970175245,0.5298432810936979,0.8092528352891236,1.3990452542385097,1.0587877184927772,0.8542663194375147
86.78978178594332,0.5301767255751917,0.8097199363212392,1.3975994500368842,1.0567859313988464,0.8538284975460029
86.84436655436215,0.5305101700566855,0.8101938949968659,1.3961549879921122,1.0547994789278192,0.8533995567944924
86.89895132278099,0.5308436145381794,0.8106747169070166,1.3947118681963426,1.0528282978860941,0.8529794774262055
86.95353609119982,0.5311770590196732,0.8111624078020544,1.393270090732788,1.0508723255059753,0.8525682399329734
87.00812085961866,0.531510503501167,0.8116569735917007,1.391829655675793,1.0489314994439358,0.8521658250543643
87.06270562803749,0.5318439479826609,0.8121584203450503,1.3903905630909021,1.0470057577788878,0.8517722137768191
87.11729039645633,0.5321773924641547,0.8126667542905914,1.3889528130349271,1.0450950390104623,0.8513873873327957
87.17187516487515,0.5325108369456485,0.8131819818162321,1.3875164055560136,1.0431992820572964,0.8510113271999228
87.22645993329398,0.5328442814271424,0.8137041094693321,1.3860813406937063,1.0413184262553294,0.8506440151001611
87.28104470171282,0.5331777259086362,0.8142331439567405,1.3846476184790169,1.039452411356109,0.8502854329989739
87.33562947013165,0.5335111703901301,0.8147690921448393,1.3832152389344887,1.0376011775251028,0.8499355631045059
87.39021423855048,0.5338446148716238,0.8153119610595924,1.3817842020742626,1.0357646653400214,0.8495943878667702
87.44479900696932,0.5341780593531177,0.8158617578866011,1.38035450790414,1.0339428157891477,0.8492618899768446
87.49938377538814,0.5345115038346114,0.8164184899711644,1.3789261564216495,1.032135570269677,0.8489380523660751
87.55396854380697,0.5348449483161053,0.8169821648183463,1.3774991476161094,1.030342870586062,0.8486228582052888
87.60855331222581,0.5351783927975992,0.8175527900930467,1.3760734814686917,1.028564658948371,0.8483162909040151
87.66313808064464,0.535511837279093,0.8181303736200807,1.3746491579524862,1.0268008779706512,0.8480183341097142
87.71772284906348,0.5358452817605869,0.8187149233842613,1.3732261770325618,1.0250514706693012,0.8477289717070157
87.77230761748231,0.5361787262420807,0.8193064475304899,1.3718045386660307,1.0233163804614527,0.847448187816964
87.82689238590113,0.5365121707235745,0.8199049543638502,1.3703842428021094,1.0215955511633608,0.8471759667962726
87.88147715431997,0.5368456152050683,0.8205104523497104,1.3689652893821798,1.0198889269887996,0.8469122932365862
87.9360619227388,0.5371790596865621,0.8211229501138285,1.3675476783398524,1.0181964525474734,0.8466571519637521
87.99064669115764,0.537512504168056,0.8217424564424656,1.3661314096010257,1.0165180728434282,0.8464105280370986
88.04523145957647,0.5378459486495498,0.8223689802825032,1.3647164830839484,1.0148537332734773,0.8461724067487219
88.0998162279953,0.5381793931310437,0.8230025307415673,1.363302898699278,1.0132033796256323,0.8459427736227818
88.15440099641414,0.5385128376125375,0.8236431170881575,1.3618906563501407,1.0115669580775455,0.8457216144148045
88.20898576483296,0.5388462820940313,0.8242907487517825,1.3604797559321933,1.0099444151949577,0.8455089151109948
88.2635705332518,0.5391797265755252,0.8249454353231005,1.3590701973336783,1.008335697930155,0.8453046619275544
88.31815530167063,0.539513171057019,0.8256071865540657,1.3576619804354868,1.0067407536204376,0.8451088413100107
88.37274007008946,0.5398466155385129,0.8262760123580803,1.3562551051112144,1.0051595299865923,0.8449214399325519
88.4273248385083,0.5401800600200066,0.8269519228101528,1.35484957122722,1.0035919751313758,0.8447424446973704
88.48190960692713,0.5405135045015005,0.8276349281470611,1.3534453786426834,1.0020380375380067,0.8445718427340148
88.53649437534595,0.5408469489829942,0.8283250387675216,1.3520425272096634,1.0004976660686655,0.8444096213987492
88.59107914376479,0.5411803934644881,0.8290222652323651,1.350641016773153,0.9989708099630014,0.8442557682739209
88.64566391218362,0.541513837945982,0.8297266182647156,1.349240847171138,0.9974574188366514,0.8441102711673358
88.70024868060246,0.5418472824274758,0.8304381087501779,1.3478420182346524,0.995957442679764,0.8439731181116417
88.75483344902129,0.5421807269089697,0.831156747737029,1.3464445297878347,0.9944708318555339,0.8438442973637194
88.80941821744013,0.5425141713904635,0.8318825464364158,1.345048381647983,0.9929975370987426,0.843723797404082
88.86400298585895,0.5428476158719573,0.8326155162225584,1.3436535736256108,0.9915375095143109,0.8436116069362818
88.91858775427778,0.5431810603534512,0.833355668632959,1.3422601055245014,0.9900907005758552,0.8435077148863247
88.97317252269661,0.5435145048349449,0.8341030153686164,1.340867977141763,0.9886570621242579,0.8434121104020932
89.02775729111545,0.5438479493164388,0.8348575682942467,1.3394771882678838,0.9872365463662407,0.8433247828527762
89.08234205953428,0.5441813937979326,0.8356193394385086,1.3380877386867833,0.98582910587295,0.8432457218283074
89.13692682795312,0.5445148382794265,0.8363883409942359,1.336699628175869,0.9844346935785488,0.843174917138811
89.19151159637194,0.5448482827609202,0.837164585318674,1.3353128565060879,0.9830532627788182,0.8431123588140549
89.24609636479077,0.5451817272424141,0.8379480849337242,1.3339274234419791,0.981684767129765,0.8430580371029124
89.30068113320961,0.545515171723908,0.838738852526191,1.332543328741728,0.980329160646242,0.8430119424728306
89.35526590162844,0.5458486162054018,0.8395369009480372,1.3311605721572177,0.9789863977005718,0.842974065609307
89.40985067004728,0.5461820606868957,0.8403422432166444,1.3297791534340806,0.9776564330211821,0.8429443974153736
89.46443543846611,0.5465155051683894,0.8411548925150782,1.328399072311751,0.9763392216912481,0.8429229290110892
89.51902020688495,0.5468489496498833,0.8419748621923601,1.3270203285235154,0.9750347191473435,0.8429096517330378
89.57360497530377,0.547182394131377,0.842802165763744,1.3256429217965648,0.9737428811781006,0.842904557133836
89.6281897437226,0.5475158386128709,0.843636816911001,1.3242668518520437,0.972463663922876,0.842907636981648
89.68277451214144,0.5478492830943648,0.8444788294827058,1.3228921184051026,0.9711970238704289,0.8429188832597065
89.73735928056027,0.5481827275758586,0.8453282174945324,1.321518721164946,0.9699429178576043,0.8429382881658433
89.7919440489791,0.5485161720573525,0.8461849951295537,1.3201466598348839,0.9687013030680256,0.8429658441120256
89.84652881739794,0.5488496165388463,0.847049176738548,1.3187759341123801,0.9674721370307955,0.843001543723901
89.90111358581676,0.5491830610203401,0.8479207768403091,1.3174065436891025,0.9662553776192057,0.8430453798403496
89.9556983542356,0.549516505501834,0.8487998101219657,1.3160384882509697,0.9650509830494531,0.8430973455130427
90.01028312265443,0.5498499499833277,0.8496862914393025,1.314671767478203,0.9638589118793671,0.8431574340060107
90.06486789107326,0.5501833944648216,0.8505802358170901,1.3133063810453713,0.9626791230071429,0.8432256387952168
90.1194526594921,0.5505168389463154,0.8514816584494187,1.3119423286214418,0.9615115756700832,0.8433019535681389
90.17403742791093,0.5508502834278093,0.8523905747000395,1.3105796098698257,0.9603562294433494,0.8433863722233585
90.22862219632975,0.551183727909303,0.8533070001027093,1.3092182244484267,0.9592130442387208,0.843478888870158
90.28320696474859,0.5515171723907969,0.8542309503615444,1.307858172009687,0.9580819803033593,0.8435794978281232
90.33779173316742,0.5518506168722908,0.8551624413513759,1.306499452200635,0.9569629982185875,0.8436881936267558
90.39237650158626,0.5521840613537846,0.8561014891181145,1.3051420646629326,0.9558560588986701,0.8438049710050913
90.44696127000509,0.5525175058352784,0.8570481098791194,1.3037860090329194,0.9547611235896061,0.8439298249113246
90.50154603842392,0.5528509503167722,0.8580023200235734,1.3024312849416597,0.9536781538679288,0.8440627505024435
90.55613080684276,0.5531843947982661,0.8589641361128632,1.3010778920149884,0.952607111639513,0.8442037431438691
90.61071557526158,0.5535178392797598,0.8599335748809664,1.2997258298735561,0.9515479591383923,0.8443527984091036
90.66530034368041,0.5538512837612537,0.860910653234845,1.2983750981328734,0.9505006589255817,0.8445099120793844
90.71988511209925,0.5541847282427476,0.8618953882548411,1.2970256964033573,0.949465173887912,0.8446750801433477
90.77446988051808,0.5545181727242414,0.8628877971950836,1.2956776242903745,0.948441467236869,0.8448482987966962
90.82905464893692,0.5548516172057353,0.8638878974838968,1.294330881394286,0.9474295025074426,0.8450295644418773
90.88363941735575,0.5551850616872291,0.8648957067242166,1.2929854673104908,0.9464292435569841,0.8452188736877656
90.93822418577457,0.5555185061687229,0.8659112426940122,1.291641381629471,0.9454406545640707,0.845416223349355
90.9928089541934,0.5558519506502166,0.8669345233467143,1.290298623936832,0.9444637000273783,0.8456216104474559
91.04739372261224,0.5561853951317105,0.8679655668116475,1.28895719381335,0.9434983447645636,0.8458350322084012
91.10197849103108,0.5565188396132044,0.8690043913944703,1.287617090835011,0.9425445539111528,0.8460564860637584
91.15656325944991,0.5568522840946982,0.8700510155776207,1.2862783145730565,0.941602292919439,0.8462859696500493
91.21114802786875,0.5571857285761921,0.8711054580207667,1.2849408645940237,0.9406715275573878,0.8465234808084771
91.26573279628757,0.5575191730576858,0.872167737561264,1.2836047404597886,0.939752223907551,0.8467690175846592
91.3203175647064,0.5578526175391797,0.8732378732146199,1.2822699417276067,0.9388443483659871,0.8470225782283696
91.37490233312523,0.5581860620206736,0.8743158841749604,1.280936467950157,0.9379478676411925,0.8472841611932858
91.42948710154407,0.5585195065021674,0.8754017898155071,1.2796043186755812,0.9370627487530381,0.8475537651367443
91.4840718699629,0.5588529509836612,0.8764956096890574,1.278273493447525,0.9361889590317152,0.8478313889195029
91.53865663838174,0.559186395465155,0.8775973635284715,1.2769439918051801,0.9353264661166895,0.84811703160551
91.59324140680057,0.5595198399466489,0.878707071247166,1.2756158132833233,0.9344752379556621,0.8484106924616802
91.6478261752194,0.5598532844281426,0.8798247529396122,1.2742889574123584,0.9336352428035404,0.8487123709576786
91.70241094363823,0.5601867289096365,0.8809504288818424,1.2729634237183538,0.9328064492214139,0.8490220667657107
91.75699571205706,0.5605201733911304,0.8820841195319598,1.2716392117230855,0.9319888260755418,0.8493397797603195
91.8115804804759,0.5608536178726242,0.8832258455306562,1.270316320944074,0.9311823425363459,0.8496655100181902
91.86616524889473,0.5611870623541181,0.8843756277017356,1.2689947508946255,0.9303869680774118,0.8499992578179618
91.92075001731357,0.5615205068356118,0.8855334870526431,1.2676745010838697,0.9296026724744991,0.850341023640045
91.97533478573239,0.5618539513171057,0.8866994447750007,1.2663555710167993,0.9288294258045585,0.8506908081664477
92.02991955415122,0.5621873957985994,0.8878735222451494,1.2650379601943076,0.928067198444757,0.8510486122806076
92.08450432257006,0.5625208402800933,0.8890557410246956,1.2637216681132286,0.927315961071512,0.851414437067231
92.13908909098889,0.5628542847615872,0.8902461228610663,1.2624066942663739,0.9265756846595321,0.8517882838121394
92.19367385940772,0.563187729243081,0.8914446896880684,1.2610930381425711,0.925846340480866,0.8521701540021229
92.24825862782656,0.5635211737245749,0.8926514636264554,1.2597806992267004,0.9251279001039604,0.8525600493247997
92.30284339624538,0.5638546182060686,0.8938664669844995,1.2584696769997343,0.9244203353927241,0.8529579716684833
92.35742816466421,0.5641880626875625,0.895089722258571,1.2571599709387715,0.9237236185056008,0.8533639231220577
92.41201293308305,0.5645215071690564,0.896321252133722,1.2558515805170767,0.923037721894651,0.8537779059748563
92.46659770150188,0.5648549516505501,0.8975610794842784,1.2545445052041164,0.9223626183046391,0.8541999227165512
92.52118246992072,0.565188396132044,0.8988092273744369,1.253238744465595,0.9216982807721306,0.8546299760370475
92.57576723833955,0.5655218406135378,0.9000657190588692,1.2519342977634915,0.9210446826245962,0.855068068826385
92.63035200675839,0.5658552850950317,0.9013305779833312,1.2506311645560955,0.9204017974795234,0.8555142041746464
92.6849367751772,0.5661887295765254,0.9026038277852795,1.249329344298043,0.9197695992435378,0.8559683853718735
92.73952154359604,0.5665221740580193,0.9038854922944954,1.2480288364403516,0.9191480621115286,0.8564306159079885
92.79410631201488,0.5668556185395132,0.9051755955337119,1.2467296404304564,0.9185371605657859,0.8569008994727241
92.84869108043371,0.567189063021007,0.9064741617192495,1.2454317557122452,0.9179368693751435,0.8573792399555588
92.90327584885254,0.5675225075025009,0.907781215261659,1.2441351817260933,0.9173471635941299,0.8578656414456605
92.95786061727138,0.5678559519839946,0.9090967807663686,1.2428399179088983,0.9167680185621269,0.8583601082318358
93.0124453856902,0.5681893964654884,0.9104208830343387,1.2415459636941144,0.9161994099025368,0.8588626448024868
93.06703015410903,0.5685228409469822,0.9117535470627238,1.2402533185117863,0.915641313521956,0.8593732558455748
93.12161492252787,0.5688562854284761,0.9130947980455386,1.2389619817885849,0.915093705609358,0.8598919462485904
93.1761996909467,0.56918972990997,0.9144446613743327,1.2376719529478393,0.9145565626352827,0.8604187210985307
93.23078445936554,0.5695231743914638,0.915803162638871,1.2363832314095717,0.9140298613510345,0.8609535856818835
93.28536922778437,0.5698566188729577,0.9171703276278208,1.2350958165905306,0.9135135787878867,0.8614965454846182
93.33995399620319,0.5701900633544514,0.9185461823294451,1.2338097079042238,0.9130076922562959,0.862047606192183
93.39453876462203,0.5705235078359453,0.9199307529323035,1.2325249047609512,0.912512179345121,0.862606773689511
93.44912353304086,0.5708569523174392,0.9213240658259579,1.2312414065678388,0.9120270179208534,0.8631740540610294
93.5037083014597,0.5711903967989329,0.9227261476016861,1.22995921272887,0.9115521861268523,0.8637494535906793
93.55829306987853,0.5715238412804268,0.9241370250532024,1.2286783226449192,0.9110876623825883,0.8643329787619404
93.61287783829736,0.5718572857619206,0.9255567251773831,1.2273987357137834,0.9106334253828953,0.8649246362578624
93.6674626067162,0.5721907302434145,0.9269852751750011,1.226120451330214,0.9101894540972295,0.8655244329611045
93.72204737513502,0.5725241747249082,0.9284227024514646,1.2248434688859497,0.9097557277689363,0.8661323759539802
93.77663214355385,0.5728576192064021,0.9298690346175659,1.2235677877697468,0.9093322259145242,0.8667484725185103
93.83121691197269,0.573191063687896,0.9313242994902319,1.222293407367412,0.908918928322948,0.8673727301364815
93.88580168039152,0.5735245081693898,0.9327885250932866,1.221020327061833,0.9085158150548974,0.8680051564895127
93.94038644881036,0.5738579526508836,0.9342617396582175,1.219748546233009,0.908122866442095,0.8686457594591278
93.99497121722919,0.5741913971323774,0.9357439716249494,1.2184780642580835,0.9077400630866008,0.8692945471268353
94.04955598564801,0.5745248416138712,0.9372352496426247,1.2172088805113728,0.9073673858601257,0.8699515277742145
94.10414075406685,0.574858286095365,0.9387356025703927,1.215940994364397,0.90700481590335,0.8706167098830095
94.15872552248568,0.5751917305768589,0.9402450594782016,1.2146744051859122,0.906652334625253,0.8712901021352288
94.21331029090452,0.5755251750583528,0.9417636496476012,1.2134091123419384,0.906309923702447,0.871971713413252
94.26789505932335,0.5758586195398466,0.9432914025725516,1.2121451151957907,0.905977565078521,0.872661552799944
94.32247982774219,0.5761920640213405,0.9448283479602376,1.2108824131081082,0.9056552409633908,0.8733596295787751
94.377064596161,0.5765255085028342,0.9463745157318912,1.209621005436885,0.9053429338326572,0.8740659532339491
94.43164936457984,0.5768589529843281,0.9479299360236223,1.2083608915374975,0.9050406264269714,0.8747805334505373
94.48623413299867,0.577192397465822,0.9494946391872524,1.2071020707627358,0.9047483017514083,0.8755033801146189
94.54081890141751,0.5775258419473157,0.9510686557911603,1.2058445424628317,0.9044659430748475,0.8762345033134297
94.59540366983634,0.5778592864288096,0.9526520166211315,1.2045883059854872,0.9041935339293612,0.8769739133355162
94.64998843825518,0.5781927309103034,0.9542447526812164,1.2033333606759045,0.9039310581096097,0.877721620670898
94.70457320667401,0.5785261753917973,0.9558468951945948,1.202079705876813,0.9036784996722452,0.8784776360112353
94.75915797509283,0.578859619873291,0.9574584756044475,1.2008273409284993,0.9034358429353225,0.8792419702500044
94.81374274351167,0.5791930643547849,0.9590795255748374,1.1995762651688333,0.903203072477717,0.8800146344826808
94.8683275119305,0.5795265088362788,0.9607100769915934,1.1983264779332985,0.9029801731385508,0.8807956400069263
94.92291228034934,0.5798599533177726,0.9623501619632054,1.1970779785550183,0.9027671300166258,0.8815849983227865
94.97749704876817,0.5801933977992664,0.9639998128217255,1.1958307663647845,0.9025639284698646,0.8823827211328922
95.032081817187,0.5805268422807602,0.9656590621236759,1.1945848406910837,0.9023705541147587,0.8831888203426699
95.08666658560583,0.580860286762254,0.9673279426509642,1.1933402008601268,0.9021869928258246,0.8840033080605575
95.14125135402466,0.5811937312437478,0.9690064874118085,1.1920968461958734,0.9020132307350662,0.8848261965982285
95.1958361224435,0.5815271757252417,0.970694729641665,1.1908547760200607,0.9018492542314465,0.8856574984708208
95.25042089086233,0.5818606202067356,0.9723927028041679,1.1896139896522302,0.9016950499603648,0.8864972263971747
95.30500565928116,0.5821940646882294,0.9741004405920741,1.1883744864097538,0.9015506048231431,0.8873453933000764
95.3595904277,0.5825275091697233,0.9758179769282165,1.1871362656078608,0.9014159059765184,0.8882020123065095
95.41417519611882,0.582860953651217,0.9775453459664636,1.1858993265596642,0.9012909408321441,0.8890670967479116
95.46875996453765,0.5831943981327109,0.9792825820926898,1.1846636685761862,0.9011756970560968,0.88994066016044
95.52334473295649,0.5835278426142047,0.9810297199257481,1.1834292909663853,0.9010701625683925,0.8908227162852426
95.57792950137532,0.5838612870956985,0.9827867943184547,1.1821961930371816,0.9009743255425091,0.8917132790687362
95.63251426979416,0.5841947315771924,0.9845538403585807,1.1809643740934832,0.9008881744049166,0.8926123626628928
95.68709903821299,0.5845281760586862,0.9863308933698492,1.1797338334382108,0.900811697834615,0.8935199814255309
95.74168380663183,0.5848616205401801,0.9881179889129433,1.1785045703723238,0.9007448847626787,0.8944361499206156
95.79626857505065,0.5851950650216738,0.9899151627865183,1.1772765841948458,0.9006877243718094,0.8953608829185639
95.85085334346948,0.5855285095031677,0.9917224510282261,1.1760498742028886,0.9006402060958961,0.8962941953965591
95.90543811188832,0.5858619539846616,0.9935398899157426,1.1748244396916785,0.9006023196195819,0.89723610253887
95.96002288030715,0.5861953984661554,0.9953675159678066,1.1736002799545804,0.9005740548778389,0.898186619737178
96.01460764872598,0.5865288429476492,0.997205365945265,1.1723773942831233,0.9005554020555503,0.899145762590912
96.06919241714482,0.586862287429143,0.9990534768521264,1.1711557819670237,0.9005463515870997,0.9001135469075886
96.12377718556364,0.5871957319106368,1.000911885936622,1.1699354422942108,0.9005468941559677,0.9010899887031607
96.17836195398247,0.5875291763921306,1.0027806306922764,1.16871637455085,0.9005570206943366,0.9020751042023732
96.23294672240131,0.5878626208736245,1.0046597488589837,1.1674985780213682,0.9005767223827015,0.9030689098391237
96.28753149082014,0.5881960653551184,1.0065492784240935,1.1662820519884771,0.9006059906494894,0.9040714222568326
96.34211625923898,0.5885295098366122,1.0084492576235042,1.1650667957331964,0.9006448171706857,0.9050826583088195
96.39670102765781,0.5888629543181061,1.0103597249427658,1.163852808534879,0.9006931938694673,0.906102635058686
96.45128579607663,0.5891963987995998,1.0122807191181888,1.1626400896712332,0.9007511129158443,0.9071313697807061
96.50587056449547,0.5895298432810937,1.0142122791379646,1.1614286384183463,0.9008185667263082,0.9081688799602243
96.5604553329143,0.5898632877625875,1.0161544442432884,1.1602184540507088,0.9008955479634873,0.9092151832940589
96.61504010133314,0.5901967322440813,1.0181072539294966,1.1590095358412364,0.90098204953581,0.9102702976909147
96.66962486975197,0.5905301767255752,1.0200707479472095,1.1578018830612942,0.9010780645971757,0.9113342412718008
96.7242096381708,0.590863621207069,1.0220449663034827,1.156595494980718,0.9011835865466318,0.9124070323704576
96.77879440658964,0.5911970656885629,1.0240299492629665,1.155390370867839,0.9012986090280597,0.9134886895337885
96.83337917500846,0.5915305101700566,1.0260257373490744,1.1541865099895046,0.9014231259298666,0.9145792315223006
96.8879639434273,0.5918639546515505,1.028032371345162,1.1529839116111011,0.901557131384686,0.9156786773105529
96.94254871184613,0.5921973991330444,1.0300498922957089,1.151782574996578,0.9017006197690841,0.9167870460876087
96.99713348026496,0.5925308436145381,1.0320783415075148,1.1505824994084675,0.9018535857032751,0.9179043572574994
97.0517182486838,0.592864288096032,1.034117760550902,1.1493836841079086,0.9020160240508427,0.9190306304396918
97.10630301710263,0.5931977325775258,1.0361681912609264,1.1481861283546682,0.9021879299184694,0.920165885469565
97.16088778552145,0.5935311770590196,1.0382296757385963,1.146989831407163,0.9023692986556728,0.9213101423988931
97.21547255394029,0.5938646215405134,1.0403022563521043,1.1457947925224807,0.9025601258545503,0.9224634214963369
97.27005732235912,0.5941980660220073,1.0423859757380607,1.144601010956403,0.9027604073495289,0.9236257432479403
97.32464209077796,0.5945315105035012,1.0444808768027423,1.143408485963426,0.9029701392171254,0.9247971283576361
97.37922685919679,0.594864954984995,1.0465870027233468,1.142217216796781,0.903189317775711,0.9259775977477582
97.43381162761563,0.5951983994664889,1.0487043969492567,1.1410272027084578,0.9034179395852853,0.9271671725595616
97.48839639603445,0.5955318439479826,1.0508331032033118,1.1398384429492234,0.9036560014472563,0.9283658741537486
97.54298116445328,0.5958652884294764,1.0529731654830938,1.1386509367686437,0.903903500404229,0.9295737241110046
97.59756593287212,0.5961987329109703,1.0551246280622135,1.137464683415106,0.9041604337397997,0.930790744232538
97.65215070129095,0.5965321773924641,1.0572875354916131,1.1362796821358374,0.9044267989783595,0.9320169565406305
97.70673546970978,0.596865621873958,1.0594619326008745,1.1350959321769267,0.9047025938849036,0.9332523832791931
97.76132023812862,0.5971990663554518,1.0616478644995386,1.1339134327833447,0.9049878164648486,0.93449704691433
97.81590500654744,0.5975325108369456,1.0638453765784317,1.1327321831989643,0.9052824649638574,0.9357509701349096
97.87048977496627,0.5978659553184394,1.0660545145110043,1.131552182666581,0.905586537867671,0.9370141758531443
97.92507454338511,0.5981993997999333,1.0682753242546743,1.1303734304279334,0.9059000339019472,0.9382866872051752
97.97965931180394,0.5985328442814272,1.0705078520521847,1.1291959257237225,0.9062229520321078,0.9395685275516665
98.03424408022278,0.5988662887629209,1.0727521444329673,1.128019667793632,0.9065552914631926,0.9408597204784066
98.08882884864161,0.5991997332444148,1.0750082482145176,1.1268446558763487,0.90689705163972,0.9421602897969168
98.14341361706045,0.5995331777259086,1.0772762105037785,1.125670889209581,0.9072482322455565,0.9434702595450672
98.19799838547927,0.5998666222074024,1.079556078698533,1.1244983670300797,0.9076088332037915,0.9447896539877007
98.2525831538981,0.6002000666888962,1.081847900488809,1.1233270885736562,0.9079788546766222,0.9461184976172645
98.30716792231694,0.6005335111703901,1.084151723858289,1.1221570530752032,0.9083582970652425,0.9474568151544486
98.36175269073577,0.600866955651884,1.0864675970857334,1.1209882597687133,0.9087471610097425,0.9488046315488322
98.4163374591546,0.6012004001333778,1.088795568746414,1.1198207078872984,0.9091454473890127,0.9501619719795382
98.47092222757344,0.6015338446148716,1.0911356877135532,1.1186543966632085,0.9095531573206577,0.9515288618558949
98.52550699599226,0.6018672890963654,1.093488003159777,1.1174893253278513,0.9099702921609152,0.9529053268181052
98.5800917644111,0.6022007335778592,1.095852564558577,1.1163254931118092,0.910396853504585,0.9542913927379248
98.63467653282993,0.602534178059353,1.0982294216857795,1.115162899244861,0.9108328431849622,0.9556870857193456
98.68926130124876,0.6028676225408469,1.100618624621029,1.1140015429559982,0.9112782632737801,0.9570924320992887
98.7438460696676,0.6032010670223408,1.1030202237492777,1.1128414234734443,0.9117331160811604,0.958507458448306
98.79843083808643,0.6035345115038346,1.105434269762288,1.1116825400246735,0.9121974041555685,0.9599321915712864
98.85301560650525,0.6038679559853284,1.1078608136601438,1.1105248918364294,0.9126711302837797,0.9613666585081733
98.90760037492409,0.6042014004668222,1.1102999067527732,1.1093684781347413,0.9131542974908495,0.9628108865346883
98.96218514334292,0.6045348449483161,1.1127516006614777,1.108213298144945,0.9136469090400936,0.9642649031630617
99.01676991176176,0.6048682894298099,1.1152159473204768,1.1070593510916993,0.9141489684330738,0.965728736142773
99.07135468018059,0.6052017339113037,1.1176929989784596,1.105906636199004,0.9146604794095922,0.9672024134612981
99.12593944859942,0.6055351783927976,1.1201828082001482,1.1047551526902182,0.9151814459476924,0.9686859633448643
99.18052421701826,0.6058686228742914,1.1226854278678704,1.1036048997880779,0.9157118722636682,0.9701794142592144
99.23510898543708,0.6062020673557852,1.1252009111831434,1.1024558767147143,0.91625176281208,0.9716827949103765
99.28969375385591,0.606535511837279,1.127729311668271,1.1013080826916695,0.9168011222857783,0.9731961342454455
99.34427852227475,0.6068689563187729,1.1302706831679439,1.1001615169399164,0.9173599556159341,0.9747194614533681
99.39886329069358,0.6072024008002668,1.1328250798508588,1.0990161786798744,0.9179282679720779,0.976252805965739
99.45344805911242,0.6075358452817606,1.1353925562113436,1.097872067131428,0.9185060647621456,0.9777961974576049
99.50803282753125,0.6078692897632544,1.1379731670709954,1.0967291815139426,0.9190933516325316,0.9793496658482751
99.56261759595007,0.6082027342447481,1.1405669675803267,1.0955875210462827,0.9196901344681491,0.9809132413021412
99.61720236436891,0.608536178726242,1.1431740132204276,1.094447084946828,0.9202964193924997,0.9824869542295062
99.67178713278774,0.6088696232077359,1.1457943598046316,1.093307872433492,0.9209122127677475,0.9840708352874182
99.72637190120658,0.6092030676892297,1.148428063480199,1.092169882723737,0.921537521194803,0.9856649153805165
99.78095666962541,0.6095365121707236,1.1510751807300086,1.091033115034592,0.922172351513414,0.9872692256618828
99.83554143804425,0.6098699566522174,1.153735768374259,1.0898975685826688,0.9228167108022631,0.9888837975339025
99.89012620646307,0.6102034011337112,1.1564098835721848,1.08876324258418,0.9234706063790735,0.9905086626491332
99.9447109748819,0.610536845615205,1.1590975838237825,1.0876301362549525,0.9241340458007228,0.9921438529111831
99.99929574330073,0.6108702900966989,1.1617989269715439,1.0864982488104475,0.9248070368633626,0.9937894004755947
100.05388051171957,0.6112037345781927,1.1645139712022075,1.0853675794657747,0.9254895876025474,0.9954453377507403
100.1084652801384,0.6115371790596865,1.167242775048516,1.0842381274357091,0.9261817062933698,0.9971116973987235
100.16305004855724,0.6118706235411804,1.169985397390988,1.083109891934707,0.9268834014506042,0.998788512336291
100.21763481697607,0.6122040680226742,1.1727418974597006,1.0819828721769231,0.927594681828857,1.0004758157357507
100.2722195853949,0.612537512504168,1.1755123348360828,1.080857067376225,0.9283155564227255,1.0021736410259006
100.32680435381373,0.6128709569856619,1.1782967694547235,1.0797324767462098,0.9290460344669635,1.003882021892965
100.38138912223256,0.6132044014671557,1.1810952616051849,1.0786090995002204,0.9297861254366551,1.005600992281538
100.4359738906514,0.6135378459486496,1.1839078719338354,1.0774869348513616,0.9305358390473948,1.0073305863955389
100.49055865907023,0.6138712904301433,1.1867346614456884,1.0763659820125142,0.9312951852554772,1.0090708386991727
100.54514342748907,0.6142047349116372,1.189575691506257,1.0752462401963527,0.9320641742580928,1.010821783917902
100.59972819590789,0.6145381793931309,1.1924310238434168,1.0741277086153591,0.9328428164935318,1.012583457039425
100.65431296432672,0.6148716238746248,1.1953007205492872,1.073010386481839,0.9336311226413961,1.0143558933146668
100.70889773274556,0.6152050683561187,1.1981848440821143,1.0718942730079377,0.9344291036228176,1.0161391282587715
100.76348250116439,0.6155385128376125,1.2010834572681772,1.070779367405655,0.9352367706006856,1.0179331976521122
100.81806726958322,0.6158719573191064,1.2039966233036992,1.06966566888686,0.9360541349798807,1.0197381375413026
100.87265203800206,0.6162054018006002,1.2069244057567743,1.0685531766633076,0.9368812084075175,1.0215539842402221
100.92723680642088,0.616538846282094,1.2098668685693044,1.0674418899466522,0.9377180027731941,1.0233807743310468
100.98182157483971,0.6168722907635878,1.2128240760589528,1.0663318079484634,0.9385645302092498,1.0252185446652926
101.03640634325855,0.6172057352450817,1.2157960929211034,1.0652229298802407,0.9394208030910296,1.0270673323648625
101.09099111167738,0.6175391797265755,1.2187829842308389,1.0641152549534298,0.9402868340371578,1.0289271748231077
101.14557588009622,0.6178726242080693,1.2217848154449278,1.0630087823794354,0.9411626359098184,1.0307981097058951
101.20016064851505,0.6182060686895632,1.2248016524038268,1.0619035113696373,0.9420482218150436,1.0326801749526844
101.25474541693389,0.618539513171057,1.227833561333693,1.0607994411354045,0.9429436051030093,1.0345734087776142
101.3093301853527,0.6188729576525508,1.2308806088484112,1.0596965708881105,0.94384879936834,1.036477849670598
101.36391495377154,0.6192064021340447,1.2339428619516355,1.0585948998391466,0.9447638184504201,1.0383935363984287
101.41849972219038,0.6195398466155385,1.2370203880388373,1.0574944271999385,0.9456886764337128,1.0403205080058917
101.47308449060921,0.6198732910970324,1.2401132548993745,1.0563951521819588,0.9466233876480881,1.042258803816888
101.52766925902804,0.6202067355785261,1.2432215307185692,1.0552970739967422,0.9475679666691575,1.044208463435567
101.58225402744688,0.62054018006002,1.246345284079799,1.0542001918558999,0.9485224283186177,1.0461695267474682
101.6368387958657,0.6208736245415137,1.2494845839666022,1.0531045049711338,0.9494867876645997,1.0481420339206704
101.69142356428453,0.6212070690230076,1.252639499764799,1.0520100125542502,0.9504610600220301,1.050126025406956
101.74600833270337,0.6215405135045015,1.2558101012646183,1.0509167138171749,0.9514452609529952,1.0521215419429764
101.8005931011222,0.6218739579859953,1.2589964586628477,1.0498246079719662,0.9524394062671165,1.0541286245514332
101.85517786954104,0.6222074024674892,1.2621986425649894,1.0487336942308298,0.9534435120219337,1.0561473145422677
101.90976263795987,0.622540846948983,1.2654167239874345,1.0476439718061323,0.9544575945232934,1.0581776535138576
101.96434740637869,0.6228742914304768,1.2686507743596485,1.0465554399104153,0.9554816703257487,1.0602196833542257
102.01893217479753,0.6232077359119707,1.2719008655263735,1.0454680977564084,0.9565157562329658,1.062273446242259
102.07351694321636,0.6235411803934644,1.2751670697498376,1.0443819445570446,0.9575598692981363,1.0643389846489326
102.1281017116352,0.6238746248749583,1.278449459711987,1.0432969795254727,0.9586140268244011,1.0664163413385497
102.18268648005403,0.6242080693564521,1.2817481085167262,1.0422132018750712,0.9596782463652798,1.068505559369986
102.23727124847287,0.624541513837946,1.2850630896921735,1.0411306108194627,0.9607525457251094,1.0706066820979476
102.2918560168917,0.6248749583194398,1.2883944771929323,1.040049205572526,0.9618369429594902,1.0727197531742378
102.34644078531052,0.6252084028009336,1.2917423454023735,1.038968985348411,0.96293145637574,1.0748448165490307
102.40102555372935,0.6255418472824275,1.295106769134939,1.037889949361551,0.964036104533358,1.0769819164721621
102.45561032214819,0.6258752917639213,1.2984878236384478,1.0368120968266772,0.965150906244493,1.0791310974944197
102.51019509056702,0.6262087362454152,1.301885584596429,1.035735426958831,0.9662758805744237,1.0812924044688537
102.56477985898586,0.6265421807269089,1.3053001281304617,1.0346599389733784,0.9674110468420453,1.0834658825520909
102.61936462740469,0.6268756252084028,1.3087315308025318,1.0335856320860217,0.9685564246203637,1.0856515772056619
102.67394939582351,0.6272090696898965,1.3121798696174036,1.0325125055128146,0.9697120337369995,1.087849534197337
102.72853416424235,0.6275425141713904,1.315645222025009,1.0314405584701727,0.9708778942746995,1.0900597996024741
102.78311893266118,0.6278759586528843,1.3191276659228433,1.0303697901748894,0.972054026571855,1.092282419805373
102.83770370108002,0.6282094031343781,1.322627279658385,1.0293001998441473,0.9732404512230305,1.0945174415006451
102.89228846949885,0.628542847615872,1.3261441420315259,1.0282317866955317,0.9744371890794998,1.0967649116945892
102.94687323791769,0.6288762920973658,1.3296783322970183,1.027164549947043,0.9756442612497901,1.0990248777065805
103.0014580063365,0.6292097365788596,1.3332299301669348,1.0260984888171103,0.9768616891002342,1.1012973871704677
103.05604277475534,0.6295431810603535,1.336799015813149,1.025033602524603,0.9780894942555329,1.103582488035984
103.11062754317418,0.6298766255418472,1.3403856698698227,1.0239698902888452,0.9793276985993224,1.1058802285701634
103.16521231159301,0.6302100700233411,1.343989973435916,1.0229073513296278,0.9805763242747532,1.1081906573587725
103.21979708001184,0.6305435145048349,1.3476120080777114,1.0218459848672206,0.9818353936850752,1.1105138233077505
103.27438184843068,0.6308769589863288,1.3512518558313518,1.0207857901223854,0.9831049294942336,1.1128497756446598
103.32896661684951,0.6312104034678226,1.3549095992053946,1.0197267663163885,0.98438495462747,1.115198563920149
103.38355138526833,0.6315438479493164,1.3585853211833827,1.0186689126710142,0.9856754922719347,1.1175602380094232
103.43813615368717,0.6318772924308103,1.3622791052264331,1.0176122284085747,0.9869765658773073,1.119934848113732
103.492720922106,0.6322107369123041,1.3659910352758347,1.016556712751926,0.988288199156423,1.1223224447618578
103.54730569052484,0.6325441813937979,1.3697211957556696,1.0155023649244774,0.9896104160859105,1.1247230788116251
103.60189045894367,0.6328776258752917,1.3734696715754477,1.0144491841502061,0.9909432409068377,1.1271368014514156
103.6564752273625,0.6332110703567856,1.377236548132757,1.0133971696536677,0.9922866981253651,1.1295636642016946
103.71105999578133,0.6335445148382793,1.38102191131593,1.01234632066001,0.993640812513408,1.13200371891655
103.76564476420016,0.6338779593197732,1.384825847506731,1.011296636394984,0.9950056091093089,1.1344570177852427
103.820229532619,0.6342114038012671,1.3886484435830506,1.0102481160849568,0.9963811132185157,1.136923613333764
103.87481430103783,0.6345448482827609,1.392489786921627,1.0092007589569238,0.9977673504142711,1.1394035584264106
103.92939906945666,0.6348782927642548,1.3963499654007774,1.0081545642385208,0.9991643465383092,1.1418969062673654
103.9839838378755,0.6352117372457486,1.4002290674031495,1.0071095311580358,1.000572127701562,1.1444037104022933
104.03856860629432,0.6355451817272424,1.404127181818487,1.0060656589444217,1.001990720284873,1.1469240247199453
104.09315337471315,0.6358786262087361,1.408044398046418,1.0050229468273069,1.0034201509397223,1.1494579034537786
104.14773814313199,0.63621207069023,1.4119808059992505,1.0039813940370093,1.0048604465889563,1.1520054011835819
104.20232291155082,0.6365455151717239,1.4159364961047944,1.0029409998045462,1.0063116344275307,1.1545665728371173
104.25690767996966,0.6368789596532177,1.4199115593091975,1.0019017633616483,1.0077737419232593,1.1571414736917718
104.31149244838849,0.6372124041347116,1.4239060870797973,1.0008636839407696,1.009246796817573,1.159730159376221
104.36607721680733,0.6375458486162054,1.4279201714079923,0.9998267607751008,1.010730827126287,1.1623326858721048
104.42066198522615,0.6378792930976992,1.431953904812129,0.9987909930985802,1.0122258611403783,1.1649491095157118
104.47524675364498,0.6382127375791931,1.4360073803404123,0.997756380145905,1.013731927426771,1.1675794869996832
104.52983152206382,0.6385461820606869,1.4400806915738222,0.9967229211525447,1.0152490548291293,1.1702238753747176
104.58441629048265,0.6388796265421807,1.4441739326290608,0.9956906153547516,1.0167772724686626,1.1728823320512973
104.63900105890148,0.6392130710236745,1.4482871981615089,0.9946594619895726,1.0183166097449372,1.1755549148014224
104.69358582732032,0.6395465155051684,1.4524205833682051,0.9936294602948609,1.0198670963366983,1.1782416817603563
104.74817059573914,0.6398799599866621,1.4565741839908397,0.9926006095092881,1.0214287622027007,1.1809426914283851
104.80275536415797,0.640213404468156,1.4607480963187727,0.9915729088723544,1.0230016375825493,1.1836580026725914
104.85734013257681,0.6405468489496499,1.4649424171920609,0.9905463576244021,1.024585752997546,1.186387674728632
104.91192490099564,0.6408802934311437,1.4691572440045115,0.9895209550066257,1.0261811392515505,1.1891317672025379
104.96650966941448,0.6412137379126376,1.4733926747067512,0.9884967002610839,1.0277878274318455,1.1918903400725203
105.02109443783331,0.6415471823941313,1.4776488078093146,0.9874735926307108,1.0294058489100153,1.1946634536907919
105.07567920625213,0.6418806268756252,1.4819257423857493,0.986451631359328,1.03103523534283,1.197451168785398
105.13026397467097,0.6422140713571189,1.4862235780757456,0.9854308156916544,1.032676018673143,1.200253546462066
105.1848487430898,0.6425475158386128,1.4905424150882756,0.9844111448733197,1.0343282311307933,1.2030706482060578
105.23943351150864,0.6428809603201067,1.4948823542047611,0.9833926181508745,1.0359919052335207,1.2059025358840443
105.29401827992747,0.6432144048016005,1.4992434967822552,0.9823752347718017,1.0376670737878895,1.2087492717459873
105.3486030483463,0.6435478492830944,1.5036259447566445,0.9813589939845279,1.0393537698902207,1.2116109184270367
105.40318781676514,0.6438812937645882,1.508029800645871,0.9803438950384349,1.0410520269275347,1.2144875389494385
105.45777258518396,0.644214738246082,1.5124551675531723,0.9793299371838708,1.0427618785785029,1.2173791967244565
105.5123573536028,0.6445481827275759,1.5169021491703472,0.9783171196721607,1.0444833588144107,1.2202859555543104
105.56694212202163,0.6448816272090696,1.5213708497810279,0.9773054417556188,1.046216501900126,1.2232078796341197
105.62152689044046,0.6452150716905635,1.5258613742639873,0.9762949026875591,1.0479613423950809,1.2261450335538668
105.6761116588593,0.6455485161720573,1.5303738280964565,0.9752855017223065,1.0497179151542633,1.2290974823003717
105.73069642727813,0.6458819606535512,1.5349083173574658,0.9742772381152083,1.0514862553292148,1.2320652912592789
105.78528119569695,0.6462154051350449,1.539464948731204,0.9732701111226447,1.0532663983690413,1.2350485262170579
105.83986596411579,0.6465488496165388,1.5440438295104042,0.9722641200020401,1.0550583800214337,1.238047253363021
105.89445073253462,0.6468822940980327,1.5486450675997376,0.9712592640118746,1.0568622363336948,1.2410615392913449
105.94903550095346,0.6472157385795265,1.5532687715192406,0.9702555424116946,1.0586780036537795,1.244091451003118
106.00362026937229,0.6475491830610204,1.5579150504077555,0.969252954462124,1.0605057186313445,1.2471370559083914
106.05820503779113,0.6478826275425141,1.5625840140263934,0.968251499424875,1.0623454182188055,1.2501984218282498
106.11278980620995,0.6482160720240079,1.5672757727620181,0.9672511765627595,1.0641971396724073,1.2532756169968913
106.16737457462878,0.6485495165055017,1.5719904376307545,0.9662519851396991,1.0660609205533031,1.2563687100637284
106.22195934304762,0.6488829609869956,1.5767281202815087,0.9652539244207375,1.0679367987286408,1.2594777700954922
106.27654411146645,0.6492164054684895,1.5814889329995185,0.9642569936720503,1.0698248123726641,1.2626028665783595
106.33112887988528,0.6495498499499833,1.5862729887099223,0.9632611921609562,1.071724999967821,1.2657440694200905
106.38571364830412,0.6498832944314772,1.5910804009813484,0.9622665191559281,1.0736374003058813,1.2689014489521808
106.44029841672295,0.650216738912971,1.595911284029526,0.9612729739266038,1.0755620524890683,1.2720750759320272
106.49488318514177,0.6505501833944648,1.6007657527209178,0.960280555743797,1.0774989959311965,1.2752650215451076
106.54946795356061,0.6508836278759587,1.60564392257638,0.9592892638795074,1.079448270358822,1.2784713574071795
106.60405272197944,0.6512170723574524,1.6105459097748314,0.9582990976069328,1.081409915812402,1.2816941555664836
106.65863749039828,0.6515505168389463,1.6154718311569567,0.957310056200479,1.0833839726474654,1.2849334885059707
106.71322225881711,0.6518839613204401,1.6204218042289278,0.9563221389357711,1.0853704815357934,1.2881894291455396
106.76780702723595,0.652217405801934,1.6253959471661457,0.9553353450896638,1.08736948346661,1.29146205084429
106.82239179565477,0.6525508502834277,1.6303943788170052,0.9543496739402527,1.0893810197477847,1.2947514274027876
106.8769765640736,0.6528842947649216,1.6354172187066887,0.9533651247668841,1.0914051320070446,1.2980576330653517
106.93156133249244,0.6532177392464155,1.6404645870409686,0.952381696850167,1.0934418621931947,1.301380742522346
106.98614610091127,0.6535511837279093,1.6455366047100468,0.9513993894719832,1.095491252577354,1.3047208309124938
107.0407308693301,0.6538846282094032,1.6506333932924095,0.9504182019154981,1.0975533457541968,1.3080779738252049
107.09531563774894,0.6542180726908969,1.6557550750587062,0.9494381334651711,1.0996281846432088,1.311452247302917
107.14990040616776,0.6545515171723907,1.660901772975652,0.9484591834067672,1.1017158124899507,1.3148437278434524
107.2044851745866,0.6548849616538845,1.666073610709957,0.9474813510273657,1.103816272867337,1.3182524924023933
107.25906994300543,0.6552184061353784,1.6712707126322697,0.946504635615374,1.1059296096769191,1.3216786183954645
107.31365471142426,0.6555518506168723,1.6764932038211535,0.9455290364605352,1.1080558671501843,1.3251221837009406
107.3682394798431,0.6558852950983661,1.6817412100670825,0.944554552853941,1.110195089849865,1.328583266662062
107.42282424826193,0.65621873957986,1.687014857876461,0.9435811840880406,1.1123473226712566,1.3320619460894716
107.47740901668075,0.6565521840613537,1.6923142744756663,0.942608929456653,1.114512610843549,1.3355583012636607
107.53199378509959,0.6568856285428476,1.6976395878151227,0.9416377882549759,1.1166909999311678,1.33907241193744
107.58657855351842,0.6572190730243415,1.7029909265733851,0.9406677597795979,1.1188825358351262,1.3426043583384146
107.64116332193726,0.6575525175058352,1.7083684201612603,0.9396988433285085,1.1210872647943877,1.3461542211714845
107.69574809035609,0.6578859619873291,1.713772198725948,0.9387310382011084,1.1233052333872426,1.3497220816213573
107.75033285877493,0.6582194064688229,1.7192023931552047,0.9377643436982203,1.125536488532693,1.353308021355077
107.80491762719376,0.6585528509503168,1.7246591350815346,0.9367987591220999,1.1277810774918495,1.356912122524569
107.85950239561258,0.6588862954318105,1.7301425568864028,0.9358342837764462,1.1300390478693398,1.3605344677692004
107.91408716403141,0.6592197399133044,1.735652791704481,0.9348709169664116,1.1323104476147305,1.3641751402183617
107.96867193245025,0.6595531843947983,1.7411899734279035,0.9339086579986134,1.1345953250239549,1.3678342234940557
108.02325670086908,0.6598866288762921,1.7467542367105633,0.9329475061811442,1.1368937287407572,1.3715118017135102
108.07784146928792,0.6602200733577859,1.7523457169724264,0.9319874608235816,1.139205707758148,1.3752079594918059
108.13242623770675,0.6605535178392797,1.7579645504038717,0.9310285212370002,1.141531311419867,1.3789227819445184
108.18701100612557,0.6608869623207735,1.7636108739700573,0.9300706867339809,1.1438705894218633,1.3826563546903796
108.24159577454441,0.6612204068022673,1.7692848254153182,0.9291139566286217,1.1462235918137835,1.3864087638539568
108.29618054296324,0.6615538512837612,1.7749865432675753,0.9281583302365493,1.1485903690004706,1.3901800960683417
108.35076531138208,0.6618872957652551,1.7807161668427853,0.9272038068749284,1.150970971743478,1.393970438477866
108.40535007980091,0.6622207402467489,1.7864738362494115,0.9262503858624732,1.1533654511625935,1.3977798787408275
108.45993484821975,0.6625541847282428,1.7922596923929175,0.9252980665194575,1.1557738587373756,1.4016085050322364
108.51451961663857,0.6628876292097365,1.798073876980291,0.9243468481677253,1.1581962463086994,1.4054564060465764
108.5691043850574,0.6632210736912304,1.8039165325245994,0.9233967301307011,1.1606326660803215,1.409323671000588
108.62368915347623,0.6635545181727242,1.8097878023495557,0.9224477117334012,1.1630831706204452,1.413210389636061
108.67827392189507,0.663887962654218,1.8156878305941293,0.9214997923024439,1.1655478128633097,1.4171166522226526
108.7328586903139,0.6642214071357119,1.8216167622171744,0.9205529711660602,1.1680266461107838,1.421042549560719
108.78744345873274,0.6645548516172057,1.8275747430020868,0.9196072476541035,1.170519724033975,1.4249881729841662
108.84202822715157,0.6648882960986996,1.8335619195614896,0.9186626210980621,1.17302710067485,1.4289536143633168
108.8966129955704,0.6652217405801933,1.8395784393419432,0.9177190908310678,1.175548830447866,1.432938966107796
108.95119776398923,0.6655551850616872,1.8456244506286912,0.9167766561879072,1.1780849681416201,1.436944321169439
109.00578253240806,0.6658886295431811,1.8517001025504185,0.9158353165050329,1.1806355689205013,1.440969773045207
109.0603673008269,0.6662220740246749,1.8578055450840538,0.9148950711205734,1.1832006883263637,1.445015415780131
109.11495206924573,0.6665555185061687,1.8639409290595903,0.9139559193743442,1.1857803822802089,1.4490813439702703
109.16953683766457,0.6668889629876625,1.870106406164937,0.9130178606078575,1.1883747070838802,1.4531676527656883
109.22412160608339,0.6672224074691563,1.8763021289507984,0.9120808941643342,1.1909837194217696,1.4572744378734463
109.27870637450222,0.6675558519506501,1.8825282508355874,0.9111450193887131,1.1936074763625422,1.4614017955606238
109.33329114292106,0.667889296432144,1.8887849261103538,0.9102102356276622,1.1962460353608637,1.4655498226573416
109.38787591133989,0.6682227409136379,1.8950723099437556,0.9092765422295901,1.1988994542591493,1.4697186165598197
109.44246067975872,0.6685561853951317,1.901390558387052,0.9083439385446551,1.2015677912893228,1.473908275233445
109.49704544817756,0.6688896298766256,1.907739828379128,0.9074124239247771,1.204251105074587,1.478118897215861
109.55163021659638,0.6692230743581193,1.9141202777515431,0.9064819977236473,1.2069494546312083,1.4823505816200744
109.60621498501521,0.6695565188396132,1.9205320652336224,0.9055526592967398,1.2096628993703173,1.4866034281375875
109.66079975343405,0.669889963321107,1.9269753504575569,0.9046244080013215,1.2123914990997147,1.490877537041537
109.71538452185288,0.6702234078026008,1.933450293963552,0.9036972431964633,1.2151353140256986,1.4951730091898654
109.76996929027172,0.6705568522840947,1.9399570572049962,0.9027711642430506,1.217894404754901,1.4994899460285045
109.82455405869055,0.6708902967655885,1.946495802553663,0.9018461705037941,1.2206688322961379,1.5038284495945806
109.87913882710939,0.6712237412470824,1.9530666933049405,0.9009222613432403,1.2234586580622726,1.5081886225196393
109.9337235955282,0.6715571857285761,1.9596698936830925,0.8999994361277827,1.2262639438720937,1.512570568032888
109.98830836394704,0.67189063021007,1.9663055688465567,0.8990776942256714,1.229084751952207,1.5169743899644659
110.04289313236588,0.6722240746915639,1.9729738848932556,0.8981570350070255,1.2319211449389358,1.52140019274872
110.09747790078471,0.6725575191730576,1.9796750088659578,0.8972374578438429,1.2347731858802418,1.5258480814275142
110.15206266920354,0.6728909636545515,1.9864091087576594,0.8963189621100108,1.2376409382376559,1.5303181616535537
110.20664743762238,0.6732244081360453,1.9931763535169993,0.8954015471813176,1.2405244658882226,1.5348105396937284
110.2612322060412,0.6735578526175391,1.9999769130537028,0.8944852124354625,1.2434238331264589,1.5393253224324777
110.31581697446003,0.673891297099033,2.006810958244067,0.8935699572520668,1.2463391046663295,1.5438626173751797
110.37040174287887,0.6742247415805268,2.013678660936458,0.8926557810126851,1.249270345643229,1.5484225326515524
110.4249865112977,0.6745581860620207,2.02058019395686,0.8917426831008156,1.2522176216159868,1.5530051770190831
110.47957127971654,0.6748916305435145,2.0275157311144447,0.8908306629019115,1.2551809985688787,1.5576106598664763
110.53415604813537,0.6752250750250084,2.0344854472071763,0.8899197198033914,1.2581605429136573,1.562239091217122
110.58874081655419,0.6755585195065021,2.041489518027445,0.8890098531946505,1.2611563214915944,1.5668905817325844
110.64332558497303,0.6758919639879959,2.048528120367745,0.8881010624670711,1.2641684015755406,1.5715652427161177
110.69791035339186,0.6762254084694898,2.055601432026362,0.8871933470140342,1.267196850871992,1.5762631861161904
110.7524951218107,0.6765588529509836,2.0627096318131186,0.88628670623093,1.27024173752318,1.580984524530044
110.80707989022953,0.6768922974324775,2.069852899555133,0.885381139515169,1.2733031301091708,1.585729371207267
110.86166465864837,0.6772257419139713,2.077031416102625,0.8844766462661928,1.2763810976499796,1.5904978400533913
110.9162494270672,0.6775591863954652,2.084245363334743,0.8835732258854858,1.279475709607701,1.5952900456335102
110.97083419548602,0.677892630876959,2.0914949241654313,0.8826708777765853,1.2825870358886513,1.6001061031759174
111.02541896390485,0.6782260753584528,2.098780282549335,0.8817696013450925,1.2857151468455321,1.6049461285757742
111.08000373232369,0.6785595198399467,2.106101623487724,0.8808693959986851,1.2888601132795978,1.6098102383987856
111.13458850074252,0.6788929643214404,2.1134591330344628,0.8799702611471264,1.2920220064428483,1.6146985498849118
111.18917326916136,0.6792264088029343,2.120852998302013,0.879072196202278,1.295200898040231,1.6196111809520957
111.24375803758019,0.6795598532844281,2.1282834074674657,0.8781752005781097,1.2983968602318594,1.624548250200013
111.29834280599901,0.6798932977659219,2.1357505497786096,0.877279273690712,1.3016099656352471,1.6295098769138445
111.35292757441785,0.6802267422474157,2.143254615560039,0.8763844149583055,1.3048402873275584,1.634496181068078
111.40751234283668,0.6805601867289096,2.150795796219284,0.875490623801254,1.308087898847868,1.6395072833303175
111.46209711125552,0.6808936312104035,2.1583742842529854,0.8745978996420744,1.311352874199444,1.644543305065132
111.51668187967435,0.6812270756918973,2.165990273253104,0.8737062419054483,1.314635287852041,1.6496043683379162
111.57126664809319,0.6815605201733911,2.1736439579131623,0.8728156500182338,1.3179352147442112,1.6546905959187812
111.625851416512,0.6818939646548849,2.181335534034517,0.8719261234094764,1.3212527302856283,1.6598021112864605
111.68043618493084,0.6822274091363787,2.189065198532682,0.8710376615104194,1.3245879103594331,1.6649390386322516
111.73502095334968,0.6825608536178726,2.1968331494436657,0.8701502637545172,1.327940831324585,1.670101502863965
111.78960572176851,0.6828942980993664,2.2046395859303605,0.869263929577445,1.3313115700182387,1.6752896296099102
111.84419049018734,0.6832277425808603,2.2124847082889607,0.8683786584171113,1.3347002037581308,1.6805035452228994
111.89877525860618,0.6835611870623541,2.220368717955421,0.8674944497136685,1.3381068103449858,1.6857433767842758
111.95336002702501,0.683894631543848,2.2282918175119453,0.8666113029095247,1.3415314680649353,1.691009252107966
112.00794479544383,0.6842280760253417,2.236254210693515,0.8657292174493559,1.344974255691955,1.696301299744555
112.06252956386267,0.6845615205068356,2.244256102394461,0.8648481927801156,1.34843525249032,1.701619648985393
112.1171143322815,0.6848949649883294,2.252297698675054,0.8639682283510485,1.351914538217069,1.7069644298667102
112.17169910070034,0.6852284094698232,2.2603792067681505,0.8630893236137009,1.3554121931244931,1.7123357731737736
112.22628386911917,0.6855618539513171,2.2685008350858658,0.8622114780219327,1.3589282979626367,1.7177338104450584
112.280868637538,0.6858952984328109,2.2766627932262864,0.8613346910319286,1.3624629339818146,1.7231586739764464
112.33545340595683,0.6862287429143047,2.28486529198022,0.8604589621022106,1.366016182935148,1.7286104968254477
112.39003817437566,0.6865621873957986,2.293108543337988,0.8595842906936483,1.369588127081117,1.7340894128154545
112.4446229427945,0.6868956318772924,2.301392760496241,0.858710676269472,1.373178849186125,1.7395955565400059
112.49920771121333,0.6872290763587863,2.309718157864829,0.857838118295284,1.3767884325270863,1.745129063367092
112.55379247963216,0.6875625208402801,2.318084951073699,0.8569666162390702,1.3804169608940273,1.7506900694434746
112.608377248051,0.6878959653217739,2.3264933569798365,0.8560961695712122,1.3840645185927052,1.756278711699038
112.66296201646982,0.6882294098032676,2.33494359367424,0.855226777764499,1.3877311904472418,1.7618951278511599
112.71754678488865,0.6885628542847615,2.3434358804889444,0.8543584402941384,1.391417061802782,1.767539456409119
112.77213155330749,0.6888962987662554,2.3519704380040642,0.8534911566377703,1.3951222185281562,1.773211836678511
112.82671632172632,0.6892297432477492,2.3605474880548964,0.8526249262754773,1.398846747018573,1.7789124087657067
112.88130109014516,0.6895631877292431,2.369167253739048,0.8517597486897971,1.402590734198322,1.7846413135823271
112.93588585856399,0.6898966322107369,2.377829959423611,0.850895623365735,1.4063542675234961,1.7903986928497488
112.99047062698283,0.6902300766922308,2.386535830752371,0.8500325497907756,1.410137434984732,1.796184689103633
113.04505539540165,0.6905635211737245,2.395285094653057,0.8491705274548949,1.4139403251099651,1.8019994456984814
113.09964016382048,0.6908969656552184,2.4040779793446396,0.8483095558505718,1.4177630269672103,1.8078431068122236
113.15422493223932,0.6912304101367122,2.412914714344649,0.8474496344728019,1.421605630167348,1.81371581745082
113.20880970065815,0.691563854618206,2.4217955304765524,0.8465907628191083,1.4254682248669384,1.8196177234529025
113.26339446907699,0.6918972990996999,2.4307206598771636,0.8457329403895545,1.4293509017710504,1.8255489714944377
113.31797923749582,0.6922307435811937,2.4396903360040922,0.8448761666867565,1.4332537521361073,1.8315097090934167
113.37256400591464,0.6925641880626875,2.448704793643233,0.8440204412158953,1.4371768677727519,1.8375000846145713
113.42714877433347,0.6928976325441814,2.457764268916307,0.8431657634847285,1.441120341048733,1.8435202472741254
113.48173354275231,0.6932310770256752,2.4668689992884207,0.8423121330036041,1.4450842648918012,1.8495703471445577
113.53631831117114,0.6935645215071691,2.476019223575687,0.8414595492854721,1.4490687327926328,1.8556505351594086
113.59090307958998,0.6938979659886629,2.4852151819528787,0.840608011845897,1.4530738388077677,1.8617609631181056
113.64548784800881,0.6942314104701567,2.4944571159611266,0.8397575202030704,1.457099677562566,1.8679017836908196
113.70007261642763,0.6945648549516504,2.50374526851565,0.8389080738778241,1.4611463442541832,1.8740731504233463
113.75465738484647,0.6948982994331443,2.5130798839135493,0.8380596723936415,1.4652139346545687,1.8802752177420243
113.8092421532653,0.6952317439146382,2.5224612078416104,0.837212315276672,1.4693025451134736,1.8865081409586655
113.86382692168414,0.695565188396132,2.531889487384179,0.836366002055742,1.4734122725614864,1.8927720762755298
113.91841169010297,0.6958986328776259,2.5413649710310597,0.835520732262369,1.4775432145130842,1.8990671807903203
113.9729964585218,0.6962320773591197,2.550887908685467,0.8346765054307735,1.4816954690697033,1.9053936125012085
114.02758122694064,0.6965655218406136,2.560458551672015,0.8338333210978927,1.4858691349228292,1.9117515303118888
114.08216599535946,0.6968989663221073,2.5700771527447412,0.8329911788033925,1.4900643113571048,1.9181410940366594
114.1367507637783,0.6972324108036012,2.5797439660952004,0.8321500780896807,1.4942810982534627,1.9245624644055412
114.19133553219713,0.697565855285095,2.5894592473605598,0.8313100185019203,1.4985195960922686,1.93101580306941
114.24592030061596,0.6978992997665888,2.599223253631774,0.8304709995880428,1.5027799059564917,1.9375012726051726
114.3005050690348,0.6982327442480827,2.609036243461787,0.8296330208987603,1.5070621295348927,1.9440190365209655
114.35508983745363,0.6985661887295765,2.6188984768737766,0.8287960819875797,1.5113663691252306,1.9505692592613852
114.40967460587245,0.6988996332110703,2.628810215369446,0.8279601824108153,1.515692727637489,1.9571521062127455
114.46425937429129,0.6992330776925642,2.638771721937367,0.8271253217276014,1.5200413085971276,1.9637677437083725
114.51884414271012,0.699566522174058,2.648783261061344,0.8262914994999073,1.5244122161483438,1.9704163390339158
114.57342891112896,0.6998999666555519,2.658845098728846,0.8254587152925492,1.5288055550573643,1.9770980604327029
114.62801367954779,0.7002334111370456,2.668957502439471,0.8246269686732041,1.533221430715752,1.9838130771111169
114.68259844796663,0.7005668556185395,2.679120741213457,0.8237962592124232,1.5376599491437346,1.9905615592440082
114.73718321638545,0.7009003001000332,2.6893350856002356,0.8229665864836454,1.5421212169935523,1.997343677980132
114.79176798480428,0.7012337445815271,2.6996008076870397,0.8221379500632106,1.546605341552832,2.0041596054476263
114.84635275322312,0.701567189063021,2.709918181107536,0.8213103495303736,1.55111243074797,2.011009514759505
114.90093752164195,0.7019006335445148,2.7202874810505215,0.8204837844673178,1.5556425931475486,2.0178935800191953
114.95552229006078,0.7022340780260087,2.730708984268657,0.8196582544591687,1.560195937965766,2.0248119763261028
115.01010705847962,0.7025675225075025,2.7411829690872476,0.8188337590940077,1.5647725750658896,2.0317648797812047
115.06469182689845,0.7029009669889964,2.751709715413066,0.8180102979628857,1.5693726149637304,2.0387524674926776
115.11927659531727,0.7032344114704902,2.76228950474322,0.8171878706598379,1.5739961688311355,2.045774917581553
115.17386136373611,0.7035678559519839,2.7729226201740813,0.8163664767818959,1.5786433484995115,2.052832409187415
115.22844613215494,0.7039013004334778,2.7836093464102274,0.8155461159291038,1.5833142664633535,2.0599251224741106
115.28303090057378,0.7042347449149716,2.7943499697734637,0.8147267877045307,1.5880090358838104,2.0670532386355096
115.33761566899261,0.7045681893964655,2.8051447782118717,0.8139084917142856,1.5927277705922638,2.0742169399012904
115.39220043741145,0.7049016338779593,2.8159940613089076,0.8130912275675312,1.5974705850939317,2.0814164095427543
115.44678520583027,0.7052350783594531,2.8268981102925483,0.8122749948764983,1.602237594571491,2.0886518318786775
115.5013699742491,0.705568522840947,2.8378572180444928,0.8114597932564999,1.6070289148887293,2.0959233922811973
115.55595474266794,0.7059019673224408,2.8488716791093824,0.8106456223259455,1.6118446625942062,2.103231277181719
115.61053951108677,0.7062354118039347,2.859941789704101,0.8098324817063558,1.6166849549249478,2.1105756740768675
115.6651242795056,0.7065688562854284,2.8710678477271,0.809020371022377,1.62154990981016,2.117956771534471
115.71970904792444,0.7069023007669223,2.8822501527677797,0.8082092899017952,1.6264396458749621,2.125374759199569
115.77429381634326,0.707235745248416,2.893489006115911,0.8073992379755512,1.6313542824441438,2.1328298278004603
115.8288785847621,0.7075691897299099,2.9047847107711213,0.8065902148777546,1.6362939395459506,2.1403221691547913
115.88346335318093,0.7079026342114038,2.9161375714523943,0.8057822202456996,1.6412587379158785,2.147851976175655
115.93804812159976,0.7082360786928976,2.927547894607651,0.8049752537198783,1.646248799000505,2.1554194428777484
115.9926328900186,0.7085695231743915,2.9390159884233618,0.8041693149439971,1.6512642449613364,2.163024764383549
116.04721765843743,0.7089029676558853,2.950542162834207,0.8033644035649903,1.6563051986786788,2.17066813692953
116.10180242685627,0.7092364121373791,2.962126729532789,0.8025605192330358,1.6613717837555322,2.1783497578724096
116.15638719527509,0.709569856618873,2.973770001979385,0.8017576616015702,1.6664641245215077,2.1860698256954296
116.21097196369392,0.7099033011003667,2.9854722954117667,0.8009558303273029,1.6715823460367736,2.193828540014681
116.26555673211276,0.7102367455818606,2.9972339268550336,0.8001550250702324,1.6767265740960107,2.2016261015854433
116.32014150053159,0.7105701900633544,3.0090552151315277,0.7993552454936614,1.6818969352324071,2.2094627123085777
116.37472626895043,0.7109036345448483,3.020936480870781,0.7985564912642114,1.687093556721667,2.217338575236944
116.42931103736926,0.7112370790263421,3.032878046519512,0.7977587620518387,1.6923165665860458,2.2252538945818574
116.48389580578808,0.7115705235078359,3.04488023635167,0.7969620575298498,1.697566093598409,2.2332088757195745
116.53848057420691,0.7119039679893298,3.0569433764785416,0.7961663773749161,1.7028422672863193,2.2412037251978267
116.59306534262575,0.7122374124708236,3.069067794858877,0.795371721267091,1.7081452179361363,2.2492386507423685
116.64765011104458,0.7125708569523174,3.0812538213090916,0.7945780888898241,1.7134750765971518,2.257313861263579
116.70223487946342,0.7129043014338112,3.0935017875135054,0.7937854799299777,1.7188319750857455,2.265429566863093
116.75681964788225,0.7132377459153051,3.1058120270346317,0.7929938940778425,1.7242160459895632,2.2735859788404644
116.81140441630107,0.7135711903967988,3.1181848753235117,0.7922033310271535,1.729627422671721,2.2817833096998674
116.86598918471991,0.7139046348782927,3.130620669730116,0.7914137904751051,1.7350662392750384,2.290021773156842
116.92057395313874,0.7142380793597866,3.143119749513759,0.7906252721223688,1.740532630726285,2.2983015841450545
116.97515872155758,0.7145715238412804,3.155682455853597,0.7898377756731078,1.7460267327404624,2.306622958823116
117.02974348997641,0.7149049683227743,3.168309131859161,0.789051300834994,1.7515486818251083,2.3149861145814254
117.08432825839525,0.7152384128042681,3.1810001225809383,0.7882658473192237,1.7570986152846233,2.3233912700490515
117.13891302681407,0.7155718572857619,3.1937557750210015,0.7874814148405348,1.7626766712246231,2.33183864510065
117.1934977952329,0.7159053017672556,3.2065764381437036,0.7866980031172215,1.7682829885563236,2.3403284608634256
117.24808256365174,0.7162387462487495,3.2194624628863897,0.7859156118711529,1.773917707000936,2.348860939724112
117.30266733207057,0.7165721907302434,3.2324142021701894,0.785134240827788,1.779580967094102,2.3574363053360075
117.3572521004894,0.7169056352117372,3.2454320109108434,0.7843538897161934,1.7852729101903473,2.36605478262604
117.41183686890824,0.7172390796932311,3.258516246029583,0.7835745582690588,1.790993678467563,2.3747165978018683
117.46642163732707,0.717572524174725,3.271667266464058,0.782796246222715,1.7967434149315125,2.383421978359021
117.5210064057459,0.7179059686562187,3.2848854331793094,0.7820189533171504,1.802522263420361,2.392171153088073
117.57559117416473,0.7182394131377126,3.2981711091788144,0.7812426792960272,1.8083303686092425,2.4009643520818673
117.63017594258356,0.7185728576192064,3.3115246595155385,0.7804674239066997,1.8141678760148332,2.4098018067427525
117.6847607110024,0.7189063021007002,3.324946451303078,0.7796931869002304,1.8200349319999702,2.4186837497898837
117.73934547942123,0.719239746582194,3.3384368537268316,0.7789199680314081,1.8259316837782869,2.427610415266545
117.79393024784007,0.7195731910636879,3.3519962380552246,0.7781477670587644,1.8318582794188765,2.4365820385475168
117.84851501625889,0.7199066355451816,3.365624977650982,0.7773765837445918,1.8378148678509814,2.4455988563464732
117.90309978467772,0.7202400800266755,3.3793234479824643,0.7766064178549601,1.8438015988687162,2.4546611067234365
117.95768455309656,0.7205735245081694,3.3930920266350233,0.775837269159735,1.8498186231358036,2.463769029092239
118.01226932151539,0.7209069689896632,3.406931093322437,0.7750691374325959,1.8558660921903491,2.472922864228052
118.06685408993422,0.7212404134711571,3.4208410298983796,0.7743020224510523,1.8619441584496401,2.4821228542749387
118.12143885835306,0.7215738579526508,3.434822220367942,0.7735359239964629,1.8680529752149695,2.4913692427534495
118.17602362677188,0.7219073024341447,3.448875050899203,0.7727708418540532,1.8741926966764866,2.500662274568252
118.23060839519071,0.7222407469156384,3.462999909834861,0.7720067758129328,1.880363477918084,2.5100021960158125
118.28519316360955,0.7225741913971323,3.477197187703884,0.7712437256661144,1.8865654749222942,2.5193892547920944
118.33977793202838,0.7229076358786262,3.4914672772332427,0.7704816912105318,1.8927988445752322,2.5288237000003146
118.39436270044722,0.72324108036012,3.5058105733596756,0.7697206722470576,1.8990637446715555,2.5383057821587323
118.44894746886605,0.7235745248416139,3.5202274732415084,0.7689606685805223,1.9053603339194547,2.547835753208475
118.50353223728489,0.7239079693231077,3.5347183762705168,0.7682016800197322,1.9116887719456717,2.5574138665214083
118.5581170057037,0.7242414138046015,3.5492836840838415,0.7674437063774885,1.9180492193005454,2.567040376908037
118.61270177412254,0.7245748582860954,3.563923800575967,0.7666867474706051,1.9244418374630912,2.5767155406254645
118.66728654254138,0.7249083027675891,3.5786391319107116,0.7659308031199281,1.9308667888460955,2.5864396153853595
118.72187131096021,0.725241747249083,3.593430086533306,0.7651758731503547,1.9373242368012529,2.596212860361994
118.77645607937905,0.7255751917305768,3.608297075182498,0.7644219573908517,1.9438143456243235,2.606035536200305
118.83104084779788,0.7259086362120707,3.6232405109027144,0.7636690556744746,1.950337280560323,2.615907905023999
118.8856256162167,0.7262420806935644,3.6382608090562623,0.762917167838387,1.9568932078087353,2.6258302304436927
118.94021038463553,0.7265755251750583,3.6533583873356017,0.7621662937238792,1.963482294528768,2.63580277756511
118.99479515305437,0.7269089696565522,3.668533665775627,0.7614164331763885,1.9701047088446153,2.645825812997291
119.0493799214732,0.727242414138046,3.683787066766032,0.7606675860455179,1.9767606198507683,2.6558996048608643
119.10396468989204,0.7275758586195399,3.6991190150637077,0.759919752185056,1.9834501976173475,2.666024422796352
119.15854945831087,0.7279093031010336,3.71452993780519,0.7591729314529964,1.9901736131954642,2.6762005379725133
119.2131342267297,0.7282427475825274,3.7300202645191503,0.7584271237115577,1.9969310386226098,2.6864282230947287
119.26771899514853,0.7285761920640212,3.7455904271389535,0.7576823288272028,2.003722646928085,2.696707752413435
119.32230376356736,0.7289096365455151,3.7612408600152243,0.7569385466706594,2.010548612138439,2.7070394017325774
119.3768885319862,0.729243081027009,3.776971999928499,0.7561957771169402,2.017409109282957,2.717423448418125
119.43147330040503,0.7295765255085028,3.7927842861019077,0.7554540200453624,2.0243043143991697,2.727860171406617
119.48605806882387,0.7299099699899967,3.808678160213899,0.7547132753395687,2.03123440453839,2.738349851213751
119.5406428372427,0.7302434144714905,3.824654066411023,0.7539735428875466,2.038199557771286,2.7488927699430112
119.59522760566152,0.7305768589529843,3.840712451320744,0.7532348225816504,2.04519995319348,2.7594892112943357
119.64981237408035,0.7309103034344782,3.8568537640643297,0.7524971143186201,2.052235770931181,2.770139460572838
119.70439714249919,0.7312437479159719,3.873078456269738,0.7517604179996037,2.059307192146841,2.780843804697542
119.75898191091802,0.7315771923974658,3.889386982084595,0.751024733530177,2.066414399044849,2.791602532210185
119.81356667933686,0.7319106368789596,3.9057797981891946,0.7502900608203645,2.073557574877251,2.8024159332840486
119.8681514477557,0.7322440813604535,3.9222573638095497,0.7495563997846614,2.080736903949503,2.8132842997328322
119.92273621617451,0.7325775258419472,3.93882014073048,0.7488237503420536,2.087952571626253,2.824207925019567
119.97732098459335,0.7329109703234411,3.95546859330877,0.7480921124160392,2.0952047643371605,2.8351871042655827
120.03190575301218,0.733244414804935,3.972203188486325,0.7473614859346507,2.102493669582731,2.8462221342594867
120.08649052143102,0.7335778592864288,3.9890243958034164,0.7466318708304754,2.1098194759401983,2.8573133134662174
120.14107528984985,0.7339113037679227,4.005932687411945,0.7459032670406781,2.1171823730694297,2.8684609420361187
120.19566005826869,0.7342447482494164,4.022928538088754,0.7451756745070216,2.124582551718865,2.879665321814061
120.2502448266875,0.7345781927309102,4.0400124252489835,0.7444490931758898,2.132020203731482,2.8909267563486014
120.30482959510634,0.734911637212404,4.057184828959484,0.7437235229983082,2.139495522050807,2.902245550901199
120.35941436352518,0.7352450816938979,4.074446231952227,0.7429989639299676,2.1470087007269347,2.913622012455441
120.41399913194401,0.7355785261753918,4.09179711963781,0.742275415931245,2.154559934922599,2.92505644972634
120.46858390036284,0.7359119706568856,4.109237980118971,0.741552878967227,2.1621494209192673,2.936549173169659
120.52316866878168,0.7362454151383795,4.126769304204154,0.7408313530077311,2.169777356123269,2.94810049499128
120.57775343720051,0.7365788596198733,4.14439158542111,0.7401108380273292,2.1774439390719524,2.9597107291566136
120.63233820561933,0.7369123041013671,4.162105320030543,0.7393913340053699,2.185149369439876,2.9713801914000437
120.68692297403817,0.737245748582861,4.1799110070398005,0.738672840926001,2.1928938480450393,2.9831091992344354
120.741507742457,0.7375791930643547,4.197809148216581,0.7379553587781932,2.2006775768551257,2.9948980719606486
120.79609251087584,0.7379126375458486,4.215800248102703,0.7372388875557625,2.208500758993799,3.0067471306771227
120.85067727929467,0.7382460820273424,4.233884814027906,0.736523427257394,2.2163635987470203,3.018656698289491
120.9052620477135,0.7385795265088363,4.252063356123685,0.7358089778866642,2.224266301569402,3.0306270995202365
120.95984681613233,0.73891297099033,4.270336387337157,0.7350955394520662,2.2322090740905898,3.0426586609183857
121.01443158455116,0.7392464154718239,4.288704423444996,0.7343831119670307,2.2401921241216884,3.05475171086926
121.06901635297,0.7395798599533178,4.30716798306734,0.7336716954499525,2.2482156606617,3.0669065796042365
121.12360112138883,0.7399133044348116,4.325727587681803,0.7329612899242124,2.256279893904016,3.0791235992105808
121.17818588980766,0.7402467489163054,4.344383761637481,0.7322518954182019,2.2643850352429284,3.0914031036413046
121.2327706582265,0.7405801933977992,4.363137032169001,0.7315435119653475,2.272531297280181,3.1037454287250688
121.28735542664532,0.740913637879293,4.381987929410601,0.7308361396041344,2.2807188938315486,3.116150912176121
121.34194019506415,0.7412470823607868,4.40093698641027,0.7301297783781309,2.2889480399334583,3.1286198936042946
121.39652496348299,0.7415805268422807,4.419984739143862,0.7294244283360135,2.297218951849628,3.141152714525011
121.45110973190182,0.7419139713237746,4.439131726529301,0.7287200895315913,2.305531847077753,3.1537497183693577
121.50569450032066,0.7422474158052684,4.458378490440787,0.7280167620238301,2.31388694435622,3.16641125049419
121.56027926873949,0.7425808602867623,4.477725575723036,0.7273144458768788,2.322284463670854,3.179137658192277
121.61486403715833,0.7429143047682562,4.497173530205552,0.7266131411600926,2.330724626261699,3.191929290702485
121.66944880557715,0.7432477492497499,4.516722904716925,0.7259128479480599,2.3392076546298335,3.2047864992200017
121.72403357399598,0.7435811937312437,4.536374253099178,0.7252135663206264,2.347733772544222,3.217709636906613
121.77861834241482,0.7439146382127375,4.556128132222091,0.7245152963629214,2.3563032050485906,3.230699058900989
121.83320311083365,0.7442480826942314,4.575985101997606,0.723818038165383,2.3649161784683437,3.243755122329044
121.88778787925249,0.7445815271757252,4.595945725394227,0.7231217918237842,2.373572920417516,3.2568781863143146
121.94237264767132,0.7449149716572191,4.616010568451454,0.7224265574392584,2.382273659805756,3.2700686119883864
121.99695741609014,0.7452484161387128,4.636180200294238,0.721732335118326,2.391018626845336,3.2833267625013534
122.05154218450897,0.7455818606202067,4.6564551931474725,0.7210391249729198,2.3998080530582153,3.2966530030323327
122.10612695292781,0.7459153051017006,4.676836122350475,0.7203469271204122,2.4086421712831116,3.3100477007999873
122.16071172134664,0.7462487495831944,4.697323566371525,0.7196557416836413,2.4175212156826262,3.323511225073119
122.21529648976548,0.7465821940646882,4.7179181068224,0.718965568790938,2.426445421750396,3.3370439471812854
122.26988125818431,0.746915638546182,4.738620328472945,0.7182764085761519,2.435415026318281,3.3506462405254553
122.32446602660313,0.7472490830276758,4.759430819265644,0.7175882611786796,2.4444302675635803,3.3643184805887025
122.37905079502197,0.7475825275091696,4.780350170330242,0.7169011267434898,2.4534913850162985,3.3780610449469526
122.4336355634408,0.7479159719906635,4.801378975998326,0.716215005421153,2.4625986195664207,3.3918743132797355
122.48822033185964,0.7482494164721574,4.82251783381798,0.7155298973678672,2.4717522134712446,3.405758667381006
122.54280510027847,0.7485828609536512,4.843767344568421,0.7148458027454861,2.4809524103627356,3.4197144911699895
122.5973898686973,0.7489163054351451,4.8651281122746575,0.7141627217215468,2.4901994552549205,3.433742170702065
122.65197463711614,0.7492497499166388,4.886600744222161,0.7134806544692978,2.499493594551312,3.4478420941796855
122.70655940553496,0.7495831943981327,4.908185850971539,0.7127996011677266,2.5088350760523674,3.462014651963332
122.7611441739538,0.7499166388796265,4.929884046373247,0.7121195620015883,2.5182241489629944,3.476260236582525
122.81572894237263,0.7502500833611203,4.951695947582256,0.7114405371614343,2.527661063900065,3.4905792427468274
122.87031371079146,0.7505835278426142,4.973622175072778,0.7107625268436402,2.537146072899988,3.5049720673569307
122.9248984792103,0.750916972324108,4.995663352652973,0.7100855312504344,2.5466794294263084,3.51943910951575
122.97948324762913,0.7512504168056019,5.017820107479666,0.709409550589928,2.5562613883773353,3.533980770539562
123.03406801604795,0.7515838612870956,5.040093070073058,0.7087345850761432,2.5658922060938103,3.5485974539691725
123.08865278446679,0.7519173057685895,5.062482874331478,0.7080606349290414,2.575572140366617,3.5632895655811403
123.14323755288562,0.7522507502500834,5.084990157546057,0.7073877003745548,2.585301450444504,3.578057513398993
123.19782232130446,0.7525841947315771,5.10761556041549,0.7067157816446142,2.5950803970418628,3.59290170770452
123.25240708972329,0.752917639213071,5.130359727060733,0.7060448789771796,2.604909242346531,3.6078225610490757
123.30699185814213,0.7532510836945648,5.153223305039727,0.7053749926162693,2.6147882500276336,3.6228204882649218
123.36157662656095,0.7535845281760586,5.176206945362102,0.7047061228119912,2.6247176852434504,3.6378959064766003
123.41616139497978,0.7539179726575524,5.199311302503902,0.7040382698205712,2.6346978146493387,3.653049235112354
123.47074616339862,0.7542514171390463,5.222537034422243,0.7033714339043852,2.6447289064056565,3.668280895915546
123.52533093181745,0.7545848616205402,5.245884802570025,0.7027056153319892,2.6548112301857514,3.683591312956145
123.57991570023628,0.754918306102034,5.269355271910599,0.7020408143781497,2.66494505718397,3.6989809126422246
123.63450046865512,0.7552517505835279,5.292949110932424,0.701377031323875,2.675130660123701,3.714450123731499
123.68908523707395,0.7555851950650216,5.31666699166372,0.700714266456446,2.685368313265457,3.7299993773428843
123.74367000549277,0.7559186395465154,5.340509589687079,0.7000525200694478,2.6956582924149846,3.745629106968093
123.79825477391161,0.7562520840280093,5.364477584154111,0.6993917924628009,2.7060008749314237,3.761339748483271
123.85283954233044,0.7565855285095031,5.38857165779999,0.6987320839427931,2.716396339735473,3.7771317401606272
123.90742431074928,0.756918972990997,5.412792496958053,0.6980733948221111,2.7268449673176183,3.7930055226801334
123.96200907916811,0.7572524174724908,5.437140791574331,0.6974157254198723,2.737347039746379,3.8089615391412277
124.01659384758695,0.7575858619539847,5.46161723522207,0.696759076061658,2.7479028406765917,3.825000235074553
124.07117861600577,0.7579193064354784,5.486222525116217,0.6961034470795445,2.758512655357728,3.841122058453718
124.1257633844246,0.7582527509169723,5.510957362127906,0.6954488388121361,2.769176770642255,3.8573274597071032
124.18034815284344,0.7585861953984662,5.535822450798842,0.6947952516045987,2.779895474994007,3.8736168917296565
124.23493292126227,0.7589196398799599,5.560818499355732,0.6941426858086912,2.7906690584966127,3.8899908098947478
124.2895176896811,0.7592530843614538,5.585946219724628,0.6934911417828001,2.8014978128619488,3.9064496720660338
124.34410245809994,0.7595865288429476,5.611206327545252,0.6928406198919722,2.812382031438624,3.9229939386093506
124.39868722651876,0.7599199733244414,5.63659954218527,0.6921911205079478,2.8233220092204974,3.939624072404622
124.4532719949376,0.7602534178059352,5.662126586754552,0.6915426440091949,2.834318042855243,3.9563405388578174
124.50785676335643,0.7605868622874291,5.687788188119331,0.6908951907809429,2.8453704306529186,3.973143805912883
124.56244153177526,0.760920306768923,5.713585076916368,0.6902487612152168,2.8564794725945974,3.9900343440637425
124.6170263001941,0.7612537512504168,5.739517987567045,0.689603355710872,2.867645470341016,4.007012626366294
124.67161106861293,0.7615871957319106,5.765587658291411,0.6889589746736273,2.8788687272412616,4.0240791284504365
124.72619583703177,0.7619206402134044,5.791794831122165,0.6883156185161015,2.89014954834149,4.041234328532106
124.78078060545059,0.7622540846948982,5.818140251918584,0.6876732876578471,2.9014882403936713,4.058478707425335
124.83536537386942,0.762587529176392,5.844624670380425,0.6870319825253853,2.9128851118643864,4.075812748554355
124.88995014228826,0.7629209736578859,5.871248840061691,0.6863917035522424,2.9243404729436255,4.093236937965656
124.94453491070709,0.7632544181393798,5.8980135183844045,0.6857524511789844,2.935854635553646,4.110751764340125
124.99911967912593,0.7635878626208736,5.924919466652279,0.685114225853253,2.9474279133578487,4.128357719005162
125.05370444754476,0.7639213071023675,5.951967450064324,0.6844770280298014,2.959060621769691,4.1460552959468355
125.10828921596358,0.7642547515838612,5.979158237728378,0.6838408581705309,2.9707530779616262,4.163844991822019
125.16287398438241,0.7645881960653551,6.006492602674588,0.6832057167445263,2.98250560087409,4.181727305970596
125.21745875280125,0.7649216405468489,6.033971321868748,0.6825716042280937,2.9943185112244866,4.1997027404276
125.27204352122008,0.7652550850283427,6.061595176225628,0.6819385211047966,3.0061921315162423,4.21777179993544
125.32662828963892,0.7655885295098366,6.089364950622176,0.6813064678654924,3.018126786047866,4.2359349919560865
125.38121305805775,0.7659219739913304,6.117281433910642,0.6806754450083711,3.030122800922049,4.2541928266832985
125.43579782647657,0.7662554184728242,6.145345418931606,0.6800454530389909,3.0421805040547922,4.27254581705483
125.49038259489541,0.766588862954318,6.17355770252694,0.6794164924703171,3.054300225184577,4.290994478764685
125.54496736331424,0.7669223074358119,6.201919085552618,0.6787885638227596,3.0664822958815354,4.309539330275323
125.59955213173308,0.7672557519173058,6.230430372891466,0.6781616676242109,3.078727049556683,4.328180892829915
125.65413690015191,0.7675891963987996,6.25909237346581,0.6775358044100847,3.091034821471165,4.346919690464593
125.70872166857075,0.7679226408802934,6.287905900249988,0.6769109747233537,3.103405948745532,4.3657562500206915
125.76330643698958,0.7682560853617872,6.316871770282776,0.6762871791145892,3.11584077036905,4.384691101157004
125.8178912054084,0.768589529843281,6.34599080467968,0.675664418142,3.1283396272090314,4.403724776362025
125.87247597382724,0.7689229743247749,6.3752638286451475,0.6750426923714703,3.1409028620202126,4.422857810966228
125.92706074224607,0.7692564188062687,6.404691671484584,0.6744220023766011,3.153530819454128,4.442090743154279
125.9816455106649,0.7695898632877626,6.434275166616321,0.6738023487387484,3.1662238460685432,4.461424113977313
126.03623027908374,0.7699233077692564,6.464015151583409,0.6731837320470638,3.1789822903369007,4.480858467365168
126.09081504750257,0.7702567522507503,6.493912468065292,0.6725661528985344,3.1918065026577933,4.500394350138629
126.1453998159214,0.770590196732244,6.523967961889337,0.671949611898023,3.204696835364467,4.52003231202165
126.19998458434023,0.7709236412137379,6.554182483042251,0.6713341096583088,3.2176536427343603,4.539772905653607
126.25456935275906,0.7712570856952317,6.584556885681285,0.6707196468001282,3.2306772809986413,4.5596166866014824
126.3091541211779,0.7715905301767255,6.615092028145364,0.6701062239522161,3.243768108351803,4.579564213372091
126.36373888959673,0.7719239746582194,6.645788772966018,0.669493841751347,3.256926484961265,4.59961604742427
126.41832365801557,0.7722574191397132,6.676647986878169,0.6688825008423763,3.2701527729770095,4.619772753181064
126.47290842643439,0.772590863621207,6.707670540830745,0.6682722018782827,3.283447336541232,4.640034898041887
126.52749319485322,0.7729243081027009,6.738857309997162,0.6676629455202091,3.2968105417980373,4.660403052394692
126.58207796327206,0.7732577525841947,6.770209173785564,0.6670547324375063,3.310242756903127,4.680877789628078
126.63666273169089,0.7735911970656886,6.80172701584896,0.6664475633077747,3.3237443520335392,4.701459686143423
126.69124750010972,0.7739246415471824,6.833411724095137,0.6658414388169065,3.337315699397401,4.722149321366977
126.74583226852856,0.7742580860286762,6.865264190696403,0.6652363596591303,3.3509571732437027,4.742947277761934
126.80041703694738,0.7745915305101699,6.897285312099127,0.6646323265370526,3.36466914987209,4.763854140840475
126.85500180536621,0.7749249749916638,6.929475989033122,0.6640293401617023,3.3784520076427023,4.78487049917581
126.90958657378505,0.7752584194731577,6.961837126520749,0.6634274012525745,3.3923061269859884,4.805996944414151
126.96417134220388,0.7755918639546515,6.994369633885895,0.6628265105376738,3.4062318904125863,4.827234071286691
127.01875611062272,0.7759253084361454,7.027074424762701,0.6622266687535594,3.420229682523199,4.8485824776215445
127.07334087904155,0.7762587529176392,7.059952417104081,0.6616278766453889,3.4342998900184987,4.870042764355646
127.12792564746039,0.7765921973991331,7.093004533190017,0.6610301349669636,3.4484429017090488,4.891615535546626
127.18251041587921,0.7769256418806268,7.126231699635621,0.6604334444807732,3.46265910852524,4.913301398384637
127.23709518429804,0.7772590863621207,7.1596348473990075,0.659837805958041,3.4769489035272643,4.93510096320417
127.29167995271688,0.7775925308436145,7.193214911788839,0.6592432201787698,3.4913126819150717,4.957014843495783
127.34626472113571,0.7779259753251083,7.22697283247172,0.6586496879317876,3.505750841038376,4.979043655917836
127.40084948955455,0.7782594198066022,7.260909553479287,0.6580572100147934,3.520263780406663,5.001188020308156
127.45543425797338,0.778592864288096,7.295026023215062,0.6574657872344041,3.5348519016992177,5.023448559695662
127.5100190263922,0.7789263087695898,7.32932319446103,0.6568754204062005,3.5495156087751627,5.04582590031194
127.56460379481103,0.7792597532510837,7.363802024383994,0.6562861103547742,3.5642553076835295,5.068320671602787
127.61918856322987,0.7795931977325775,7.398463474541567,0.6556978579137753,3.579071406673306,5.090933506239656
127.6737733316487,0.7799266422140714,7.433308510887977,0.6551106639259596,3.5939643162035377,5.113665040131099
127.72835810006754,0.7802600866955651,7.468338103779526,0.6545245292432357,3.608934448953421,5.136515912434123
127.78294286848637,0.780593531177059,7.503553227979789,0.6539394547267138,3.6239822198324108,5.1594867655654975
127.8375276369052,0.7809269756585527,7.53895486266448,0.6533554412467534,3.639108045990339,5.18257824521299
127.89211240532403,0.7812604201400466,7.5745439914260695,0.6527724896830117,3.6543123468275605,5.205791000346568
127.94669717374286,0.7815938646215405,7.610321602277998,0.652190600924493,3.669595544005072,5.2291256832294835
128.0012819421617,0.7819273091030344,7.646288687658662,0.6516097758695971,3.684958061454681,5.25258294942934
128.05586671058052,0.7822607535845281,7.68244624443497,0.6510300154261696,3.7004003253891375,5.276163457829031
128.11045147899935,0.7825941980660219,7.718795273905754,0.6504513205115497,3.715922764312357,5.299867870637722
128.1650362474182,0.7829276425475158,7.755336781804562,0.6498736920526221,3.731525809029528,5.323696853401577
128.21962101583702,0.7832610870290097,7.792071778302333,0.6492971309858663,3.7472098926573283,5.3476510750145625
128.27420578425586,0.7835945315105034,7.829001278009613,0.6487216382574067,3.762975450634102,5.371731207729099
128.3287905526747,0.7839279759919973,7.866126299978431,0.6481472148230641,3.778822920730048,5.395937927166638
128.38337532109352,0.7842614204734911,7.903447867703786,0.6475738616484066,3.794752743057411,5.420271912328155
128.43796008951236,0.784594864954985,7.940967009124781,0.6470015797088002,3.8107653600806772,5.444733845604558
128.4925448579312,0.7849283094364788,7.9786847566253405,0.6464303699894616,3.8268612166267695,5.469324412786994
128.54712962635003,0.7852617539179727,8.016602147034556,0.645860233485509,3.843040759895246,5.494044303077065
128.60171439476886,0.7855951983994666,8.054720221626612,0.6452911712020152,3.8593044394684957,5.518894209096945
128.6562991631877,0.7859286428809603,8.093040026120306,0.6447231841540595,3.875652707321932,5.543874826899391
128.7108839316065,0.7862620873624541,8.131562610678126,0.6441562733667813,3.8920860178341794,5.568986855977648
128.76546870002534,0.7865955318439479,8.170289029905,0.6435904398754314,3.9086048277972982,5.594230999275296
128.82005346844417,0.7869289763254417,8.209220342846406,0.6430256847254278,3.9252095964269156,5.619607963195867
128.874638236863,0.7872624208069355,8.248357612986235,0.6424620089724078,3.9419007853724417,5.645118457612476
128.92922300528184,0.7875958652884294,8.287701908244099,0.6418994136822825,3.958678858727235,5.670763195877261
128.98380777370068,0.7879293097699233,8.327254300972196,0.6413378999312913,3.975544283038766,5.696542894830729
129.0383925421195,0.7882627542514171,8.367015867951695,0.6407774688060557,3.9924975273187773,5.722458274810966
129.09297731053834,0.788596198732911,8.40698769038864,0.6402181214036352,4.009539063053429,5.748510059662726
129.14756207895718,0.7889296432144048,8.447170853909366,0.6396598588315818,4.026669364213437,5.774698976746386
129.202146847376,0.7892630876958986,8.487566448555404,0.6391026822079963,4.043888907264194,5.801025756946763
129.25673161579485,0.7895965321773925,8.528175568777879,0.638546592661583,4.061198171175884,5.827491134681805
129.31131638421368,0.7899299766588863,8.568999313431387,0.6379915913317068,4.078597637433577,5.8540958479111165
129.36590115263252,0.7902634211403802,8.61003878576733,0.6374376793684495,4.096087790047307,5.880840638144369
129.42048592105132,0.7905968656218738,8.6512950934267,0.6368848579326667,4.11366911556213,5.907726250449517
129.47507068947016,0.7909303101033677,8.692769348432405,0.6363331281960433,4.131342103068202,5.934753433460955
129.529655457889,0.7912637545848615,8.734462667180827,0.6357824913411535,4.1491072442107475,5.961922939387355
129.58424022630783,0.7915971990663554,8.776376170433016,0.6352329485615168,4.166965033200104,5.989235524019503
129.63882499472666,0.7919306435478493,8.81851098330519,0.6346845010616565,4.184915966821691,6.01669194673789
129.6934097631455,0.7922640880293431,8.860868235258657,0.634137150057158,4.202960544445965,6.044292970520136
129.74799453156433,0.7925975325108369,8.903449060089152,0.6335908967747275,4.221099268038352,6.072039361948266
129.80257929998317,0.7929309769923307,8.94625459591552,0.6330457424522509,4.2393326421691535,6.099931891215784
129.857164068402,0.7932644214738246,8.9892859851678,0.6325016883388531,4.25766117402342,6.127971332134572
129.91174883682083,0.7935978659553184,9.032544374574655,0.6319587356949581,4.276085373410798,6.156158462141609
129.96633360523967,0.7939313104368123,9.076030915150147,0.6314168857923482,4.2946057527753405,6.184494062305486
130.0209183736585,0.7942647549183062,9.119746762179856,0.6308761399142251,4.313222827205293,6.212978917332734
130.07550314207734,0.7945981993998,9.163693075206314,0.6303364993552698,4.331937114442838,6.241613815573946
130.13008791049614,0.7949316438812937,9.20787101801373,0.6297979654217042,4.3507491348937934,6.270399549029682
130.18467267891498,0.7952650883627875,9.25228175861213,0.6292605394313513,4.369659411637324,6.299336913356237
130.2392574473338,0.7955985328442814,9.296926469220548,0.6287242227136983,4.388668470435515,6.32842670787104
130.29384221575265,0.7959319773257751,9.341806326249737,0.6281890166099577,4.4077768397430015,6.357669735557991
130.34842698417148,0.796265421807269,9.386922510283997,0.6276549224731295,4.426985050716508,6.387066803072489
130.40301175259032,0.7965988662887629,9.4322762060623,0.6271219416680639,4.446293637224344,6.416618720746251
130.45759652100915,0.7969323107702567,9.477868602458638,0.6265900755715246,4.4657031358558665,6.446326302591894
130.51218128942799,0.7972657552517506,9.52370089246159,0.6260593255722515,4.48521408593088,6.476190366307273
130.56676605784682,0.7975991997332444,9.569774273153104,0.625529693071025,4.504827029508996,6.50621173327958
130.62135082626565,0.7979326442147383,9.616089945686468,0.6250011794807291,4.5245425113989315,6.53639122858918
130.6759355946845,0.7982660886962321,9.662649115263461,0.6244737862264166,4.544361079167762,6.5667296810132045
130.73052036310332,0.7985995331777259,9.709452991110668,0.6239475147453729,4.564283283150111,6.597227923028872
130.78510513152213,0.7989329776592197,9.75650278645493,0.6234223664871821,4.584309676457269,6.627886790816527
130.83968989994096,0.7992664221407134,9.803799718498052,0.6228983429137903,4.6044408149863125,6.658707124262483
130.8942746683598,0.7995998666222073,9.85134500839037,0.6223754454995739,4.624677257429048,6.689689766961435
130.94885943677863,0.7999333111037011,9.899139881203709,0.6218536757314036,4.645019565280997,6.720835566218736
131.00344420519747,0.800266755585195,9.947185565903272,0.6213330351087114,4.665468302850264,6.752145373052302
131.0580289736163,0.8006002000666889,9.995483295318659,0.6208135251435577,4.686024037266343,6.783620042194244
131.11261374203514,0.8009336445481827,10.044034306113929,0.6202951473606976,4.706687338488855,6.815260432092189
131.16719851045397,0.8012670890296766,10.092839838756728,0.6197779032976487,4.727458779316207,6.84706740491029
131.2217832788728,0.8016005335111703,10.141901137486435,0.6192617945047589,4.748338935394179,6.879041826529929
131.27636804729164,0.8019339779926642,10.191219450281329,0.6187468225452744,4.769328385224434,6.911184566550079
131.33095281571048,0.802267422474158,10.24079602882475,0.6182329889954079,4.790427710172936,6.943496498287358
131.3855375841293,0.8026008669556519,10.29063212847026,0.6177202954444079,4.8116374944782985,6.975978498775729
131.44012235254814,0.8029343114371458,10.340729008205741,0.6172087434946272,4.832958325260039,7.008631448765871
131.49470712096695,0.8032677559186394,10.391087930616454,0.6166983347615934,4.854390792526733,7.041456232724168
131.54929188938578,0.8036012004001333,10.441710161847132,0.6161890708740769,4.875935489184136,7.074453738831443
131.60387665780462,0.8039346448816271,10.49259697156274,0.6156809534741634,4.897593011043102,7.107624858981147
131.65846142622345,0.804268089363121,10.543749632908407,0.6151739842173229,4.919363956827508,7.140970488777346
131.7130461946423,0.8046015338446149,10.595169422468084,0.6146681647724813,4.941248928182031,7.1744915275322585
131.76763096306112,0.8049349783261086,10.646857620222116,0.614163496822091,4.963248529679837,7.2081888782634085
131.82221573147996,0.8052684228076025,10.698815509503657,0.6136599820622033,4.9853633688301535,7.242063447690392
131.8768004998988,0.8056018672890963,10.75104437695389,0.6131576222025398,5.007594056085748,7.276116146231251
131.93138526831763,0.8059353117705902,10.803545512476106,0.6126564189665651,5.029941204850283,7.310347887998424
131.98597003673646,0.806268756252084,10.85632020918852,0.6121563740915594,5.052405431485572,7.344759590794297
132.0405548051553,0.8066022007335779,10.909369763375903,0.6116574893286914,5.074987355318699,7.379352176106316
132.09513957357413,0.8069356452150718,10.962695474439956,0.6111597664430916,5.097687598649045,7.4141265691016836
132.14972434199294,0.8072690896965654,11.01629864484838,0.6106632072139269,5.120506786755151,7.449083698621581
132.20430911041177,0.8076025341780593,11.07018058008283,0.6101678134344732,5.143445547901539,7.484224497175048
132.2588938788306,0.8079359786595531,11.124342588585257,0.6096735869121916,5.166504513345273,7.519549900932221
132.31347864724944,0.808269423141047,11.178785981703241,0.6091805294688021,5.189684317342503,7.555060849717279
132.36806341566827,0.8086028676225407,11.23351207363381,0.6086886429403592,5.2129855971548285,7.590758287000844
132.4226481840871,0.8089363121040346,11.288522181365956,0.6081979291773275,5.23640899305552,7.6266431598918984
132.47723295250594,0.8092697565855285,11.343817624621751,0.6077083900446574,5.259955148335608,7.662716419129232
132.53181772092478,0.8096032010670223,11.399399725796076,0.6072200274218615,5.283624709309823,7.698979019072375
132.5864024893436,0.8099366455485162,11.455269809894915,0.6067328432030916,5.307418325322382,7.735431917692028
132.64098725776245,0.81027009003001,11.51142920447222,0.6062468392972152,5.331336648752634,7.772076076559983
132.69557202618128,0.8106035345115039,11.567879239565306,0.6057620176278931,5.355380335020537,7.808912460838499
132.75015679460012,0.8109369789929977,11.624621247628768,0.6052783801336569,5.379550042591981,7.845942039269172
132.80474156301895,0.8112704234744915,11.681656563466893,0.6047959287679876,5.403846432983946,7.88316578416123
132.85932633143776,0.8116038679559853,11.738986524164508,0.604314665499394,5.428270170769482,7.920584671379275
132.9139110998566,0.811937312437479,11.796612469016447,0.6038345923114905,5.452821923582576,7.95819968033055
132.96849586827543,0.8122707569189729,11.85453573945513,0.6033557112030775,5.477502362122725,7.996011793951439
133.02308063669426,0.8126042014004667,11.91275767897688,0.6028780241882208,5.502312160159446,8.034021998693584
133.0776654051131,0.8129376458819606,11.971279633066436,0.6024015332963305,5.527251994536552,8.072231284509304
133.13225017353193,0.8132710903634545,12.030102949119906,0.6019262405722426,5.552322545176242,8.11064064483643
133.18683494195076,0.8136045348449483,12.089228976366037,0.6014521480762987,5.577524495083008,8.149251076582539
133.2414197103696,0.8139379793264422,12.148659065785806,0.6009792578844269,5.60285853034734,8.188063580108548
133.29600447878843,0.8142714238079359,12.20839457003032,0.600507572088224,5.62832534014924,8.227079159211682
133.35058924720727,0.8146048682894298,12.268436843336987,0.6000370927950365,5.653925616761521,8.266298821107803
133.4051740156261,0.8149383127709237,12.32878724144394,0.5995678221280426,5.679660055552907,8.305723576413067
133.45975878404494,0.8152717572524175,12.389447121502682,0.5990997622263351,5.705529354990914,8.345354439124938
133.51434355246377,0.8156052017339114,12.450417841988955,0.5986329152450036,5.731534216644522,8.385192426602503
133.56892832088258,0.815938646215405,12.511700762611738,0.5981672833552184,5.757675345186595,8.425238559546084
133.6235130893014,0.8162720906968989,12.573297244220583,0.5977028687443126,5.783953448396165,8.465493861976274
133.67809785772025,0.8166055351783927,12.635208648710762,0.5972396736158675,5.810369237160333,8.505959361212023
133.73268262613908,0.8169389796598866,12.697436338926828,0.5967777001897959,5.836923425476071,8.546636087848231
133.78726739455792,0.8172724241413805,12.759981678564131,0.5963169507024269,5.863616730451725,8.587525075732502
133.84185216297675,0.8176058686228742,12.822846032068416,0.5958574274065903,5.890449872308276,8.628627361941167
133.89643693139558,0.8179393131043681,12.886030764533453,0.5953991325717028,5.917423574380355,8.669943986754552
133.95102169981442,0.8182727575858619,12.9495372415967,0.5949420684838526,5.944538563117005,8.711475993631481
134.00560646823325,0.8186062020673558,13.013366829332936,0.5944862374458856,5.971795568082176,8.753224429182994
134.0601912366521,0.8189396465488497,13.077520894145882,0.5940316417774923,5.999195321954959,8.795190343145277
134.11477600507092,0.8192730910303435,13.142000802657746,0.5935782838152937,6.026738560529549,8.837374788351783
134.16936077348976,0.8196065355118374,13.206807921596688,0.5931261659129281,6.05442602271493,8.879778820704532
134.22394554190856,0.819939979993331,13.271943617682158,0.5926752904411398,6.082258450534264,8.922403499144567
134.2785303103274,0.8202734244748249,13.337409257508241,0.5922256597878641,6.110236589124067,8.96524988562168
134.33311507874623,0.8206068689563187,13.403206207424539,0.5917772763583186,6.138361186732949,9.008319045063041
134.38769984716507,0.8209403134378125,13.469335833415178,0.5913301425750889,6.166632994720192,9.051612045341214
134.4422846155839,0.8212737579193063,13.535799500975461,0.5908842608782185,6.195052767553969,9.095129957241141
134.49686938400274,0.8216072024008002,13.602598574986303,0.5904396337252975,6.223621262809247,9.138873854426294
134.55145415242157,0.8219406468822941,13.669734419586423,0.5899962635915518,6.252339241165392,9.182844813403888
134.6060389208404,0.8222740913637879,13.737208398042236,0.5895541529699331,6.281207466403447,9.227043913489192
134.66062368925924,0.8226075358452818,13.805021872615448,0.5891133043712083,6.310226705403076,9.271472236768894
134.71520845767807,0.8229409803267757,13.873176204428313,0.5886737203240505,6.339397728139191,9.316130868063528
134.7697932260969,0.8232744248082694,13.94167275332652,0.5882354033751293,6.368721307678223,9.361020894888929
134.82437799451574,0.8236078692897633,14.010512877739709,0.5877983560892014,6.39819822017406,9.406143407416728
134.87896276293458,0.8239413137712571,14.079697934539567,0.5873625810492026,6.427829244863627,9.451499498433837
134.93354753135338,0.8242747582527508,14.14922927889545,0.5869280808563391,6.4576151640620925,9.497090263300928
134.98813229977222,0.8246082027342446,14.21910826412773,0.5864948581301787,6.487556763157798,9.542916799909994
135.04271706819105,0.8249416472157385,14.289336241558285,0.586062915508744,6.517654830606646,9.588980208640658
135.0973018366099,0.8252750916972323,14.359914560358844,0.5856322556486048,6.547910157926281,9.635281592315662
135.15188660502872,0.8256085361787262,14.430844567396612,0.5852028812249702,6.578323539689799,9.681822056155182
135.20647137344756,0.8259419806602201,14.502127607077362,0.5847747949317825,6.608895773519088,9.72860270773009
135.2610561418664,0.8262754251417139,14.573765021185945,0.5843479994818105,6.639627660077769,9.775624656914118
135.31564091028523,0.8266088696232077,14.645758148724187,0.5839224976067425,6.670520003063733,9.822889015834946
135.37022567870406,0.8269423141047015,14.718108325746133,0.5834982920572814,6.701573609201267,9.870396898824122
135.4248104471229,0.8272757585861954,14.790816885190651,0.5830753856032382,6.7327892882327625,9.918149422365905
135.47939521554173,0.8276092030676893,14.863885156711328,0.5826537810336271,6.764167852909999,9.96614770504491
135.53397998396056,0.8279426475491831,14.937314466503656,0.58223348115676,6.795710118984998,10.014392867492614
135.5885647523794,0.828276092030677,15.011106137129486,0.5818144888003417,6.827416905200431,10.062886032332674
135.6431495207982,0.8286095365121706,15.085261487338684,0.5813968068115659,6.85928903327957,10.11162832412503
135.69773428921704,0.8289429809936645,15.159781831888175,0.5809804380572099,6.891327327915861,10.160620869308921
135.75231905763587,0.8292764254751583,15.234668481357811,0.5805653854237315,6.923532616761885,10.20986479614441
135.8069038260547,0.8296098699566522,15.309922741963785,0.5801516518173648,6.95590573041799,10.25936123465295
135.86148859447354,0.829943314438146,15.385545915368985,0.5797392401642169,6.988447502420389,10.309111316556523
135.91607336289238,0.8302767589196398,15.461539298490514,0.5793281534103643,7.021158769228776,10.359116175215581
135.9706581313112,0.8306102034011337,15.537904183304308,0.5789183945219503,7.054040370213451,10.409376945565649
136.02524289973005,0.8309436478826275,15.614641856646813,0.578509966485282,7.087093147641946,10.459894764052663
136.07982766814888,0.8312770923641214,15.691753600013726,0.5781028723069279,7.120317946665152,10.510670768566962
136.13441243656771,0.8316105368456153,15.769240689355756,0.5776971150138157,7.1537156153029064,10.561706098375948
136.18899720498655,0.8319439813271091,15.847104394871396,0.5772926976533304,7.1872870044290895,10.613001894055406
136.24358197340538,0.8322774258086029,15.925345980796667,0.5768896232934115,7.221032967756154,10.664559297419432
136.2981667418242,0.8326108702900966,16.003966705191804,0.5764878950226534,7.2549543618191255,10.716379451448969
136.35275151024302,0.8329443147715905,16.082967819725063,0.5760875159504015,7.289052045959118,10.76846350021907
136.40733627866186,0.8332777592530842,16.16235056945306,0.5756884892068533,7.323326882306138,10.820812588824467
136.4619210470807,0.8336112037345781,16.242116192598417,0.5752908179431563,7.357779735761479,10.873427863303975
136.51650581549953,0.833944648216072,16.322265920324067,0.5748945053315073,7.392411473979468,10.926310470563326
136.57109058391836,0.8342780926975658,16.40280097650449,0.5744995545652521,7.427222967348639,10.979461558296546
136.6256753523372,0.8346115371790597,16.48372257749376,0.5741059688589855,7.462215088972315,11.03288227490585
136.68026012075603,0.8349449816605535,16.565031931890456,0.5737137514486498,7.497388714648594,11.086573769420053
136.73484488917487,0.8352784261420474,16.646730240299323,0.5733229055916365,7.532744722849719,11.140537191411438
136.7894296575937,0.8356118706235411,16.7288186950898,0.5729334345668853,7.5682839947008365,11.194773690911118
136.84401442601254,0.835945315105035,16.81129848015124,0.5725453416749846,7.60400741395812,11.24928441832283
136.89859919443137,0.8362787595865289,16.894170770644944,0.5721586302382727,7.639915866986264,11.304070524335172
136.9531839628502,0.8366122040680227,16.977436732752913,0.5717733036009375,7.676010242735328,11.35913315983225
137.007768731269,0.8369456485495164,17.061097523423282,0.5713893651291179,7.712291432716905,11.41447347580271
137.06235349968784,0.8372790930310102,17.145154290112696,0.5710068182110042,7.748760330979729,11.47009262324728
137.11693826810668,0.8376125375125041,17.22960817052493,0.5706256662569398,7.785417834084407,11.52599175308442
137.1715230365255,0.837945981993998,17.31446029234666,0.570245912699522,7.822264841077667,11.582172016054571
137.22610780494435,0.8382794264754918,17.399711772979643,0.5698675609937033,7.859302253465814,11.63863456262264
137.28069257336318,0.8386128709569857,17.485363719269664,0.569490614616893,7.896530975187506,11.695380542878805
137.33527734178202,0.8389463154384794,17.571417227232086,0.5691150770690583,7.933951912585815,11.75241110643763
137.38986211020085,0.8392797599199733,17.657873381774053,0.5687409518728263,7.971565974379567,11.809727402335463
137.4444468786197,0.8396132044014671,17.74473325641335,0.5683682425735854,8.009374071633951,11.867330578926119
137.49903164703852,0.839946648882961,17.831997912993863,0.5679969527395873,8.047377117730388,11.925221783774793
137.55361641545736,0.8402800933644549,17.919668401397658,0.5676270859620486,8.085576028335648,11.983402163550243
137.6082011838762,0.8406135378459487,18.007745759253687,0.5672586458552528,8.123971721370207,12.041872863915163
137.66278595229502,0.8409469823274426,18.096231011643106,0.5668916360566519,8.162565116975825,12.10063502941479
137.71737072071383,0.8412804268089362,18.18512517080112,0.5665260602269695,8.20135713748234,12.15968980336365
137.77195548913267,0.8416138712904301,18.27442923581568,0.5661619220503006,8.240348707373753,12.219038327730653
137.8265402575515,0.8419473157719239,18.36414419232234,0.565799225234216,8.279540753253324,12.278681743022029
137.88112502597033,0.8422807602534177,18.45427101219611,0.565437973509863,8.318934203808043,12.338621188162714
137.93570979438917,0.8426142047349116,18.544810653239736,0.5650781706320679,8.358529989772197,12.398857800375726
137.990294562808,0.8429476492164054,18.635764058868606,0.5647198203794375,8.398329043890111,12.45939271505967
138.04487933122684,0.8432810936978993,18.727132157792244,0.5643629265544617,8.438332300878052,12.520227065664358
138.09946409964567,0.8436145381793931,18.818915863692418,0.5640074929836155,8.478540697385272,12.581361983564502
138.1540488680645,0.843947982660887,18.91111607489787,0.5636535235174603,8.518955171954204,12.642798597931488
138.20863363648334,0.8442814271423809,19.003733674055646,0.5633010220307465,8.559576664979767,12.704538035603205
138.26321840490218,0.8446148716238746,19.096769527799072,0.5629499924225151,8.600406118667797,12.766581420951907
138.317803173321,0.8449483161053685,19.19022448641233,0.562600438616199,8.641444476992577,12.828929875750118
138.37238794173982,0.8452817605868622,19.284099383491668,0.5622523645597259,8.682692685653445,12.891584519034511
138.42697271015865,0.845615205068356,19.3783950356035,0.5619057742256184,8.724151692030588,12.954546466967955
138.48155747857749,0.8459486495498498,19.473112241938647,0.5615606716110965,8.765822445139701,13.017816832699225
138.53614224699632,0.8462820940313437,19.56825178396384,0.5612170607381791,8.807705895585912,13.081396726221012
138.59072701541515,0.8466155385128376,19.66381442506958,0.5608749456537845,8.849802995516669,13.145287254225739
138.645311783834,0.8469489829943314,19.759800910214853,0.5605343304298319,8.892114698573668,13.209489519959352
138.69989655225282,0.8472824274758253,19.856211965568512,0.5601952191633428,8.93464195984383,13.274004623073061
138.75448132067166,0.8476158719573191,19.953048298147497,0.5598576159765408,8.977385735809287,13.338833659472998
138.8090660890905,0.8479493164388129,20.05031059545177,0.5595215250169533,9.020346984296383,13.403977721167802
138.86365085750933,0.8482827609203067,20.147999525096104,0.5591869504575113,9.063526664423662,13.469437896114101
138.91823562592816,0.8486162054018006,20.246115734438703,0.55885389649665,9.106925736548867,13.535215268059897
138.972820394347,0.8489496498832945,20.344659850206668,0.5585223673584081,9.150545162214879,13.601310916385827
139.02740516276583,0.8492830943647883,20.443632478118378,0.5581923672925287,9.194385904094666,13.667725915944306
139.08198993118464,0.849616538846282,20.54303420250276,0.5578639005745584,9.238448925935128,13.734461336896498
139.13657469960347,0.8499499833277758,20.642865585915754,0.5575369715059458,9.282735192500013,13.801518244547314
139.1911594680223,0.8502834278092697,20.743127168753265,0.5572115844141419,9.327245669511552,13.868897699177923
139.24574423644114,0.8506168722907635,20.84381946886171,0.5568877436526977,9.371981323591218,13.936600755876437
139.30032900485998,0.8509503167722574,20.944942981145328,0.5565654536013636,9.416943122199314,14.004628464366254
139.3549137732788,0.8512837612537512,21.046498177170722,0.5562447186661866,9.46213203357346,14.072981868832276
139.40949854169764,0.851617205735245,21.148485504768516,0.555925543279609,9.507549026665991,14.14166200774493
139.46408331011648,0.8519506502167389,21.250905387632272,0.5556079319005651,9.553195071080221,14.210669913682011
139.5186680785353,0.8522840946982327,21.35375822491465,0.5552918890145787,9.599071137005584,14.280006613148322
139.57325284695415,0.8526175391797266,21.45704439082088,0.5549774191338598,9.645178195151638,14.349673126393132
139.62783761537298,0.8529509836612205,21.560764234199624,0.554664526797401,9.691517216680914,14.419670467225409
139.68242238379182,0.8532844281427143,21.66491807813125,0.5543532165710732,9.738089173140606,14.489999642826872
139.73700715221065,0.8536178726242081,21.769506219513605,0.5540434930477213,9.784895036393092,14.560661653562812
139.79159192062946,0.8539513171057018,21.874528928645255,0.5537353608472593,9.83193577854524,14.63165749279067
139.8461766890483,0.8542847615871957,21.979986448806653,0.5534288246167645,9.879212371876665,14.702988146666588
139.90076145746713,0.8546182060686894,22.085878995838407,0.5531238890305723,9.926725788766515,14.774654593949382
139.95534622588596,0.8549516505501833,22.192206757717845,0.5528205587903696,9.974477001619308,14.846657805802648
140.0099309943048,0.8552850950316772,22.298969894133144,0.5525188386252877,10.022466982789428,14.91899874559448
140.06451576272363,0.855618539513171,22.40616853605538,0.5522187332919953,10.070696704504398,14.991678368695009
140.11910053114246,0.8559519839946649,22.513802785308584,0.5519202475747902,10.119167138786926,15.064697622271728
140.1736852995613,0.8562854284761587,22.62187271413782,0.5516233862856911,10.167879257375702,15.138057445082593
140.22827006798013,0.8566188729576526,22.730378364775405,0.5513281542645285,10.216834031644924,15.211758767266932
140.28285483639897,0.8569523174391463,22.839319749005355,0.5510345563790352,10.266032432522568,15.285802510134141
140.3374396048178,0.8572857619206402,22.948696847726126,0.5507425975249355,10.315475430407378,15.360189585950172
140.39202437323664,0.8576192064021341,23.058509610511763,0.5504522826260351,10.36516399508456,15.434920897721831
140.44660914165544,0.8579526508836277,23.168757955171493,0.550163616634309,10.415099095640166,15.50999733897886
140.50119391007428,0.8582860953651216,23.27944176730816,0.5498766045299891,10.465281700374296,15.585419793554005
140.5557786784931,0.8586195398466154,23.390560899874824,0.549591251321652,10.51571277671274,15.66118913536055
140.61036344691195,0.8589529843281093,23.50211517273067,0.5493075620463049,10.566393291117535,15.73730622816805
140.66494821533078,0.8592864288096032,23.614104372195584,0.5490255417694714,10.61732420899609,15.81377192537573
140.71953298374962,0.859619873291097,23.72652825060378,0.5487451955852762,10.668506494608978,15.890587069783773
140.77411775216845,0.8599533177725909,23.8393865258565,0.5484665286165296,10.719941110976396,15.967752493362477
140.82870252058729,0.8602867622540846,23.952678880974013,0.5481895460148104,10.77162901978327,16.045269017019283
140.88328728900612,0.8606202067355785,24.066404963646942,0.5479142529605489,10.82357118128299,16.123137450363725
140.93787205742495,0.8609536512170723,24.180564385787054,0.5476406546631084,10.875768554199796,16.20135859147024
140.9924568258438,0.8612870956985662,24.29515672307767,0.5473687563608658,10.928222095629769,16.27993322663896
141.04704159426262,0.8616205401800601,24.41018151452381,0.547098563321292,10.980932760940455,16.358862130154403
141.10162636268146,0.8619539846615539,24.52563826200215,0.5468300808410307,11.033901503669098,16.438146064042133
141.15621113110026,0.8622874291430476,24.64152642981099,0.5465633142459768,11.087129275419448,16.517785777823384
141.2107958995191,0.8626208736245414,24.75784544422059,0.5462982688913532,11.140617025757312,16.597782008267846
141.26538066793793,0.8629543181060353,24.874594693023205,0.5460349501617876,11.194365702104413,16.678135479144107
141.31996543635677,0.8632877625875292,24.99177352508415,0.5457733634713874,11.248376249631132,16.7588469009685
141.3745502047756,0.8636212070690229,25.1093812498931,0.5455135142638142,11.302649611147679,16.839916970751865
141.42913497319444,0.8639546515505168,25.227417137116216,0.5452554080123571,11.35718672699387,16.9213463717444
141.48371974161327,0.8642880960320106,25.345880416149075,0.5449990502200043,11.411988534927497,17.003135773178663
141.5383045100321,0.8646215405135045,25.464770275670702,0.5447444464195152,11.46705597001124,17.0852858300107
141.59288927845094,0.8649549849949983,25.584085863198737,0.5444916021734898,11.52238996449817,17.167797182659367
141.64747404686977,0.8652884294764922,25.70382628464599,0.5442405230744376,11.577991447715798,17.250670456743833
141.7020588152886,0.8656218739579861,25.823990603878507,0.5439912147448456,11.633861345948683,17.33390626281936
141.75664358370744,0.8659553184394798,25.944577842275326,0.543743682837245,11.690000582319612,17.417505196111307
141.81122835212625,0.8662887629209736,26.06558697829005,0.5434979330342763,11.74641007666928,17.501467836247432
141.86581312054508,0.8666222074024674,26.187016947014772,0.5432539710487535,11.803090745434687,17.585794746988743
141.92039788896392,0.8669556518839612,26.308866639745606,0.5430118026237275,11.860043501525782,17.67048647595827
141.97498265738275,0.867289096365455,26.431134903551243,0.5427714335325474,11.917269254200942,17.755543554368735
142.0295674258016,0.8676225408469489,26.553820540843812,0.5425328695789212,11.974768908940868,17.84096649674841
142.08415219422042,0.8679559853284428,26.676922308952587,0.5422961165969745,12.032543367321036,17.926755800665553
142.13873696263926,0.8682894298099366,26.800438919700657,0.5420611804513087,12.090593526882712,18.01291194645136
142.1933217310581,0.8686228742914305,26.924369038984818,0.5418280670370574,12.148920281002495,18.09943539692153
142.24790649947693,0.8689563187729243,27.048711286358806,0.541596782279941,12.20752451876042,18.186326597096425
142.30249126789576,0.8692897632544181,27.17346423462014,0.541367332136321,12.2664071248066,18.273585973919943
142.3570760363146,0.869623207735912,27.298626409400743,0.5411397225932514,12.325568979226425,18.3612139359771
142.41166080473343,0.8699566522174058,27.42419628876157,0.5409139596685302,12.3850109574043,18.4492108732104
142.46624557315226,0.8702900966988997,27.550172302791445,0.5406900494107479,12.444733929885944,18.537577156635017
142.52083034157107,0.8706235411803933,27.676552833210263,0.5404679978993364,12.504738762239219,18.626313138052833
142.5754151099899,0.8709569856618872,27.803336212977168,0.5402478112446135,12.565026314913665,18.71541914976564
142.62999987840874,0.871290430143381,27.930520725902934,0.5400294955878291,12.625597443098286,18.80489550428689
142.68458464682757,0.8716238746248749,28.05810460626811,0.5398130571012075,12.686452996578225,18.894742494052913
142.7391694152464,0.8719573191063688,28.18608603844613,0.5395985019879893,12.747593819589856,18.984960391133097
142.79375418366524,0.8722907635878626,28.31446315653207,0.5393858364824704,12.80902075067447,19.075549446939217
142.84833895208408,0.8726242080693564,28.44323404397714,0.5391750668500411,12.870734622530572,19.166509891934034
142.9029237205029,0.8729576525508502,28.57239673322922,0.538966199387222,12.932736261864742,19.25784193533922
142.95750848892175,0.8732910970323441,28.70194920537966,0.538759240421699,12.99502648924112,19.349545764842617
143.01209325734058,0.873624541513838,28.831889389816503,0.538554196312356,13.057606118929478,19.441621546304958
143.06667802575942,0.8739579859953318,28.962215163884522,0.5383510734493067,13.120475958751921,19.534069423466086
143.12126279417825,0.8742914304768257,29.092924352552167,0.5381498782539234,13.18363680992821,19.626889517650774
143.17584756259708,0.8746248749583195,29.22401472808574,0.5379506171788652,13.247089466919705,19.720081927474173
143.2304323310159,0.8749583194398132,29.355484009731008,0.5377532967081035,13.310834717271947,19.813646728546974
143.28501709943473,0.875291763921307,29.487329863402802,0.5375579233569457,13.374873341456029,19.907583973180593
143.33960186785356,0.8756252084028009,29.619549901381962,0.5373645036720582,13.43920611270833,20.00189369009176
143.3941866362724,0.8759586528842946,29.752141682021144,0.5371730442314852,13.503833796869252,20.096575884107587
143.44877140469123,0.8762920973657885,29.88510270945877,0.5369835516446676,13.568757152220467,20.1916305358704
143.50335617311006,0.8766255418472824,30.01843043334177,0.5367960325524596,13.63397692932093,20.287057601542777
143.5579409415289,0.8769589863287762,30.15212224855729,0.5366104936271419,13.699493870841591,20.38285701251281
143.61252570994773,0.8772924308102701,30.28617549497367,0.5364269415724345,13.765308711398859,20.479028675099645
143.66711047836657,0.877625875291764,30.420587457190894,0.5362453831235069,13.831422177386802,20.575572470259427
143.7216952467854,0.8779593197732578,30.555355364300805,0.5360658250469857,13.897834986808126,20.672488253291736
143.77628001520424,0.8782927642547516,30.69047638965733,0.5358882741409613,13.964547849103939,20.76977585354659
143.83086478362307,0.8786262087362454,30.825947650656992,0.5357127372349907,14.031561464982305,20.867435074132114
143.88544955204188,0.8789596532177392,30.961766208529887,0.5355392211901001,14.098876526245604,20.965465691622924
143.9400343204607,0.8792930976992329,31.0979290681418,0.535367732898784,14.166493715616891,21.063867455769625
143.99461908887955,0.8796265421807268,31.234433177806668,0.5351982792850027,14.234413706564776,21.16264008920876
144.04920385729838,0.8799599866622206,31.371275429111112,0.5350308673041771,14.302637163127537,21.26178328717434
144.10378862571721,0.8802934311437145,31.508452656750137,0.5348655039431818,14.37116473973595,21.361296717210237
144.15837339413605,0.8806268756252084,31.645961638374768,0.5347021962203355,14.4399970810351,21.461180018883955
144.21295816255488,0.8809603201067022,31.7837990944518,0.5345409511853896,14.509134821705128,21.56143280350171
144.26754293097372,0.8812937645881961,31.921961688135873,0.5343817759195135,14.578578586280955,21.662054653825017
144.32212769939255,0.8816272090696898,32.06044602515418,0.534224677535279,14.648328988971004,21.76304512378886
144.3767124678114,0.8819606535511837,32.199248653704025,0.5340696631766412,14.718386633474955,21.86440373822153
144.43129723623022,0.8822940980326776,32.33836606436355,0.5339167400189168,14.78875211280054,21.96612999256629
144.48588200464906,0.8826275425141714,32.47779469001576,0.5337659152687615,14.859426009079426,22.06822335260494
144.5404667730679,0.8829609869956653,32.617530905786275,0.5336171961641436,14.930408893382204,22.17068325418341
144.5950515414867,0.8832944314771589,32.75757102899477,0.5334705899743152,15.001701325532467,22.273509102939435
144.64963630990553,0.8836278759586528,32.897911319121,0.5333261039997815,15.07330385392026,22.37670027403279
144.70422107832437,0.8839613204401466,33.038547977784404,0.5331837455722679,15.145217015314334,22.480256111877292
144.7588058467432,0.8842947649216405,33.17947714873909,0.5330435220546829,15.217441334674014,22.58417592987593
144.81339061516204,0.8846282094031344,33.32069491788323,0.5329054408410806,15.289977324960143,22.688459010158226
144.86797538358087,0.8849616538846282,33.462197313283696,0.532769509356619,15.362825486945345,22.793104603320497
144.9225601519997,0.885295098366122,33.60398030521591,0.5326357350575168,15.435986309023631,22.898111928168884
144.97714492041854,0.8856285428476158,33.746039806219365,0.5325041254310068,15.509460267019366,23.0034801714654
145.03172968883737,0.8859619873291097,33.88837167116874,0.5323746879952866,15.583247823995624,23.109208487677076
145.0863144572562,0.8862954318106036,34.030971697361146,0.5322474302994683,15.657349430061998,23.215295998728326
145.14089922567504,0.8866288762920974,34.17383562461949,0.5321223599235226,15.731765522181872,23.321741793756683
145.19548399409388,0.8869623207735913,34.3169591354123,0.5319994844782234,15.806496523979206,23.428544928871975
145.2500687625127,0.8872957652550851,34.46033785499007,0.5318788116050871,15.881542845544883,23.53570442691916
145.30465353093152,0.8876292097365788,34.60396735153853,0.531760348976311,15.956904883242597,23.643219277244796
145.35923829935035,0.8879626542180726,34.74784313634904,0.5316441042947074,16.03258301951458,23.751088435467686
145.4138230677692,0.8882960986995665,34.89196066400571,0.531530085293637,16.108577622686607,23.859310823252923
145.46840783618802,0.8886295431810602,35.036315332590455,0.5314182997369368,16.18488904677311,23.967885328090656
145.52299260460686,0.8889629876625541,35.18090248390533,0.5313087554188478,16.261517631281883,24.07681080307881
145.5775773730257,0.889296432144048,35.32571740371268,0.5312014601639383,16.338463701018572,24.18608606671024
145.63216214144452,0.8896298766255418,35.470755321993146,0.5310964218270251,16.415727565891103,24.295709902664406
145.68674690986336,0.8899633211070357,35.616011413221756,0.5309936482930913,16.493309520713925,24.405681059603726
145.7413316782822,0.8902967655885295,35.76148079666225,0.530893147477202,16.57120984501226,24.51599825097465
145.79591644670103,0.8906302100700234,35.90715853667971,0.5307949273244164,16.64942880282631,24.6266601548137
145.85050121511986,0.8909636545515172,36.05303964307172,0.5306989958096973,16.727966642515526,24.73766541355852
145.9050859835387,0.891297099033011,36.199119071418146,0.5306053609378182,16.806823596562957,24.849012633864124
145.9596707519575,0.8916305435145048,36.34539172344954,0.5305140307432666,16.88599988137971,24.960700386424385
146.01425552037634,0.8919639879959985,36.49185244743483,0.5304250132901452,16.96549569710979,25.072727205799243
146.06884028879517,0.8922974324774924,36.63849603858717,0.5303383166720692,17.045311227434812,25.185091590246916
146.123425057214,0.8926308769589862,36.78531723948963,0.530253949012062,17.125446639379366,25.297792001562403
146.17800982563284,0.8929643214404801,36.9323107405396,0.530171918462447,17.205902083116587,25.410826864921525
146.23259459405168,0.893297765921974,37.07947118041256,0.5300922332047366,17.286677691774127,25.524194568730955
146.2871793624705,0.8936312104034678,37.22679314654504,0.5300149014495183,17.36777358124061,25.63789346448441
146.34176413088935,0.8939646548849617,37.374271175637,0.5299399314363382,17.4491898499726,25.751921866624997
146.39634889930818,0.8942980993664554,37.521899754173525,0.5298673314335807,17.530926578802138,25.86627805241396
146.450933667727,0.8946315438479493,37.66967331896605,0.5297971097383463,17.61298383074491,25.980960261805887
146.50551843614585,0.8949649883294432,37.81758625771291,0.5297292746763252,17.695361650809094,26.095966697330507
146.56010320456468,0.895298432810937,37.965632909579476,0.5296638346016695,17.77806006580499,26.211295523981267
146.61468797298352,0.8956318772924309,38.11380756579767,0.5296007978968603,17.861079084155392,26.32694486911071
146.66927274140232,0.8959653217739245,38.26210447028499,0.529540172972574,17.944418695706844,26.442912822332815
146.72385750982116,0.8962987662554184,38.41051782028324,0.529481968267544,18.028078871542007,26.55919743543271
146.77844227824,0.8966322107369122,38.55904176701604,0.52942619224842,18.112059563792567,26.67579672228303
146.83302704665883,0.8969656552184061,38.707670416366454,0.5293728534096247,18.196360705453664,26.79270865876821
146.88761181507766,0.8972990996999,38.85639782957356,0.5293219602732067,18.280982210199177,26.909931182715916
146.9421965834965,0.8976325441813937,39.00521802394839,0.5292735213886908,18.36592397219825,27.027462193836158
146.99678135191533,0.8979659886628876,39.154124973609115,0.5292275453329256,18.451185865933027,27.145299553668046
147.05136612033417,0.8982994331443814,39.303112610235296,0.5291840407099276,18.536767746017727,27.263441085534378
147.105950888753,0.8986328776258753,39.452174823841226,0.5291430161507226,18.622669447019035,27.381884574504117
147.16053565717183,0.8989663221073692,39.60130546356812,0.5291044803131838,18.708890783277962,27.50062776736291
147.21512042559067,0.899299766588863,39.75049833849518,0.5290684418818675,18.795431548733177,27.61966837259173
147.2697051940095,0.8996332110703569,39.89974721846925,0.5290349095678454,18.8822915167459,27.73900406035372
147.32428996242834,0.8999666555518506,40.04904583495307,0.5290038921085337,18.969470439926425,27.858632462489417
147.37887473084714,0.9003001000333444,40.19838788189171,0.5289753982675202,19.056968049962276,27.978551172520287
147.43345949926598,0.9006335445148382,40.34776701659768,0.528949436834387,19.144784057448362,28.098757745661157
147.4880442676848,0.900966988996332,40.497176860653205,0.5289260166245318,19.232918151718497,28.219249698840596
147.54262903610365,0.9013004334778258,40.64661100083111,0.528905146478985,19.321370000679266,28.340024510730654
147.59721380452248,0.9016338779593197,40.79606299003288,0.5288868352642251,19.410139250645596,28.46107962178507
147.65179857294132,0.9019673224408136,40.945526348244236,0.5288710918719896,19.499225526178435,28.582412434286468
147.70638334136015,0.9023007669223074,41.0949945635078,0.5288579252190847,19.588628429924512,28.704020312402452
147.760968109779,0.9026342114038013,41.24446109291263,0.5288473442471908,19.678347542458237,28.8259005822508
147.81555287819782,0.9029676558852952,41.3939193636005,0.5288393579226662,19.768382422125853,28.948050531973767
147.87013764661666,0.9033011003667889,41.543362773788395,0.5288339752363471,19.858732604891863,29.07046741182155
147.9247224150355,0.9036345448482828,41.69278469380718,0.5288312052033449,19.94939760418784,29.19314843424506
147.97930718345432,0.9039679893297766,41.842178467155996,0.5288310568628415,20.04037691076365,29.316090773997967
148.03389195187313,0.9043014338112703,41.99153741157208,0.5288335392778806,20.13166999254115,29.43929156824813
148.08847672029196,0.9046348782927641,42.14085482011608,0.5288386615351569,20.22327629447064,29.56274791669872
148.1430614887108,0.904968322774258,42.290123962271416,0.5288464327448029,20.315195238389546,29.686456881718264
148.19764625712963,0.9053017672557518,42.43933808505887,0.5288568620401721,20.407426222884208,29.81041548848086
148.25223102554847,0.9056352117372457,42.588490414164895,0.52886995857762,20.49996862315425,29.934620725115643
148.3068157939673,0.9059686562187396,42.737574155083706,0.528885731536282,20.592821790879807,30.059069542865977
148.36140056238614,0.9063021007002334,42.88658249427275,0.5289041901178501,20.685985054091653,30.183758856258322
148.41598533080497,0.9066355451817272,43.03550860032111,0.528925343546344,20.779457717044316,30.30868554328081
148.4705700992238,0.906968989663221,43.184345625130376,0.5289492010678832,20.873239060092214,30.43384644557154
148.52515486764264,0.9073024341447149,43.33308670510781,0.5289757719504533,20.967328339568876,30.55923836861667
148.57973963606148,0.9076358786262088,43.481724962371,0.5290050654836721,21.061724787669363,30.684858081958275
148.6343244044803,0.9079693231077026,43.630253505963914,0.5290370909785517,21.156427612335897,30.810702319412
148.68890917289914,0.9083027675891965,43.778665433083745,0.5290718577672588,21.251435997146782,30.936767779294566
148.74349394131795,0.9086362120706901,43.92695383031789,0.5291093752028723,21.346749101208644,31.06305112466097
148.79807870973679,0.908969656552184,44.07511177489138,0.5291496526591385,21.442366059052333,31.189548983551887
148.85266347815562,0.9093031010336778,44.22313233592278,0.5291926995302241,21.538285980531818,31.316257949250232
148.90724824657445,0.9096365455151717,44.37100857568981,0.5292385252304661,21.634507950727127,31.443174580548174
148.9618330149933,0.9099699899966655,44.518733550903,0.5292871391941205,21.731031029850623,31.570295402023643
149.01641778341212,0.9103034344781593,44.66630031398729,0.5293385508751076,21.827854253157042,31.69761690432668
149.07100255183096,0.9106368789596532,44.81370191437104,0.5293927697467556,21.924976630857206,31.825135544475565
149.1255873202498,0.910970323441147,44.96093139978178,0.5294498053015423,22.022397148035562,31.952847746162686
149.18017208866863,0.9113037679226409,45.107981817548456,0.5295096670508335,22.120114764571554,32.080749900070096
149.23475685708746,0.9116372124041348,45.254846215909296,0.5295723645246203,22.21812841506488,32.208838364194776
149.2893416255063,0.9119706568856286,45.40151764532496,0.5296379072712539,22.316437008764737,32.33710946418353
149.34392639392513,0.9123041013671224,45.547989159796366,0.5297063048571783,22.41503942950305,32.465559493677425
149.39851116234394,0.9126375458486161,45.694253818186574,0.5297775668666607,22.513934535631737,32.59418471466575
149.45309593076277,0.91297099033011,45.84030468554652,0.5298517029015206,22.613121159964347,32.72298135784979
149.5076806991816,0.9133044348116037,45.98613483444303,0.5299287225808563,22.712598109721345,32.85194562301529
149.56226546760044,0.9136378792930976,46.13173734628994,0.5300086355407697,22.81236416648015,32.981073679415026
149.61685023601927,0.9139713237745914,46.27710531268069,0.5300914514340893,22.912418086129186,33.11036166616029
149.6714350044381,0.9143047682560853,46.42223183672217,0.5301771799300911,23.012758598826295,33.23980569262161
149.72601977285694,0.9146382127375792,46.567110034369215,0.5302658307142184,23.113384408961544,33.36940183883865
149.78060454127578,0.914971657219073,46.71173303575913,0.530357413487799,23.214294195124417,33.49914615593915
149.8351893096946,0.9153051017005669,46.856093986545666,0.5304519379677614,23.315486610075492,33.629034666566774
149.88977407811345,0.9156385461820606,47.00018604923181,0.5305494138863486,23.4169602807226,33.75906336531786
149.94435884653228,0.9159719906635545,47.144002404500796,0.5306498509908315,23.518713808101552,33.88922821918687
149.99894361495112,0.9163054351450484,47.28753625254482,0.5307532590432195,23.62074576736146,34.01952516802056
150.05352838336995,0.9166388796265422,47.43078081439069,0.5308596478199701,23.723054707754628,34.14995012498057
150.10811315178876,0.9169723241080359,47.57372933322184,0.5309690271116975,23.825639152631123,34.280498977014545
150.1626979202076,0.9173057685895297,47.71637507569659,0.5310814067228793,23.928497599438266,34.411167585335704
150.21728268862643,0.9176392130710236,47.85871133326077,0.5311967964715616,24.031628519724336,34.54195178591001
150.27186745704526,0.9179726575525174,48.00073142345579,0.5313152061890636,24.135030359147596,34.672847389952075
150.3264522254641,0.9183061020340113,48.14242869122021,0.5314366457196803,24.238701537489803,34.803850184428605
150.38103699388293,0.9186395465155052,48.28379651018494,0.5315611249203843,24.34264044867465,34.93495593256965
150.43562176230176,0.9189729909969989,48.424828283961084,0.5316886536605264,24.44684546079104,35.066160374387565
150.4902065307206,0.9193064354784928,48.56551744742006,0.5318192418215348,24.551314916121232,35.19745922720339
150.54479129913943,0.9196398799599866,48.70585746796533,0.5319528992966144,24.65604713117392,35.32884818618058
150.59937606755827,0.9199733244414805,48.84584184679509,0.532089635990443,24.761040396722226,35.460322924865906
150.6539608359771,0.9203067689229744,48.985464120155456,0.5322294618188694,24.866292977846648,35.59187909573736
150.70854560439594,0.9206402134044682,49.124717860583445,0.532372386708608,24.971803113982972,35.72351233075892
150.76313037281477,0.9209736578859621,49.263596678139244,0.5325184205969339,25.077569018975204,35.85521824194197
150.81771514123358,0.9213071023674557,49.40209422162711,0.5326675734313773,25.183588881133392,35.98699242191317
150.8722999096524,0.9216405468489496,49.54020417980479,0.532819855169417,25.289860863296795,36.118830444489014
150.92688467807125,0.9219739913304434,49.677920282579755,0.5329752757781728,25.396383102901506,36.25072786525582
150.98146944649008,0.9223074358119372,49.8152363021932,0.5331338452340979,25.50315371205368,36.38268022215635
151.03605421490892,0.922640880293431,49.95214605439022,0.5332955735226707,25.610170777607507,36.51468303608193
151.09063898332775,0.9229743247749249,50.088643399575915,0.5334604706380853,25.71743236124833,36.64673181147016
151.14522375174658,0.9233077692564188,50.22472224395702,0.5336285465829437,25.824936499580787,36.77882203690804
151.19980852016542,0.9236412137379126,50.36037654066835,0.5337998113679443,25.932681204222046,36.91094918574028
151.25439328858425,0.9239746582194065,50.49560029088374,0.5339742750115736,26.040664461900064,37.04310871668259
151.3089780570031,0.9243081027009004,50.6303875449108,0.534151947539795,26.148884234556945,37.17529607443979
151.36356282542192,0.9246415471823941,50.76473240326915,0.534332838985739,26.257338459457326,37.30750669032847
151.41814759384076,0.924974991663888,50.8986290177515,0.5345169593893925,26.366025049301815,37.43973598290401
151.47273236225956,0.9253084361453817,51.03207159246726,0.5347043187972879,26.474941892345427,37.57197935859175
151.5273171306784,0.9256418806268755,51.16505438486839,0.534894927262193,26.584086852521327,37.70423221232235
151.58190189909723,0.9259753251083693,51.29757170675616,0.5350887948428003,26.693457769569022,37.83648992817032
151.63648666751607,0.9263087695898632,51.42961792526976,0.5352859316034159,26.80305245916815,37.96874787999659
151.6910714359349,0.926642214071357,51.56118746385529,0.5354863476136499,26.91286871307694,38.101001432094186
151.74565620435374,0.9269756585528509,51.69227480321503,0.5356900529481059,27.022904299275726,38.23324593983691
151.80024097277257,0.9273091030343448,51.822874482236735,0.535897057686071,27.133156962115425,38.36547675033094
151.8548257411914,0.9276425475158386,51.95298109890241,0.5361073719112064,27.243624422470923,38.497689203069
151.90941050961024,0.9279759919973324,52.08258931117625,0.536321005711238,27.35430437789937,38.629878630586965
151.96399527802907,0.9283094364788262,52.211693837871366,0.5365379691776475,27.465194502803385,38.76204035912256
152.0185800464479,0.9286428809603201,52.34028945949505,0.5367582724053643,27.576292448599084,38.89416970927605
152.07316481486674,0.928976325441814,52.46837101907208,0.5369819254924578,27.687595843888943,39.026261996672574
152.12774958328558,0.9293097699233078,52.595933422945954,0.5372089385398297,27.799102294639482,39.15831253262602
152.18233435170438,0.9296432144048015,52.72297164155752,0.5374393216509074,27.91080938436359,39.29031662480395
152.23691912012322,0.9299766588862953,52.84948071020123,0.5376730849313389,28.022714674307924,39.422269577894
152.29150388854205,0.9303101033677892,52.9754557297577,0.5379102384886869,28.134815703644385,39.554166694270236
152.3460886569609,0.930643547849283,53.10089186740366,0.5381507924321245,28.247109989666825,39.68600327466084
152.40067342537972,0.9309769923307769,53.22578435729811,0.5383947568721319,28.359595027992068,39.81777461881567
152.45525819379856,0.9313104368122707,53.35012850124472,0.5386421419201939,28.47226829276556,39.949476026173976
152.5098429622174,0.9316438812937645,53.47391966933043,0.538892957688498,28.585127236871518,40.08110279653199
152.56442773063623,0.9319773257752584,53.59715330053984,0.5391472142896337,28.698169292147583,40.21265023071004
152.61901249905506,0.9323107702567522,53.71982490334534,0.5394049218362934,28.811391869603852,40.3441136312191
152.6735972674739,0.9326442147382461,53.841930056272766,0.5396660904409731,28.924792359646307,40.475488302926436
152.72818203589273,0.93297765921974,53.963464408442476,0.539930730215676,29.038368132304566,40.606769553720135
152.78276680431156,0.9333111037012338,54.08442368008575,0.5401988512716154,29.152116537463883,40.737952695172375
152.8373515727304,0.9336445481827276,54.204803663036245,0.5404704637189207,29.266034905101357,40.86903304320104
152.8919363411492,0.9339779926642213,54.324600221196604,0.5407455776663432,29.380120545526253,41.00000591872961
152.94652110956804,0.9343114371457152,54.44380929098024,0.5410242032209643,29.49437074962469,41.13086664834523
153.00110587798687,0.9346448816272089,54.56242688172754,0.541306350487904,29.608782789107767,41.261610564953976
153.0556906464057,0.9349783261087028,54.68044907609747,0.5415920295700323,29.723353916764285,41.39223300843429
153.11027541482454,0.9353117705901967,54.797872030433844,0.5418812505676802,29.838081366717013,41.5227293262874
153.16486018324338,0.9356452150716905,54.914691975106386,0.5421740235783545,29.95296235468293,41.653094874284925
153.2194449516622,0.9359786595531844,55.03090521482666,0.5424703586964519,30.067994078237174,41.78332501711333
153.27402972008105,0.9363121040346782,55.14650812893891,0.5427702660129761,30.183173717080727,41.91341512901505
153.32861448849988,0.9366455485161721,55.2614971716857,0.5430737556152562,30.29849843331174,42.043360594426105
153.38319925691872,0.9369789929976658,55.37586887244849,0.5433808375866668,30.413965371700385,42.1731568086099
153.43778402533755,0.9373124374791597,55.4896198359633,0.5436915220063496,30.529571659967253,42.30279917828711
153.49236879375638,0.9376458819606536,55.602746742511314,0.5440058189489372,30.645314409065115,42.432283122261325
153.5469535621752,0.9379793264421472,55.715246348084605,0.5443237384842776,30.761190713463986,42.561604072040346
153.60153833059402,0.9383127709236411,55.82711548452749,0.544645290677163,30.87719765143977,42.69075747245314
153.65612309901286,0.9386462154051349,55.938351059652575,0.5449704855870571,30.993332285365458,42.81973878226146
153.7107078674317,0.9389796598866288,56.048950057332945,0.5452993332678269,31.109591662006064,42.94854347476705
153.76529263585053,0.9393131043681227,56.1589095375697,0.5456318437674755,31.225972812816266,43.07716703841348
153.81987740426936,0.9396465488496165,56.26822663653539,0.5459680271278771,31.34247275424109,43.2056049773826
153.8744621726882,0.9399799933311104,56.37689856659337,0.546307893384513,31.459088488019397,43.33385281218557
153.92904694110703,0.9403134378126041,56.48492261629341,0.5466514525662118,31.575817001490233,43.46190608024809
153.98363170952587,0.940646882294098,56.59229615034362,0.5469987146948891,31.69265526790181,43.58976033648981
154.0382164779447,0.9409803267755918,56.69901660955896,0.5473496897852912,31.809600246723132,43.71741115389766
154.09280124636354,0.9413137712570857,56.80508151078659,0.5477043878447402,31.92664888395815,43.844854124092976
154.14738601478237,0.9416472157385796,56.91048844680823,0.5480628188728809,32.043798112462355,43.97208485789223
154.2019707832012,0.9419806602200734,57.01523508621979,0.5484249928614308,32.16104485226172,44.09909898586117
154.25655555162,0.9423141047015671,57.11931917328855,0.5487909197939307,32.27838601087385,44.22589215886229
154.31114032003885,0.9426475491830609,57.22273852778836,0.5491606096455004,32.395818483631636,44.352460048595646
154.36572508845768,0.9429809936645548,57.32549104481241,0.5495340723825928,32.51333915400835,44.47879834813214
154.42030985687651,0.9433144381460487,57.42757469456496,0.5499113179627534,32.630944893945376,44.60490277244016
154.47489462529535,0.9436478826275424,57.5289875221314,0.5502923563343805,32.74863256418156,44.73076905890477
154.52947939371418,0.9439813271090363,57.629727647227476,0.5506771974364884,32.866399014584395,44.85639296783937
154.58406416213302,0.9443147715905301,57.72979326392764,0.5510658511984724,32.98424108448299,44.981770282989935
154.63864893055185,0.944648216072024,57.82918264037323,0.5514583275398762,33.102155603002615,45.106896812031515
154.6932336989707,0.9449816605535178,57.9278941184605,0.5518546363701625,33.22013938940084,45.231768387056874
154.74781846738952,0.9453151050350117,58.02592611350895,0.5522547875884845,33.338189253405126,45.35638086505734
154.80240323580836,0.9456485495165056,58.12327711391042,0.5526587910834608,33.45630199555172,45.48073012839546
154.8569880042272,0.9459819939979993,58.219945680759096,0.5530666567329525,33.57447440752589,45.604812085269636
154.91157277264602,0.9463154384794932,58.315930447462954,0.5534783944038429,33.692703272503294,45.72862267017044
154.96615754106483,0.9466488829609869,58.41123011933693,0.5538940139518184,33.810985365492385,45.85215784432851
155.02074230948367,0.9469823274424807,58.50584347317838,0.5543135252211541,33.929317453678095,45.975413596154404
155.0753270779025,0.9473157719239745,58.59976935682471,0.5547369380444991,34.04769629676586,46.09838594166914
155.12991184632133,0.9476492164054684,58.69300668869426,0.5551642622426665,34.16611864732694,46.221070924926906
155.18449661474017,0.9479826608869623,58.78555445731034,0.5555955076244247,34.28458125114433,46.34346461842863
155.239081383159,0.9483161053684561,58.87741172080896,0.556030683986291,34.40308084755916,46.46556312352689
155.29366615157784,0.94864954984995,58.96857760643071,0.5564698011123287,34.52161416981777,46.58736257082197
155.34825091999667,0.9489829943314438,59.059051309997116,0.5569128687739454,34.64017794541911,46.70885912054902
155.4028356884155,0.9493164388129376,59.14883209537192,0.5573598967296944,34.758768896462584,46.83004896295615
155.45742045683434,0.9496498832944315,59.23791929390772,0.5578108947250787,34.87738373999608,46.95092831867361
155.51200522525318,0.9499833277759253,59.32631230387832,0.558265872492357,34.99601918836416,47.071493439073784
155.566589993672,0.9503167722574192,59.41401058989729,0.5587248397503521,35.11467194955638,47.19174060662211
155.62117476209082,0.9506502167389128,59.50101368232306,0.5591878062042623,35.23333872755547,47.3116661352187
155.67575953050965,0.9509836612204067,59.58732117665127,0.5596547815454754,35.35201622268571,47.4312663705311
155.7303442989285,0.9513171057019005,59.67293273289404,0.5601257754513833,35.47070113196057,47.55053769031712
155.78492906734732,0.9516505501833944,59.75784807494768,0.5606007975852015,35.58939014943056,47.66947650473909
155.83951383576616,0.9519839946648883,59.84206698994836,0.5610798575957894,35.70807996653051,47.78807925666837
155.894098604185,0.9523174391463821,59.92558932761657,0.5615629651174737,35.82676727242638,47.906342421980675
155.94868337260382,0.9526508836278759,60.0084149995908,0.5620501297698739,35.945448754361536,48.02426250984206
156.00326814102266,0.9529843281093697,60.09054397875065,0.56254136115773,36.06412109800238,48.14183606298546
156.0578529094415,0.9533177725908636,60.171976298530126,0.5630366688707334,36.182780987783325,48.25905965797795
156.11243767786033,0.9536512170723574,60.25271205222116,0.5635360624833594,36.30142510725084,48.375929905478564
156.16702244627916,0.9539846615538513,60.33275139226818,0.564039551554702,36.420050139406754,48.492443450486796
156.221607214698,0.9543181060353452,60.41209452955377,0.5645471456283113,36.53865276705043,48.60859697258166
156.27619198311683,0.954651550516839,60.49074173267617,0.565058854232034,36.65722967312003,48.72438718615145
156.33077675153564,0.9549849949983327,60.568693327218774,0.5655746868778541,36.775777541032504,48.83981084061409
156.38536151995447,0.9553184394798265,60.645949695012355,0.566094653061739,36.894293055022665,48.954864720628386
156.4399462883733,0.9556518839613204,60.7225112733899,0.5666187622634843,37.0127729004804,49.06954564629544
156.49453105679214,0.9559853284428141,60.79837855443512,0.5671470239465637,37.13121376428706,49.18385047335132
156.54911582521098,0.956318772924308,60.873552084224585,0.5676794475579798,37.249612335150196,49.29777609335023
156.6037005936298,0.9566522174058019,60.94803246206408,0.5682160425281176,37.36796530393668,49.41131943383841
156.65828536204864,0.9569856618872957,61.02182033971944,0.5687568182705995,37.486269364004364,49.52447745851895
156.71287013046748,0.9573191063687896,61.09491642064249,0.5693017841821436,37.604521211532,49.63724716740743
156.7674548988863,0.9576525508502834,61.16732145919225,0.5698509496424229,37.722717545847395,49.74962559697833
156.82203966730515,0.9579859953317773,61.23903625985194,0.5704043240139277,37.84085506975377,49.86160982030256
156.87662443572398,0.9583194398132711,61.31006167644214,0.5709619166418295,37.958930489854254,49.973196947175786
156.93120920414282,0.9586528842947649,61.380398611330406,0.5715237368538468,38.07694051687435,50.08438412423795
156.98579397256165,0.9589863287762588,61.450048014637886,0.572089793960114,38.194881865982424,50.195168535083766
157.04037874098046,0.9593197732577525,61.51901088344307,0.5726600972530501,38.31275125710803,50.305547400364354
157.0949635093993,0.9596532177392463,61.58728826098346,0.5732346560072332,38.430545415258386,50.41551797788038
157.14954827781813,0.9599866622207401,61.654881235854766,0.5738134794792725,38.548261070831956,50.52507756266585
157.20413304623696,0.960320106702234,61.721790941208916,0.5743965769076851,38.66589495993041,50.63422348706389
157.2587178146558,0.9606535511837279,61.788018553950536,0.5749839575127741,38.783443824667955,50.74295312079357
157.31330258307463,0.9609869956652217,61.85356529393254,0.5755756304965085,38.900904413478216,50.851263871008356
157.36788735149347,0.9613204401467156,61.918432423151074,0.576171605042405,39.01827348141873,50.95915318234603
157.4224721199123,0.9616538846282094,61.98262124494024,0.576771890315411,39.13554779047289,51.06661853697034
157.47705688833113,0.9619873291097032,62.04613310316682,0.5773764954617903,39.25272410984928,51.17365745460431
157.53164165674997,0.962320773591197,62.108969381425375,0.5779854296090102,39.3697992162784,51.28026749255535
157.5862264251688,0.9626542180726909,62.17113150223405,0.5785987018656302,39.48676989430666,51.38644624573233
157.64081119358764,0.9629876625541848,62.23262092623134,0.5792163213211923,39.60363293658767,51.4921913466545
157.69539596200644,0.9633211070356784,62.29343915137418,0.579838297046113,39.72038514417065,51.59750046545255
157.74998073042528,0.9636545515171723,62.35358771213766,0.5804646380915783,39.83702332678626,51.702371309862016
157.8045654988441,0.9639879959986661,62.41306817871645,0.5810953534894372,39.95354430312901,51.80680162520843
157.85915026726295,0.96432144048016,62.4718821562286,0.5817304522520992,40.06994490113723,51.91078919438534
157.91373503568178,0.9646548849616539,62.530031283921645,0.5823699433724335,40.18622195826983,52.0143318378245
157.96831980410062,0.9649883294431477,62.58751723438145,0.5830138358236677,40.302372321780084,52.1174274134587
158.02290457251945,0.9653217739246415,62.64434171274404,0.58366213855929,40.41839284898624,52.220073816677186
158.07748934093829,0.9656552184061353,62.70050645591057,0.584314860512951,40.534280407539114,52.32226898027381
158.13207410935712,0.9659886628876292,62.75601323176593,0.5849720105983689,40.65003187568654,52.424010874388124
158.18665887777595,0.966322107369123,62.81086383840085,0.5856335977092337,40.7656441425345,52.52529750643933
158.2412436461948,0.9666555518506169,62.865060103338145,0.5862996307191148,40.88111410830516,52.62612692105333
158.29582841461362,0.9669889963321108,62.918603882763,0.5869701184813683,40.996438684591546,52.72649719998293
158.35041318303246,0.9673224408136046,62.971497060757734,0.5876450698290463,41.11161479460895,52.82640646202137
158.40499795145126,0.9676558852950983,63.02374154854112,0.5883244935748073,41.22663937344295,52.925852862909096
158.4595827198701,0.9679893297765921,63.07533928371263,0.5890083985108283,41.34150936829433,53.024834595234374
158.51416748828893,0.968322774258086,63.1262922295015,0.5896967934087157,41.456221738720046,53.123349888326956
158.56875225670777,0.9686562187395797,63.17660237402122,0.5903896870194204,41.570773456871294,53.22139700814599
158.6233370251266,0.9689896632210736,63.226271729529316,0.5910870880731516,41.685161507727926,53.31897425716149
158.67792179354544,0.9693231077025675,63.27530233169272,0.5917890052792927,41.79938288932935,53.41607997422985
158.73250656196427,0.9696565521840613,63.32369623885897,0.5924954473263178,41.91343461300198,53.51271253446336
158.7870913303831,0.9699899966655552,63.371455531333226,0.5932064228817088,42.027313703583154,53.60887034909397
158.84167609880194,0.970323441147049,63.41858231066146,0.5939219405918742,42.14101719964147,53.70455186533127
158.89626086722078,0.9706568856285429,63.46507869891986,0.5946420090820675,42.25454215369357,53.799755566214955
158.9508456356396,0.9709903301100367,63.5109468380106,0.5953666369563078,42.367885632417384,53.894479970461774
159.00543040405844,0.9713237745915305,63.556188888964186,0.5960958327972994,42.48104471686168,53.98872363230712
159.06001517247725,0.9716572190730243,63.60080703124843,0.5968296051663536,42.59401650265199,54.082485141341344
159.11459994089608,0.971990663554518,63.64480346208429,0.5975679626033118,42.70679810019315,54.17576312234119
159.16918470931492,0.9723241080360119,63.68818039576848,0.5983109136264654,42.819386634867655,54.268556235095744
159.22376947773375,0.9726575525175057,63.73094006300329,0.5990584667324806,42.93177924723091,54.36086317422796
159.2783542461526,0.9729909969989996,63.77308471023344,0.5998106303963219,43.04397309320246,54.452682669011175
159.33293901457142,0.9733244414804935,63.814616598990256,0.6005674130711757,43.155965344253694,54.54401348318105
159.38752378299026,0.9736578859619873,63.85553800524311,0.6013288231883752,43.26775318759174,54.63485441474292
159.4421085514091,0.9739913304434812,63.89585121875843,0.6020948691573251,43.37933382633976,54.72520429577478
159.49669331982793,0.9743247749249749,63.93555854246609,0.6028655593654269,43.49070447971346,54.81506199222593
159.55127808824676,0.9746582194064688,63.97466229183355,0.6036409021780043,43.60186238319391,54.904426403711405
159.6058628566656,0.9749916638879627,64.01316479424763,0.6044209059382295,43.712804788696694,54.99329646330244
159.66044762508443,0.9753251083694565,64.05106838840399,0.6052055789670489,43.82352896473721,55.081671137312846
159.71503239350326,0.9756585528509504,64.08837542370456,0.6059949295631096,43.9340321965924,55.16954942508162
159.76961716192207,0.975991997332444,64.12508825966273,0.6067889660026854,44.04431178645858,55.25693035875178
159.8242019303409,0.9763254418139379,64.16120926531661,0.6075876965396045,44.154365053605915,55.343813003045774
159.87878669875974,0.9766588862954317,64.19674081865011,0.6083911294051748,44.26418933452852,55.43019645503698
159.93337146717857,0.9769923307769256,64.23168530602227,0.6091992728081107,44.37378198309149,55.51607984391823
159.9879562355974,0.9773257752584195,64.26604512160448,0.6100121349344606,44.48314037067387,55.60146233076687
160.04254100401624,0.9776592197399132,64.29982266682588,0.6108297239475327,44.592261886308016,55.686343108306666
160.09712577243508,0.9779926642214071,64.33302034982701,0.6116520479878217,44.70114393681522,55.770721400666694
160.1517105408539,0.9783261087029009,64.36564058492144,0.6124791151729354,44.80978394693762,55.85459646313722
160.20629530927275,0.9786595531843948,64.3976857920657,0.6133109335975203,44.91817935946651,55.93796758192282
160.26088007769158,0.9789929976658887,64.42915839633744,0.6141475113331881,45.026327635366826,56.02083407389273
160.31546484611042,0.9793264421473825,64.46006082742176,0.6149888564284413,45.1342262538981,56.10319528632856
160.37004961452925,0.9796598866288764,64.49039551910577,0.6158349769085982,45.24187271273168,56.18505059666954
160.42463438294808,0.9799933311103701,64.52016490878147,0.6166858807757186,45.34926452806427,56.26639941225534
160.4792191513669,0.9803267755918639,64.54937143695665,0.6175415760085278,45.45639923472789,56.34724117006647
160.53380391978573,0.9806602200733577,64.5780175467744,0.6184020705623422,45.563274386296364,56.42757533646281
160.58838868820456,0.9809936645548515,64.60610568354048,0.6192673723689914,45.66988755518773,56.507401406919534
160.6429734566234,0.9813271090363453,64.63363829425906,0.6201374893367427,45.77623633276358,56.586718905761494
160.69755822504223,0.9816605535178392,64.6606178271767,0.6210124293502237,45.88231832942455,56.66552738589544
160.75214299346106,0.9819939979993331,64.68704673133446,0.6218922002703444,45.988131174702296,56.74382642854055
160.8067277618799,0.9823274424808269,64.71292745612828,0.6227768099342194,46.09367251734793,56.82161564295722
160.86131253029873,0.9826608869623208,64.73826245087729,0.623666266155088,46.19894002541697,56.89889466617422
160.91589729871757,0.9829943314438147,64.76305416440042,0.6245605767222356,46.3039313863507,56.97566316271443
160.9704820671364,0.9833277759253084,64.78730504460113,0.6254597494009129,46.40864430705415,57.05192082431903
161.02506683555524,0.9836612204068023,64.81101753805999,0.6263637919322543,46.513076513970525,57.12766736967046
161.07965160397407,0.9839946648882961,64.83419408963547,0.6272727120331971,46.617225753152226,57.20290254411413
161.13423637239288,0.9843281093697898,64.8568371420727,0.6281865173963975,46.721089790328406,57.2776261193789
161.1888211408117,0.9846615538512836,64.87894913562002,0.6291052156901491,46.824666410969385,57.351837893296754
161.24340590923055,0.9849949983327775,64.90053250765358,0.6300288145582958,46.92795342034713,57.42553768952111
161.29799067764938,0.9853284428142713,64.92158969230972,0.6309573216201483,47.03094864359299,57.49872535724459
161.35257544606822,0.9856618872957652,64.94212312012523,0.6318907444703972,47.13364992575173,57.571400770915865
161.40716021448705,0.9859953317772591,64.96213521768526,0.6328290906790257,47.23605513183244,57.643563829955816
161.46174498290588,0.9863287762587529,64.98162840727902,0.6337723677912211,47.33816214685603,57.715214458472985
161.51632975132472,0.9866622207402467,65.00060510656307,0.634720583327286,47.43996887589963,57.78635260497861
161.57091451974355,0.9869956652217405,65.01906772823224,0.6356737447825468,47.54147324413764,57.8569782421011
161.6254992881624,0.9873291097032344,65.03701867969808,0.6366318596272631,47.64267319687965,57.92709136630013
161.68008405658122,0.9876625541847283,65.05446036277476,0.6375949353065342,47.743566699605154,57.99669199758046
161.73466882500006,0.9879959986662221,65.07139517337242,0.6385629792402053,47.8441517379952,58.0657801792055
161.7892535934189,0.988329443147716,65.08782550119784,0.6395359988227723,47.944426317960804,58.13435597741068
161.8438383618377,0.9886628876292096,65.10375372946235,0.6405140014232852,48.04438846566837,58.202419481116756
161.89842313025653,0.9889963321107035,65.11918223459716,0.6414969943852517,48.144036227562204,58.26997080164325
161.95300789867537,0.9893297765921973,65.13411338597548,0.6424849850265353,48.24336767038356,58.33701007242157
162.0075926670942,0.9896632210736912,65.14854954564213,0.6434779806392574,48.34238088118719,58.40353744870861
162.06217743551304,0.989996665555185,65.16249306804984,0.6444759884896946,48.44107396735466,58.46955310730043
162.11676220393187,0.9903301100366788,65.17594629980265,0.6454790158181752,48.539445056604805,58.53505724624608
162.1713469723507,0.9906635545181727,65.18891157940614,0.6464870698389752,48.637492297001295,58.60005008456196
162.22593174076954,0.9909969989996665,65.2013912370245,0.6475001577402117,48.7352138569573,58.66453186194633
162.28051650918837,0.9913304434811604,65.21338759424417,0.6485182866837356,48.832607925237376,58.728502838494464
162.3351012776072,0.9916638879626543,65.22490296384434,0.6495414638050223,48.929672710956496,58.79196329441418
162.38968604602604,0.9919973324441481,65.23593964957384,0.650569696213061,49.02640644357633,58.85491352974203
162.44427081444488,0.9923307769256419,65.24649994593457,0.6516029909902428,49.12280737289879,58.91735386406003
162.4988555828637,0.9926642214071357,65.25658613797145,0.6526413551922462,49.218873769056934,58.97928463621316
162.55344035128252,0.9929976658886295,65.26620050106851,0.6536847958479217,49.314603922503004,59.040706204027494
162.60802511970135,0.9933311103701232,65.27534530075141,0.6547333199591766,49.409996143994206,59.101618944029354
162.6626098881202,0.9936645548516171,65.28402279249603,0.6557869345008527,49.50504876457538,59.162023251164925
162.71719465653902,0.993997999333111,65.29223522154322,0.6568456464206084,49.599760135559514,59.22191953852114
162.77177942495786,0.9943314438146048,65.29998482271952,0.6579094626387952,49.69412862850556,59.28130823704731
162.8263641933767,0.9946648882960987,65.30727382026386,0.6589783900483348,49.788152635193775,59.34018979527782
162.88094896179553,0.9949983327775925,65.31410442766007,0.6600524355145917,49.881830567598584,59.398564679055866
162.93553373021436,0.9953317772590864,65.32047884747523,0.6611316058752471,49.97516085785901,59.45643337125824
162.9901184986332,0.9956652217405801,65.32639927120361,0.6622159079401685,50.06814195824675,59.513796371521316
163.04470326705203,0.995998666222074,65.33186787911634,0.663305348491279,50.16077234113181,59.570654195968174
163.09928803547086,0.9963321107035679,65.33688684011656,0.6643999342824234,50.253050498945925,59.62700737693698
163.1538728038897,0.9966655551850617,65.34145831159996,0.665499672039234,50.34497494414357,59.68285646271059
163.2084575723085,0.9969989996665554,65.3455844393208,0.6666045684589923,50.43654420916074,59.738202017247474
163.26304234072734,0.9973324441480492,65.3492673572631,0.6677146302104927,50.527756846371766,59.793044619914106
163.31762710914617,0.9976658886295431,65.35250918751717,0.6688298639338982,50.61861142804335,59.84738486521846
163.372211877565,0.997999333111037,65.35531204016112,0.6699502762405997,50.709106546287096,59.901223362545224
163.42679664598384,0.9983327775925308,65.35767801314756,0.6710758737130702,50.79924081300952,59.954560735892294
163.48138141440268,0.9986662220740247,65.3596091921951,0.6722066629047188,50.889012859860166,60.00739762360882
163.5359661828215,0.9989996665555184,65.36110765068481,0.6733426503397405,50.97842133817757,60.05973467813477
163.59055095124035,0.9993331110370123,65.36217544956163,0.6744838425129666,51.06746491893327,60.11157256574206
163.64513571965918,0.9996665555185061,65.36281463724019,0.6756302458897099,51.15614229267385,60.16291196627723
163.69972048807801,1.0,65.36302724951548,0.6767818669056113,51.24445216946098,60.2137535729058
