time_days,phase,N,P,Q
0.0,0.0,60.55703577025724,0.793530064941765,47.72719936348957
0.05276553671531999,0.00033344448149383126,60.556844805214546,0.7946931566906155,47.7879822090877
0.10553107343063999,0.0006668889629876625,60.556272936632006,0.7958604996328659,47.84847527910106
0.15829661014595997,0.0010003334444814937,60.555321700371806,0.7970320952929557,47.90867814544135
0.21106214686127997,0.001333777925975325,60.55399262694173,0.7982079451666645,47.9685903893121
0.26382768357659997,0.0016672224074691564,60.55228724139814,0.7993880507209823,48.02821160113907
0.31659322029191994,0.0020006668889629873,60.550207063251825,0.8005724133939794,48.08754138050048
0.36935875700723997,0.002334111370456819,60.54775360637655,0.8017610345946736,48.14657933605718
0.42212429372255994,0.00266755585195065,60.54492837892048,0.8029539157028955,48.205325085482684
0.4748898304378799,0.0030010003334444814,60.54173288322026,0.8041510580691525,48.26377825539316
0.5276553671531999,0.003334444814938313,60.53816861571787,0.8053524630144905,48.32193848127732
0.58042090386852,0.003667889296432144,60.53423706688009,0.8065581318303534,48.37980540742627
0.6331864405838399,0.004001333777925975,60.5299397211206,0.8077680657784415,48.437378686863305
0.6859519772991599,0.004334778259419807,60.525278056724744,0.8089822660905676,48.49465798127369
0.7387175140144799,0.004668222740913638,60.520253545776825,0.8102007339685111,48.55164296093443
0.7914830507297999,0.005001667222407469,60.51486765408987,0.8114234705838708,48.60833330464399
0.8442485874451199,0.0053351117039013,60.50912184113803,0.8126504770779146,48.664728699652066
0.8970141241604399,0.0056685561853951315,60.503017559991335,0.8138817545614296,48.720828841589366
0.9497796608757598,0.006002000666888963,60.49655625725294,0.8151173041145676,48.776633434397404
1.00254519759108,0.006335445148382795,60.48973937299876,0.816357126786691,48.83214219025834
1.0553107343063999,0.006668889629876626,60.482568340719475,0.8176012235962152,48.88735482952488
1.1080762710217198,0.007002334111370456,60.475044587264826,0.8188495955304508,48.94227108065027
1.16084180773704,0.007335778592864288,60.46716953279032,0.8201022435454424,48.99689068011826
1.2136073444523598,0.00766922307435812,60.4589445907061,0.8213591685658063,49.05121337237328
1.2663728811676798,0.00800266755585195,60.45037116762808,0.8226203714845667,49.10523890975063
1.319138417883,0.008336112037345782,60.44145066333129,0.8238858531629896,49.15896705240679
1.3719039545983198,0.008669556518839614,60.43218447070544,0.8251556144304146,49.212397568249855
1.4246694913136397,0.009003001000333443,60.42257397571249,0.8264296560840857,49.2655302328701
1.4774350280289599,0.009336445481827277,60.41262055734649,0.8277079788889796,49.318364829470646
1.5302005647442798,0.009669889963321106,60.40232558759537,0.8289905835776328,49.37090114879832
1.5829661014595997,0.010003334444814937,60.39169043140479,0.8302774708499658,49.4231389890746
1.6357316381749198,0.01033677892630877,60.38071644664408,0.8315686413731075,49.475078155926795
1.6884971748902398,0.0106702234078026,60.36940498407404,0.8328640957812153,49.526718462319316
1.7412627116055597,0.011003667889296432,60.357757387316774,0.8341638346752958,49.578059728485215
1.7940282483208798,0.011337112370790263,60.3457749928274,0.835467858623022,49.629101781857806
1.8467937850361997,0.011670556852284094,60.33345912986766,0.8367761681585493,49.67984445700258
1.8995593217515196,0.012004001333777926,60.32081112048134,0.8380887637823307,49.73028759554925
1.9523248584668398,0.012337445815271757,60.30783227947155,0.8394056459609284,49.78043104612405
2.00509039518216,0.01267089029676559,60.29452391437981,0.840726815126825,49.830274664282214
2.0578559318974796,0.01300433477825942,60.280887325466864,0.842052271678233,49.879818312440726
2.1106214686127998,0.013337779259753251,60.26692380569519,0.8433820159789017,49.929061859811235
2.16338700532812,0.013671223741247083,60.2526346407133,0.8447160483579229,49.97800518233331
2.2161525420434396,0.014004668222740912,60.23802110884165,0.8460543691095352,50.02664816260782
2.2689180787587597,0.014338112704234745,60.223084481060155,0.8473969784929261,50.07499068983066
2.32168361547408,0.014671557185728577,60.20782602099742,0.8487438767320322,50.12303265972671
2.3744491521893996,0.015005001667222406,60.192246984921475,0.8500950640153389,50.17077397448402
2.4272146889047197,0.01533844614871624,60.17634862173205,0.8514505404956768,50.21821454268833
2.47998022562004,0.015671890630210072,60.16013217295447,0.852810306290018,50.265354279257814
2.5327457623353595,0.0160053351117039,60.143598872734906,0.854174361479269,50.31219310537816
2.5855112990506797,0.01633877959319773,60.126749947837254,0.8555427061080639,50.35873094843787
2.638276835766,0.016672224074691565,60.109586617641305,0.856915340184555,50.40496774196392
2.6910423724813195,0.017005668556185394,60.09211009414246,0.8582922636802004,50.4509034255577
2.7438079091966396,0.017339113037679228,60.074321581952724,0.8596734765295535,50.496537944831225
2.7965734459119598,0.017672557519173057,60.05622227830313,0.8610589786300469,50.54187125134371
2.8493389826272795,0.018006002000666887,60.03781337304748,0.8624487698417775,50.58690330253841
2.9021045193425996,0.01833944648216072,60.01909604866734,0.8638428499872889,50.63163406167984
2.9548700560579197,0.018672890963654553,60.000071480278464,0.8652412188513522,50.67606349779124
3.0076355927732394,0.019006335445148383,59.98074083563824,0.8666438761807455,50.72019158559245
3.0604011294885596,0.019339779926642212,59.96110527515461,0.8680508216840319,50.76401830543805
3.1131666662038797,0.019673224408136045,59.94116595189603,0.8694620550313356,50.807543643255904
3.1659322029191994,0.020006668889629875,59.920924011602686,0.8708775758541166,50.85076759048598
3.2186977396345196,0.020340113371123708,59.90038059269884,0.8722973837449446,50.893690144019544
3.2714632763498397,0.02067355785261754,59.879536826306285,0.8737214782572694,50.936311306138734
3.3242288130651594,0.021007002334111367,59.85839383625899,0.8751498589051927,50.978631084456445
3.3769943497804795,0.0213404468156052,59.83695273911872,0.8765825251632355,51.02064949185656
3.4297598864957997,0.021673891297099034,59.81521464419181,0.8780194764661063,51.062366546434596
3.4825254232111194,0.022007335778592863,59.793180653546905,0.8794607122084664,51.10378227143867
3.5352909599264395,0.022340780260086696,59.77085186203376,0.8809062317446941,51.144896695210825
3.5880564966417596,0.022674224741580526,59.748229357303025,0.8823560343886478,51.185709851128784
3.6408220333570793,0.023007669223074356,59.725314219826984,0.8838101194134279,51.22622177754799
3.6935875700723995,0.02334111370456819,59.70210752292126,0.8852684860511356,51.2664325177441
3.7463531067877196,0.023674558186062022,59.67861033276741,0.8867311334926327,51.30634211985579
3.7991186435030393,0.02400800266755585,59.6548237084365,0.8881980608872982,51.345950636828
3.8518841802183594,0.02434144714904968,59.63074870191347,0.8896692673427845,51.38525812635554
3.9046497169336796,0.024674891630543514,59.60638635812243,0.8911447519247713,51.42426465082702
3.9574152536489993,0.025008336112037344,59.581737714952766,0.892624513656719,51.46297027726931
4.01018079036432,0.02534178059353118,59.55680380328611,0.8941085515196207,51.50137507729222
4.062946327079639,0.025675225075025006,59.53158564702402,0.8955968644517522,51.53947912703369
4.115711863794959,0.02600866955651884,59.50608426311659,0.8970894513484212,51.577282507105345
4.168477400510279,0.02634211403801267,59.48030066159165,0.8985863110617154,51.61478530253841
4.2212429372255995,0.026675558519506502,59.45423584558486,0.9000874424002481,51.65198760273007
4.27400847394092,0.027009003001000335,59.42789081137046,0.9015928441289045,51.68888950139018
4.32677401065624,0.027342447482494165,59.4012665483927,0.903102514968585,51.72549109648844
4.379539547371559,0.027675891963987995,59.37436403929803,0.9046164535959478,51.761792490201884
4.432305084086879,0.028009336445481824,59.34718425996792,0.9061346586431507,51.797793788862855
4.485070620802199,0.028342780926975657,59.31972817955233,0.9076571286975911,51.83349510290733
4.5378361575175195,0.02867622540846949,59.29199676050383,0.909183862301645,51.86889654682367
4.59060169423284,0.029009669889963324,59.26399095861235,0.9107148579524048,51.90399823910179
4.64336723094816,0.029343114371457153,59.23571172304048,0.912250114101416,51.938800302182685
4.696132767663479,0.02967655885295098,59.20715999635943,0.9137896291544122,51.973302862408445
4.748898304378799,0.030010003334444812,59.1783367145855,0.9153334014710501,52.00750604997258
4.801663841094119,0.030343447815938646,59.14924280721713,0.9168814293646421,52.04140999887085
4.854429377809439,0.03067689229743248,59.119879197272475,0.9184337111018885,52.07501484685242
4.9071949145247595,0.03101033677892631,59.090246801327524,0.9199902449026084,52.10832073537152
4.95996045124008,0.031343781260420145,59.06034652955471,0.9215510289394692,52.14132780953942
5.012725987955399,0.03167722574191397,59.03017928576196,0.9231160613377156,52.17403621807685
5.065491524670719,0.0320106702234078,58.99974596743237,0.9246853401748975,52.206446113266885
5.118257061386039,0.03234411470490163,58.96904746576415,0.9262588634805958,52.23855765090818
5.171022598101359,0.03267755918639546,58.93808466571118,0.927836629236149,52.2703709902686
5.2237881348166795,0.033011003667889297,58.90685844602388,0.9294186353743765,52.301886294039356
5.276553671532,0.03334444814938313,58.8753696792906,0.9310048797793034,52.33310372828944
5.329319208247319,0.033677892630876956,58.84361923197933,0.9325953602858815,52.36402346242057
5.382084744962639,0.03401133711237079,58.811607964479855,0.9341900746797127,52.39464566912248
5.434850281677959,0.03434478159386462,58.779336731146294,0.9357890206967681,52.42497052432866
5.487615818393279,0.034678226075358455,58.74680638033997,0.937392196023108,52.45499820717247
5.540381355108599,0.03501167055685228,58.71401775447265,0.938999598294601,52.48472889994375
5.5931468918239196,0.035345115038346114,58.68097169005015,0.9406112250966417,52.51416278804569
5.645912428539239,0.03567855951983994,58.64766901771623,0.9422270739638671,52.54330005995229
5.698677965254559,0.036012004001333774,58.614110562296865,0.943847142379873,52.572140907166094
5.751443501969879,0.03634544848282761,58.58029714284474,0.9454714277769295,52.60068552417641
5.804209038685199,0.03667889296432144,58.54622957268412,0.9470999275356944,52.62893410841791
5.856974575400519,0.03701233744581527,58.51190865945594,0.9487326389849275,52.656886860229605
5.9097401121158395,0.037345781927309106,58.47733520516325,0.950369559401203,52.68454398281435
5.962505648831159,0.03767922640880293,58.442510006216814,0.9520106860086209,52.71190568219857
6.015271185546479,0.038012670890296765,58.40743385348104,0.9536560159785191,52.7389721671926
6.068036722261799,0.0383461153717906,58.37210753232012,0.9553055464291824,52.76574364935126
6.120802258977119,0.038679559853284425,58.33653182264443,0.9569592744255533,52.79222034293491
6.173567795692439,0.03901300433477826,58.3007074989571,0.9586171969789401,52.81840246487094
6.226333332407759,0.03934644881627209,58.264635330400836,0.960279311046725,52.84429023471561
6.279098869123079,0.03967989329776592,58.228316080804916,0.9619456135320722,52.86988387461627
6.331864405838399,0.04001333777925975,58.191750508732405,0.9636161012836337,52.89518360927411
6.384629942553719,0.04034678226075358,58.15493936752755,0.9652907710952563,52.92018966590715
6.437395479269039,0.040680226742247416,58.11788340536329,0.9669696197056861,52.94490227421373
6.490161015984359,0.04101367122374125,58.08058336528902,0.9686526437982742,52.96932166633637
6.542926552699679,0.04134711570523508,58.04303998527848,0.9703398400006805,52.99344807682603
6.595692089414999,0.04168056018672891,58.005253998277716,0.9720312048845773,53.01728174260677
6.648457626130319,0.042014004668222735,57.96722613225328,0.9737267349653522,53.04082290294081
6.701223162845639,0.04234744914971657,57.92895711024054,0.9754264267018112,53.06407179939394
6.753988699560959,0.0426808936312104,57.890447650392055,0.97713027649588,53.08702867580142
6.806754236276279,0.043014338112704234,57.85169846602615,0.9788382806923057,53.109693778234146
6.859519772991599,0.04334778259419807,57.812710265675506,0.9805504355783579,53.132067354965315
6.9122853097069195,0.0436812270756919,57.77348375313592,0.9822667373835288,53.154149656437404
6.965050846422239,0.044014671557185726,57.73401962751513,0.9839871822792334,53.1759409352296
7.017816383137559,0.04434811603867956,57.69431858328174,0.9857117663785097,53.19744144602554
7.070581919852879,0.04468156052017339,57.65438131031419,0.9874404857357163,53.21865144558154
7.123347456568199,0.045015005001667226,57.61420849394982,0.9891733363462327,53.239571192695074
7.176112993283519,0.04534844948316105,57.573800815034005,0.9909103141461569,53.26020094817375
7.228878529998839,0.045681893964654885,57.53315894996934,0.9926514150120036,53.280540974804616
7.281644066714159,0.04601533844614871,57.49228357076489,0.9943966347604014,53.30059153732385
7.334409603429479,0.046348782927642544,57.4511753450854,0.9961459691477907,53.32035290238681
7.387175140144799,0.04668222740913638,57.409834936300726,0.9978994138701208,53.3398253385385
7.439940676860119,0.04701567189063021,57.36826300353508,0.9996569645625458,53.35900911618438
7.492706213575439,0.047349116372124044,57.326460201716465,1.001418616799122,53.377904507561546
7.545471750290759,0.04768256085361788,57.28442718162607,1.003184366092503,53.3965117867103
7.598237287006079,0.0480160053351117,57.24216458994768,1.004954207893637,53.414831229446065
7.651002823721399,0.048349449816605536,57.19967306931707,1.006728137591462,53.4328631133317
7.703768360436719,0.04868289429809936,57.1569532583715,1.008506150512601,53.45060771765014
7.756533897152039,0.049016338779593195,57.11400579179908,1.0102882419210575,53.46806532337744
7.809299433867359,0.04934978326108703,57.070831300388235,1.0120744070179115,53.48523621315614
7.862064970582679,0.04968322774258086,57.02743041107709,1.0138646409410141,53.50212067126903
7.9148305072979985,0.05001667222407469,56.9838037470029,1.0156589387646822,53.51871898361325
7.967596044013319,0.05035011670556852,56.93995192755139,1.0174572954993941,53.53503143767473
8.02036158072864,0.05068356118706236,56.89587556840613,1.0192597060914845,53.55105832250305
8.073127117443958,0.05101700566855618,56.85157528159785,1.0210661654228383,53.56679992868658
8.125892654159278,0.05135045015005001,56.807051675553744,1.022876668310587,53.58225654832799
8.178658190874598,0.051683894631543846,56.76230535514669,1.0246912095068017,53.59742847502015
8.231423727589918,0.05201733911303768,56.71733692174448,1.0265097836981898,53.61231600382233
8.284189264305239,0.052350783594531505,56.672146973259004,1.0283323855057882,53.626919431236765
8.336954801020559,0.05268422807602534,56.6267361041953,1.0301590094846598,53.64123905518557
8.389720337735879,0.05301767255751917,56.581104905700684,1.0319896501235875,53.65527517498799
8.442485874451199,0.053351117039013005,56.535253965613684,1.0338243018447697,53.66902809133796
8.49525141116652,0.05368456152050684,56.48918386851303,1.0356629590035156,53.68249810628207
8.54801694788184,0.05401800600200067,56.44289519576649,1.0375056158879405,53.69568552319782
8.60078248459716,0.054351450483494504,56.396388525579695,1.0393522667186617,53.7085906467722
8.65354802131248,0.05468489496498833,56.349664433044865,1.0412029056484935,53.72121378298065
8.706313558027798,0.055018339446482156,56.30272349018946,1.0430575267621447,53.73355523906627
8.759079094743118,0.05535178392797599,56.25556626602474,1.0449161240759137,53.74561532351949
8.811844631458438,0.055685228409469816,56.20819332659431,1.0467786915373847,53.75739434605789
8.864610168173758,0.05601867289096365,56.16060523502248,1.048645223025126,53.76889261760654
8.917375704889078,0.05635211737245748,56.112802551562595,1.0505157123483855,53.78011045027847
8.970141241604399,0.056685561853951315,56.064785833645296,1.0523901532467894,53.79104815735563
9.022906778319719,0.05701900633544515,56.01655563592661,1.054268539390039,53.80170605327004
9.075672315035039,0.05735245081693898,55.96811251033603,1.0561508643776103,53.81208445358535
9.128437851750359,0.057685895298432814,55.919457006124425,1.0580371217384503,53.822183674978646
9.18120338846568,0.05801933977992665,55.87058966991191,1.0599273049306783,53.83200403522261
9.233968925181,0.05835278426142047,55.821511045735534,1.0618214073412846,53.84154585316798
9.28673446189632,0.058686228742914306,55.77222167509696,1.063719422285829,53.850809448726324
9.339499998611638,0.05901967322440813,55.72272209700993,1.065621343008144,53.859795142853095
9.392265535326958,0.05935311770590196,55.673012848047705,1.067527162680033,53.868503257531025
9.445031072042278,0.05968656218739579,55.62309446239035,1.0694368744009735,53.87693411575382
9.497796608757598,0.060020006668889625,55.572967471871905,1.0713504711978186,53.885088041510116
9.550562145472918,0.06035345115038346,55.522632406027434,1.0732679460244992,53.89296535976778
9.603327682188239,0.06068689563187729,55.47208979213996,1.0751892917617285,53.90056639645849
9.656093218903559,0.061020340113371124,55.421340155287304,1.0771145012167045,53.9078914784626
9.708858755618879,0.06135378459486496,55.370384018388734,1.0790435671228151,53.914940933594345
9.761624292334199,0.061687229076358784,55.319221902251556,1.0809764821393435,53.92171509058723
9.814389829049519,0.06202067355785262,55.26785432561754,1.0829132388511742,53.92821427907985
9.86715536576484,0.06235411803934645,55.21628180520922,1.084853829768499,53.934438829601895
9.91992090248016,0.06268756252084029,55.16450485577605,1.0867982473265256,53.94038907356046
9.972686439195478,0.06302100700233411,55.11252399014049,1.0887464838851846,53.94606534322668
10.025451975910798,0.06335445148382794,55.06033971924383,1.0906985317288393,53.95146797172258
10.078217512626118,0.06368789596532178,55.00795255219202,1.0926543830659958,53.956597293008286
10.130983049341438,0.0640213404468156,54.95536299630129,1.0946140300290128,53.96145364186941
10.183748586056758,0.06435478492830943,54.90257155714359,1.096577464673814,53.96603735390484
10.236514122772078,0.06468822940980326,54.849578738591966,1.0985446789796007,53.97034876551464
10.289279659487399,0.0650216738912971,54.79638504286578,1.1005156648485648,53.9743882138884
10.342045196202719,0.06535511837279093,54.74299097057572,1.1024904141056033,53.978156036993724
10.394810732918039,0.06568856285428476,54.68939702076872,1.1044689184980343,53.981652573565015
10.447576269633359,0.06602200733577859,54.635603690972786,1.106451169695313,53.98487816309258
10.500341806348679,0.06635545181727243,54.5816114772415,1.1084371592887488,53.98783314581193
10.553107343064,0.06668889629876626,54.52742087419857,1.110426878791225,53.9905178626934
10.60587287977932,0.06702234078026009,54.4730323750821,1.1124203196369178,53.99293265543194
10.658638416494638,0.06735578526175391,54.41844647178878,1.1144174731810164,53.99507786643729
10.711403953209958,0.06768922974324774,54.36366365491787,1.1164183306994462,53.9969538388243
10.764169489925278,0.06802267422474158,54.30868441381504,1.1184228833885916,53.99856091640355
10.816935026640598,0.06835611870623541,54.253509236616104,1.1204311223650194,53.99989944367225
10.869700563355918,0.06868956318772924,54.19813861029053,1.1224430386652053,54.00096976580531
10.922466100071238,0.06902300766922308,54.14257302068482,1.1244586232452607,54.00177222864676
10.975231636786559,0.06935645215071691,54.08681295256576,1.1264778669806597,54.00230717870131
11.027997173501879,0.06968989663221074,54.030858889663435,1.12850076066597,54.00257496312624
11.080762710217199,0.07002334111370456,53.97471131471418,1.1305272950145824,54.0025759297235
11.133528246932519,0.0703567855951984,53.91837070950328,1.1325574606584434,54.00231042693203
11.186293783647839,0.07069023007669223,53.86183755490757,1.1345912481477889,54.00177880382034
11.23905932036316,0.07102367455818606,53.805112330937824,1.1366286479508785,54.00098141007935
11.291824857078478,0.07135711903967988,53.74819551678105,1.1386696504537324,53.99991859601539
11.344590393793798,0.07169056352117371,53.69108759084249,1.1407142459598685,53.99859071254354
11.397355930509118,0.07202400800266755,53.633789030787625,1.1427624246900427,53.99699811118109
11.450121467224438,0.07235745248416138,53.57630031358385,1.144814176781989,53.99514114404132
11.502887003939758,0.07269089696565521,53.5186219155421,1.146869492290162,53.99302016382743
11.555652540655078,0.07302434144714905,53.46075431235825,1.1489283611854815,53.99063552382679
11.608418077370398,0.07335778592864288,53.40269797915435,1.1509907733550764,53.98798757790529
11.661183614085719,0.07369123041013671,53.344453390519675,1.1530567186020344,53.985076680502004
11.713949150801039,0.07402467489163055,53.28602102055169,1.1551261866451492,53.98190318662409
11.766714687516359,0.07435811937312438,53.227401342896705,1.1571991671186712,53.97846745184178
11.819480224231679,0.07469156385461821,53.16859483079046,1.1592756495720606,53.97476983228376
11.872245760947,0.07502500833611205,53.10960195709853,1.161355623469741,53.97081068463261
11.925011297662317,0.07535845281760586,53.050423194356505,1.1634390781908552,53.966590366120556
11.977776834377638,0.0756918972990997,52.99105901480999,1.1655260030290235,53.96210923452537
12.030542371092958,0.07602534178059353,52.93150989045456,1.167616387192102,53.957367648166546
12.083307907808278,0.07635878626208736,52.871776293075335,1.1697102198019451,53.9523659659016
12.136073444523598,0.0766922307435812,52.81185869428656,1.1718074898941688,53.947104547122656
12.188838981238918,0.07702567522507502,52.751757565570884,1.1739081864179155,53.94158375175316
12.241604517954238,0.07735911970656885,52.691473378318534,1.176012298235621,53.93580394024486
12.294370054669558,0.07769256418806268,52.63100660386628,1.178119814122784,53.92976547357495
12.347135591384879,0.07802600866955652,52.570357713536225,1.1802307227677378,53.92346871324342
12.399901128100199,0.07835945315105035,52.50952717867441,1.1823450127714223,53.91691402127059
12.452666664815519,0.07869289763254418,52.44851547068925,1.1844626726471608,53.91010176019487
12.505432201530839,0.07902634211403801,52.38732306108979,1.1865836908204357,53.903032293070666
12.558197738246157,0.07935978659553183,52.32595042152374,1.1887080556286698,53.89570598346653
12.610963274961478,0.07969323107702567,52.2643980238154,1.1908357553210072,53.88812319546344
12.663728811676798,0.0800266755585195,52.20266634000334,1.192966778058097,53.880284293653354
12.716494348392118,0.08036012004001333,52.14075584237789,1.1951011119118797,53.872189643137816
12.769259885107438,0.08069356452150717,52.07866700351854,1.197238744865376,53.86383960952688
12.822025421822758,0.081027009003001,52.016400296331014,1.1993796648124766,53.85523455893813
12.874790958538078,0.08136045348449483,51.953956194084284,1.201523859557736,53.84637485799593
12.927556495253398,0.08169389796598867,51.89133517044731,1.2036713168161677,53.83726087383084
12.980322031968718,0.0820273424474825,51.82853769952567,1.2058220242130415,53.82789297407914
13.033087568684039,0.08236078692897633,51.765564255897885,1.207975969283684,53.81827152688267
13.085853105399359,0.08269423141047016,51.702415314651724,1.210133139473281,53.80839690088868
13.138618642114679,0.08302767589196398,51.639091351420156,1.212293522136683,53.79826946525002
13.191384178829997,0.08336112037345782,51.575592842417215,1.214457104538212,53.787889589625344
13.244149715545317,0.08369456485495165,51.51192026447365,1.2166238738514716,53.777257644179564
13.296915252260638,0.08402800933644547,51.44807409507236,1.2187938171591608,53.766373999584495
13.349680788975958,0.0843614538179393,51.38405481238364,1.2209669214528873,53.755239027019584
13.402446325691278,0.08469489829943314,51.31986289530029,1.2231431736329872,53.74385309817286
13.455211862406598,0.08502834278092697,51.255498823472486,1.225322560508344,53.73221658524205
13.507977399121918,0.0853617872624208,51.19096307734242,1.227505068796213,53.72032986093579
13.560742935837238,0.08569523174391463,51.12625613817884,1.229690685122046,53.70819329847508
13.613508472552558,0.08602867622540847,51.06137848811131,1.2318793960193204,53.69580727159483
13.666274009267878,0.0863621207069023,50.99633061016433,1.2340711879293713,53.68317215454561
13.719039545983199,0.08669556518839613,50.93111298829121,1.2362660472012241,53.67028832209549
13.771805082698519,0.08702900966988997,50.86572610740783,1.2384639600914333,53.657156149532085
13.824570619413839,0.0873624541513838,50.800170453426084,1.2406649127639213,53.64377601266477
13.877336156129157,0.08769589863287762,50.73444651328723,1.2428688912898207,53.63014828782696
13.930101692844477,0.08802934311437145,50.66855477499498,1.2450758816473217,53.61627335187857
13.982867229559798,0.08836278759586529,50.60249572764844,1.2472858697215197,53.602151582208684
14.035632766275118,0.08869623207735912,50.53626986147477,1.2494988413042665,53.58778335673828
14.088398302990438,0.08902967655885295,50.46987766786176,1.251714782094026,53.57316905392315
14.141163839705758,0.08936312104034679,50.40331963939008,1.2539336776957313,53.558309052756925
14.193929376421078,0.08969656552184062,50.33659626986541,1.256155513620646,53.54320373277426
14.246694913136398,0.09003001000333445,50.26970805435035,1.2583802752862276,53.527853474054155
14.299460449851718,0.09036345448482827,50.2026554891961,1.2606079480159949,53.512258657223406
14.352225986567039,0.0906968989663221,50.135439072073936,1.2628385170393983,53.49641966346019
14.404991523282359,0.09103034344781594,50.06805930200655,1.2650719674916933,53.48033687449776
14.457757059997679,0.09136378792930977,50.00051667939908,1.2673082844138166,53.464010672628326
14.510522596712997,0.09169723241080359,49.93281170606998,1.2695474527522672,53.44744144070701
14.563288133428317,0.09203067689229742,49.86494488528173,1.271789457358989,53.43062956215595
14.616053670143637,0.09236412137379126,49.796916721771254,1.2740342829912565,53.41357542096853
14.668819206858958,0.09269756585528509,49.72872772178016,1.2762819143115673,53.39627940171372
14.721584743574278,0.09303101033677892,49.66037839308478,1.2785323358875331,53.378741889540564
14.774350280289598,0.09336445481827275,49.591869245026004,1.280785532191777,53.360963270182765
14.827115817004918,0.09369789929976659,49.52320078853887,1.2830414876018346,53.34294392996341
14.879881353720238,0.09403134378126042,49.45437353618198,1.2853001864000573,53.324684255799774
14.932646890435558,0.09436478826275425,49.38538800216665,1.2875616127735194,53.30618463520829
14.985412427150878,0.09469823274424809,49.316244702385895,1.289825750813929,53.287445456309605
15.038177963866199,0.09503167722574192,49.246944154443156,1.2920925845175424,53.26846710783374
15.090943500581519,0.09536512170723575,49.17748687768087,1.2943620977850825,53.249249979125395
15.143709037296837,0.09569856618872957,49.10787339320874,1.2966342744216597,53.22979446014932
15.196474574012157,0.0960320106702234,49.03810422393184,1.298909098136698,53.21010094149583
15.249240110727477,0.09636545515171724,48.96817989457849,1.3011865525438633,53.190169814386415
15.302005647442797,0.09669889963321107,48.89810093172791,1.3034666211609973,53.17000147067945
15.354771184158118,0.0970323441147049,48.82786786383763,1.3057492874100527,53.149596302876006
15.407536720873438,0.09736578859619872,48.75748122127073,1.3080345346170343,53.12895470412578
15.460302257588758,0.09769923307769256,48.686941536322756,1.3103223460119433,53.1080770682331
15.513067794304078,0.09803267755918639,48.61624934324853,1.312612704728725,53.08696378966305
15.565833331019398,0.09836612204068022,48.54540517828866,1.3149055938052212,53.0656152635477
15.618598867734718,0.09869956652217406,48.47440957969582,1.3172009961831248,53.04403188569238
15.671364404450038,0.09903301100366789,48.40326308776086,1.3194988947079411,53.02221405258211
15.724129941165359,0.09936645548516172,48.33196624483859,1.3217992721289509,53.0001621613881
15.776895477880677,0.09969989996665554,48.26051959537343,1.3241021110991784,52.97787660997434
15.829661014595997,0.10003334444814937,48.18892368592477,1.326407394175363,52.95535779690425
15.882426551311317,0.10036678892964321,48.117179065192104,1.3287151038179348,52.93260612144748
15.935192088026637,0.10070023341113704,48.04528628403995,1.3310252223909957,52.90962198358673
15.987957624741957,0.10103367789263087,47.973245895522524,1.3333377321623026,52.88640578402474
16.04072316145728,0.10136712237412472,47.901058454908146,1.3356526153032557,52.86295792419123
16.093488698172596,0.10170056685561853,47.82872451970348,1.3379698538888916,52.83927880625008
16.146254234887916,0.10203401133711236,47.75624464967743,1.3402894298978798,52.81536883310647
16.199019771603236,0.10236745581860619,47.6836194068849,1.3426113252125234,52.79122840841417
16.251785308318556,0.10270090030010003,47.610849355690256,1.3449355216187646,52.76685793658284
16.304550845033877,0.10303434478159386,47.537935062790545,1.3472620008061942,52.742257822785476
16.357316381749197,0.10336778926308769,47.464877097238485,1.3495907443680655,52.717428472965906
16.410081918464517,0.10370123374458153,47.391676030465185,1.351921733801313,52.692370293846324
16.462847455179837,0.10403467822607536,47.31833243630267,1.3542549505065744,52.667083692934945
16.515612991895157,0.10436812270756918,47.24484689100608,1.356590375788218,52.6415690785337
16.568378528610477,0.10470156718906301,47.1712199732757,1.3589279908543743,52.61582685974601
16.621144065325797,0.10503501167055684,47.097452264278665,1.3612677768169725,52.58985744648462
16.673909602041117,0.10536845615205068,47.02354434767047,1.3636097146917798,52.56366124947952
16.726675138756438,0.10570190063354451,46.94949680961619,1.3659537853984485,52.537238680285895
16.779440675471758,0.10603534511503834,46.875310238811466,1.3682999697605631,52.51059015129215
16.832206212187078,0.10636878959653218,46.80098522650321,1.3706482485056972,52.48371607572801
16.884971748902398,0.10670223407802601,46.72652236651006,1.3729986022654708,52.45661686767269
16.937737285617718,0.10703567855951984,46.65192225524263,1.3753510115756142,52.42929294206307
16.99050282233304,0.10736912304101368,46.577185491723384,1.3777054568760363,52.40174471470197
17.04326835904836,0.10770256752250751,46.502312677606355,1.3800619185108978,52.37397260226646
17.09603389576368,0.10803601200400134,46.42730441719653,1.3824203767286884,52.34597702231627
17.148799432479,0.10836945648549517,46.352161317469026,1.3847808116823102,52.31775839330216
17.20156496919432,0.10870290096698901,46.27688398808795,1.3871432034291635,52.28931713457441
17.25433050590964,0.10903634544848284,46.20147304142501,1.3895075319312404,52.260653666391384
17.30709604262496,0.10936978992997666,46.12592909257785,1.3918737770552205,52.231768409928044
17.35986157934028,0.1097032344114705,46.05025275938814,1.3942419185725734,52.202661787284576
17.412627116055596,0.11003667889296431,45.974444662459355,1.3966119361596652,52.173334221495075
17.465392652770916,0.11037012337445815,45.898505425174285,1.3989838093978706,52.143786136536235
17.518158189486236,0.11070356785595198,45.822435673712306,1.4013575177736883,52.114017957336074
17.570923726201556,0.11103701233744581,45.74623603706631,1.4037330406788635,52.08403010978273
17.623689262916876,0.11137045681893963,45.66990714705944,1.4061103574105145,52.0538230207333
17.676454799632197,0.11170390130043346,45.59344963836144,1.4084894471712635,52.02339711802264
17.729220336347517,0.1120373457819273,45.51686414850482,1.410870289069374,51.99275283047234
17.781985873062837,0.11237079026342113,45.440151317900664,1.413252862118892,51.96189058789958
17.834751409778157,0.11270423474491496,45.363311789854194,1.4156371452397933,51.93081082112612
17.887516946493477,0.1130376792264088,45.28634621058004,1.418023117258135,51.89951396198728
17.940282483208797,0.11337112370790263,45.209255229217206,1.4204107569062128,51.86800044334096
17.993048019924117,0.11370456818939646,45.13203949784376,1.4228000428227232,51.836270699076685
18.045813556639438,0.1140380126708903,45.05469967149123,1.425190953552931,51.80432516412466
18.098579093354758,0.11437145715238413,44.97723640815866,1.427583467548842,51.77216427446491
18.151344630070078,0.11470490163387796,44.899650368826485,1.4299775631693805,51.73978846713634
18.204110166785398,0.1150383461153718,44.82194221746998,1.4323732186805738,51.707198180245925
18.256875703500718,0.11537179059686563,44.74411262107248,1.4347704122557385,51.67439385297784
18.30964124021604,0.11570523507835946,44.66616224963828,1.4371691219756766,51.64137592560264
18.36240677693136,0.1160386795598533,44.58809177620525,1.4395693258288729,51.60814483948647
18.41517231364668,0.11637212404134711,44.509901876857136,1.441971001711701,51.574701037100276
18.467937850362,0.11670556852284095,44.43159323073551,1.4443741274286312,51.541044962029005
18.52070338707732,0.11703901300433478,44.3531665200515,1.446778680692448,51.50717705898087
18.57346892379264,0.11737245748582861,44.274622430097175,1.4491846391244694,51.473097773796596
18.62623446050796,0.11770590196732245,44.195961649256546,1.4515919802547728,51.43880755345864
18.678999997223276,0.11803934644881627,44.1171848690164,1.454000681522428,51.40430684610051
18.731765533938596,0.11837279093031008,44.038292783976644,1.4564107202757328,51.369596101016
18.784531070653916,0.11870623541180392,43.95928609186052,1.4588220737724564,51.334675768668475
18.837296607369236,0.11903967989329775,43.88016549352435,1.4612347191800876,51.29954630070016
18.890062144084556,0.11937312437479158,43.80093169296705,1.4636486335760874,51.2642081499414
18.942827680799876,0.11970656885628542,43.72158539733926,1.4660637939481498,51.228661770419976
18.995593217515196,0.12004001333777925,43.64212731695223,1.4684801771944649,51.19290761737034
19.048358754230517,0.12037345781927308,43.5625581652863,1.4708977601239905,51.15694614724292
19.101124290945837,0.12070690230076692,43.48287865899911,1.4733165194567277,51.12077781771341
19.153889827661157,0.12104034678226075,43.40308951793345,1.4757364318240025,51.084403087691996
19.206655364376477,0.12137379126375458,43.32319146512481,1.4781574737687526,51.04782241733263
19.259420901091797,0.12170723574524842,43.243185226808556,1.4805796217458214,51.0110362680423
19.312186437807117,0.12204068022674225,43.163071532426834,1.4830028521222556,50.974045102490244
19.364951974522437,0.12237412470823608,43.08285111463506,1.4854271411776099,50.936849384617204
19.417717511237758,0.12270756918972991,43.00252470930816,1.487852465104257,50.8994495796446
19.470483047953078,0.12304101367122375,42.92209305554641,1.490278800007704,50.86184615408379
19.523248584668398,0.12337445815271757,42.84155689568095,1.4927061219069122,50.82403957574518
19.576014121383718,0.1237079026342114,42.760916975278974,1.495134406734626,50.78603031374746
19.628779658099038,0.12404134711570523,42.68017404314856,1.4975636303377056,50.74781883852668
19.68154519481436,0.12437479159719907,42.59932885134317,1.4999937684774647,50.70940562184545
19.73431073152968,0.1247082360786929,42.51838215516578,1.5024247968300166,50.67079113680196
19.787076268245,0.12504168056018675,42.43733471317269,1.5048566909866241,50.631975857839116
19.83984180496032,0.12537512504168058,42.35618728717696,1.5072894264540548,50.59296026075357
19.89260734167564,0.1257085695231744,42.274940642251515,1.509722978654945,50.55374482270474
19.945372878390955,0.12604201400466822,42.19359554673189,1.5121573229281657,50.51433002222382
19.998138415106276,0.12637545848616205,42.1121527722186,1.5145924345291983,50.4747163392227
20.050903951821596,0.12670890296765588,42.030613093579184,1.5170282886305122,50.43490425500297
20.103669488536916,0.12704234744914972,41.94897728894989,1.5194648603219523,50.39489425226474
20.156435025252236,0.12737579193064355,41.86724613973698,1.5219021246111288,50.354686815115585
20.209200561967556,0.12770923641213738,41.78542043061767,1.5243400564238156,50.31428242907929
20.261966098682876,0.1280426808936312,41.703500949540754,1.5267786306043538,50.2736815811047
20.314731635398196,0.12837612537512502,41.6214884877268,1.5292178219160593,50.232884759574425
20.367497172113517,0.12870956985661886,41.53938383966804,1.5316576050416393,50.191892454313596
20.420262708828837,0.1290430143381127,41.45718780312783,1.5340979545836129,50.150705156598484
20.473028245544157,0.12937645881960652,41.37490117913982,1.5365388450647381,50.10932335916514
20.525793782259477,0.12970990330110035,41.29252477200668,1.5389802509284445,50.06774755621797
20.578559318974797,0.1300433477825942,41.21005938929849,1.5414221465392726,50.02597824343825
20.631324855690117,0.13037679226408802,41.12750584185077,1.5438645061833176,49.98401591799265
20.684090392405437,0.13071023674558185,41.04486494376207,1.546307304068682,49.94186107854159
20.736855929120757,0.1310436812270757,40.962137512391315,1.5487505143259306,49.89951422524767
20.789621465836078,0.13137712570856952,40.87932436835461,1.5511941110085543,49.85697585978397
20.842387002551398,0.13171057019006335,40.79642633552177,1.5536380680934383,49.81424648534233
20.895152539266718,0.13204401467155719,40.713444241012475,1.5560823594813367,49.77132660664154
20.947918075982038,0.13237745915305102,40.63037891519198,1.5585269589973538,49.7282167299355
21.000683612697358,0.13271090363454485,40.54723119166649,1.5609718403914303,49.68491736302135
21.05344914941268,0.13304434811603869,40.46400190727813,1.5634169773388364,49.64142901524744
21.106214686128,0.13337779259753252,40.380691902099564,1.5658623434406698,49.59775219752134
21.15898022284332,0.13371123707902635,40.297302019428166,1.5683079122243604,49.55388742231773
21.21174575955864,0.13404468156052018,40.213833105779855,1.5707536571441818,49.50983520368625
21.264511296273955,0.134378126042014,40.13028601088254,1.573199551581767,49.46559605725925
21.317276832989275,0.13471157052350782,40.04666158766912,1.5756455688466318,49.42117050025951
21.370042369704596,0.13504501500500166,39.96296069227017,1.5780916821767024,49.37655905150786
21.422807906419916,0.1353784594864955,39.879184184006185,1.580537864738851,49.33176223143077
21.475573443135236,0.13571190396798932,39.79533292537942,1.5829840896294358,49.2867805620678
21.528338979850556,0.13604534844948316,39.711407782065386,1.5854303298748476,49.24161456707901
21.581104516565876,0.136378792930977,39.62740962290392,1.5878765584320629,49.19626477175235
21.633870053281196,0.13671223741247082,39.543339319889824,1.5903227481892017,49.150731703010834
21.686635589996516,0.13704568189396465,39.459197748163206,1.5927688719660924,49.1050158894198
21.739401126711837,0.1373791263754585,39.374985785999286,1.5952149025148419,49.059117861193954
21.792166663427157,0.13771257085695232,39.29070431479792,1.5976608125204124,49.01303815020439
21.844932200142477,0.13804601533844615,39.20635421907267,1.6001065746012042,48.96677728998554
21.897697736857797,0.13837945981994,39.12193638643948,1.6025521613096425,48.92033581574201
21.950463273573117,0.13871290430143382,39.03745170760493,1.6049975451327734,48.87371426435532
22.003228810288437,0.13904634878292765,38.95290107635413,1.6074426984928627,48.826913174390626
22.055994347003757,0.1393797932644215,38.8682853895382,1.6098875937480028,48.77993308610321
22.108759883719078,0.13971323774591532,38.783605547061285,1.612332203192725,48.73277454144507
22.161525420434398,0.14004668222740912,38.69886245186724,1.614776499058616,48.68543808407122
22.214290957149718,0.14038012670890296,38.614057009925915,1.6172204535149435,48.637924259346065
22.267056493865038,0.1407135711903968,38.529190130218915,1.6196640386692847,48.59023361434957
22.319822030580358,0.14104701567189062,38.44426272472512,1.6221072265681622,48.54236669788335
22.372587567295678,0.14138046015338446,38.359275708405676,1.6245499891976851,48.494324060476735
22.425353104011,0.1417139046348783,38.274229999188606,1.6269922984841974,48.44610625439261
22.47811864072632,0.14204734911637212,38.189126517953056,1.6294341262949297,48.39771383363326
22.530884177441635,0.14238079359786593,38.10396618851307,1.6318754444386583,48.34914735394608
22.583649714156955,0.14271423807935976,38.01874993760097,1.6343162246663716,48.300407372829135
22.636415250872275,0.1430476825608536,37.93347869485039,1.636756438671938,48.25149444953669
22.689180787587595,0.14338112704234743,37.848153392778805,1.6391960580927842,48.20240914508457
22.741946324302916,0.14371457152384126,37.76277496676971,1.6416350545105762,48.15315202225545
22.794711861018236,0.1440480160053351,37.67734435505436,1.6440733994519074,48.103723645604
22.847477397733556,0.14438146048682893,37.591862498693125,1.6465110643889922,48.05412458146196
22.900242934448876,0.14471490496832276,37.5063303415564,1.6489480207403648,48.00435539794307
22.953008471164196,0.1450483494498166,37.42074883030515,1.6513842398715841,47.95441666494789
23.005774007879516,0.14538179393131043,37.335118914370995,1.653819693095945,47.904308954168506
23.058539544594836,0.14571523841280426,37.249441545935895,1.656254351675193,47.85403283909313
23.111305081310157,0.1460486828942981,37.16371767991146,1.6586881868202479,47.80358889501057
23.164070618025477,0.14638212737579193,37.07794827391781,1.6611211696919292,47.75297769901458
23.216836154740797,0.14671557185728576,36.992134288262044,1.6635532714016907,47.702199830008084
23.269601691456117,0.1470490163387796,36.90627668591626,1.6659844630123581,47.651255868707295
23.322367228171437,0.14738246082027343,36.82037643249523,1.6684147155388733,47.60014639764569
23.375132764886757,0.14771590530176726,36.73443449623361,1.6708439999490434,47.54887200117786
23.427898301602077,0.1480493497832611,36.648451847962775,1.6732722871642969,47.49743326548327
23.480663838317398,0.14838279426475492,36.56242946108721,1.6756995480604426,47.44583077856979
23.533429375032718,0.14871623874624876,36.476368311560506,1.678125753468437,47.39406513027726
23.586194911748038,0.1490496832277426,36.39026937786098,1.6805508741751547,47.34213691228077
23.638960448463358,0.14938312770923642,36.30413364096684,1.6829748809241647,47.29004671809387
23.691725985178678,0.14971657219073026,36.217962084330935,1.6853977444165134,47.23779514307165
23.744491521894,0.1500500166722241,36.131755693855176,1.6878194353115112,47.18538278441371
23.79725705860932,0.15038346115371792,36.04551545786446,1.6902399242275254,47.132810241166915
23.850022595324635,0.15071690563521173,35.959242367080236,1.6926591817427779,47.08007811422809
23.902788132039955,0.15105035011670556,35.87293741459365,1.6950771783961485,47.02718700634653
23.955553668755275,0.1513837945981994,35.7866015958383,1.6974938846879826,46.9741375221264
24.008319205470595,0.15171723907969323,35.70023590856259,1.6999092710809052,46.92093026802897
24.061084742185916,0.15205068356118706,35.613841352801664,1.7023233080006388,46.86756585237471
24.113850278901236,0.1523841280426809,35.52741893084893,1.7047359658368277,46.81404488534529
24.166615815616556,0.15271757252417473,35.44096964722723,1.7071472149438665,46.76036797898532
24.219381352331876,0.15305101700566856,35.35449450865956,1.7095570256417334,46.7065357472041
24.272146889047196,0.1533844614871624,35.26799452403945,1.7119653682168294,46.65254880577705
24.324912425762516,0.15371790596865623,35.181470704400866,1.7143722129228216,46.59840777234717
24.377677962477836,0.15405135045015003,35.094924062887806,1.7167775299814916,46.544113266426194
24.430443499193156,0.15438479493164387,35.00835561472343,1.7191812895835894,46.489665909395704
24.483209035908477,0.1547182394131377,34.92176637717885,1.7215834618896915,46.43506632450801
24.535974572623797,0.15505168389463153,34.835157369541506,1.7239840170310636,46.38031513688694
24.588740109339117,0.15538512837612536,34.74852961308315,1.7263829251105287,46.325412973528465
24.641505646054437,0.1557185728576192,34.66188413102745,1.7287801562033396,46.2703604633011
24.694271182769757,0.15605201733911303,34.5752219485172,1.731175680358056,46.21515823694626
24.747036719485077,0.15638546182060686,34.488544092581186,1.7335694675974263,46.15980692707835
24.799802256200397,0.1567189063021007,34.40185159210056,1.7359614879192742,46.10430716818481
24.852567792915718,0.15705235078359453,34.31514547777502,1.7383517112973894,46.048659596625875
24.905333329631038,0.15738579526508836,34.22842678208841,1.7407401076824234,45.992864850634255
24.958098866346358,0.1577192397465822,34.14169653927408,1.7431266470027889,45.93692357031467
25.010864403061678,0.15805268422807603,34.05495578527983,1.7455112991655644,45.88083639764313
25.063629939776998,0.15838612870956986,33.96820555773245,1.7478940340574032,45.82460397646615
25.116395476492315,0.15871957319106367,33.881446895901966,1.7502748215454458,45.76822695249975
25.169161013207635,0.1590530176725575,33.79468084066543,1.7526536314782377,45.71170597332827
25.221926549922955,0.15938646215405133,33.707908434470404,1.7550304336866507,45.65504168840308
25.274692086638275,0.15971990663554517,33.6211307212981,1.7574051979848082,45.59823474904108
25.327457623353595,0.160053351117039,33.534348746626065,1.759777894171016,45.541285808423034
25.380223160068915,0.16038679559853283,33.44756355739061,1.762148492028695,45.48419552159172
25.432988696784236,0.16072024008002667,33.36077620194883,1.76451696132732,45.426964545449984
25.485754233499556,0.1610536845615205,33.27398773004028,1.7668832718233607,45.3695935387585
25.538519770214876,0.16138712904301433,33.18719919274833,1.7692473932612292,45.31208316213348
25.591285306930196,0.16172057352450817,33.100411642461104,1.771609295374227,45.254434078044135
25.644050843645516,0.162054018006002,33.013626132832165,1.7739689478855014,45.196646950809985
25.696816380360836,0.16238746248749583,32.926843718740784,1.7763263205090007,45.13872244659799
25.749581917076156,0.16272090696898966,32.840065456251914,1.7786813829504358,45.08066123341953
25.802347453791477,0.1630543514504835,32.753292402575816,1.781034104908245,45.02246398112715
25.855112990506797,0.16338779593197733,32.66652561602734,1.783384456074562,44.96413136141123
25.907878527222117,0.16372124041347116,32.57976615598491,1.7857324061361879,44.90566404779634
25.960644063937437,0.164054684894965,32.49301508284915,1.7880779247755658,44.84706271563754
26.013409600652757,0.16438812937645883,32.406273458001195,1.7904209816717607,44.78832804211644
26.066175137368077,0.16472157385795266,32.3195423437607,1.7927615465014402,44.72946070623708
26.118940674083397,0.1650550183394465,32.23282280334353,1.7950995889398602,44.670461388821664
26.171706210798718,0.16538846282094033,32.146115900819126,1.7974350786618547,44.611330772506086
26.224471747514038,0.16572190730243416,32.05942270106755,1.7997679853428254,44.55206954173526
26.277237284229358,0.16605535178392797,31.972744269736264,1.8020982786597388,44.49267838275829
26.330002820944678,0.1663887962654218,31.886081673196603,1.8044259282921227,44.43315798362351
26.382768357659995,0.16672224074691563,31.79943597849991,1.8067509039230678,44.3735090341732
26.435533894375315,0.16705568522840947,31.7128082533334,1.8090731752402318,44.313732226038255
26.488299431090635,0.1673891297099033,31.626199565975764,1.8113927119368456,44.253828252632616
26.541064967805955,0.16772257419139713,31.53961098525245,1.8137094837127237,44.19379780914751
26.593830504521275,0.16805601867289094,31.45304358049068,1.8160234602752763,44.13364159254552
26.646596041236595,0.16838946315438477,31.36649842147418,1.8183346113405237,44.07336030155445
26.699361577951915,0.1687229076358786,31.279976578397648,1.8206429066341152,44.012954636661036
26.752127114667235,0.16905635211737244,31.19347912182095,1.822948315892349,43.95242530010442
26.804892651382556,0.16938979659886627,31.107007122623052,1.8252508088631942,43.89177299586952
26.857658188097876,0.1697232410803601,31.020561651955678,1.827550355307317,43.830998429680115
26.910423724813196,0.17005668556185394,30.934143781196745,1.8298469249991074,43.7701023089918
26.963189261528516,0.17039013004334777,30.847754581903516,1.83214048772771,43.70908534298476
27.015954798243836,0.1707235745248416,30.761395125765514,1.8344310132980557,43.6479482425563
27.068720334959156,0.17105701900633544,30.675066484557206,1.836718471531895,43.58669172031329
27.121485871674476,0.17139046348782927,30.588769730090448,1.8390028322688357,43.52531649056427
27.174251408389797,0.1717239079693231,30.502505934166678,1.8412840653673803,43.463823269311526
27.227016945105117,0.17205735245081694,30.416276168528903,1.8435621407059668,43.402212774242855
27.279782481820437,0.17239079693231077,30.33008150481346,1.8458370281840109,43.34048572472322
27.332548018535757,0.1727242414138046,30.243923014501547,1.8481086977229488,43.27864284178617
27.385313555251077,0.17305768589529844,30.157801768870552,1.8503771192672844,43.21668484812508
27.438079091966397,0.17339113037679227,30.07171883894518,1.852642262785636,43.154612468084196
27.490844628681717,0.1737245748582861,29.985675295448367,1.854904098271785,43.09242642764954
27.543610165397038,0.17405801933977993,29.89967220875198,1.8571625957457265,43.03012745443955
27.596375702112358,0.17439146382127377,29.813710648827378,1.8594177252547213,42.96771627769558
27.649141238827678,0.1747249083027676,29.727791685195726,1.861669456874349,42.90519362827218
27.701906775542994,0.1750583527842614,29.641916386878165,1.8639177607095625,42.842560238627236
27.754672312258315,0.17539179726575524,29.556085822345782,1.8661626068957442,42.77981684281185
27.807437848973635,0.17572524174724907,29.470301059469442,1.8684039655997617,42.716964176460074
27.860203385688955,0.1760586862287429,29.384563165469423,1.8706418070210273,42.65400297677848
27.912968922404275,0.17639213071023674,29.298873206864904,1.872876101392556,42.59093398253547
27.965734459119595,0.17672557519173057,29.213232249423296,1.8751068189820246,42.527757934050456
28.018499995834915,0.1770590196732244,29.127641358109425,1.8773339300928344,42.46447557318281
28.071265532550235,0.17739246415471824,29.042101597034584,1.8795574050651713,42.40108764332067
28.124031069265556,0.17772590863621207,28.95661402940543,1.8817772142770677,42.33759488936952
28.176796605980876,0.1780593531177059,28.87117971747275,1.883993328145466,42.273998057740584
28.229562142696196,0.17839279759919974,28.78579972248012,1.8862057171272812,42.210297896339064
28.282327679411516,0.17872624208069357,28.70047510461244,1.8884143517204655,42.146495154552156
28.335093216126836,0.1790596865621874,28.615206922944328,1.8906192024650708,42.08259058323688
28.387858752842156,0.17939313104368124,28.52999623538844,1.8928202399443148,42.01858493470777
28.440624289557476,0.17972657552517507,28.444844098643685,1.895017434785644,41.95447896272428
28.493389826272796,0.1800600200066689,28.359751568143317,1.8972107576617996,41.89027342247814
28.546155362988117,0.1803934644881627,28.274719698002958,1.8994001792918818,41.82596907058039
28.598920899703437,0.18072690896965654,28.189749540968553,1.9015856704424137,41.76156666504833
28.651686436418757,0.18106035345115037,28.104842148364217,1.903767201928407,41.6970669652922
28.704451973134077,0.1813937979326442,28.019998570040027,1.9059447446144262,41.63247073210179
28.757217509849397,0.18172724241413804,27.935219854319744,1.908118269415652,41.56777872763271
28.809983046564717,0.18206068689563187,27.850507047948486,1.9102877472989457,41.502991715392646
28.862748583280037,0.1823941313771257,27.765861196040344,1.9124531492839119,41.4381104602273
28.915514119995358,0.18272757585861954,27.68128334202594,1.9146144464439618,41.37313572830622
28.968279656710674,0.18306102034011335,27.596774527599976,1.9167716099073755,41.30806828710841
29.021045193425994,0.18339446482160718,27.512335792668708,1.9189246108583633,41.24290890540781
29.073810730141314,0.183727909303101,27.42796817529744,1.921073420538126,41.17765835325853
29.126576266856635,0.18406135378459484,27.343672711657963,1.9232180102459147,41.112317401979944
29.179341803571955,0.18439479826608868,27.259450435975992,1.925358351340091,41.04688682414163
29.232107340287275,0.1847282427475825,27.17530238047861,1.9274944152391833,40.98136739354807
29.284872877002595,0.18506168722907634,27.091229575341682,1.9296261734229452,40.915759885223224
29.337638413717915,0.18539513171057018,27.007233048637303,1.9317535974334092,40.85006507539488
29.390403950433235,0.185728576192064,26.923313826281248,1.9338766588759433,40.784283741478916
29.443169487148555,0.18606202067355784,26.839472931980445,1.9359953294203018,40.718416662063284
29.495935023863876,0.18639546515505168,26.75571138718046,1.9381095808016788,40.65246461689186
29.548700560579196,0.1867289096365455,26.67203021101305,1.940219384821757,40.58642838684819
29.601466097294516,0.18706235411803934,26.588430420243693,1.9423247133497568,40.520308753938934
29.654231634009836,0.18739579859953318,26.504913029219257,1.9444255383234823,40.45410650127725
29.706997170725156,0.187729243081027,26.421479049815627,1.9465218317503676,40.38782241306597
29.759762707440476,0.18806268756252084,26.338129491385455,1.9486135657085188,40.321457274580595
29.812528244155796,0.18839613204401467,26.254865360705946,1.9507007123477555,40.255011872152124
29.865293780871117,0.1887295765255085,26.171687661926736,1.9527832438906505,40.18848699314976
29.918059317586437,0.18906302100700234,26.088597396517837,1.9548611326335659,40.12188342596338
29.970824854301757,0.18939646548849617,26.005595563217675,1.9569343509476893,40.055201959985936
30.023590391017077,0.18972990996999,25.922683157981222,1.9590028712800651,39.98844338559557
30.076355927732397,0.19006335445148384,25.839861173928227,1.9610666661546257,39.9216084941377
30.129121464447717,0.19039679893297767,25.757130601291557,1.963125708173219,39.85469807790684
30.181887001163037,0.1907302434144715,25.674492427365642,1.9651799700166335,39.787712930128315
30.234652537878354,0.1910636878959653,25.59194763645507,1.9672294244456212,39.720653844939825
30.287418074593674,0.19139713237745914,25.509497209823255,1.969274044301918,39.6535216173728
30.340183611308994,0.19173057685895298,25.42714212564131,1.97131380250926,39.5863170433337
30.392949148024314,0.1920640213404468,25.34488335893701,1.9733486720743985,39.51904091958502
30.445714684739634,0.19239746582194064,25.262721881543918,1.975378626088111,39.45169404372627
30.498480221454955,0.19273091030343448,25.180658662050668,1.9774036377262105,39.38427721417475
30.551245758170275,0.1930643547849283,25.09869466575041,1.9794236802505496,39.31679123014618
30.604011294885595,0.19339779926642214,25.016830854590427,1.9814387270100233,39.24923689163517
30.656776831600915,0.19373124374791598,24.935068187121917,1.9834487514415675,39.18161499939559
30.709542368316235,0.1940646882294098,24.853407618449978,1.9854537270711548,39.113926354920736
30.762307905031555,0.19439813271090362,24.77185010018374,1.987453627514786,39.04617176042339
30.815073441746875,0.19473157719239745,24.69039658038675,1.9894484264794792,38.97835201881574
30.867838978462196,0.19506502167389128,24.60904800352752,1.991438097764254,38.91046793368915
30.920604515177516,0.19539846615538511,24.52780531043028,1.993422615261113,38.842520309293775
30.973370051892836,0.19573191063687895,24.446669438225992,1.9954019529560196,38.77450995051809
31.026135588608156,0.19606535511837278,24.36564132030352,1.997376084929871,38.706437662868225
31.078901125323476,0.1963987995998666,24.284721886261092,1.999344985359468,38.6383042524472
31.131666662038796,0.19673224408136045,24.203912061857963,2.0013086285184807,38.57011052593404
31.184432198754116,0.19706568856285428,24.123212768966315,2.00326698877841,38.50185729056273
31.237197735469437,0.1973991330443481,24.04262492552344,2.0052200406095446,38.433545354101064
31.289963272184757,0.19773257752584195,23.962149445484147,2.0071677585819154,38.36517552482934
31.342728808900077,0.19806602200733578,23.881787238773438,2.0091101173662422,38.296748611518986
31.395494345615397,0.1983994664888296,23.80153921123946,2.01104709173488,38.22826542341101
31.448259882330717,0.19873291097032345,23.721406264606728,2.0129786565627574,38.15972677019435
31.501025419046037,0.19906635545181728,23.64138929642963,2.014904786828313,38.09113346198409
31.553790955761354,0.19939979993331108,23.561489200046218,2.016825457614425,38.022486309299644
31.606556492476674,0.19973324441480492,23.481706864532278,2.018740644109338,37.95378612304264
31.659322029191994,0.20006668889629875,23.40204317465575,2.020650321607584,37.88503371447491
31.712087565907314,0.20040013337779258,23.32249901083138,2.022554465510898,37.81622989519622
31.764853102622634,0.20073357785928642,23.243075249075762,2.0244530513291292,37.74737547712196
31.817618639337955,0.20106702234078025,23.163772760962633,2.0263460546811483,37.67847127246068
31.870384176053275,0.20140046682227408,23.08459241357854,2.0282334512957476,37.609518093691555
31.923149712768595,0.20173391130376792,23.005535069478814,2.0301152170125376,37.54051675354176
31.975915249483915,0.20206735578526175,22.926601586643876,2.0319913277828365,37.4714680649637
32.02868078619924,0.2024008002667556,22.847792818435916,2.033861759670558,37.40237284111218
32.08144632291456,0.20273424474824944,22.769109613555898,2.0357264888530877,37.33323189532146
32.13421185962988,0.20306768922974328,22.690552816000906,2.0375854916221603,37.26404604108222
32.18697739634519,0.20340113371123705,22.612123265021907,2.0394387443847273,37.19481609201843
32.23974293306051,0.2037345781927309,22.533821795081774,2.041286223663821,37.125542861864126
32.29250846977583,0.20406802267422472,22.45564923581383,2.0431279060994108,37.056227164440145
32.34527400649115,0.20440146715571855,22.37760641198064,2.0449637684492554,36.986869813630676
32.39803954320647,0.20473491163721239,22.299694143433243,2.04679378758975,36.917471623359845
32.45080507992179,0.20506835611870622,22.22191324507078,2.0486179405167646,36.84803340756811
32.50357061663711,0.20540180060020005,22.14426452680048,2.0504362043464783,36.77855598018868
32.55633615335243,0.20573524508169388,22.066748793498093,2.0522485563162087,36.709040155123745
32.60910169006775,0.20606868956318772,21.98936684496868,2.0540549737852314,36.639486746220754
32.66186722678307,0.20640213404468155,21.912119475907847,2.055855434235597,36.56989656724851
32.71463276349839,0.20673557852617538,21.835007475863392,2.057649915272941,36.5002704318733
32.76739830021371,0.20706902300766922,21.75803162919735,2.059438394627286,36.4306091536348
32.820163836929034,0.20740246748916305,21.681192715048493,2.061220850153838,36.36091354592215
32.872929373644354,0.20773591197065688,21.60449150729523,2.062997259833777,36.291184421949744
32.925694910359674,0.20806935645215072,21.527928774518983,2.064767601775041,36.22142259473307
32.978460447074994,0.20840280093364452,21.45150527996796,2.0665318542131033,36.15162887706448
33.031225983790314,0.20873624541513836,21.37522178152141,2.0682899955117415,36.08180408148888
33.083991520505634,0.2090696898966322,21.299079031654294,2.0700420041638026,36.01194902027941
33.136757057220954,0.20940313437812602,21.22307777740246,2.071787858791959,35.94206450541301
33.189522593936275,0.20973657885961985,21.1472187603282,2.0735275381494596,35.872151348545984
33.242288130651595,0.2100700233411137,21.07150271648638,2.0752610211208715,35.802210360989534
33.295053667366915,0.21040346782260752,20.995930376390913,2.0769882867228184,35.732242353685194
33.347819204082235,0.21073691230410135,20.920502464981816,2.078709314104707,35.662248137180256
33.400584740797555,0.2110703567855952,20.84521970159267,2.0804240825494515,35.59222852160316
33.453350277512875,0.21140380126708902,20.770082799918594,2.0821325714741876,35.522184316638835
33.506115814228195,0.21173724574858285,20.695092467984704,2.08383476043098,35.45211633150402
33.558881350943516,0.21207069023007669,20.620249408115047,2.0855306291075233,35.38202537492253
33.611646887658836,0.21240413471157052,20.545554316902034,2.0872201573278355,35.31191225510054
33.664412424374156,0.21273757919306435,20.471007885176377,2.0889033250529434,35.24177777970176
33.717177961089476,0.21307102367455819,20.39661079797752,2.0905801123815606,35.171622755822725
33.769943497804796,0.21340446815605202,20.322363734524576,2.0922504995507603,35.10144798996785
33.822709034520116,0.21373791263754585,20.248267368187776,2.093914466936636,35.03125428802472
33.875474571235436,0.21407135711903968,20.17432236646041,2.0955719950549594,34.961042455239145
33.92824010795076,0.21440480160053352,20.100529390931314,2.0972230645618284,34.890813296190345
33.98100564466608,0.21473824608202735,20.026889097257854,2.0988676562543076,34.82056761476605
34.0337711813814,0.21507169056352118,19.95340213513943,2.100505751071059,34.75030621413761
34.08653671809672,0.21540513504501502,19.880069148291525,2.102137330092972,34.68002989673509
34.13930225481204,0.21573857952650885,19.806890774420246,2.1037623745437743,34.609739464222415
34.19206779152736,0.21607202400800268,19.733867645197435,2.105380865790647,34.539435717472415
34.24483332824268,0.21640546848949652,19.66100038623629,2.106992785344822,34.46911945654197
34.297598864958,0.21673891297099035,19.588289617067517,2.1085981148621777,34.39879148064709
34.35036440167332,0.21707235745248418,19.515735951116035,2.110196836143824,34.32845258813804
34.40312993838864,0.21740580193397802,19.443339995678237,2.111788931136679,34.25810357647445
34.45589547510396,0.21773924641547185,19.371102351899737,2.1133743819340394,34.18774524220045
34.50866101181928,0.21807269089696568,19.299023614753732,2.1149531707761406,34.11737838091983
34.5614265485346,0.2184061353784595,19.227104373019863,2.1165252800507113,34.04700378727117
34.61419208524992,0.21873957985995332,19.15534520926365,2.1180906922935163,33.97662225490307
34.66695762196524,0.21907302434144715,19.083746699816487,2.1196493901888953,33.90623457644929
34.71972315868056,0.219406468822941,19.01230941475615,2.1212013565702885,33.83584154350403
34.77248869539587,0.2197399133044348,18.94103391788792,2.122746574420759,33.765443946597166
34.82525423211119,0.22007335778592862,18.869920766726192,2.1242850268735043,33.695042575169495
34.87801976882651,0.22040680226742246,18.798970512476732,2.125816697212356,33.62463821754812
34.93078530554183,0.2207402467489163,18.728183700019425,2.1273415688722803,33.55423166092174
34.98355084225715,0.22107369123041012,18.657560867891608,2.128859625439859,33.483823691316054
35.03631637897247,0.22140713571190396,18.587102548271968,2.1303708506537693,33.41341509356919
35.08908191568779,0.2217405801933978,18.516809266965016,2.1318752284052547,33.34300665130715
35.14184745240311,0.22207402467489162,18.446681543386102,2.1333727427385827,33.27259914691933
35.19461298911843,0.22240746915638543,18.376719890547022,2.1348633778515,33.20219336153409
35.24737852583375,0.22274091363787926,18.306924815042187,2.1363471180956726,33.13179007499432
35.30014406254907,0.2230743581193731,18.237296817035347,2.1378239479771226,33.06139006583314
35.35290959926439,0.22340780260086693,18.16783639024691,2.1392938521566554,32.990994111249556
35.40567513597971,0.22374124708236076,18.098544021941816,2.1407568154502745,32.92060298708428
35.45844067269503,0.2240746915638546,18.029420192917968,2.1422128228295922,32.850217467795524
35.51120620941035,0.22440813604534843,17.960465377495282,2.1436618594222288,32.77983832643489
35.563971746125674,0.22474158052684226,17.891680043505257,2.1451039105122036,32.70946633462331
35.616737282840994,0.2250750250083361,17.823064652281154,2.1465389615403176,32.639102262527075
35.669502819556314,0.22540846948982993,17.75461965864872,2.147966998104528,32.56874687883392
35.722268356271634,0.22574191397132376,17.686345510917512,2.149388005960311,32.498400950729156
35.775033892986954,0.2260753584528176,17.618242650872777,2.1508019710210196,32.42806524387192
35.827799429702274,0.22640880293431143,17.550311513767905,2.1522088793582284,32.35774052237147
35.880564966417595,0.22674224741580526,17.48255252831746,2.153608717202075,32.28742754876357
35.933330503132915,0.2270756918972991,17.41496611669078,2.1550014709415857,32.21712708398692
35.986096039848235,0.22740913637879293,17.347552694506163,2.156387127124998,32.14683988735975
36.038861576563555,0.22774258086028676,17.280312670825577,2.1577656724600716,32.076566716556414
36.091627113278875,0.2280760253417806,17.21324644815002,2.1591370938143903,32.00630832758411
36.144392649994195,0.22840946982327442,17.14635442241537,2.1605013782156552,31.936065474759694
36.197158186709515,0.22874291430476826,17.079636982988852,2.1618585128519707,31.86583891068657
36.249923723424835,0.2290763587862621,17.013094512666058,2.163208485072118,31.795629386231678
36.302689260140156,0.22940980326775592,16.946727387668542,2.164551282385824,31.725437650502585
36.355454796855476,0.22974324774924976,16.880535977641962,2.1658868924640156,31.655264450824674
36.408220333570796,0.2300766922307436,16.814520645654813,2.1672153031390704,31.58511053271842
36.460985870286116,0.23041013671223742,16.7486817481977,2.1685365024050576,31.514976639876785
36.513751407001436,0.23074358119373126,16.6830196351832,2.1698504784179633,31.444863514142718
36.566516943716756,0.2310770256752251,16.617534649946244,2.1711572194959188,31.374771895486735
36.61928248043208,0.23141047015671892,16.552227129245107,2.172456714119406,31.30470252198466
36.6720480171474,0.23174391463821276,16.487097403262915,2.1737489509314667,31.23465612979541
36.72481355386272,0.2320773591197066,16.42214579560973,2.1750339187378933,31.16463345313898
36.77757909057804,0.23241080360120042,16.357372623325187,2.1763116065074155,31.094635224274437
36.83034462729336,0.23274424808269423,16.292778196881674,2.177582003371876,31.02466217347813
36.88311016400868,0.23307769256418806,16.228362820188064,2.1788450986263985,30.954715029021973
36.935875700724,0.2334111370456819,16.164126790594,2.180100881729545,30.884794517151835
36.98864123743932,0.23374458152717573,16.10007039889474,2.181349342303466,30.8149013620661
37.04140677415464,0.23407802600866956,16.0361939293365,2.182590470134039,30.7450362858943
37.09417231086996,0.2344114704901634,15.972497659622382,2.183824255171002,30.675200008675944
37.14693784758528,0.23474491497165723,15.908981860918837,2.185050687528074,30.60539324833939
37.1997033843006,0.23507835945315106,15.845646797862633,2.186269757483068,30.535616720680924
37.25246892101592,0.2354118039346449,15.782492728568386,2.1874814554779967,30.465871139343935
37.30523445773124,0.23574524841613873,15.719519904636611,2.1886857721191655,30.396157215798237
37.35799999444655,0.23607869289763253,15.65672857116231,2.1898826981772603,30.326475659319527
37.41076553116187,0.23641213737912634,15.594118966744047,2.1910722245874252,30.25682717696895
37.46353106787719,0.23674558186062017,15.531691323493616,2.1922543424493277,30.18721247357289
37.51629660459251,0.237079026342114,15.469445867046169,2.1934290430272223,30.11763225170282
37.56906214130783,0.23741247082360784,15.407382816570871,2.194596317749998,30.048087211655307
37.62182767802315,0.23774591530510167,15.345502384782089,2.19575615821122,29.978578051432226
37.67459321473847,0.2380793597865955,15.283804777951067,2.1969085561691637,29.909105466721037
37.72735875145379,0.23841280426808933,15.222290195918125,2.198053503546837,29.839670150875282
37.78012428816911,0.23874624874958317,15.160958832105353,2.199190992431996,29.770272794895188
37.83288982488443,0.239079693231077,15.099810873529792,2.2003210150771513,29.70091408740845
37.88565536159975,0.23941313771257083,15.038846500817149,2.2014435638995637,29.631594714651154
37.93842089831507,0.23974658219406467,14.978065888215955,2.202558631481234,29.56231536044886
37.99118643503039,0.2400800266755585,14.917469203612246,2.2036662105688833,29.49307670619785
38.04395197174571,0.24041347115705233,14.857056608544726,2.2047662940739206,29.423879430846526
38.09671750846103,0.24074691563854617,14.79682825822039,2.2058588750724084,29.354724210876963
38.14948304517635,0.24108036012004,14.736784301530648,2.206943946805015,29.285611720286653
38.20224858189167,0.24141380460153383,14.676924881067912,2.2080215026769583,29.21654263057038
38.255014118606994,0.24174724908302767,14.617250133142644,2.209091536257943,29.147517610702284
38.307779655322314,0.2420806935645215,14.557760187800893,2.210154041282087,29.07853732711807
38.360545192037634,0.24241413804601533,14.498455168842264,2.2112090116478407,29.00960244369742
38.413310728752954,0.24274758252750916,14.439335193838371,2.2122564414178987,28.94071362174652
38.466076265468274,0.243081027009003,14.380400374151716,2.2132963248190975,28.871871519980832
38.518841802183594,0.24341447149049683,14.321650814955046,2.214328656242314,28.803076794507955
38.571607338898914,0.24374791597199066,14.263086615251122,2.215353430242345,28.734330098810734
38.624372875614235,0.2440813604534845,14.204707867892962,2.216370641537787,28.66563208373049
38.677138412329555,0.24441480493497833,14.146514659604483,2.2173802850109015,28.596983397450472
38.729903949044875,0.24474824941647216,14.08850707100161,2.218382355707477,28.52838468547943
38.782669485760195,0.245081693897966,14.030685176613776,2.2193768488366765,28.459836590635437
38.835435022475515,0.24541513837945983,13.973049044905874,2.220363759770884,28.391339753029815
38.888200559190835,0.24574858286095366,13.915598738300604,2.221343084045536,28.32289481005131
38.940966095906155,0.2460820273424475,13.858334313201247,2.222314817358949,28.254502396350404
38.993731632621476,0.24641547182394133,13.801255820014836,2.223278955572136,28.18616314382382
39.046497169336796,0.24674891630543513,13.744363303175737,2.2242354947086183,28.117877681599236
39.099262706052116,0.24708236078692897,13.687656801169618,2.2251844309542257,28.049646636020135
39.152028242767436,0.2474158052684228,13.631136346557826,2.226125760656889,27.981470630630906
39.204793779482756,0.24774924974991663,13.574801966002136,2.2270594803264285,27.91335028616206
39.257559316198076,0.24808269423141047,13.518653680289896,2.227985586634327,27.8452862205157
39.310324852913396,0.2484161387129043,13.462691504359544,2.2289040764135035,27.777279048751133
39.36309038962872,0.24874958319439813,13.40691544732649,2.2298149466580712,27.709329383070692
39.41585592634404,0.24908302767589197,13.351325512509389,2.2307181945230927,27.641437832805753
39.46862146305936,0.2494164721573858,13.29592169745675,2.231613817324326,27.573605004402925
39.52138699977468,0.24974991663887963,13.24070399397392,2.2325018125379605,27.505831501410466
39.57415253649,0.2500833611203735,13.185672388150413,2.2333821778003498,27.438117924464834
39.62691807320532,0.2504168056018673,13.130826860387597,2.234254910907731,27.370464871277505
39.67968360992064,0.25075025008336116,13.076167385426702,2.2351200098159407,27.302872936621924
39.73244914663596,0.25108369456485496,13.02169393237719,2.235977472640123,27.235342712320687
39.78521468335128,0.2514171390463488,12.967406464745435,2.2368272976544277,27.167874787232908
39.8379802200666,0.25175058352784263,12.913304940463751,2.2376694832917017,27.100469747241775
39.89074575678191,0.25208402800933644,12.859389311919722,2.238504028143175,27.033128175242318
39.94351129349723,0.25241747249083024,12.805659525985837,2.239330930958137,26.96585065112935
39.99627683021255,0.2527509169723241,12.75211552404949,2.240150190643605,26.89863775178565
40.04904236692787,0.2530843614538179,12.698757242043223,2.240961806263988,26.831490051070304
40.10180790364319,0.25341780593531177,12.645584610475298,2.2417657770407398,26.764408119807257
40.15457344035851,0.2537512504168056,12.592597554460562,2.2425621023520086,26.69739252577407
40.20733897707383,0.25408469489829943,12.539795993751596,2.2433507817322766,26.630443833690876
40.26010451378915,0.25441813937979324,12.487179842770146,2.244131814871993,26.563562605209533
40.31287005050447,0.2547515838612871,12.434749010638841,2.2449052016172004,26.49674939890298
40.36563558721979,0.2550850283427809,12.38250340121317,2.245670941969155,26.430004770254797
40.41840112393511,0.25541847282427477,12.330442913113737,2.246429036083937,26.36332927164896
40.47116666065043,0.2557519173057686,12.278567439758778,2.2471794842720585,26.2967234523598
40.52393219736575,0.2560853617872624,12.226876869396918,2.2479222869980586,26.230187858542177
40.57669773408107,0.25641880626875624,12.1753710851402,2.2486574448800978,26.16372303322183
40.62946327079639,0.25675225075025004,12.124049964997345,2.249384958689542,26.097329516285956
40.68222880751171,0.2570856952317439,12.072913381907254,2.2501048293505406,26.03100784447398
40.73499434422703,0.2574191397132377,12.021961203772749,2.2508170579395976,25.964758551368522
40.78775988094235,0.25775258419473157,11.971193293494535,2.2515216456851372,25.898582167386586
40.84052541765767,0.2580860286762254,11.92060950900539,2.252218593967062,25.83247921977092
40.89329095437299,0.25841947315771924,11.870209703304571,2.252907904316305,25.766450232581626
40.946056491088314,0.25875291763921304,11.819993724492436,2.2535895784143753,25.70049572668793
40.998822027803634,0.2590863621207069,11.769961415805259,2.254263618092896,25.63461621976017
41.051587564518954,0.2594198066022007,11.720112615650267,2.254930025333139,25.568812226262
41.104353101234274,0.25975325108369457,11.670447157640853,2.255588802265551,25.50308425744279
41.157118637949594,0.2600866955651884,11.620964870631985,2.256239951169272,25.43743282133021
41.209884174664914,0.26042014004668224,11.571665578755814,2.2568834744716533,25.371858422723047
41.262649711380234,0.26075358452817604,11.522549101457434,2.2575193747477624,25.30636156318421
41.315415248095555,0.2610870290096699,11.473615253530834,2.258147654719887,25.240942741033944
41.368180784810875,0.2614204734911637,11.424863845155022,2.258768317257031,25.17560245134322
41.420946321526195,0.26175391797265757,11.376294681930293,2.2593813653744057,25.11034118592739
41.473711858241515,0.2620873624541514,11.327907564914675,2.2599868022329126,25.04515943333997
41.526477394956835,0.26242080693564523,11.279702290660506,2.2605846311386246,24.980057678866675
41.579242931672155,0.26275425141713904,11.231678651251176,2.261174855542257,24.915036404519643
41.632008468387475,0.2630876958986329,11.183836434338009,2.2617574790386374,24.850096089031855
41.684774005102796,0.2634211403801267,11.136175423177257,2.2623325053661656,24.78523720785176
41.737539541818116,0.26375458486162057,11.088695396667257,2.2628999384062722,24.720460233138112
41.790305078533436,0.26408802934311437,11.04139612938569,2.2634597821828675,24.655765633754974
41.843070615248756,0.26442147382460823,10.994277391626975,2.264012040861789,24.591153875266976
41.895836151964076,0.26475491830610204,10.94733894943976,2.2645567187502422,24.526625419934717
41.948601688679396,0.2650883627875959,10.900580564664548,2.265093820296233,24.462180726710407
42.001367225394716,0.2654218072690897,10.854001994971394,2.265623350088002,24.397820251233693
42.05413276211004,0.2657552517505835,10.807602993897733,2.2661453128534443,24.333544445827677
42.10689829882536,0.26608869623207737,10.761383310886282,2.2666597134595357,24.269353759495143
42.15966383554068,0.2664221407135712,10.715342691323038,2.2671665569117407,24.20524863791498
42.212429372256,0.26675558519506504,10.669480876575347,2.2676658483534275,24.141229523438806
42.26519490897132,0.26708902967655884,10.623797604030084,2.268157593065272,24.077296855087766
42.31796044568664,0.2674224741580527,10.578292607131862,2.268641796464656,24.013451068549557
42.37072598240196,0.2677559186395465,10.532965615421345,2.269118464105067,23.949692596175634
42.42349151911728,0.26808936312104037,10.487816354573603,2.269587601675484,23.886021866978606
42.47625705583259,0.2684228076025342,10.442844546436541,2.2700492149997684,23.82243930662984
42.52902259254791,0.268756252084028,10.398049909069357,2.270503310036043,23.758945337457217
42.58178812926323,0.26908969656552184,10.353432156781084,2.270949892876072,23.69554037844317
42.63455366597855,0.26942314104701565,10.308991000169147,2.2713889697446312,23.632224845222822
42.68731920269387,0.26975658552850945,10.26472614615797,2.271820546998878,23.568999150082355
42.74008473940919,0.2700900300100033,10.22063729803761,2.272244631127717,23.50586370195757
42.79285027612451,0.2704234744914971,10.176724155502425,2.272661228751158,23.442818906432628
42.84561581283983,0.270756918972991,10.132986414689773,2.2730703466196744,23.379865165739
42.89838134955515,0.2710903634544848,10.089423768218717,2.2734719916135533,23.317002878754582
42.95114688627047,0.27142380793597864,10.046035905228754,2.2738661707422456,23.25423244100299
43.00391242298579,0.27175725241747245,10.002822511418549,2.2742528911437083,23.191554244653087
43.05667795970111,0.2720906968989663,9.959783269084681,2.2746321600837462,23.128968678518653
43.10944349641643,0.2724241413804601,9.916917857160389,2.275003984955347,23.06647612805825
43.16220903313175,0.272757585861954,9.8742259512543,2.275368373278016,23.004076975375288
43.21497456984707,0.2730910303434478,9.831707223689177,2.275725332697104,22.94177159921824
43.26774010656239,0.27342447482494164,9.789361343540632,2.276074870983134,22.879560374981086
43.32050564327771,0.27375791930643545,9.747187976675827,2.2764169960311205,22.817443674703906
43.37327117999303,0.2740913637879293,9.705186785792163,2.2767517158598913,22.75542186707365
43.42603671670835,0.2744248082694231,9.66335743045593,2.2770790386114026,22.6934953174251
43.47880225342367,0.274758252750917,9.621699567140945,2.277398972550047,22.631664387742028
43.53156779013899,0.2750916972324108,9.580212849267133,2.277711526061968,22.569929436658484
43.58433332685431,0.27542514171390464,9.53889692723909,2.278016707654359,22.508290819460317
43.63709886356963,0.27575858619539845,9.497751448484603,2.2783145259547726,22.446748888086823
43.689864400284954,0.2760920306768923,9.456776057493107,2.2786049897104137,22.385303991132595
43.742629937000274,0.2764254751583861,9.415970395854103,2.2788881077874397,22.32395647384954
43.795395473715594,0.27675891963988,9.37533410229553,2.2791638891702513,22.26270667814907
43.848161010430914,0.2770923641213738,9.334866812722066,2.2794323429607855,22.201554942604453
43.900926547146234,0.27742580860286764,9.294568160253359,2.279693478377802,22.140501602453348
43.953692083861554,0.27775925308436145,9.254437775262227,2.2799473047561665,22.079546989600512
44.006457620576874,0.2780926975658553,9.214475285412744,2.2801938315461374,22.018691432620653
44.059223157292195,0.2784261420473491,9.174680315698286,2.2804330683126413,21.957935256761473
44.111988694007515,0.278759586528843,9.135052488479479,2.280665024734552,21.897278783946867
44.164754230722835,0.2790930310103368,9.09559142352208,2.2808897106039656,21.836722332780276
44.217519767438155,0.27942647549183064,9.056296738034767,2.2811071358254718,21.77626621854823
44.270285304153475,0.27975991997332444,9.017168046706836,2.2813173104154245,21.71591075322403
44.323050840868795,0.28009336445481825,8.978204961745819,2.2815202445012104,21.65565624547159
44.375816377584115,0.2804268089363121,8.939407092914992,2.281715948320512,21.59550300064947
44.428581914299436,0.2807602534178059,8.900774047570799,2.281904432220575,21.53545132081501
44.481347451014756,0.2810936978992998,8.862305430700161,2.282085706657464,21.47550150472869
44.534112987730076,0.2814271423807936,8.82400084495769,2.2822597821953283,21.415653847858593
44.586878524445396,0.28176058686228744,8.785859890702781,2.2824266695056545,21.355908642385042
44.639644061160716,0.28209403134378125,8.747882166036613,2.2825863793665238,21.296266177205396
44.692409597876036,0.2824274758252751,8.710067266839014,2.282738922661865,21.236726737938984
44.745175134591356,0.2827609203067689,8.672414786805218,2.2828843103807075,21.177290606932218
44.79794067130668,0.2830943647882628,8.634924317482502,2.283022553616431,21.117958063263806
44.850706208022,0.2834278092697566,8.597595448306686,2.2831536635660123,21.05872938275017
44.90347174473732,0.28376125375125044,8.560427766638531,2.283277651529276,20.999604837950965
44.95623728145264,0.28409469823274425,8.523420857799975,2.2833945289081368,20.94058469817478
45.00900281816796,0.2844281427142381,8.486574305110262,2.283504307205844,20.881669229484963
45.06176835488327,0.28476158719573186,8.44988768992192,2.283606998026227,20.822858694705587
45.11453389159859,0.2850950316772257,8.4133605916566,2.283702613072932,20.764153353427545
45.16729942831391,0.2854284761587195,8.376992587840789,2.2837911641486657,20.70555346201486
45.22006496502923,0.2857619206402134,8.340783254141359,2.283872663154433,20.647059273611017
45.27283050174455,0.2860953651217072,8.304732164400981,2.283947122088775,20.58867103814554
45.32559603845987,0.28642880960320105,8.268838890673383,2.2840145530470046,20.53038900234064
45.37836157517519,0.28676225408469486,8.23310300325846,2.2840749682204438,20.47221340971801
45.43112711189051,0.2870956985661887,8.197524070737229,2.284128379895657,20.414144500605776
45.48389264860583,0.2874291430476825,8.162101660006625,2.2841748004536853,20.356182512145566
45.53665818532115,0.2877625875291764,8.126835336314139,2.28421424236928,20.2983276782997
45.58942372203647,0.2880960320106702,8.09172466329229,2.2842467182101336,20.24058022985853
45.64218925875179,0.28842947649216405,8.056769202992939,2.2842722406361116,20.182940394447893
45.69495479546711,0.28876292097365786,8.021968515921436,2.284290822398484,20.125408396536695
45.74772033218243,0.2890963654551517,7.987322161070596,2.2843024763391546,20.067984457444624
45.80048586889775,0.2894298099366455,7.9528296959544935,2.28430721538989,20.01066879534998
45.85325140561307,0.2897632544181394,7.918490676642113,2.2843050525715514,19.95346162529763
45.90601694232839,0.2900966988996332,7.884304657790792,2.284296000993319,19.896363159207105
45.95878247904371,0.29043014338112705,7.8502711926795055,2.284280073851925,19.839373605880773
46.01154801575903,0.29076358786262085,7.81638983324197,2.2842572844308773,19.782493171012167
46.06431355247435,0.2910970323441147,7.782660130099561,2.28422764609969,19.725722057194417
46.11707908918967,0.2914304768256085,7.749081632594052,2.2841911723131094,19.6690604639288
46.16984462590499,0.2917639213071024,7.7156538888201665,2.2841478766103416,19.612508587633407
46.22261016262031,0.2920973657885962,7.682376445657946,2.28409777261428,19.556066621651905
46.27537569933563,0.29243081027009005,7.649248848804927,2.2840408740307327,19.499734756262434
46.32814123605095,0.29276425475158385,7.61627064280813,2.283977194647648,19.443513178686615
46.380906772766274,0.2930976992330777,7.5834413710958595,2.283906748334343,19.387402073098624
46.433672309481594,0.2934311437145715,7.550760576009305,2.283829549040731,19.33140162063444
46.486437846196914,0.2937645881960653,7.51822779883395,2.283745610796548,19.275511999401143
46.539203382912234,0.2940980326775592,7.4858425798307895,2.2836549477105814,19.219733384486332
46.591968919627554,0.294431477159053,7.4536044582673435,2.283557573969896,19.164065947967675
46.644734456342874,0.29476492164054685,7.421512972448475,2.283453503839065,19.1085098589225
46.697499993058194,0.29509836612204066,7.389567659747007,2.283342751659396,19.053065283437554
46.750265529773515,0.2954318106035345,7.357768056634134,2.283225331848161,18.99773238461881
46.803031066488835,0.2957652550850283,7.32611369870964,2.283101258897826,18.942511322601394
46.855796603204155,0.2960986995665222,7.294604120731903,2.282970547375282,18.8874022545596
46.908562139919475,0.296432144048016,7.2632388566477015,2.2828332119210732,18.832405334717002
46.961327676634795,0.29676558852950985,7.232017439621804,2.2826892672486285,18.777520714356665
47.014093213350115,0.29709903301100365,7.200939402066364,2.2825387281434963,18.72274854183144
47.066858750065435,0.2974324774924975,7.170004275670099,2.282381609462573,18.66808896257433
47.119624286780756,0.2977659219739913,7.139211591427257,2.2822179261333386,18.613542119108995
47.172389823496076,0.2980993664554852,7.108560879666381,2.28204769315309,18.559108151060297
47.225155360211396,0.298432810936979,7.078051670078856,2.281870925588177,18.504787195164948
47.277920896926716,0.29876625541847285,7.047683491747244,2.281687638573236,18.45057938528224
47.330686433642036,0.29909969989996665,7.0174558731734065,2.2814978473104284,18.396484852404864
47.383451970357356,0.2994331443814605,6.987368342306413,2.2813015670686787,18.342503724669815
47.436217507072676,0.2997665888629543,6.957420426570235,2.2810988131829117,18.288636127369337
47.488983043788,0.3001000333444482,6.9276116528912235,2.2808896010532926,18.23488218296202
47.54174858050332,0.300433477825942,6.89794154772537,2.2806739461444696,18.1812420110839
47.59451411721864,0.30076692230743585,6.868409637085353,2.2804518639848146,18.12771572855968
47.64727965393395,0.3011003667889296,6.839015446567367,2.280223370165666,18.074303449414014
47.70004519064927,0.30143381127042346,6.809758501377714,2.2799884803405748,18.021005284882843
47.75281072736459,0.30176725575191726,6.780638326359223,2.27974721022455,17.967821343424855
47.80557626407991,0.3021007002334111,6.751654446017399,2.279499575593306,17.91475173073297
47.85834180079523,0.30243414471490493,6.722806384546383,2.2792455922825083,17.861796549745883
47.91110733751055,0.3027675891963988,6.694093665854679,2.2789852761870293,17.808955900659736
47.96387287422587,0.3031010336778926,6.665515813590668,2.2787186432601936,17.756229880939795
48.01663841094119,0.30343447815938646,6.637072351167896,2.2784457095130364,17.70361858533222
48.06940394765651,0.30376792264088026,6.608762801790148,2.278166491013553,17.651122105875892
48.12216948437183,0.3041013671223741,6.580586688476283,2.2778810038859585,17.598740531914316
48.17493502108715,0.3044348116038679,6.552543534084876,2.277589264309944,17.546473950107565
48.22770055780247,0.3047682560853618,6.524632861338609,2.277291288519937,17.494322444444286
48.28046609451779,0.3051017005668556,6.496854192848457,2.276987092804359,17.442286096253774
48.33323163123311,0.30543514504834945,6.4692070511376505,2.2766766935048937,17.390364984218106
48.38599716794843,0.30576858952984326,6.44169095866541,2.2763601070157473,17.338559184384316
48.43876270466375,0.3061020340113371,6.414305437850459,2.276037349782916,17.28686877017663
48.49152824137907,0.3064354784928309,6.38705001109432,2.275708438303455,17.235293812408763
48.54429377809439,0.3067689229743248,6.359924200804382,2.275373389124747,17.18383437929625
48.59705931480971,0.3071023674558186,6.332927529416751,2.275032218843777,17.132490536468847
48.64982485152503,0.30743581193731245,6.306059519418872,2.2746849441064003,17.081262346982967
48.70259038824035,0.30776925641880626,6.2793196933719315,2.274331581606626,17.030149871334164
48.75535592495567,0.30810270090030006,6.2527075739330416,2.27397214808589,16.97915316746967
48.80812146167099,0.3084361453817939,6.226222683877194,2.2736066603323346,16.928272290800983
48.86088699838631,0.30876958986328773,6.1998645461190005,2.2732351351800935,16.87750729421648
48.91365253510163,0.3091030343447816,6.173632683734205,2.2728575895085736,16.82685822809408
48.96641807181695,0.3094364788262754,6.1475266199809795,2.2724740402417423,16.77632514031397
49.01918360853227,0.30976992330776926,6.121545878320995,2.272084504347415,16.725908076271335
49.07194914524759,0.31010336778926306,6.095689982440269,2.271688998836546,16.675607078889144
49.124714681962914,0.3104368122707569,6.069958456269804,2.2712875407625233,16.625422188630996
49.177480218678234,0.31077025675225073,6.044350824005988,2.2708801472204594,16.57535344351395
49.230245755393554,0.3111037012337446,6.018866610130796,2.270466835346494,16.525400879121445
49.283011292108874,0.3114371457152384,5.993505339431749,2.270047622317089,16.475564528616225
49.335776828824194,0.31177059019673226,5.968266537021673,2.2696225253483333,16.42584442275329
49.388542365539514,0.31210403467822606,5.943149728358229,2.2691915616952474,16.376240589892905
49.441307902254835,0.3124374791597199,5.918154439263229,2.2687547486510877,16.326753056013615
49.494073438970155,0.3127709236412137,5.89328019594173,2.2683121035466596,16.277381844725305
49.546838975685475,0.3131043681227076,5.868526525000917,2.2678636437496253,16.228126977282287
49.599604512400795,0.3134378126042014,5.843892953468761,2.2674093866638216,16.17898847259639
49.652370049116115,0.31377125708569525,5.819379008812472,2.2669493497285735,16.129966347250125
49.705135585831435,0.31410470156718906,5.7949842189567216,2.266483550418017,16.08106061550981
49.757901122546755,0.3144381460486829,5.770708112301666,2.266012006240417,16.032271289338787
49.810666659262075,0.3147715905301767,5.746550217740743,2.2655347347374954,15.983598378410603
49.863432195977396,0.3151050350116706,5.722510064678261,2.2650517534837555,15.93504189012225
49.916197732692716,0.3154384794931644,5.698587183046776,2.2645630800858143,15.886601829607406
49.968963269408036,0.31577192397465825,5.674781103324249,2.264068732181731,15.838278199749704
50.021728806123356,0.31610536845615206,5.6510913565509995,2.2635687274403478,15.790071001196017
50.074494342838676,0.3164388129376459,5.627517474346445,2.2630630835606214,15.741980232369757
50.127259879553996,0.3167722574191397,5.604058988925628,2.262551818270968,15.694005889484188
50.18002541626931,0.31710570190063353,5.580715433115543,2.262034949328605,15.646147966555777
50.23279095298463,0.31743914638212734,5.55748634037123,2.2615124945188962,15.598406455417495
50.28555648969995,0.3177725908636212,5.534371244791699,2.260984471654703,15.550781345732227
50.33832202641527,0.318106035345115,5.5113696811356165,2.2604508985757334,15.503272625006115
50.39108756313059,0.31843947982660886,5.4884811848367905,2.2599117931478987,15.455880278601937
50.44385309984591,0.31877292430810267,5.465705292019464,2.2593671732626692,15.4086042897525
50.49661863656123,0.31910636878959653,5.4430415395133895,2.2588170568364347,15.361444639574039
50.54938417327655,0.31943981327109033,5.420489464868704,2.258261461809869,15.314401307079622
50.60214970999187,0.3197732577525842,5.398048606370608,2.2577004061472943,15.267474269192562
50.65491524670719,0.320106702234078,5.375718503053832,2.257133907836051,15.22066350075983
50.70768078342251,0.32044014671557186,5.35349869471691,2.256561984885869,15.173968974565486
50.76044632013783,0.32077359119706567,5.331388721936248,2.255984655328243,15.127390661344096
50.81321185685315,0.3211070356785595,5.309388126079999,2.2554019372158103,15.080928529794162
50.86597739356847,0.32144048016005333,5.287496449321733,2.2548138486217324,15.034582546591555
50.91874293028379,0.3217739246415472,5.265713234653915,2.254220407639077,14.988352676402943
50.97150846699911,0.322107369123041,5.244038025901187,2.2536216323802067,14.942238881899218
51.02427400371443,0.3224408136045348,5.222470367733451,2.253017540976168,14.89624112376893
51.07703954042975,0.32277425808602866,5.201009805678765,2.252408151576084,14.850359360731712
51.12980507714507,0.32310770256752247,5.179655886136032,2.251793482346552,14.804593549551704
51.18257061386039,0.32344114704901633,5.158408156387518,2.251173551471041,14.758943645050971
51.23533615057571,0.32377459153051014,5.137266164611159,2.2505483771492947,14.713409600122919
51.28810168729103,0.324108036012004,5.116229459892691,2.249917977596737,14.667991365745708
51.34086722400635,0.3244414804934978,5.0952975922375865,2.2492823710438796,14.62268889099565
51.39363276072167,0.32477492497499166,5.0744701125828025,2.2486415757357356,14.577502123060608
51.44639829743699,0.32510836945648547,5.053746572808342,2.247995609931232,14.53243100725338
51.49916383415231,0.32544181393797933,5.033126525748638,2.2473444919026293,14.487475487025081
51.55192937086763,0.32577525841947313,5.012609525203738,2.2466882399349415,14.442635503978508
51.60469490758295,0.326108702900967,4.9921951259503174,2.246026872325362,14.3979109978815
51.65746044429827,0.3264421473824608,4.971882883752511,2.2453604073826883,14.353301906680281
51.71022598101359,0.32677559186395466,4.951672355372551,2.2446888634267563,14.308808166512803
51.76299151772891,0.32710903634544847,4.931563098581245,2.2440122587878717,14.26442971172205
51.815757054444234,0.32744248082694233,4.911554672168253,2.243330611806249,14.22016647486936
51.868522591159554,0.32777592530843613,4.891646635952209,2.2426439408314494,14.176018386747709
51.921288127874874,0.32810936978993,4.871838550790645,2.2419522642218266,14.131985376394985
51.974053664590194,0.3284428142714238,4.852129978589763,2.2412556003439734,14.088067371107261
52.026819201305514,0.32877625875291766,4.832520482314006,2.2405539675721715,14.044264296452024
52.079584738020834,0.32910970323441147,4.813009625995487,2.239847384287845,14.000576076281403
52.132350274736154,0.3294431477159053,4.793596974743216,2.2391358688790164,13.957002632745384
52.185115811451475,0.32977659219739913,4.77428209475218,2.238419439739769,13.913543886304991
52.237881348166795,0.330110036678893,4.755064553312242,2.2376981152697066,13.870199755745453
52.290646884882115,0.3304434811603868,4.735943918816876,2.2369719138734245,13.826970158189354
52.343412421597435,0.33077692564188066,4.716919760771734,2.236240853959975,13.783855009109761
52.396177958312755,0.33111037012337446,4.697991649803048,2.2355049539423444,13.74085422234332
52.448943495028075,0.3314438146048683,4.679159157665869,2.2347642322369254,13.697967710103349
52.501709031743395,0.33177725908636213,4.660421857252139,2.234018707263002,13.655195382992883
52.554474568458716,0.33211070356785594,4.641779322598609,2.2332683974422283,13.612537150017719
52.607240105174036,0.3324441480493498,4.623231128894586,2.232513321198118,13.569992918599416
52.660005641889356,0.3327775925308436,4.6047768524895325,2.2317534969555317,13.52756259458829
52.712771178604676,0.33311103701233746,4.586416070900496,2.230988943140173,13.485246082276358
52.76553671531999,0.33344448149383127,4.568148362819395,2.230219678178083,13.44304328441029
52.81830225203531,0.3337779259753251,4.549973308120129,2.22944572049514,13.40095410220428
52.87106778875063,0.33411137045681893,4.531890487865564,2.2286670885165645,13.358978435352958
52.92383332546595,0.33444481493831274,4.513899484314338,2.2278838006664237,13.317116182044222
52.97659886218127,0.3347782594198066,4.495999880927529,2.2270958753671435,13.275367238972057
53.02936439889659,0.3351117039013004,4.478191262375166,2.2263033310390195,13.233731501349327
53.08212993561191,0.33544514838279427,4.460473214542596,2.225506186099737,13.192208862920536
53.13489547232723,0.3357785928642881,4.442845324536699,2.224704458963887,13.150799215974551
53.18766100904255,0.3361120373457819,4.425307180691961,2.2238981680424925,13.10950245135731
53.24042654575787,0.33644548182727574,4.407858372576395,2.2230873317425344,13.06831845848448
53.29319208247319,0.33677892630876954,4.39049849099732,2.222271968466481,13.027247125354092
53.34595761918851,0.3371123707902634,4.373227128007007,2.221452096611823,12.986288338559145
53.39872315590383,0.3374458152717572,4.3560438769081635,2.2206277345706087,12.945441983300176
53.45148869261915,0.33777925975325107,4.338948332259298,2.2197989007289847,12.904707943397783
53.50425422933447,0.3381127042347449,4.32194008987993,2.21896561346674,12.864086101305137
53.55701976604979,0.33844614871623874,4.305018746855675,2.218127891156853,12.82357633812044
53.60978530276511,0.33877959319773254,4.28818390154318,2.217285752165041,12.783178533599354
53.66255083948043,0.3391130376792264,4.271435153574934,2.2164392148493133,12.742892566167402
53.71531637619575,0.3394464821607202,4.254772103863942,2.215588297559531,12.702718312932312
53.76808191291107,0.33977992664221407,4.238194354608258,2.214733018636965,12.662655649696351
53.82084744962639,0.3401133711237079,4.2217015092954036,2.21387339641386,12.622704450968603
53.87361298634171,0.34044681560520174,4.205293172706636,2.213009449213001,12.582864589977213
53.92637852305703,0.34078026008669554,4.188968950921104,2.2121411953472867,12.543135938681594
53.97914405977235,0.3411137045681894,4.172728451319866,2.211268653119299,12.503518367784604
54.03190959648767,0.3414471490496832,4.156571282589787,2.210391840820885,12.46401174674467
54.08467513320299,0.34178059353117707,4.1404970547273034,2.2095107767327327,12.424615943787877
54.13744066991831,0.3421140380126709,4.124505379042075,2.2086254791239575,12.385330825920027
54.19020620663363,0.34244748249416473,4.108595868160503,2.207735966251689,12.346156258938642
54.24297174334895,0.34278092697565854,4.092768136029133,2.206842256360662,12.30709210744494
54.29573728006427,0.3431143714571524,4.077021797917937,2.205944367682809,12.268138234855767
54.34850281677959,0.3434478159386462,4.06135647042347,2.205042318436858,12.229294503415478
54.40126835349491,0.34378126042014007,4.04577177147192,2.2041361268279336,12.190560774207787
54.45403389021023,0.34411470490163387,4.030267320322035,2.203225811047159,12.151936907167578
54.506799426925554,0.34444814938312773,4.014842737567929,2.202311389271266,12.113422761092659
54.559564963640874,0.34478159386462154,3.999497645141787,2.2013928796622024,12.075018193655488
54.612330500356194,0.3451150383461154,3.9842316663164445,2.2004703003667476,12.036723061414847
54.665096037071514,0.3454484828276092,3.9690444257078648,2.199543669516128,11.998537219827472
54.717861573786834,0.34578192730910307,3.953935549277498,2.1986130052256407,11.960460523259657
54.770627110502154,0.34611537179059687,3.9389046643345376,2.197678325594272,11.92249282499878
54.823392647217474,0.3464488162720907,3.923951399538063,2.196739648704328,11.884633977264821
54.876158183932795,0.34678226075358454,3.9090753848990785,2.195796992621064,11.846883831221813
54.928923720648115,0.34711570523507834,3.8942762517824474,2.194850375392318,11.80924223698925
54.981689257363435,0.3474491497165722,3.8795536329087175,2.1938998150481455,11.771709043653466
55.034454794078755,0.347782594198066,3.864907162355848,2.192945329600462,11.734284099278941
55.087220330794075,0.34811603867955987,3.8503364755608307,2.1919869370426834,11.69696725091959
55.139985867509395,0.3484494831610537,3.8358412093212118,2.1910246553493766,11.659758344629987
55.192751404224715,0.34878292764254754,3.8214210017965127,2.1900585024759036,11.622657225476548
55.245516940940036,0.34911637212404134,3.8070754925095547,2.189088496358079,11.585663737548675
55.298282477655356,0.3494498166055352,3.7928043223476826,2.1881146549118236,11.548777723969835
55.35104801437067,0.349783261087029,3.778607133563897,2.187136996032825,11.51199902690862
55.40381355108599,0.3501167055685228,3.7644835697778793,2.186155537596197,11.475327487589718
55.45657908780131,0.3504501500500166,3.750433275976945,2.185170297456152,11.43876294630489
55.50934462451663,0.3507835945315105,3.73645589851688,2.184181293445661,11.402305242423854
55.56211016123195,0.3511170390130043,3.722551085122699,2.183188543376132,11.365954214405146
55.61487569794727,0.35145048349449814,3.70871848488931,2.1821920650370843,11.32970969980692
55.66764123466259,0.35178392797599195,3.6949577482820906,2.1811918761958236,11.293571535297708
55.72040677137791,0.3521173724574858,3.6812685271373695,2.180187994597127,11.257539556667133
55.77317230809323,0.3524508169389796,3.66765047466283,2.1791804379629265,11.221613598836555
55.82593784480855,0.3527842614204735,3.654103245437822,2.1781692239919948,11.1857934958697
55.87870338152387,0.3531177059019673,3.640626495413588,2.17715437035964,11.150079080983211
55.93146891823919,0.35345115038346114,3.627219881913407,2.176135894717396,11.114470186557163
55.98423445495451,0.35378459486495495,3.613883063632655,2.175113814692722,11.078966644145531
56.03699999166983,0.3541180393464488,3.6006157006387864,2.1740881478887006,11.043568284486595
56.08976552838515,0.3544514838279426,3.5874174543712267,2.173058911883743,11.008274937513315
56.14253106510047,0.3547849283094365,3.574287987641195,2.1720261242312944,10.973086432363644
56.19529660181579,0.3551183727909303,3.5612269646314405,2.1709898024595438,10.938002597390785
56.24806213853111,0.35545181727242414,3.5482340508959065,2.169949964071135,10.903023260173413
56.30082767524643,0.35578526175391795,3.535308913359313,2.1689066265428836,10.868148247525838
56.35359321196175,0.3561187062354118,3.5224512203166687,2.167859807325496,10.83337738550812
56.40635874867707,0.3564521507169056,3.509660641432703,2.166809523843289,10.798710499436135
56.45912428539239,0.3567855951983995,3.4969368477412313,2.165755793493916,10.76414741389158
56.51188982210771,0.3571190396798933,3.4842795116444396,2.1646986336480927,10.729687952731945
56.56465535882303,0.35745248416138714,3.471688306912106,2.1636380616493303,10.695331939100424
56.61742089553835,0.35778592864288095,3.459162908680745,2.162574094813667,10.661079195435768
56.67018643225367,0.3581193731243748,3.4467029934526856,2.1615067504294045,10.626929543482108
56.72295196896899,0.3584528176058686,3.4343082390950808,2.1604360457568483,10.592882804298702
56.77571750568431,0.3587862620873625,3.4219783248388493,2.159361998028049,10.558938798269653
56.82848304239963,0.3591197065688563,3.4097129312775496,2.1582846244465497,10.525097345113558
56.88124857911495,0.35945315105035014,3.3975117403661894,2.15720394218713,10.491358263893122
56.93401411583027,0.35978659553184394,3.385374435419972,2.156119968395563,10.457721373024706
56.98677965254559,0.3601200400133378,3.373300701112976,2.1550327201883634,10.424186490287832
57.03954518926091,0.3604534844948316,3.361290223476774,2.153942214652549,10.390753432834634
57.09231072597623,0.3607869289763254,3.349342689898989,2.1528484688453973,10.357422017199262
57.14507626269155,0.3611203734578193,3.337457789121793,2.1517514997942104,10.324192059307226
57.19784179940687,0.3614538179393131,3.325635211240339,2.150651324496078,10.291063374484697
57.250607336122194,0.36178726242080694,3.313874647701141,2.1495479599176486,10.258035777467748
57.303372872837514,0.36212070690230075,3.3021757913003924,2.148441422994898,10.225109082411556
57.356138409552834,0.3624541513837946,3.290538336182228,2.147331730632905,10.192283102899534
57.408903946268154,0.3627875958652884,3.2789619778369294,2.1462188997056275,10.159557651952428
57.461669482983474,0.3631210403467823,3.267446413099076,2.145102947055682,10.126932542037355
57.514435019698794,0.3634544848282761,3.2559913401456404,2.1439838894941254,10.094407585076791
57.567200556414114,0.36378792930976994,3.2445964584940303,2.142861743800241,10.061982592457504
57.619966093129435,0.36412137379126375,3.23326146900008,2.141736526721325,10.029657375039438
57.672731629844755,0.3644548182727576,3.2219860738559865,2.14060825497248,9.997431743164547
57.725497166560075,0.3647882627542514,3.2107699765881974,2.139476945236403,9.965305506665578
57.778262703275395,0.3651217072357453,3.1996128820552467,2.138342614163187,9.933278474874788
57.831028239990715,0.3654551517172391,3.1885144964455434,2.137205278370116,9.901350456632636
57.883793776706035,0.36578859619873294,3.1774745272751095,2.136064954441467,9.869521260296398
57.93655931342135,0.3661220406802267,3.1664926833852736,2.1349216589283153,9.837790693748746
57.98932485013667,0.36645548516172055,3.1555686749403087,2.13377540834834,9.806158564406257
58.04209038685199,0.36678892964321436,3.1447022134250417,2.1326262191856333,9.774624679227902
58.09485592356731,0.3671223741247082,3.1338930116423986,2.1314741078905133,9.743188844723457
58.14762146028263,0.367455818606202,3.123140783710916,2.1303190908793366,9.711850866961866
58.20038699699795,0.3677892630876959,3.1124452450622075,2.1291611845343184,9.680610551579555
58.25315253371327,0.3681227075691897,3.1018061124383847,2.12800040520335,9.649467703788707
58.30591807042859,0.36845615205068355,3.0912231038894395,2.126836769199821,9.618422128385461
58.35868360714391,0.36878959653217736,3.0806959387705835,2.1256702928024467,9.587473629758083
58.41144914385923,0.3691230410136712,3.0702243377395457,2.1245009922550917,9.556622011895072
58.46421468057455,0.369456485495165,3.059808022753833,2.123328883766603,9.525867078393217
58.51698021728987,0.3697899299766589,3.0494467170679496,2.122153983510641,9.495208632465603
58.56974575400519,0.3701233744581527,3.039140145230581,2.120976307625515,9.464646476949575
58.62251129072051,0.37045681893964655,3.0288880330817367,2.1197958722140213,9.434180414314632
58.67527682743583,0.37079026342114035,3.0186901077498587,2.1186126933432807,9.40381024667029
58.72804236415115,0.3711237079026342,3.0085460976488934,2.117426787044584,9.373535775773872
58.78080790086647,0.371457152384128,2.9984557324753296,2.116238169313236,9.343356803038281
58.83357343758179,0.3717905968656219,2.988418743205197,2.1150468561084,9.313273129539676
58.88633897429711,0.3721240413471157,2.978434862091039,2.1138528633529527,9.283284556025142
58.93910451101243,0.37245748582860955,2.968503822658844,2.1126562069333312,9.253390882920279
58.99187004772775,0.37279093031010335,2.9586253597049477,2.1114569026993917,9.22359191033675
59.04463558444307,0.3731243747915972,2.9487992092929067,2.1102549664642636,9.193887438079793
59.09740112115839,0.373457819273091,2.9390251087503354,2.1090504140042103,9.164277265655645
59.15016665787371,0.3737912637545849,2.929302796665715,2.10784326105849,9.134761192278965
59.20293219458903,0.3741247082360787,2.9196320128851743,2.106633523329221,9.105339016880166
59.25569773130435,0.3744581527175725,2.9100124985092375,2.1054212164812456,9.076010538112712
59.30846326801967,0.37479159719906635,2.9004439958895465,2.1042063561420026,9.046775554360375
59.36122880473499,0.37512504168056016,2.890926248625555,2.102988957901394,9.017633863744424
59.41399434145031,0.375458486162054,2.8814590015611943,2.1017690373116618,8.988585264130773
59.46675987816563,0.3757919306435478,2.8720420007815126,2.1005466098872607,8.959629553137086
59.51952541488095,0.3761253751250417,2.862674993609289,2.099321691104737,8.930766528139813
59.57229095159627,0.3764588196065355,2.8533577286016207,2.0980942964026106,8.901995986281202
59.62505648831159,0.37679226408802935,2.8440899555464907,2.0968644411812534,8.873317724476232
59.67782202502691,0.37712570856952315,2.8348714254593004,2.0956321408027763,8.844731539419534
59.73058756174223,0.377459153051017,2.8257018905793907,2.0943974105909158,8.816237227592222
59.78335309845755,0.3777925975325108,2.816581104366533,2.093160265830922,8.787834585268707
59.83611863517287,0.3781260420140047,2.8075088214973984,2.09192072176945,8.759523408523442
59.88888417188819,0.3784594864954985,2.7984847978620087,2.090678793614453,8.731303493237634
59.941649708603514,0.37879293097699235,2.789508790560162,2.089434496535078,8.703174635105896
59.994415245318834,0.37912637545848615,2.7805805578978386,2.088187845661563,8.67513662964285
60.047180782034154,0.37945981993998,2.7716998593835895,2.086938856085136,8.64718927218969
60.099946318749474,0.3797932644214738,2.762866455724902,2.085687542857918,8.619332357920696
60.152711855464794,0.3801267089029677,2.7540801088245477,2.084433920992825,8.591565681849685
60.205477392180114,0.3804601533844615,2.74534058177691,2.083178005463476,8.563889038836438
60.258242928895434,0.38079359786595535,2.7366476388642997,2.0819198112040995,8.536302223593056
60.311008465610755,0.38112704234744915,2.728001045553244,2.0806593531094433,8.508805030690286
60.363774002326075,0.381460486828943,2.7194005684907676,2.079396646034687,8.481397254563792
60.416539539041395,0.3817939313104368,2.7108459755006495,2.0781317047953567,8.454078689520372
60.46930507575671,0.3821273757919306,2.7023370355796716,2.07686454416724,8.426849129744145
60.52207061247203,0.38246082027342443,2.6938735188938416,2.075595178886304,8.399708369302665
60.57483614918735,0.3827942647549183,2.685455196774615,2.0743236236486156,8.372656202153024
60.62760168590267,0.3831277092364121,2.6770818417150894,2.0730498931102637,8.345692422147872
60.68036722261799,0.38346115371790596,2.6687532273661927,2.071774001887283,8.318816823041411
60.73313275933331,0.38379459819939976,2.6604691285328546,2.0704959645555796,8.292029198495342
60.78589829604863,0.3841280426808936,2.652229321170166,2.069215795650859,8.265329342084755
60.83866383276395,0.3844614871623874,2.644033582379528,2.0679335096685554,8.238717047303982
60.89142936947927,0.3847949316438813,2.635881690404783,2.066649121063764,8.212192107572402
60.94419490619459,0.3851283761253751,2.6277734246283404,2.065362644251174,8.185754316240196
60.99696044290991,0.38546182060686895,2.6197085655672883,2.0640740936050035,8.159403466594066
61.04972597962523,0.38579526508836276,2.611686894869495,2.062783483458938,8.133139351862894
61.10249151634055,0.3861287095698566,2.6037081953097,2.061490828106067,8.106961765223375
61.15525705305587,0.3864621540513504,2.5957722507855934,2.0601961417988277,8.08087049980558
61.20802258977119,0.3867955985328443,2.5878788463138904,2.0588994387489463,8.054865348698495
61.26078812648651,0.3871290430143381,2.580027768026393,2.0576007331273827,8.028946104955516
61.31355366320183,0.38746248749583195,2.5722188031660433,2.0563000390642747,8.003112561599872
61.36631919991715,0.38779593197732576,2.564451740082971,2.0549973706488904,7.977364511630042
61.41908473663247,0.3881293764588196,2.55672636823053,2.0536927419295745,7.951701748025093
61.47185027334779,0.3884628209403134,2.54904247816133,2.0523861669136996,7.9261240637500014
61.52461581006311,0.38879626542180723,2.5413998615232627,2.0510776595676226,7.90063125176091
61.57738134677843,0.3891297099033011,2.5337983110555142,2.049767233816636,7.875223105010351
61.63014688349375,0.3894631543847949,2.5262376205845802,2.0484549035449273,7.849899416452428
61.68291242020907,0.38979659886628876,2.5187175850202697,2.0471406825955363,7.824659979047947
61.73567795692439,0.39013004334778256,2.511238000351705,2.045824584770314,7.7995045857695064
61.78844349363971,0.3904634878292764,2.5037986636433156,2.0445066238298875,7.774433029606549
61.84120903035503,0.39079693231077023,2.49639937303083,2.0431868134936195,7.749445103570362
61.89397456707035,0.3911303767922641,2.4890399277172603,2.0418651674395765,7.724540600699043
61.94674010378567,0.3914638212737579,2.4817201279688836,2.040541699304493,7.6997193140624205
61.99950564050099,0.39179726575525176,2.47443977511122,2.0392164226837415,7.674981036766928
62.05227117721631,0.39213071023674556,2.467198671525008,2.037889351131301,7.650325561960443
62.10503671393163,0.3924641547182394,2.459996620642175,2.03656049815973,7.625752682837077
62.15780225064695,0.3927975991997332,2.452833426941808,2.0352298772401376,7.601262192641929
62.21056778736227,0.3931310436812271,2.4457088959461197,2.0338975018021594,7.5768538846757965
62.26333332407759,0.3934644881627209,2.438622834216411,2.0325633852339338,7.552527552299841
62.31609886079291,0.39379793264421475,2.431575049349038,2.0312275408820777,7.528282988940218
62.36886439750823,0.39413137712570856,2.4245653499713704,2.0298899820516683,7.504119988092661
62.42162993422355,0.3944648216072024,2.417593545737754,2.028550722006222,7.480038343327029
62.47439547093887,0.3947982660886962,2.4106594473254708,2.027209773967676,7.45603784829181
62.52716100765419,0.3951317105701901,2.4037628664306965,2.0258671511163744,7.432118296718586
62.57992654436951,0.3954651550516839,2.3969036157644625,2.0245228665910515,7.408279482426453
62.63269208108483,0.39579859953317775,2.390081509048614,2.023176933488818,7.384521199326413
62.685457617800154,0.39613204401467156,2.383296361011769,2.0218293648651504,7.360843241425709
62.738223154515474,0.3964654884961654,2.376547987385281,2.02048017373388,7.337245402832136
62.790988691230794,0.3967989329776592,2.3698362048992005,2.019129373067182,7.313727477758301
62.843754227946114,0.3971323774591531,2.3631608312782366,2.017776975795571,7.29028926052585
62.896519764661434,0.3974658219406469,2.3565216852377215,2.016422994807892,7.2669305455696565
62.949285301376754,0.39779926642214075,2.3499185864795797,2.0150674429513167,7.243651127441965
63.002050838092075,0.39813271090363456,2.3433513556882932,2.0137103330313395,7.220450800816502
63.05481637480739,0.39846615538512836,2.336819814526874,2.012351677811776,7.197329360492544
63.10758191152271,0.39879959986662217,2.330323785632836,2.010991490014759,7.174286601398948
63.16034744823803,0.39913304434811603,2.3238630926141735,2.009629782320745,7.151322318598151
63.21311298495335,0.39946648882960983,2.3174375600453394,2.0082665673685103,7.1284363072901185
63.26587852166867,0.3997999333111037,2.3110470134632277,2.0069018577551554,7.105628362816268
63.31864405838399,0.4001333777925975,2.30469127936316,2.005535666036112,7.082898280663343
63.37140959509931,0.40046682227409136,2.2983701851948752,2.0041680047251456,7.06024585646726
63.42417513181463,0.40080026675558517,2.2920835593585247,2.002798886294364,7.037670886016913
63.47694066852995,0.401133711237079,2.2858312312006692,2.001428323174225,7.01517316525794
63.52970620524527,0.40146715571857283,2.2796130310102836,2.000056327753546,6.992752490296457
63.58247174196059,0.4018006002000667,2.273428790014763,1.9986829123795136,6.970408657402755
63.63523727867591,0.4021340446815605,2.2672783403759356,1.9973080893576978,6.948141463014952
63.68800281539123,0.4024674891630543,2.2611615151860813,1.9959318709520635,6.925950703742622
63.74076835210655,0.40280093364454816,2.2550781484639537,1.9945542693849843,6.903836176370378
63.79353388882187,0.40313437812604197,2.2490280751508083,1.9931752968372594,6.881797677861423
63.84629942553719,0.40346782260753583,2.2430111311064387,1.9917949654481295,6.859835005361067
63.89906496225251,0.40380126708902964,2.237027153105216,1.990413287315295,6.837947956200203
63.95183049896783,0.4041347115705235,2.2310759788321337,1.9890302744949344,6.816136327898757
64.00459603568315,0.4044681560520173,2.2251574468788635,1.9876459390017254,6.794399918169089
64.05736157239848,0.4048016005335112,2.219271396739812,1.9862602928088644,6.7727385249193715
64.11012710911379,0.40513504501500497,2.213417668808191,1.984873347848092,6.751151946256941
64.16289264582912,0.4054684894964989,2.207596104372081,1.9834851160097127,6.729639980491576
64.21565818254443,0.40580193397799263,2.201806545610525,1.982095609142623,6.7082024261388
64.26842371925976,0.40613537845948655,2.1960488355896026,1.9807048390543338,6.686839081923085
64.32118925597507,0.4064688229409803,2.190322818258536,1.9793128175110006,6.665549746781095
64.37395479269038,0.4068022674224741,2.184628338445782,1.9779195562374485,6.644334219864817
64.42672032940571,0.40713571190396797,2.1789652418551477,1.9765250669172023,6.62319230054471
64.47948586612102,0.4074691563854618,2.1733333750619126,1.975129361192517,6.6021237884128325
64.53225140283635,0.40780260086695563,2.167732585508942,1.9737324506644067,6.581128483285864
64.58501693955166,0.40813604534844944,2.1621627215028383,1.97233434689268,6.560206185208197
64.63778247626699,0.4084694898299433,2.156623632210066,1.9709350613959686,6.539356694454884
64.6905480129823,0.4088029343114371,2.151115167653118,1.969534605651766,6.518579811534666
64.74331354969763,0.40913637879293097,2.145637178706664,1.968132991096458,6.497875337192859
64.79607908641295,0.40946982327442477,2.1401895170937295,1.9667302291253628,6.477243072414309
64.84884462312827,0.40980326775591863,2.134772035381862,1.9653263310927638,6.4566828184262235
64.90161015984359,0.41013671223741244,2.1293845869793318,1.9639213083119518,6.436194376701059
64.95437569655891,0.4104701567189063,2.1240270261313117,1.9625151720552598,6.415777548959287
65.00714123327423,0.4108036012004001,2.1186992079160984,1.9611079335541064,6.395432137172223
65.05990676998955,0.41113704568189396,2.1134009882413154,1.959699603999033,6.375157943564729
65.11267230670487,0.41147049016338777,2.108132223840146,1.958290194539749,6.354954770617975
65.1654378434202,0.41180393464488163,2.10289277226756,1.9568797162851705,6.334822421072089
65.2182033801355,0.41213737912637544,2.097682491896566,1.9554681803034677,6.314760697928852
65.27096891685083,0.4124708236078693,2.0925012419144573,1.9540555976221055,6.294769404454285
65.32373445356615,0.4128042680893631,2.087348882319085,1.9526419792278922,6.274848344181288
65.37649999028147,0.41313771257085696,2.082225273915123,1.9512273360670218,6.254997320912166
65.42926552699679,0.41347115705235077,2.0771302783103627,1.9498116790451252,6.2352161387212055
65.48203106371211,0.41380460153384463,2.072063757911999,1.9483950190273132,6.215504601957142
65.53479660042743,0.41413804601533843,2.067025575922945,1.9469773668382298,6.195862515245681
65.58756213714275,0.4144714904968323,2.06201559633814,1.9455587332620974,6.176289683491902
65.64032767385807,0.4148049349783261,2.0570336839408854,1.9441391290427708,6.156785911882724
65.6930932105734,0.41513837945981996,2.052079704299174,1.942718564883785,6.137351005889253
65.74585874728871,0.41547182394131377,2.04715352376205,1.9412970514484096,6.117984771269185
65.79862428400403,0.41580526842280763,2.0422550094559555,1.9398745993596993,6.098687014069101
65.85138982071935,0.41613871290430143,2.037384029281116,1.9384512192005499,6.079457540626812
65.90415535743468,0.4164721573857953,2.032540451907912,1.9370269215137486,6.060296157573597
65.95692089414999,0.41680560186728904,2.0277241467732803,1.935601716802034,6.041202671836492
66.00968643086532,0.41713904634878296,2.022934984077113,1.9341756155281469,6.0221768906404725
66.06245196758063,0.4174724908302767,2.018172834778682,1.9327486281148905,6.0032186215106895
66.11521750429596,0.4178059353117706,2.0134375705930583,1.931320764945184,5.984327672274595
66.16798304101127,0.4181393797932644,2.0087290639875617,1.9298920363621253,5.96550385106412
66.2207485777266,0.4184728242747583,2.0040471881782027,1.928462452669044,5.946746966317752
66.27351411444191,0.41880626875625204,1.9993918171261573,1.9270320241295655,5.928056826782659
66.32627965115724,0.41913971323774596,1.9947628255342298,1.925600760967668,5.909433241516709
66.37904518787255,0.4194731577192397,1.990160088843353,1.9241686733677448,5.890876019890541
66.43181072458788,0.4198066022007336,1.985583483229076,1.9227357714746642,5.872384971589537
66.48457626130319,0.4201400466822274,1.9810328855980865,1.9213020653938342,5.853959906615841
66.53734179801852,0.4204734911637213,1.976508173584725,1.9198675651912611,5.835600635290269
66.59010733473383,0.42080693564521504,1.972009225547529,1.9184322808936176,5.817306968254285
66.64287287144916,0.42114038012670896,1.9675359205657734,1.9169962224883026,5.799078716471863
66.69563840816447,0.4214738246082027,1.9630881384360392,1.9155593999235092,5.780915691231403
66.7484039448798,0.4218072690896966,1.9586657596687782,1.914121823108287,5.762817704147547
66.80116948159511,0.4221407135711904,1.9542686654849069,1.912683501912611,5.744784567163044
66.85393501831044,0.4224741580526843,1.9498967378123955,1.9112444461674447,5.726816092550518
66.90670055502575,0.42280760253417804,1.945549859282888,1.9098046656648113,5.708912092914284
66.95946609174106,0.42314104701567185,1.9412279132283166,1.9083641701578575,5.6910723811920665
67.01223162845639,0.4234744914971657,1.9369307836775411,1.9069229693609238,5.673296770656749
67.0649971651717,0.4238079359786595,1.9326583553530015,1.9054810729496137,5.655585074918086
67.11776270188703,0.42414138046015337,1.9284105136673706,1.9040384905608612,5.6379371079243645
67.17052823860234,0.4244748249416472,1.9241871447202372,1.902595231793004,5.620352683964086
67.22329377531767,0.42480826942314104,1.9199881352947843,1.9011513062058494,5.602831617667572
67.27605931203298,0.42514171390463484,1.9158133728544975,1.8997067233207512,5.5853737240086145
67.32882484874831,0.4254751583861287,1.9116627455398691,1.8982614926206756,5.567978818306019
67.38159038546362,0.4258086028676225,1.9075361421651327,1.8968156235502776,5.550646716225211
67.43435592217895,0.42614204734911637,1.9034334522149925,1.8953691255159708,5.5333772337797456
67.48712145889426,0.4264754918306102,1.8993545658413846,1.8939220078860037,5.516170187332854
67.53988699560959,0.42680893631210404,1.8952993738602324,1.8924742799905294,5.499025393598911
67.5926525323249,0.42714238079359784,1.8912677677482337,1.8910259511216838,5.481942669644946
67.64541806904023,0.4274758252750917,1.8872596396396422,1.8895770305336572,5.464921832892052
67.69818360575555,0.4278092697565855,1.8832748823230818,1.888127527442772,5.44796270111686
67.75094914247087,0.42814271423807937,1.879313389238354,1.8866774510275555,5.431065092452908
67.80371467918619,0.4284761587195732,1.8753750544732772,1.8852268104288195,5.414228825392062
67.85648021590151,0.42880960320106704,1.8714597727605227,1.8837756147497333,5.3974537187858465
67.90924575261683,0.42914304768256084,1.8675674394744801,1.8823238730559042,5.380739591846824
67.96201128933215,0.4294764921640547,1.8636979506281188,1.8808715943754515,5.364086264149883
68.01477682604747,0.4298099366455485,1.85985120286988,1.8794187876990878,5.347493555633571
68.0675423627628,0.43014338112704237,1.856027093480566,1.8779654619801944,5.3309612866013465
68.1203078994781,0.4304768256085361,1.8522255203702584,1.8765116261349029,5.314489277722864
68.17307343619343,0.43081027009003003,1.848446382075234,1.8750572890421713,5.2980773500351885
68.22583897290875,0.4311437145715238,1.844689577754909,1.8736024595438672,5.281725324944041
68.27860450962407,0.4314771590530177,1.840955007188783,1.8721471464448443,5.265433024224967
68.33137004633939,0.43181060353451145,1.8372425707734097,1.8706913585130256,5.249200270024547
68.38413558305471,0.43214404801600537,1.8335521695193666,1.869235104479482,5.2330268848615225
68.43690111977003,0.4324774924974991,1.8298837050482537,1.8677783930385157,5.216912691627967
68.48966665648535,0.43281093697899303,1.8262370795896898,1.8663212328477399,5.200857513590372
68.54243219320067,0.4331443814604868,1.8226121959783381,1.8648636325281625,5.18486117439078
68.595197729916,0.4334778259419807,1.8190089576509298,1.8634056006642656,5.168923498047833
68.64796326663131,0.43381127042347445,1.8154272686433153,1.8619471458040922,5.153044308957863
68.70072880334664,0.43414471490496837,1.811867033587516,1.8604882764593254,5.137223431895905
68.75349434006195,0.4344781593864621,1.8083281577088026,1.8590290011053745,5.121460692016751
68.80625987677728,0.43481160386795603,1.8048105468227726,1.857569328181457,5.105755914855924
68.85902541349259,0.4351450483494498,1.801314107332457,1.8561092660906837,5.090108926330692
68.91179095020792,0.4354784928309437,1.7978387462254237,1.8546488232001421,5.074519552741008
68.96455648692323,0.43581193731243745,1.7943843710709118,1.853188007840983,5.058987620770492
69.01732202363856,0.43614538179393136,1.7909508900169615,1.8517268283085022,5.043512957487325
69.07008756035387,0.4364788262754251,1.787538211787576,1.85026529286223,5.028095390345199
69.1228530970692,0.436812270756919,1.7841462456798782,1.8488034097260126,5.012734747184179
69.17561863378451,0.4371457152384128,1.7807749015612988,1.8473411870881018,4.997430856231615
69.22838417049984,0.43747915971990664,1.7774240898667613,1.8458786331012376,4.982183546102967
69.28114970721515,0.43781260420140045,1.7740937215958956,1.8444157558827388,4.966992645802683
69.33391524393048,0.4381460486828943,1.7707837083102516,1.842952563514585,4.95185798472499
69.38668078064579,0.4384794931643881,1.7674939621305383,1.8414890640435086,4.93677939265474
69.43944631736112,0.438812937645882,1.764224395733865,1.8400252654810776,4.921756699768164
69.49221185407643,0.4391463821273758,1.7609749223510074,1.838561175803787,4.906789736633684
69.54497739079174,0.4394798266088696,1.757745455763676,1.8370968029531438,4.891878334212639
69.59774292750707,0.43981327109036344,1.754535910301806,1.8356321548357557,4.8770223238600465
69.65050846422238,0.44014671557185725,1.751346200840859,1.8341672393234214,4.862221537325332
69.70327400093771,0.4404801600533511,1.7481762427991336,1.8327020642532157,4.847475806753014
69.75603953765302,0.4408136045348449,1.7450259521350973,1.8312366374275824,4.832784964683432
69.80880507436835,0.4411470490163388,1.7418952453447216,1.829770966614419,4.818148844053389
69.86157061108366,0.4414804934978326,1.7387840394588434,1.8283050595471697,4.803567278196845
69.91433614779899,0.44181393797932644,1.7356922520405245,1.8268389239249119,4.7890401008455346
69.9671016845143,0.44214738246082025,1.7326198011824405,1.8253725674124486,4.774567146129626
70.01986722122963,0.4424808269423141,1.729566605504268,1.823905997640395,4.760148248578307
70.07263275794494,0.4428142714238079,1.7265325841500985,1.8224392222052728,4.745783243120416
70.12539829466027,0.4431477159053018,1.723517656785853,1.8209722486695956,4.731471965084994
70.17816383137558,0.4434811603867956,1.7205217435967235,1.819505084561964,4.717214250201889
70.23092936809091,0.44381460486828944,1.7175447652846123,1.8180377373771524,4.703009934602277
70.28369490480623,0.44414804934978325,1.7145866430656012,1.8165702145762028,4.6888588548192365
70.33646044152155,0.4444814938312771,1.711647298667417,1.815102523586514,4.674760847788242
70.38922597823687,0.44481493831277086,1.7087266543269268,1.8136346718019334,4.6607157508477055
70.44199151495219,0.4451483827942648,1.7058246327876314,1.8121666665828478,4.646723401739445
70.4947570516675,0.4454818272757585,1.7029411572971855,1.8106985152562765,4.6327836386091965
70.54752258838283,0.44581527175725244,1.7000761516049174,1.8092302251159602,4.618896300007054
70.60028812509815,0.4461487162387462,1.6972295399593764,1.8077618034224563,4.6050612248879546
70.65305366181347,0.4464821607202401,1.694401247105878,1.8062932574032269,4.591278252612089
70.70581919852879,0.44681560520173386,1.691591198284078,1.804824594252735,4.57754722294536
70.75858473524411,0.4471490496832278,1.6887993192255442,1.8033558211325331,4.563867976059766
70.81135027195943,0.4474824941647215,1.6860255361513554,1.8018869451713582,4.550240352533832
70.86411580867475,0.44781593864621544,1.6832697757697006,1.8004179734652221,4.536664193352968
70.91688134539007,0.4481493831277092,1.6805319652735031,1.7989489130775072,4.523139339909874
70.9696468821054,0.4484828276092031,1.6778120323380459,1.7974797710390542,4.509665634004868
71.0224124188207,0.44881627209069686,1.6751099051186218,1.7960105543482612,4.496242917846266
71.07517795553603,0.44914971657219077,1.6724255122481848,1.7945412699711707,4.482871034050691
71.12794349225135,0.4494831610536845,1.6697587828350258,1.7930719248415672,4.469549825643421
71.18070902896667,0.44981660553517844,1.66710964646045,1.7916025258610675,4.456279136058672
71.23347456568199,0.4501500500166722,1.6644780331764784,1.7901330798992159,4.443058809139927
71.28624010239731,0.4504834944981661,1.6618638735035505,1.7886635937935753,4.4298886891401885
71.33900563911263,0.45081693897965985,1.6592670984282518,1.7871940743498238,4.416768620722285
71.39177117582796,0.4511503834611537,1.656687639401042,1.7857245283418444,4.403698448959102
71.44453671254327,0.4514838279426475,1.654125428334007,1.784254962511823,4.390678019333859
71.4973022492586,0.4518172724241414,1.6515803975986145,1.7827853835703371,4.377707177740324
71.55006778597391,0.4521507169056352,1.649052480023491,1.781315798196455,4.364785770483058
71.60283332268924,0.45248416138712905,1.646541608892201,1.7798462130378239,4.351913644277612
71.65559885940455,0.45281760586862285,1.6440477179410502,1.7783766347107695,4.339090646250753
71.70836439611988,0.4531510503501167,1.6415707413568907,1.7769070698003848,4.326316623940625
71.76112993283519,0.4534844948316105,1.6391106137749492,1.7754375248606287,4.313591425296962
71.81389546955052,0.4538179393131044,1.6366672702766565,1.7739680064144157,4.300914898681227
71.86666100626583,0.4541513837945982,1.6342406463875008,1.772498520953714,4.288286892866799
71.91942654298116,0.45448482827609205,1.6318306780748832,1.7710290749396362,4.275707257039092
71.97219207969647,0.45481827275758585,1.6294373017459953,1.7695596748025366,4.263175840795719
72.0249576164118,0.4551517172390797,1.627060454245699,1.7680903269421024,4.250692494146588
72.07772315312711,0.4554851617205735,1.6247000728544296,1.7666210377274516,4.238257067514049
72.13048868984242,0.4558186062020673,1.6223560952861011,1.7651518134972233,4.225869411732974
72.18325422655775,0.4561520506835612,1.6200284596860304,1.7636826605596743,4.213529378050858
72.23601976327306,0.456485495165055,1.6177171046288736,1.7622135851927745,4.2012368181279145
72.28878529998839,0.45681893964654885,1.6154219691165683,1.7607445936442976,4.188991584037129
72.3415508367037,0.45715238412804265,1.6131429925762977,1.7592756921319204,4.176793528264346
72.39431637341903,0.4574858286095365,1.6108801148584573,1.757806886843312,4.164642503708299
72.44708191013434,0.4578192730910303,1.6086332762346418,1.7563381839362333,4.152538363680678
72.49984744684967,0.4581527175725242,1.6064024173956377,1.7548695895386264,4.140480961906141
72.55261298356498,0.458486162054018,1.6041874794494337,1.7534011097487137,4.128470152522359
72.60537852028031,0.45881960653551185,1.601988403919237,1.7519327506350886,4.116505790080016
72.65814405699562,0.4591530510170056,1.5998051327415086,1.7504645182368128,4.1045877295428275
72.71090959371095,0.4594864954984995,1.597637608264003,1.748996418563508,4.092715826287521
72.76367513042626,0.45981993997999326,1.5954857732438277,1.7475284575954533,4.080889936103845
72.81644066714159,0.4601533844614872,1.593349570845507,1.7460606412836763,4.069109915194522
72.8692062038569,0.46048682894298093,1.5912289446390653,1.7445929755500507,4.057375620175241
72.92197174057223,0.46082027342447485,1.5891238385981135,1.7431254662873878,4.045686908074597
72.97473727728755,0.4611537179059686,1.5870341970979576,1.7416581193595335,4.034043636334062
73.02750281400287,0.4614871623874625,1.5849599649137078,1.7401909406014597,4.022445662807909
73.08026835071819,0.46182060686895626,1.5829010872184106,1.738723935819362,4.0108928457631645
73.13303388743351,0.4621540513504502,1.5808575095811817,1.7372571107907502,3.9993850438795118
73.18579942414883,0.46248749583194393,1.578829177965361,1.7357904712645462,3.9879221162492335
73.23856496086415,0.46282094031343785,1.5768160387266696,1.7343240229611747,3.976503922377094
73.29133049757947,0.4631543847949316,1.5748180386113875,1.7328577715726607,3.9651303221802654
73.3440960342948,0.4634878292764255,1.5728351247545331,1.7313917227627207,3.953801175988196
73.3968615710101,0.46382127375791926,1.570867244678066,1.7299258821668586,3.942516344542516
73.44962710772543,0.4641547182394132,1.5689143462890873,1.7284602553924586,3.931275688996893
73.50239264444075,0.4644881627209069,1.5669763778780663,1.7269948480188806,3.920079070916921
73.55515818115607,0.46482160720240084,1.5650532881170645,1.725529665597552,3.9089263522799604
73.60792371787139,0.4651550516838946,1.5631450260579833,1.7240647136520637,3.8978173954750113
73.66068925458671,0.46548849616538845,1.5612515411308125,1.722599997678262,3.8867520633025374
73.71345479130203,0.46582194064688226,1.5593727831418995,1.7211355231443444,3.875730218974327
73.76622032801735,0.4661553851283761,1.5575087022722216,1.7196712954909503,3.8647517261132993
73.81898586473267,0.4664888296098699,1.555659249075676,1.7182073201312584,3.8538164487533493
73.871751401448,0.4668222740913638,1.5538243744773754,1.7167436024510767,3.8429242513391437
73.92451693816331,0.4671557185728576,1.5520040297719613,1.7152801478089386,3.83207499872595
73.97728247487863,0.46748916305435145,1.550198166621921,1.7138169615361938,3.8212685561794153
74.03004801159395,0.46782260753584526,1.5484067370559227,1.7123540489371043,3.810504789375384
74.08281354830928,0.4681560520173391,1.546629693467155,1.7108914152889354,3.799783564399663
74.13557908502459,0.4684894964988329,1.5448669886116853,1.7094290658420503,3.789104747747824
74.18834462173992,0.4688229409803268,1.5431185756068193,1.707967005820002,3.7784682063249573
74.24111015845523,0.4691563854618206,1.5413844079294823,1.7065052404196277,3.767873807445458
74.29387569517056,0.46948982994331445,1.5396644394146015,1.7050437748111398,3.757321418832767
74.34664123188587,0.46982327442480826,1.5379586242535073,1.7035826141382209,3.7468109086191483
74.3994067686012,0.4701567189063021,1.5362669169923384,1.7021217635181143,3.7363421453454118
74.45217230531651,0.4704901633877959,1.5345892725304648,1.7006612280417188,3.7259149979606807
74.50493784203184,0.4708236078692898,1.5329256461189145,1.699201012773679,3.7155293358221004
74.55770337874715,0.4711570523507836,1.5312759933588165,1.6977411227524801,3.705185028694595
74.61046891546248,0.47149049683227745,1.5296402701998513,1.6962815629905375,3.6948819467505625
74.66323445217779,0.47182394131377126,1.5280184329387143,1.6948223384742918,3.6846199605696195
74.7159999888931,0.47215738579526506,1.5264104382175865,1.6933634541642988,3.6743989411382896
74.76876552560843,0.4724908302767589,1.5248162430226198,1.6919049149953223,3.6642187598497187
74.82153106232374,0.47282427475825267,1.5232358046824308,1.6904467258764269,3.6540792885033815
74.87429659903907,0.4731577192397466,1.5216690808666036,1.6889888916910671,3.6439803993047573
74.92706213575438,0.47349116372124034,1.5201160295842076,1.6875314172971831,3.63392196486504
74.97982767246971,0.47382460820273425,1.5185766091823194,1.6860743075272877,3.623903858200799
75.03259320918502,0.474158052684228,1.5170507783445624,1.6846175671885621,3.6139259527336782
75.08535874590035,0.4744914971657219,1.515538496089649,1.6831612010629433,3.603988122290046
75.13812428261566,0.47482494164721567,1.514039721769941,1.6817052139072188,3.594090241100683
75.19088981933099,0.4751583861287096,1.512554415070013,1.6802496104531146,3.5842321838004247
75.2436553560463,0.47549183061020334,1.5110825360052325,1.6787943954073894,3.5744138254278353
75.29642089276163,0.47582527509169725,1.509624044920344,1.6773395734519216,3.56463504142484
75.34918642947694,0.476158719573191,1.5081789024880699,1.675885149243804,3.5548957076363914
75.40195196619227,0.4764921640546849,1.506747069707715,1.6744311274154309,3.5451957003100905
75.45471750290758,0.47682560853617867,1.505328507903787,1.6729775125745914,3.535534896095842
75.50748303962291,0.4771590530176726,1.5039231787246221,1.6715243093045569,3.5259131720454677
75.56024857633822,0.47749249749916634,1.5025310441410245,1.6700715221641744,3.5163304056123517
75.61301411305355,0.47782594198066025,1.5011520664449125,1.6686191556879537,3.506786474651043
75.66577964976887,0.478159386462154,1.4997862082479796,1.6671672143861596,3.4972812574168928
75.71854518648419,0.4784928309436479,1.4984334324803579,1.665715702744899,3.487814632565649
75.7713107231995,0.47882627542514167,1.4970937023893005,1.664264625226214,3.4783864791530816
75.82407625991483,0.47915971990663553,1.495766981537865,1.6628139862681681,3.4689966766345703
75.87684179663015,0.47949316438812933,1.4944532338036138,1.661363790284938,3.4596451048647223
75.92960733334547,0.4798266088696232,1.49315242337732,1.6599140416669005,3.450331644096948
75.98237287006079,0.480160053351117,1.4918645147616847,1.6584647447807244,3.4410561749830735
76.03513840677611,0.48049349783261086,1.490589472770064,1.657015903969456,3.4318185785729067
76.08790394349143,0.48082694231410467,1.4893272625252052,1.6555675235526115,3.422618736313841
76.14066948020675,0.4811603867955985,1.4880778494579927,1.6541196078262619,3.4134565300504147
76.19343501692207,0.48149383127709233,1.4868411993062047,1.6526721610631252,3.404331842023906
76.2462005536374,0.4818272757585862,1.4856172781132766,1.6512251875126511,3.395244554871885
76.2989660903527,0.48216072024008,1.4844060522270786,1.6497786914011123,3.3861945516278
76.35173162706803,0.48249416472157386,1.4832074882986972,1.6483326769316897,3.377181715720523
76.40449716378335,0.48282760920306766,1.4820215532812322,1.646887148284563,3.36820593097393
76.45726270049867,0.4831610536845615,1.4808482144285964,1.645442109616995,3.359267081606436
76.51002823721399,0.48349449816605533,1.4796874392943327,1.6439975650634235,3.350365052230569
76.56279377392931,0.4838279426475492,1.478539195730432,1.642553518735544,3.3414997278525003
76.61555931064463,0.484161387129043,1.477403451886168,1.6411099747224005,3.33267099387161
76.66832484735995,0.48449483161053686,1.4762801762069364,1.63966693709047,3.3238787360800095
76.72109038407527,0.48482827609203066,1.4751693374331063,1.6382244098837517,3.315122840662102
76.7738559207906,0.4851617205735245,1.4740709045988771,1.6367823971238513,3.3064031941940977
76.82662145750591,0.48549516505501833,1.4729848470311508,1.6353409028100696,3.2977196836435674
76.87938699422124,0.4858286095365122,1.4719111343484066,1.633899930919487,3.2890721963689535
76.93215253093655,0.486162054018006,1.47084973645959,1.632459485407052,3.280460620119114
76.98491806765188,0.48649549849949986,1.4698006235630074,1.6310195702056638,3.2718848430328307
77.03768360436719,0.48682894298099366,1.4687637661452333,1.6295801892262627,3.2633447536383446
77.09044914108252,0.4871623874624875,1.4677391349800213,1.6281413463579109,3.2548402408528605
77.14321467779783,0.48749583194398133,1.4667267011272318,1.6267030454678821,3.2463711939820756
77.19598021451314,0.4878292764254751,1.46572643593176,1.6252652904017444,3.2379375027196797
77.24874575122847,0.488162720906969,1.4647383110224803,1.6238280849834457,3.2295390571468694
77.30151128794378,0.48849616538846274,1.463762298311195,1.6223914330154001,3.221175747731864
77.35427682465911,0.48882960986995666,1.4627983699915938,1.6209553382785709,3.2128474653293915
77.40704236137442,0.4891630543514504,1.4618464985382218,1.619519804532557,3.20455410118021
77.45980789808975,0.4894964988329443,1.4609066567054556,1.6180848355156745,3.19629554691059
77.51257343480506,0.4898299433144381,1.4599788175264907,1.6166504349450457,3.188071694531827
77.56533897152039,0.490163387795932,1.459062954312334,1.6152166065166773,3.179882436439719
77.6181045082357,0.49049683227742574,1.4581590406508078,1.6137833539055497,3.1717276654140787
77.67087004495103,0.49083027675891966,1.457267050405562,1.6123506807656964,3.1636072746182005
77.72363558166634,0.4911637212404134,1.456386957715094,1.6109185907302916,3.155521157598371
77.77640111838167,0.4914971657219073,1.4555187369917786,1.6094870874117293,3.1474692082833338
77.82916665509698,0.4918306102034011,1.4546623629209048,1.6080561744017101,3.1394513209837913
77.88193219181231,0.492164054684895,1.4538178104597228,1.6066258552713213,3.131467390391868
77.93469772852762,0.49249749916638874,1.4529850548365,1.605196133571123,3.123517311580607
77.98746326524295,0.49283094364788266,1.4521640715495827,1.603767012831226,3.115600980003431
78.04022880195826,0.4931643881293764,1.4513548363664694,1.6023384965613798,3.1077182914936325
78.09299433867359,0.49349783261087027,1.4505573253228907,1.60091058825105,3.0998691422638323
78.1457598753889,0.4938312770923641,1.4497715147218992,1.599483291369503,3.092053428905466
78.19852541210423,0.49416472157385793,1.448997381132965,1.598056609365887,3.0842710483882385
78.25129094881954,0.49449816605535174,1.4482349013910836,1.5966305456693146,3.076521898059607
78.30405648553487,0.4948316105368456,1.4474840525958885,1.5952051036889419,3.0688058756442325
78.35682202225019,0.4951650550183394,1.4467448121107749,1.5937802868140527,3.0611228792434595
78.40958755896551,0.49549849949983327,1.446017157562029,1.5923560984141376,3.053472807334763
78.46235309568083,0.4958319439813271,1.4453010668379687,1.590932541838976,3.0458555587712257
78.51511863239615,0.49616538846282093,1.444596518088089,1.5895096204187151,3.038271032780983
78.56788416911147,0.49649883294431474,1.4439034897222194,1.5880873374639537,3.030719128966697
78.62064970582679,0.4968322774258086,1.4432219604096863,1.5866656962658179,3.0231997473049956
78.6734152425421,0.4971657219073024,1.4425519090784853,1.5852447000960457,3.0157127881459487
78.72618077925743,0.49749916638879627,1.441893314914461,1.5838243522070634,3.008258152212502
78.77894631597275,0.49783261087029007,1.4412461573604962,1.5824046558320686,3.000835740599947
78.83171185268807,0.49816605535178393,1.4406104161157056,1.5809856141851055,2.9934454547753595
78.88447738940339,0.49849949983327774,1.4399860711346428,1.579567230461149,2.986087196577064
78.93724292611871,0.4988329443147716,1.4393731026265109,1.5781495078361798,2.9787608682140663
78.99000846283403,0.4991663887962654,1.4387714910543834,1.576732449467266,2.971466372265521
79.04277399954935,0.49949983327775926,1.4381812171344321,1.57531605849264,2.96420361168016
79.09553953626467,0.49983327775925307,1.4376022618351638,1.5739003380317786,2.9569724897757563
79.14830507298,0.500166722240747,1.4370346063766637,1.5724852911854799,2.949772910238552
79.20107060969531,0.5005001667222407,1.4364782322298482,1.5710709210359421,2.94260477712272
79.25383614641063,0.5008336112037346,1.4359331211157238,1.5696572306468417,2.935467994849792
79.30660168312595,0.5011670556852283,1.4353992550046561,1.5682442230634108,2.928362468208115
79.35936721984127,0.5015005001667223,1.4348766161156445,1.566831901312514,2.9212881023522788
79.41213275655659,0.5018339446482161,1.4343651869156058,1.5654202684027279,2.9142448028025725
79.46489829327192,0.5021673891297099,1.4338649501186644,1.5640093273244149,2.9072324754444097
79.51766382998723,0.5025008336112037,1.433375888685454,1.5625990810498038,2.900251026527782
79.57042936670256,0.5028342780926977,1.43289798582242,1.5611895325330625,2.893300362666685
79.62319490341787,0.5031677225741914,1.432431224981138,1.559780684710379,2.88638039083857
79.6759604401332,0.5035011670556853,1.431975589857632,1.5583725405000328,2.879491018383768
79.72872597684851,0.503834611537179,1.4315310643917076,1.556965102802476,2.8726321530049406
79.78149151356382,0.5041680560186729,1.431097632766286,1.555558374500405,2.865803702766506
79.83425705027915,0.5045015005001667,1.4306752794067514,1.5541523584588377,2.8590055760940776
79.88702258699446,0.5048349449816605,1.4302639889803015,1.552747057525191,2.8522376817739086
79.93978812370979,0.5051683894631543,1.4298637463953086,1.5513424745293518,2.845499928952314
79.9925536604251,0.5055018339446482,1.4294745368006874,1.5499386122837568,2.8387922271351185
80.04531919714043,0.5058352784261421,1.4290963455852683,1.5485354735834633,2.83211448618708
80.09808473385574,0.5061687229076358,1.4287291583771826,1.547133061206227,2.825466616331336
80.15085027057107,0.5065021673891297,1.4283729610432496,1.5457313779125734,2.818848528148824
80.20361580728638,0.5068356118706235,1.4280277396883763,1.5443304264458757,2.812260132577732
80.25638134400171,0.5071690563521174,1.4276934806549604,1.5429302095324247,2.805701340912916
80.30914688071702,0.5075025008336111,1.4273701705223047,1.5415307298815069,2.799172064805351
80.36191241743235,0.507835945315105,1.4270577961060344,1.540131990185474,2.792672216261546
80.41467795414766,0.5081693897965989,1.4267563444575257,1.53873399311982,2.7862017076429977
80.46744349086299,0.5085028342780927,1.4264658028633395,1.5373367413432513,2.779760451665605
80.5202090275783,0.5088362787595865,1.4261861588446632,1.5359402374977622,2.7733483613991208
80.57297456429363,0.5091697232410803,1.425917400156759,1.5345444842087057,2.7669653502665694
80.62574010100894,0.5095031677225742,1.425659514788421,1.533149484084868,2.760611332043696
80.67850563772427,0.5098366122040681,1.4254124909614387,1.5317552397185386,2.754286220858385
80.73127117443958,0.5101700566855618,1.4251763171300664,1.5303617536855851,2.747989931190111
80.78403671115491,0.5105035011670557,1.4249509819805026,1.5289690285455224,2.7417223778693556
80.83680224787022,0.5108369456485495,1.4247364744303739,1.5275770668415873,2.7354834760770594
80.88956778458555,0.5111703901300434,1.4245327836282278,1.5261858711008072,2.7292731413440414
80.94233332130086,0.5115038346115371,1.4243398989530323,1.5247954438340738,2.723091289550448
80.99509885801619,0.511837279093031,1.424157810013682,1.5234057875362126,2.7169378369251755
81.0478643947315,0.5121707235745248,1.4239865066485118,1.5220169046860552,2.710812700045318
81.10062993144683,0.5125041680560187,1.423825978924818,1.5206287977465085,2.7047157958355923
81.15339546816215,0.5128376125375125,1.4236762171383857,1.5192414691646268,2.698647041567787
81.20616100487747,0.5131710570190063,1.4235372118130236,1.51785492137168,2.692606354860185
81.25892654159279,0.5135045015005001,1.423408953700107,1.516469156783227,2.686593653677017
81.31169207830811,0.5138379459819941,1.4232914337781246,1.515084177799181,2.6806088563278845
81.36445761502343,0.5141713904634878,1.4231846432522368,1.5136999868038845,2.6746518814672124
81.41722315173875,0.5145048349449817,1.4230885735538372,1.5123165861661736,2.668722648093674
81.46998868845407,0.5148382794264754,1.4230032163401223,1.510933978239451,2.662821075549646
81.5227542251694,0.5151717239079694,1.4229285634936697,1.509552165361753,2.6569470835206332
81.5755197618847,0.5155051683894631,1.4228646071220206,1.5081711498558197,2.6511005920347257
81.62828529860003,0.515838612870957,1.4228113395572708,1.5067909340291616,2.6452815214620244
81.68105083531535,0.5161720573524508,1.4227687533556688,1.5054115201741318,2.6394897925141
81.73381637203067,0.5165055018339447,1.4227368412972192,1.5040329105679888,2.6337253262434204
81.78658190874599,0.5168389463154385,1.4227155963852955,1.5026551074729702,2.6279880440428096
81.83934744546131,0.5171723907969323,1.4227050118462568,1.5012781131363553,2.622277867644878
81.89211298217663,0.5175058352784261,1.422705081129074,1.4999019297905376,2.616594719121484
81.94487851889195,0.51783927975992,1.4227157979049605,1.4985265596530875,2.6109385208831624
81.99764405560727,0.5181727242414138,1.4227371560670123,1.4971520049268237,2.6053091956785908
82.0504095923226,0.5185061687229077,1.422769149729852,1.4957782677998763,2.5997066665940216
82.10317512903791,0.5188396132044014,1.4228117732292818,1.494405350445757,2.5941308570527446
82.15594066575323,0.5191730576858953,1.4228650211219416,1.493033255023423,2.588581690814525
82.20870620246855,0.5195065021673891,1.4229288881849764,1.4916619836773457,2.5830590919750676
82.26147173918388,0.519839946648883,1.4230033694157072,1.4902915385375735,2.5775629849654553
82.31423727589919,0.5201733911303767,1.4230884600313098,1.4889219217198022,2.5720932945516175
82.3670028126145,0.5205068356118706,1.4231841554685027,1.4875531353254365,2.566649945833771
82.41976834932983,0.5208402800933645,1.4232904513832374,1.4861851814416578,2.561232864245882
82.47253388604514,0.5211737245748582,1.423407343650399,1.4848180621414897,2.555841975555127
82.52529942276047,0.5215071690563521,1.423534828363511,1.4834517794838613,2.5504772058613394
82.57806495947578,0.5218406135378459,1.423672901834449,1.4820863355136749,2.5451384815964824
82.63083049619111,0.5221740580193398,1.4238215605931583,1.4807217322618667,2.539825729524095
82.68359603290642,0.5225075025008336,1.4239808013873816,1.479357971745476,2.534538876738767
82.73636156962175,0.5228409469823274,1.424150621182389,1.4779950559677049,2.52927785066559
82.78912710633706,0.5231743914638213,1.424331017160719,1.4766329869179866,2.524042579059633
82.84189264305239,0.5235078359453151,1.4245219867219232,1.4752717665720454,2.5188329900053956
82.8946581797677,0.5238412804268089,1.4247235274823176,1.473911396891964,2.513649011916287
82.94742371648303,0.5241747249083027,1.4249356372747426,1.472551879826243,2.5084905735340834
83.00018925319834,0.5245081693897966,1.4251583141483268,1.471193217309868,2.5033576039284076
83.05295478991367,0.5248416138712905,1.4253915563682604,1.4698354112643701,2.498250032496189
83.10572032662898,0.5251750583527842,1.4256353624155715,1.4684784635978905,2.4931677889611468
83.15848586334431,0.5255085028342781,1.4258897309869127,1.4671223762052406,2.4881108033732544
83.21125140005962,0.5258419473157718,1.4261546609943507,1.4657671509679677,2.4830790061082246
83.26401693677495,0.5261753917972658,1.4264301515651652,1.4644127897544144,2.4780723278669754
83.31678247349026,0.5265088362787596,1.426716202041652,1.4630592944197827,2.4730906996751183
83.36954801020559,0.5268422807602534,1.4270128119809349,1.461706666806194,2.468134052882431
83.4223135469209,0.5271757252417472,1.4273199811547819,1.4603549087427528,2.4632023191623453
83.47507908363623,0.5275091697232411,1.4276377095494293,1.4590040220456058,2.4582954305114226
83.52784462035154,0.5278426142047349,1.4279659973654109,1.4576540085180052,2.4534133192488485
83.58061015706687,0.5281760586862287,1.4283048450173954,1.456304869950368,2.4485559180159076
83.63337569378218,0.5285095031677225,1.428654253134029,1.454956608120339,2.4437231597754834
83.68614123049751,0.5288429476492165,1.4290142225577835,1.4536092247928478,2.438914977811537
83.73890676721282,0.5291763921307102,1.4293847543448137,1.452262721720174,2.4341313057286103
83.79167230392815,0.5295098366122041,1.4297658497648187,1.4509171006420027,2.429372077451306
83.84443784064347,0.5298432810936978,1.4301575103009092,1.4495723632854887,2.424637227223796
83.89720337735879,0.5301767255751918,1.4305597376494845,1.448228511365312,2.419926689609307
83.9499689140741,0.5305101700566855,1.4309725337201116,1.4468855465837418,2.415240399489627
84.00273445078943,0.5308436145381794,1.4313959006354138,1.445543470630692,2.4105782920646
84.05549998750475,0.5311770590196732,1.431829840730964,1.4442022851837841,2.405940302851635
84.10826552422007,0.531510503501167,1.4322743565551856,1.4428619919084025,2.4013263676852006
84.16103106093539,0.5318439479826609,1.432729450869258,1.4415225924577566,2.3967364227163412
84.21379659765071,0.5321773924641547,1.4331951266470306,1.4401840884729369,2.392170404412177
84.26656213436603,0.5325108369456485,1.433671387074941,1.4388464815829751,2.3876282495554206
84.31932767108135,0.5328442814271424,1.4341582355519404,1.4375097734049012,2.3831098952438805
84.37209320779667,0.5331777259086362,1.4346556756894262,1.436173965543803,2.378615278889986
84.424858744512,0.5335111703901301,1.4351637113111801,1.4348390595928815,2.3741443382202903
84.4776242812273,0.5338446148716238,1.4356823464533115,1.4335050571335113,2.369697011275001
84.53038981794263,0.5341780593531177,1.4362115853642083,1.4321719597352958,2.365273236407488
84.58315535465795,0.5345115038346115,1.4367514325044948,1.430839768956126,2.3608729522838168
84.63592089137327,0.5348449483161054,1.4373018925469943,1.4295084863422365,2.3564960978822618
84.68868642808859,0.5351783927975992,1.4378629703766976,1.428178113428263,2.3521426124928424
84.74145196480391,0.535511837279093,1.4384346710907412,1.4268486517372978,2.347812435716841
84.79421750151923,0.5358452817605869,1.4390169999983862,1.425520102780949,2.3435055074663445
84.84698303823455,0.5361787262420807,1.439609962621009,1.4241924680593927,2.3392217679637652
84.89974857494987,0.5365121707235745,1.4402135646920944,1.4228657490614334,2.3349611577413865
84.95251411166518,0.5368456152050683,1.440827812157237,1.421539947264556,2.330723617640891
85.00527964838051,0.5371790596865622,1.4414527111741482,1.4202150641349838,2.3265090888129025
85.05804518509582,0.537512504168056,1.4420882681126685,1.418891101127734,2.322317512716532
85.11081072181115,0.5378459486495498,1.442734489554788,1.417568059686672,2.3181488311189122
85.16357625852646,0.5381793931310437,1.4433913822946716,1.4162459412445672,2.3140029860947524
85.21634179524179,0.5385128376125375,1.4440589533386907,1.4149247472231465,2.309879920025879
85.2691073319571,0.5388462820940313,1.4447372099054616,1.4136044790331523,2.3057795756007926
85.32187286867243,0.5391797265755252,1.44542615942589,1.4122851380743928,2.301701895814215
85.37463840538774,0.5395131710570189,1.4461258095432203,1.4109667257358003,2.297646823966648
85.42740394210307,0.5398466155385129,1.4468361681130946,1.4096492433954817,2.2936143036639294
85.48016947881838,0.5401800600200066,1.4475572432036132,1.408332692420776,2.289604278816794
85.53293501553371,0.5405135045015005,1.4482890430954056,1.4070170741683046,2.2856166936404314
85.58570055224902,0.5408469489829942,1.4490315762817048,1.4057023899840289,2.2816514926540603
85.63846608896435,0.5411803934644882,1.4497848514684288,1.404388641203299,2.277708620680483
85.69123162567966,0.541513837945982,1.4505488775742696,1.4030758291509116,2.273788022845667
85.74399716239499,0.5418472824274758,1.4513236637307858,1.4017639551411587,2.2698896445783063
85.7967626991103,0.5421807269089696,1.4521092192825031,1.4004530204778847,2.266013431609405
85.84952823582563,0.5425141713904635,1.452905553787021,1.3991430264545348,2.2621593299718477
85.90229377254094,0.5428476158719573,1.453712677015125,1.3978339743542114,2.2583272859999837
85.95505930925627,0.5431810603534512,1.4545305989509059,1.396525865449723,2.2545172463292045
86.00782484597158,0.5435145048349449,1.4553593297918834,1.3952187010036392,2.2507291578955337
86.06059038268691,0.5438479493164389,1.4561988799491392,1.39391248226834,2.246962967935208
86.11335591940222,0.5441813937979326,1.4570492600474523,1.3926072104860698,2.243218623984274
86.16612145611755,0.5445148382794265,1.4579104809254442,1.3913028868889872,2.2394960738781733
86.21888699283286,0.5448482827609202,1.458782553635727,1.3899995126992177,2.235795265751345
86.27165252954819,0.5451817272424142,1.4596654894450614,1.3886970891289037,2.232116148036815
86.3244180662635,0.545515171723908,1.4605592998345158,1.3873956173802569,2.228458669465805
86.37718360297883,0.5458486162054018,1.461463996499638,1.3860950986456069,2.2248227790673276
86.42994913969414,0.5461820606868956,1.4623795913506266,1.3847955341074547,2.2212084261678005
86.48271467640947,0.5465155051683894,1.4633060965125142,1.3834969249385207,2.217615560390644
86.53548021312479,0.5468489496498833,1.4642435243253518,1.3821992723017968,2.214044131655904
86.58824574984011,0.5471823941313771,1.4651918873444045,1.3809025773505945,2.210494090179855
86.64101128655543,0.5475158386128709,1.4661511983403486,1.3796068412285971,2.2069653864746264
86.69377682327075,0.5478492830943648,1.4671214702994786,1.3783120650699074,2.203457971347813
86.74654235998607,0.5481827275758586,1.4681027164239173,1.377018249999099,2.1999717959021057
86.7993078967014,0.5485161720573525,1.4690949501318358,1.375725397131264,2.196506811534908
86.8520734334167,0.5488496165388462,1.4700981850576749,1.374433507572064,2.193062969937972
86.90483897013203,0.5491830610203401,1.4711124350523785,1.3731425824177765,2.189640223097022
86.95760450684735,0.549516505501834,1.4721377141836276,1.3718526227553478,2.1862385232913937
87.01037004356267,0.5498499499833278,1.4731740367360842,1.3705636296624368,2.182857823093665
87.06313558027799,0.5501833944648216,1.4742214172116395,1.369275604207468,2.1794980753693025
87.11590111699331,0.5505168389463154,1.475279870329671,1.3679885474496762,2.1761592332762953
87.16866665370863,0.5508502834278093,1.476349411027301,1.3667024604391578,2.1728412502648076
87.22143219042395,0.5511837279093031,1.4774300544596675,1.3654173442169155,2.1695440800768204
87.27419772713927,0.5515171723907969,1.4785218160001947,1.3641331998149095,2.1662676767457887
87.3269632638546,0.5518506168722908,1.4796247112408762,1.3628500282561022,2.1630119945962893
87.37972880056991,0.5521840613537846,1.480738755992559,1.3615678305545076,2.1597769882436837
87.43249433728523,0.5525175058352785,1.4818639662852386,1.3602866077152371,2.1565626125937714
87.48525987400055,0.5528509503167722,1.483000358368355,1.3590063607345488,2.1533688228424603
87.53802541071586,0.553184394798266,1.4841479487111002,1.3577270905998915,2.1501955744754264
87.59079094743119,0.55351783927976,1.485306754002729,1.3564487982899534,2.147042823267784
87.6435564841465,0.5538512837612537,1.4864767911528751,1.355171484774709,2.1439105252837636
87.69632202086183,0.5541847282427476,1.4876580772918784,1.3538951510154638,2.1407986368763767
87.74908755757714,0.5545181727242413,1.4888506297711117,1.3526197979649028,2.137707114687105
87.80185309429247,0.5548516172057353,1.4900544661633197,1.3513454265671339,2.1346359156455725
87.85461863100778,0.555185061687229,1.4912696042629605,1.3500720377577367,2.131584996969237
87.90738416772311,0.5555185061687229,1.4924960620865557,1.3487996324638052,2.128554316163072
87.96014970443842,0.5558519506502166,1.493733857873045,1.347528211603997,2.1255438310192623
88.01291524115375,0.5561853951317106,1.4949830100841488,1.3462577760885752,2.1225534996168935
88.06568077786906,0.5565188396132044,1.4962435374047351,1.3449883268194562,2.119583280321654
88.11844631458439,0.5568522840946982,1.497515458743196,1.3437198646902524,2.1166331317855294
88.1712118512997,0.557185728576192,1.4987987932318254,1.3424523905863206,2.113703012946512
88.22397738801503,0.557519173057686,1.50009356022721,1.3411859053848023,2.110792883028302
88.27674292473034,0.5578526175391797,1.5013997793106189,1.3399204099546727,2.107902701540023
88.32950846144567,0.5581860620206736,1.5027174702884059,1.3386559051567817,2.1050324282759294
88.38227399816098,0.5585195065021673,1.5040466531924148,1.3373923918439008,2.1021820233151276
88.43503953487631,0.5588529509836613,1.5053873482803928,1.3361298708607643,2.099351447021292
88.48780507159162,0.559186395465155,1.5067395760364077,1.334868343044117,2.0965406600423933
88.54057060830695,0.5595198399466489,1.5081033571712759,1.3336078092227537,2.093749623310417
88.59333614502226,0.5598532844281426,1.509478712622991,1.332348270217567,2.0909782980411022
88.64610168173759,0.5601867289096365,1.5108656635571653,1.3310897268415873,2.088226645733666
88.6988672184529,0.5605201733911304,1.5122642313674712,1.3298321799000288,2.0854946281705464
88.75163275516823,0.5608536178726242,1.5136744376760958,1.3285756301903298,2.0827822074171385
88.80439829188354,0.561187062354118,1.5150963043341943,1.327320078502199,2.0800893458215395
88.85716382859887,0.5615205068356118,1.5165298534223581,1.3260655256176557,2.0774160060142925
88.90992936531418,0.5618539513171057,1.5179751072510812,1.3248119723110736,2.0747621509081413
88.96269490202951,0.5621873957985996,1.5194320883612413,1.323559419349223,2.072127743697778
89.01546043874482,0.5625208402800933,1.5209008195245788,1.3223078674913136,2.0695127478596054
89.06822597546015,0.5628542847615872,1.5223813237441908,1.3210573174890359,2.0669171271514912
89.12099151217546,0.563187729243081,1.5238736242550237,1.319807770086604,2.0643408456125387
89.17375704889079,0.5635211737245749,1.52537774452438,1.3185592260207966,2.0617838675628475
89.2265225856061,0.5638546182060686,1.5268937082524232,1.3173116860210003,2.05924615760329
89.27928812232143,0.5641880626875625,1.528421539372699,1.3160651508092494,2.056727680615279
89.33205365903675,0.5645215071690564,1.5299612620526528,1.3148196211002687,2.0542284017605543
89.38481919575207,0.5648549516505502,1.5315129006941628,1.313575097601513,2.0517482864809544
89.43758473246739,0.565188396132044,1.5330764799340721,1.3123315810132115,2.049287300498209
89.49035026918271,0.5655218406135378,1.5346520246447353,1.3110890720284039,2.046845409813723
89.54311580589803,0.5658552850950317,1.5362395599345624,1.3098475713329867,2.044422580708372
89.59588134261335,0.5661887295765256,1.5378391111485792,1.308607079605749,2.042018779742293
89.64864687932867,0.5665221740580193,1.539450703868985,1.3073675975184167,2.0396339737546896
89.701412416044,0.5668556185395132,1.5410743639157252,1.3061291257356902,2.0372681298636297
89.7541779527593,0.567189063021007,1.5427101173470632,1.3048916649152862,2.0349212154658565
89.80694348947463,0.5675225075025009,1.5443579904601665,1.3036552157079773,2.0325931982365946
89.85970902618995,0.5678559519839946,1.546018009791691,1.302419778757632,2.030284046129367
89.91247456290527,0.5681893964654885,1.5476902021183805,1.3011853547012537,2.02799372737581
89.96524009962059,0.5685228409469824,1.5493745944576658,1.2999519441690224,2.025722210485499
90.01800563633591,0.5688562854284762,1.5510712140682765,1.298719547784331,2.023469464245766
90.07077117305123,0.56918972990997,1.552780088450854,1.2974881661638278,2.021235457721536
90.12353670976654,0.5695231743914637,1.5545012453485758,1.2962577999174534,2.019020160255155
90.17630224648187,0.5698566188729577,1.5562347127477842,1.295028449648481,2.0168235414662274
90.22906778319718,0.5701900633544514,1.5579805188786213,1.2938001159535553,2.0146455712514566
90.28183331991251,0.5705235078359453,1.5597386922156742,1.2925727994227296,2.0124862197844857
90.33459885662782,0.570856952317439,1.561509261478621,1.2913465006395075,2.0103454575157516
90.38736439334315,0.571190396798933,1.5632922556328916,1.2901212201808776,2.0082232551723274
90.44012993005846,0.5715238412804268,1.5650877038903273,1.2888969586173553,2.006119583757787
90.49289546677379,0.5718572857619206,1.5668956357098536,1.2876737165130183,2.004034414552056
90.5456610034891,0.5721907302434144,1.568716080798155,1.2864514944255467,2.0019677191112812
90.59842654020443,0.5725241747249084,1.570549069110362,1.285230292906259,1.9999194692676916
90.65119207691974,0.5728576192064021,1.5723946308507382,1.2840101125001517,1.9978896371294745
90.70395761363507,0.573191063687896,1.574252796473382,1.2827909537459354,1.9958781950806455
90.75672315035038,0.5735245081693897,1.5761235966829277,1.2815728171760734,1.993885115780931
90.80948868706571,0.5738579526508836,1.5780070624352616,1.280355703316818,1.9919103721656464
90.86225422378102,0.5741913971323774,1.5799032249382357,1.2791396126882488,1.9899539374455868
90.91501976049635,0.5745248416138713,1.5818121156523988,1.277924545804309,1.9880157851069133
90.96778529721166,0.574858286095365,1.583733766291724,1.276710503172842,1.9860958889110516
91.02055083392699,0.5751917305768589,1.5856682088243539,1.2754974852956296,1.9841942228945855
91.0733163706423,0.5755251750583528,1.587615475473342,1.2742854926684275,1.9823107613691637
91.12608190735763,0.5758586195398466,1.5895755987174127,1.2730745257810014,1.9804454789214028
91.17884744407294,0.5761920640213404,1.591548611291716,1.2718645851171657,1.9785983504128002
91.23161298078827,0.5765255085028342,1.5935345461886021,1.270655671154816,1.9767693509796456
91.28437851750358,0.5768589529843281,1.5955334366583915,1.2694477843659693,1.9749584560329432
91.33714405421891,0.577192397465822,1.5975453162101612,1.268240925216796,1.97316564125833
91.38990959093422,0.5775258419473157,1.5995702186125313,1.2670350941676605,1.9713908826160067
91.44267512764955,0.5778592864288096,1.6016081778944662,1.2658302916731514,1.9696341563406645
91.49544066436486,0.5781927309103034,1.603659228346073,1.2646265181821217,1.9678954389414238
91.54820620108019,0.5785261753917973,1.60572340451942,1.2634237741377214,1.966174707201769
91.6009717377955,0.578859619873291,1.6078007412293471,1.262222059977435,1.9644719381794964
91.65373727451083,0.5791930643547849,1.6098912735543005,1.261021376133114,1.9627871092066562
91.70650281122614,0.5795265088362788,1.6119950368371578,1.259821723031015,1.9611201978895094
91.75926834794147,0.5798599533177726,1.6141120666860755,1.2586231010918318,1.959471182108479
91.81203388465678,0.5801933977992664,1.6162423989753314,1.257425510730733,1.957840040018113
91.86479942137211,0.5805268422807602,1.6183860698461852,1.256228952357394,1.9562267500470465
91.91756495808742,0.5808602867622541,1.620543115707735,1.2550334263760334,1.9546312908979715
91.97033049480275,0.581193731243748,1.6227135732377942,1.2538389331854465,1.9530536415476076
92.02309603151807,0.5815271757252417,1.6248974793837634,1.2526454731790402,1.9514937812466826
92.07586156823339,0.5818606202067356,1.6270948713635194,1.2514530467448666,1.9499516895199085
92.1286271049487,0.5821940646882294,1.6293057866663048,1.250261654265658,1.948427346165972
92.18139264166403,0.5825275091697233,1.6315302630536312,1.2490712961188588,1.94692073125752
92.23415817837935,0.582860953651217,1.6337683385601827,1.2478819726766621,1.945431825141158
92.28692371509467,0.5831943981327109,1.636020051494736,1.246693684306041,1.9439606084374434
92.33968925180999,0.5835278426142048,1.6382854404410778,1.2455064313687834,1.9425070620408942
92.39245478852531,0.5838612870956986,1.6405645442589405,1.2443202142215248,1.941071167119991
92.44522032524063,0.5841947315771924,1.6428574020849345,1.2431350332157827,1.939652905117192
92.49798586195595,0.5845281760586862,1.6451640533335001,1.2419508886979878,1.9382522577489474
92.55075139867127,0.5848616205401801,1.6474845376978544,1.2407677810095195,1.9368692070057205
92.6035169353866,0.585195065021674,1.6498188951509583,1.239585710486736,1.9355037351520115
92.6562824721019,0.5855285095031677,1.6521671659464792,1.2384046774610111,1.9341558247263886
92.70904800881722,0.5858619539846615,1.6545293906197736,1.2372246822587623,1.9328254585415205
92.76181354553255,0.5861953984661554,1.6569056099888673,1.236045725201486,1.931512619684214
92.81457908224786,0.5865288429476492,1.6592958651554477,1.2348678066057912,1.9302172915154596
92.86734461896319,0.586862287429143,1.6617001975058667,1.233690926783428,1.9289394576704748
92.9201101556785,0.5871957319106368,1.664118648712144,1.2325150860413236,1.92767910205876
92.97287569239383,0.5875291763921306,1.6665512607329875,1.2313402846816124,1.9264362088641511
93.02564122910914,0.5878626208736245,1.6689980758148129,1.2301665230016685,1.9252107625448838
93.07840676582447,0.5881960653551184,1.671459136492778,1.228993801294137,1.9240027478336559
93.13117230253978,0.5885295098366121,1.6739344855918201,1.2278221198469679,1.9228121497377006
93.18393783925511,0.588862954318106,1.6764241662277062,1.226651478943444,1.9216389535388585
93.23670337597042,0.5891963987995998,1.6789282218080845,1.2254818788622164,1.9204831447936588
93.28946891268575,0.5895298432810937,1.6814466960335528,1.224313319877333,1.9193447093334017
93.34223444940106,0.5898632877625875,1.6839796328987255,1.2231458022582724,1.918223633264249
93.39499998611639,0.5901967322440813,1.6865270766933176,1.2219793262699716,1.9171199029673152
93.4477655228317,0.5905301767255752,1.689089072003228,1.2208138921728608,1.9160335050987678
93.50053105954703,0.590863621207069,1.6916656637116416,1.2196495002228922,1.9149644265899275
93.55329659626234,0.5911970656885628,1.694256897000126,1.2184861506715714,1.9139126546473784
93.60606213297767,0.5915305101700566,1.696862817349752,1.217323843765988,1.9128781767530778
93.65882766969298,0.5918639546515505,1.6994834705422066,1.2161625797488465,1.9118609806644749
93.71159320640831,0.5921973991330444,1.70211890266093,1.2150023588584966,1.9108610544146307
93.76435874312362,0.5925308436145381,1.7047691600922446,1.2138431813289643,1.909878386312347
93.81712427983895,0.592864288096032,1.7074342895265089,1.2126850473899806,1.9089129649422951
93.86988981655426,0.5931977325775258,1.7101143379592636,1.2115279572670143,1.907964779165154
93.92265535326959,0.5935311770590197,1.712809352692402,1.210371911181299,1.9070338181177497
93.9754208899849,0.5938646215405134,1.7155193813353333,1.209216909349866,1.9061200712132031
94.02818642670023,0.5941980660220073,1.718244471806169,1.2080629519855715,1.9052235281410785
94.08095196341554,0.5945315105035012,1.7209846723329039,1.2069100392971293,1.9043441788675408
94.13371750013087,0.594864954984995,1.7237400314546198,1.2057581714891377,1.9034820136355153
94.18648303684618,0.5951983994664888,1.7265105980226834,1.2046073487621112,1.9026370229648535
94.23924857356151,0.5955318439479826,1.729296421201966,1.203457571312508,1.901809197652503
94.29201411027682,0.5958652884294765,1.7320975504720602,1.2023088393327621,1.9009985287726838
94.34477964699215,0.5961987329109704,1.7349140356285162,1.2011611530113089,1.9002050076770678
94.39754518370746,0.5965321773924641,1.7377459267840758,1.2000145125326183,1.8994286259949646
94.45031072042279,0.596865621873958,1.7405932743699266,1.1988689180772203,1.8986693756335111
94.5030762571381,0.5971990663554518,1.743456129136953,1.1977243698217366,1.8979272487778684
94.55584179385343,0.5975325108369457,1.746334542157008,1.1965808679389074,1.8972022378914204
94.60860733056874,0.5978659553184394,1.7492285648241817,1.1954384125976223,1.8964943357159814
94.66137286728407,0.5981993997999333,1.7521382488560913,1.1942970039629461,1.8958035352720042
94.71413840399939,0.5985328442814272,1.755063646295167,1.1931566421961508,1.8951298298587982
94.76690394071471,0.598866288762921,1.7580048095099596,1.192017327454741,1.8944732130547488
94.81966947743003,0.5991997332444148,1.7609617911964455,1.1908790598924843,1.893833678717544
94.87243501414535,0.5995331777259086,1.7639346443793507,1.1897418396594377,1.8932112209844045
94.92520055086067,0.5998666222074025,1.7669234224134738,1.1886056669019787,1.892605834272322
94.977966087576,0.6002000666888964,1.76992817898503,1.1874705417628293,1.8920175132782981
95.0307316242913,0.6005335111703901,1.772948968112991,1.1863364643810879,1.891446252979594
95.08349716100663,0.600866955651884,1.7759858441504464,1.1852034348922547,1.890892048633979
95.13626269772195,0.6012004001333778,1.7790388617859634,1.1840714534282606,1.8903548957799914
95.18902823443727,0.6015338446148717,1.782108076044966,1.1829405201174936,1.8898347902371975
95.24179377115259,0.6018672890963654,1.7851935422911132,1.181810635084829,1.8893317281064619
95.2945593078679,0.6022007335778592,1.7882953162276964,1.1806817984516536,1.8888457057702195
95.34732484458323,0.602534178059353,1.7914134538990394,1.1795540103358952,1.8883767198927532
95.40009038129854,0.6028676225408469,1.7945480116919066,1.17842727085205,1.8879247674204798
95.45285591801387,0.6032010670223408,1.7976990463369298,1.1773015801112081,1.8874898455822364
95.50562145472918,0.6035345115038345,1.8008666149100323,1.176176938221083,1.887071951889577
95.55838699144451,0.6038679559853284,1.8040507748338745,1.175053345286036,1.8866710841370715
95.61115252815982,0.6042014004668222,1.8072515838792962,1.1739308014071064,1.886287240402611
95.66391806487515,0.6045348449483161,1.8104691001667825,1.1728093066820342,1.885920419047718
95.71668360159046,0.6048682894298099,1.813703382167926,1.171688861205291,1.8855706187178645
95.76944913830579,0.6052017339113037,1.8169544887069096,1.1705694650681033,1.8852378383427912
95.8222146750211,0.6055351783927976,1.820222478961989,1.1694511183584821,1.8849220771368367
95.87498021173643,0.6058686228742914,1.8235074124669959,1.1683338211612466,1.8846233345992693
95.92774574845174,0.6062020673557852,1.8268093491128388,1.167217573558053,1.8843416105146253
95.98051128516707,0.606535511837279,1.8301283491490263,1.1661023756274183,1.8840769049530528
96.03327682188238,0.6068689563187729,1.8334644731851872,1.1649882274447492,1.883829218270661
96.08604235859771,0.6072024008002668,1.8368177821926137,1.163875129082366,1.883598551109876
96.13880789531302,0.6075358452817605,1.8401883375058006,1.1627630806095306,1.8833849043998003
96.19157343202835,0.6078692897632544,1.8435762008240097,1.1616520820924705,1.8831882793565797
96.24433896874366,0.6082027342447482,1.8469814342128286,1.1605421335944068,1.8830086774837749
96.29710450545899,0.6085361787262421,1.8504041001057536,1.1594332351755778,1.8828461005727395
96.3498700421743,0.6088696232077359,1.8538442613057702,1.1583253868932666,1.8827005507030028
96.40263557888963,0.6092030676892297,1.8573019809869562,1.1572185888018252,1.8825720302426594
96.45540111560494,0.6095365121707236,1.8607773226960818,1.1561128409527015,1.8824605418487637
96.50816665232027,0.6098699566522174,1.8642703503542328,1.1550081433944637,1.8823660884677296
96.56093218903558,0.6102034011337112,1.8677811282584325,1.1539044961728262,1.8822886733357387
96.61369772575091,0.610536845615205,1.871309721083284,1.1528018993306746,1.8822282999791509
96.66646326246622,0.6108702900966989,1.8748561938826136,1.1517003529080916,1.8821849722149229
96.71922879918155,0.6112037345781928,1.8784206120911335,1.1505998569423803,1.882158694151032
96.77199433589686,0.6115371790596865,1.8820030415261058,1.1495004114680927,1.8821494701869055
96.82475987261219,0.6118706235411804,1.8856035483890268,1.1484020165170505,1.8821573050138567
96.8775254093275,0.6122040680226742,1.8892221992673106,1.1473046721183735,1.8821822036155265
96.93029094604283,0.6125375125041681,1.8928590611359963,1.1462083782985022,1.8822241712683299
96.98305648275814,0.6128709569856619,1.8965142013594514,1.145113135081224,1.882283213541911
97.03582201947347,0.6132044014671557,1.9001876876931008,1.1440189424876965,1.8823593362996007
97.08858755618878,0.6135378459486496,1.903879588285151,1.1429258005364737,1.882452545698883
97.14135309290411,0.6138712904301434,1.9075899716783409,1.1418337092435287,1.8825628481918666
97.19411862961942,0.6142047349116372,1.9113189068116878,1.1407426686222801,1.8826902505257617
97.24688416633475,0.614538179393131,1.91506646302226,1.1396526786836145,1.8828347597433641
97.29964970305006,0.6148716238746249,1.9188327100469431,1.1385637394359123,1.882996383183544
97.35241523976539,0.6152050683561188,1.9226177180242352,1.1374758508850704,1.883175128481743
97.4051807764807,0.6155385128376125,1.9264215574960362,1.1363890130345287,1.8833710035704752
97.45794631319603,0.6158719573191064,1.9302442994094628,1.1353032258852906,1.8835840166798352
97.51071184991135,0.6162054018006001,1.934086015118662,1.1342184894359513,1.8838141763380125
97.56347738662667,0.6165388462820941,1.937946776386647,1.1331348036827176,1.884061491371812
97.61624292334199,0.6168722907635878,1.9418266553871322,1.132052168619435,1.8843259709071807
97.66900846005731,0.6172057352450817,1.9457257247063942,1.130970584237609,1.8846076243697403
97.72177399677263,0.6175391797265755,1.9496440573451264,1.1298900505264313,1.8849064614853273
97.77453953348794,0.6178726242080693,1.953581726720323,1.1288105674728006,1.8852224922805367
97.82730507020327,0.6182060686895632,1.9575388066671615,1.1277321350613483,1.8855557270832766
97.88007060691858,0.6185395131710569,1.9615153714408977,1.1266547532744617,1.8859061765233234
97.9328361436339,0.6188729576525508,1.965511495718783,1.1255784220923062,1.8862738515328887
97.98560168034922,0.6192064021340447,1.9695272546019764,1.1245031414928501,1.8866587633471887
98.03836721706455,0.6195398466155385,1.9735627236174864,1.1234289114518874,1.8870609235050229
98.09113275377986,0.6198732910970323,1.9776179787201054,1.1223557319430606,1.8874803438493568
98.14389829049519,0.6202067355785261,1.9816930962943744,1.1212836029378839,1.8879170365279128
98.1966638272105,0.62054018006002,1.985788153156543,1.1202125244057675,1.8883710139937668
98.24942936392583,0.6208736245415138,1.989903226556555,1.1191424963140382,1.8888422890059524
98.30219490064114,0.6212070690230076,1.9940383941800333,1.1180735186279656,1.8893308746300685
98.35496043735647,0.6215405135045015,1.9981937341502891,1.1170055913107815,1.889836784238899
98.40772597407178,0.6218739579859953,2.0023693250303296,1.1159387143237058,1.8903600315130327
98.46049151078711,0.6222074024674892,2.006565245824892,1.1148728876259668,1.8909006304414948
98.51325704750242,0.6225408469489829,2.010781575982476,1.1138081111748261,1.8914585953223828
98.56602258421775,0.6228742914304768,2.0150183953973992,1.1127443849255991,1.8920339407635098
98.61878812093306,0.6232077359119707,2.0192757844118554,1.1116817088316793,1.8926266816830533
98.67155365764839,0.6235411803934645,2.0235538238179953,1.1106200828445594,1.8932368333102123
98.7243191943637,0.6238746248749583,2.027852594860007,1.109559506913855,1.8938644111858702
98.77708473107903,0.6242080693564521,2.032172179236222,1.1084999809873262,1.8945094311632653
98.82985026779434,0.624541513837946,2.0365126591012217,1.1074415050109003,1.895171909408666
98.88261580450967,0.6248749583194398,2.0408741170679674,1.1063840789286934,1.895851862402057
98.93538134122498,0.6252084028009336,2.0452566362099276,1.1053277026830337,1.8965493069378265
98.98814687794031,0.6255418472824275,2.0496603000632394,1.1042723762144824,1.8972642601254661
99.04091241465562,0.6258752917639213,2.054085192628858,1.1032180994618568,1.8979967393902735
99.09367795137095,0.6262087362454152,2.058531398374741,1.1021648723622517,1.8987467624740648
99.14644348808626,0.6265421807269089,2.0629990022380267,1.1011126948510621,1.8995143474358913
99.19920902480159,0.6268756252084028,2.0674880896272425,1.1000615668620035,1.9002995126527658
99.2519745615169,0.6272090696898966,2.071998746424506,1.099011488327136,1.9011022768203933
99.30474009823223,0.6275425141713905,2.0765310589877632,1.0979624591768837,1.9019226589539127
99.35750563494754,0.6278759586528843,2.0810851141530144,1.096914479340059,1.902760678388639
99.41027117166287,0.6282094031343781,2.0856609992365747,1.0958675487438811,1.9036163547808211
99.46303670837818,0.628542847615872,2.0902588020373285,1.0948216673140017,1.9044897081083987
99.51580224509351,0.6288762920973658,2.0948786108390185,1.0937768349745218,1.9053807586717717
99.56856778180882,0.6292097365788596,2.0995205144125206,1.092733051648018,1.9062895270945748
99.62133331852415,0.6295431810603535,2.104184602018163,1.0916903172555599,1.9072160343244589
99.67409885523946,0.6298766255418472,2.108870963408028,1.090648631716734,1.9081603016338804
99.72686439195479,0.6302100700233412,2.1135796888282936,1.0896079949496644,1.909122350620899
99.7796299286701,0.6305435145048349,2.118310869021567,1.0885684068710335,1.910102203209979
99.83239546538543,0.6308769589863288,2.1230645952292475,1.087529867396104,1.9110998816528033
99.88516100210074,0.6312104034678225,2.1278409591938923,1.0864923764387397,1.9121154085290892
99.93792653881607,0.6315438479493165,2.1326400531616034,1.0854559339114267,1.9131488067474163
99.99069207553138,0.6318772924308103,2.137461969884418,1.084420539725295,1.9142000995460582
100.04345761224671,0.6322107369123041,2.1423068026227288,1.0833861937901381,1.9152693104938245
100.09622314896203,0.6325441813937979,2.147174645147696,1.0823528960144362,1.9163564634909076
100.14898868567735,0.6328776258752918,2.152065591743697,1.0813206463053742,1.9174615827697405
100.20175422239267,0.6332110703567856,2.1569797372107673,1.0802894445688658,1.918584692895857
100.25451975910799,0.6335445148382794,2.161917176867076,1.079259290709572,1.919725818768765
100.3072852958233,0.6338779593197732,2.166878006551395,1.078230184630923,1.9208849856228234
100.36005083253862,0.6342114038012671,2.1718623226256013,1.0772021262351386,1.922062219028129
100.41281636925395,0.6345448482827609,2.17687022197718,1.076175115423248,1.9232575448914095
100.46558190596926,0.6348782927642547,2.1819018020217427,1.0751491520951133,1.9244709894569247
100.51834744268459,0.6352117372457485,2.1869571607055716,1.0741242361494459,1.925702579307376
100.5711129793999,0.6355451817272424,2.192036396508159,1.073100367483831,1.9269523413648224
100.62387851611523,0.6358786262087363,2.1971396084447816,1.0720775459947454,1.928220302891606
100.67664405283054,0.63621207069023,2.2022668960690686,1.07105577157758,1.9295064914912832
100.72940958954587,0.6365455151717239,2.2074183594756045,1.0700350441266573,1.930810935109566
100.78217512626118,0.6368789596532177,2.2125940993025273,1.0690153635352562,1.932133662035268
100.8349406629765,0.6372124041347116,2.217794216734159,1.0679967296956272,1.9334747009012638
100.88770619969182,0.6375458486162053,2.2230188135036317,1.0669791424990176,1.9348340806854487
100.94047173640715,0.6378792930976992,2.228267991895551,1.0659626018356874,1.9362118307117138
100.99323727312246,0.6382127375791931,2.2335418547486467,1.064947107594933,1.9376079806509232
101.04600280983779,0.6385461820606869,2.2388405054584704,1.0639326596651046,1.9390225605219042
101.0987683465531,0.6388796265421807,2.2441640479800737,1.062919257933629,1.9404556006924407
101.15153388326843,0.6392130710236745,2.249512586830734,1.0619069022870269,1.9419071318802803
101.20429941998374,0.6395465155051684,2.2548862270926646,1.0608955926109354,1.9433771851541422
101.25706495669907,0.6398799599866623,2.260285074415769,1.0598853287901253,1.944865791934741
101.30983049341438,0.640213404468156,2.2657092350203847,1.0588761107085247,1.946372983995813
101.36259603012971,0.6405468489496499,2.2711588157000624,1.0578679382492353,1.9478987934651548
101.41536156684502,0.6408802934311437,2.2766339238243436,1.0568608112945543,1.9494432528256649
101.46812710356035,0.6412137379126376,2.2821346673415692,1.0558547297259935,1.9510063949164007
101.52089264027566,0.6415471823941313,2.287661154781688,1.0548496934243001,1.9525882529336367
101.57365817699099,0.6418806268756252,2.293213495259097,1.0538457022694747,1.9541888604319366
101.6264237137063,0.642214071357119,2.2987917984754795,1.0528427561407927,1.9558082513252293
101.67918925042163,0.6425475158386129,2.3043961747226764,1.0518408549168228,1.9574464598878987
101.73195478713694,0.6428809603201067,2.3100267348855548,1.050839998475448,1.959103520755875
101.78472032385227,0.6432144048016005,2.315683590444913,1.0498401866938833,1.960779468927741
101.83748586056758,0.6435478492830944,2.3213668534803786,1.0488414194486975,1.9624743397658424
101.89025139728291,0.6438812937645882,2.327076636673346,1.0478436966158302,1.964188168997411
101.94301693399822,0.644214738246082,2.3328130533099047,1.0468470180706144,1.9659209927156893
101.99578247071355,0.6445481827275759,2.33857621728381,1.0458513836877927,1.9676728473810743
102.04854800742886,0.6448816272090696,2.3443662430994427,1.0448567933415398,1.9694437698222576
102.10131354414419,0.6452150716905636,2.350183245874812,1.0438632469054787,1.971233797237387
102.1540790808595,0.6455485161720573,2.356027341344548,1.0428707442527039,1.9730429671952243
102.20684461757483,0.6458819606535512,2.3618986458629347,1.0418792852557965,1.9748713176363233
102.25961015429014,0.6462154051350449,2.3677972764069377,1.0408888697868477,1.9767188868742065
102.31237569100547,0.6465488496165389,2.373723350579269,1.0398994977174743,1.9785857135965603
102.36514122772078,0.6468822940980327,2.379676986611446,1.038911168918841,1.9804718368664291
102.41790676443611,0.6472157385795265,2.3856583033668906,1.0379238832616775,1.982377296123428
102.47067230115142,0.6475491830610203,2.391667420344021,1.0369376406162993,1.9843021311849556
102.52343783786675,0.6478826275425142,2.397704457679384,1.035952440852625,1.9862463822474241
102.57620337458206,0.648216072024008,2.403769536150778,1.0349682838401981,1.9882100898874904
102.62896891129739,0.6485495165055019,2.409862777180424,1.0339851694482027,1.9901932950633037
102.6817344480127,0.6488829609869956,2.4159843028381163,1.0330030975454858,1.9921960391157554
102.73449998472803,0.6492164054684896,2.4221342358444287,1.032022068000574,1.9942183637697446
102.78726552144335,0.6495498499499833,2.4283126995739024,1.0310420806816942,1.9962603111354458
102.84003105815867,0.6498832944314772,2.434519818058282,1.0300631354567915,1.998321923709594
102.89279659487399,0.6502167389129709,2.4407557159897393,1.0290852321935486,2.0004032443767694
102.9455621315893,0.6505501833944648,2.4470205187241416,1.0281083707594045,2.0025043164107017
102.99832766830463,0.6508836278759587,2.4533143522843193,1.0271325510215736,2.004625183475575
103.05109320501994,0.6512170723574524,2.4596373433633496,1.0261577728470652,2.0067658896273466
103.10385874173527,0.6515505168389463,2.4659896193278774,1.0251840361027005,2.0089264793150745
103.15662427845058,0.6518839613204401,2.472371308221425,1.024211340655134,2.0111069973822535
103.2093898151659,0.652217405801934,2.4787825387677493,1.0232396863708704,2.013307489068162
103.26215535188122,0.6525508502834277,2.485223440374187,1.0222690731162838,2.0155280000092164
103.31492088859655,0.6528842947649216,2.491694143135045,1.021299500757637,2.0177685762403375
103.36768642531186,0.6532177392464155,2.4981947778349842,1.0203309691611002,2.020029264196323
103.42045196202719,0.6535511837279093,2.504725475952444,1.0193634781927685,2.0223101107132364
103.4732174987425,0.6538846282094031,2.511286369663061,1.018397027718683,2.024611163029794
103.52598303545783,0.6542180726908969,2.5178775918431295,1.0174316176048461,2.026932468788775
103.57874857217314,0.6545515171723908,2.5244992760730556,1.0164672477172443,2.0292740760384302
103.63151410888847,0.6548849616538847,2.531151556640855,1.015503917921863,2.03163603323391
103.68427964560378,0.6552184061353784,2.537834568545643,1.0145416280847077,2.034018389238691
103.73704518231911,0.6555518506168723,2.5445484475011693,1.0135803780718213,2.036421193326026
103.78981071903442,0.6558852950983661,2.55129332993934,1.0126201677493036,2.038844495180389
103.84257625574975,0.65621873957986,2.5580693530137952,1.0116609969833283,2.0412883448989443
103.89534179246506,0.6565521840613537,2.5648766546034656,1.010702865640164,2.043752792993015
103.94810732918039,0.6568856285428476,2.5717153733161826,1.0097457735861903,2.046237890389569
104.0008728658957,0.6572190730243415,2.578585648492278,1.008789720687918,2.048743688432707
104.05363840261103,0.6575525175058353,2.585487620208229,1.0078347068120062,2.051270238885171
104.10640393932634,0.6578859619873291,2.5924214292802943,1.0068807318252828,2.053817593929851
104.15916947604167,0.6582194064688229,2.5993872172681978,1.0059277955947603,2.0563858061713134
104.21193501275698,0.6585528509503167,2.6063851264788,1.0049758979876573,2.0589749286373302
104.26470054947231,0.6588862954318107,2.613415299969822,1.0040250388714136,2.061585014780426
104.31746608618762,0.6592197399133044,2.6204778815535543,1.0030752181137121,2.064216118479428
104.37023162290295,0.6595531843947983,2.6275730158006168,1.0021264355824937,2.066868294041034
104.42299715961826,0.659886628876292,2.634700848043708,1.0011786911459792,2.069541596201383
104.47576269633359,0.660220073357786,2.641861524381403,1.0002319846726848,2.0722360801276434
104.5285282330489,0.6605535178392797,2.6490551916819394,0.9992863160314422,2.0749518014196062
104.58129376976423,0.6608869623207736,2.6562819975870537,0.9983416850914161,2.077688816111293
104.63405930647954,0.6612204068022673,2.6635420905158087,0.9973980917221231,2.0804471806725693
104.68682484319487,0.6615538512837613,2.670835619668468,0.9964555357934496,2.0832269520107745
104.73959037991018,0.6618872957652551,2.6781627350303587,0.9955140171756707,2.0860281874723574
104.79235591662551,0.6622207402467489,2.685523587375789,0.9945735357394675,2.088850944844527
104.84512145334082,0.6625541847282427,2.6929183282719484,0.993634091355947,2.0916952823569073
104.89788699005615,0.6628876292097367,2.7003471100828653,0.9926956838966586,2.0945612586832123
104.95065252677146,0.6632210736912304,2.707810085973347,0.9917583132336141,2.097448932942921
105.00341806348679,0.6635545181727243,2.7153074099129744,0.990821979239304,2.100358364702975
105.0561836002021,0.663887962654218,2.722839236680085,0.9898866817867182,2.1032896139794737
105.10894913691743,0.6642214071357119,2.730405721865806,0.9889524207493622,2.1062427412393943
105.16171467363274,0.6645548516172057,2.738007021878077,0.9880191960012766,2.1092178074023105
105.21448021034807,0.6648882960986996,2.745643293945725,0.9870870074170545,2.112214873842132
105.26724574706338,0.6652217405801933,2.7533146961225246,0.9861558548718606,2.115234002388846
105.32001128377871,0.6655551850616872,2.7610213872913154,0.9852257382414487,2.118275255330281
105.37277682049402,0.6658886295431811,2.7687635271681037,0.9842966574021806,2.121338695413867
105.42554235720935,0.6662220740246749,2.7765412763062174,0.9833686122310437,2.124424385848424
105.47830789392466,0.6665555185061687,2.7843547961004513,0.9824416026056697,2.1275323903059444
105.53107343063998,0.6668889629876625,2.7922042487912604,0.9815156284043528,2.1306627729234027
105.5838389673553,0.6672224074691564,2.800089797468955,0.9805906895060671,2.133815598304564
105.63660450407062,0.6675558519506501,2.8080116060779177,0.9796667857904866,2.136990931521809
105.68937004078595,0.667889296432144,2.815969839420858,0.9787439171380014,2.1401888381179743
105.74213557750126,0.6682227409136379,2.8239646631630597,0.9778220834297376,2.143409384108194
105.79490111421659,0.6685561853951317,2.831996243836683,0.976901284547574,2.146652635981766
105.8476666509319,0.6688896298766255,2.8400647488450503,0.9759815203741619,2.1499186607040137
105.90043218764723,0.6692230743581193,2.8481703464669907,0.9750627907929416,2.1532075257181797
105.95319772436254,0.6695565188396132,2.856313205861169,0.9741450956881625,2.156519298947308
106.00596326107787,0.6698899633211071,2.8644934970704723,0.9732284349448997,2.1598540487961584
106.05872879779318,0.6702234078026008,2.8727113910263795,0.9723128084490733,2.163211844153118
106.1114943345085,0.6705568522840947,2.8809670595533925,0.9713982160874655,2.1665927543921355
106.16425987122382,0.6708902967655885,2.8892606753734467,0.9704846577477403,2.169996849374656
106.21702540793915,0.6712237412470824,2.8975924121103858,0.9695721333184601,2.1734241994515804
106.26979094465446,0.6715571857285761,2.9059624442944156,0.9686606426891059,2.1768748754652223
106.32255648136979,0.67189063021007,2.9143709473666184,0.9677501857500931,2.180348948751294
106.3753220180851,0.6722240746915638,2.922818097683454,0.966840762392792,2.1838464911408852
106.42808755480043,0.6725575191730577,2.931304072521317,0.9659323725095443,2.1873675749624715
106.48085309151574,0.6728909636545515,2.9398290500810766,0.9650250159936831,2.1909122730439217
106.53361862823107,0.6732244081360453,2.9483932094926817,0.9641186927395489,2.1944806587145265
106.58638416494638,0.6735578526175391,2.956996730819744,0.9632134026425102,2.1980728058070316
106.63914970166171,0.6738912970990331,2.9656397950641837,0.96230914559898,2.201688788659692
106.69191523837702,0.6742247415805268,2.974322584170859,0.9614059215064351,2.205328682118326
106.74468077509235,0.6745581860620207,2.9830452810322567,0.9605037302634335,2.2089925615383974
106.79744631180766,0.6748916305435144,2.9918080694931617,0.9596025717696343,2.212680502787095
106.85021184852299,0.6752250750250084,3.0006111343553936,0.9587024459258133,2.216392582245435
106.9029773852383,0.6755585195065021,3.0094546613825233,0.9578033526338844,2.2201288768103686
106.95574292195363,0.675891963987996,3.01833883730465,0.9569052917969152,2.2238894638969104
107.00850845866894,0.6762254084694898,3.027263849823164,0.9560082633191476,2.227674421440267
107.06127399538427,0.6765588529509837,3.0362298876155673,0.9551122671060138,2.231483827897995
107.11403953209958,0.6768922974324775,3.0452371403402823,0.9542173030641573,2.235317762252152
107.16680506881491,0.6772257419139713,3.054285798641517,0.9533233711014483,2.239176304011479
107.21957060553022,0.6775591863954651,3.063376054154117,0.9524304711270047,2.243059533213581
107.27233614224555,0.6778926308769591,3.0725080995084797,0.951538603051209,2.2469675304271317
107.32510167896086,0.6782260753584528,3.0816821283354456,0.950647766785727,2.2509003767540787
107.37786721567619,0.6785595198399467,3.0908983352712607,0.949757962243526,2.254858153831877
107.4306327523915,0.6788929643214404,3.1001569159625157,0.9488691893388943,2.258840943835718
107.48339828910683,0.6792264088029343,3.10945806707115,0.9479814479874575,2.2628488294807894
107.53616382582214,0.6795598532844281,3.1188019862794376,0.9470947381061995,2.26688189402453
107.58892936253747,0.679893297765922,3.1281888722950355,0.9462090596134786,2.2709402212689156
107.64169489925278,0.6802267422474157,3.137618924856018,0.9453244124290477,2.2750238955627404
107.69446043596811,0.6805601867289096,3.147092344735969,0.9444407964740718,2.279133001803928
107.74722597268342,0.6808936312104035,3.156609333749064,0.9435582116711471,2.283267625441841
107.79999150939875,0.6812270756918973,3.1661700947552056,0.9426766579443188,2.2874278524796163
107.85275704611406,0.6815605201733911,3.1757748316651515,0.9417961352191007,2.2916137694765024
107.90552258282939,0.6818939646548849,3.1854237494457007,0.9409166434224923,2.2958254635502224
107.9582881195447,0.6822274091363788,3.195117054124863,0.9400381824829991,2.3000630223793355
108.01105365626003,0.6825608536178727,3.2048549527970933,0.9391607523306494,2.304326534205628
108.06381919297534,0.6828942980993664,3.2146376536285075,0.9382843528970148,2.308616087836502
108.11658472969066,0.6832277425808603,3.2244653658621605,0.937408984115227,2.312931772647392
108.16935026640598,0.6835611870623541,3.234338299823322,0.9365346459199971,2.3172736785841868
108.2221158031213,0.6838946315438479,3.244256666924775,0.9356613382476356,2.321641896165661
108.27488133983663,0.6842280760253417,3.2542206796721636,0.9347890610360686,2.3260365164859347
108.32764687655194,0.6845615205068356,3.264230551669326,0.9339178142248591,2.33045763121693
108.38041241326727,0.6848949649883295,3.274286497623692,0.9330475977552233,2.3349053326108558
108.43317794998258,0.6852284094698232,3.284388733351663,0.9321784115700513,2.339379713502693
108.4859434866979,0.6855618539513171,3.2945374757840544,0.9313102556139249,2.343880867312709
108.53870902341322,0.6858952984328109,3.3047329429715253,0.9304431298331368,2.348408888048967
108.59147456012855,0.6862287429143048,3.314975354090068,0.9295770341757088,2.3529638703098694
108.64424009684386,0.6865621873957986,3.3252649294464818,0.9287119685914117,2.3575459092866975
108.69700563355919,0.6868956318772924,3.3356018904839133,0.9278479330317829,2.3621551007661803
108.7497711702745,0.6872290763587862,3.345986459787376,0.926984927450147,2.366791541133062
108.80253670698983,0.6875625208402801,3.356418861089337,0.9261229518016324,2.3714553273727015
108.85530224370514,0.6878959653217739,3.3668993192752845,0.925262006043193,2.376146557073666
108.90806778042047,0.6882294098032677,3.377428060389364,0.9244020901336243,2.3808653284303594
108.96083331713578,0.6885628542847615,3.3880053116399904,0.9235432040335854,2.385611740245644
109.01359885385111,0.6888962987662555,3.398631301405533,0.922685347705615,2.3903858919334984
109.06636439056642,0.6892297432477492,3.4093062592399757,0.9218285211141535,2.395187883521668
109.11912992728175,0.6895631877292431,3.420030415878647,0.9209727242255592,2.400017815654349
109.17189546399706,0.6898966322107368,3.4308040032439324,0.92011795700813,2.4048757895948714
109.22466100071239,0.6902300766922308,3.4416272544510473,0.9192642194321204,2.40976190722841
109.2774265374277,0.6905635211737245,3.452500403813799,0.9184115114697625,2.4146762710646943
109.33019207414303,0.6908969656552184,3.4634236868504087,0.9175598330952836,2.419618984240753
109.38295761085834,0.6912304101367122,3.4743973402893187,0.916709184284927,2.4245901505236507
109.43572314757367,0.6915638546182061,3.4854216020750646,0.9158595650169697,2.4295898743132605
109.48848868428898,0.6918972990996999,3.4964967113741268,0.9150109752717436,2.4346182606450317
109.54125422100431,0.6922307435811937,3.507622908580854,0.9141634150316528,2.439675415192792
109.59401975771962,0.6925641880626875,3.518800435323361,0.9133168842811946,2.4447614442715437
109.64678529443495,0.6928976325441814,3.5300295344694996,0.9124713830069779,2.4498764548402963
109.69955083115026,0.6932310770256752,3.541310450132805,0.9116269111977438,2.455020554504891
109.75231636786559,0.6935645215071691,3.552643427678513,0.9107834688443832,2.4601938515208643
109.8050819045809,0.6938979659886628,3.5640287137295537,0.9099410559399586,2.465396454796303
109.85784744129623,0.6942314104701567,3.575466556172621,0.9090996724797217,2.4706284738947364
109.91061297801154,0.6945648549516505,3.5869572041642095,0.9082593184611346,2.475890019038021
109.96337851472687,0.6948982994331444,3.598500908136731,0.9074199938838879,2.481181201109264
110.01614405144218,0.6952317439146382,3.610097919804603,0.9065816987499221,2.4865021316557385
110.06890958815751,0.695565188396132,3.62174849217041,0.9057444330634453,2.4918529228918356
110.12167512487282,0.6958986328776259,3.63345287953104,0.9049081968309551,2.4972336877020105
110.17444066158815,0.6962320773591197,3.645211337483895,0.9040729900612565,2.5026445396437667
110.22720619830346,0.6965655218406135,3.6570241229330716,0.9032388127654832,2.50808559295063
110.27997173501879,0.6968989663221073,3.6688914940956225,0.9024056649571163,2.513556962535165
110.3327372717341,0.6972324108036012,3.680813710507784,0.9015735466520053,2.51905876399198
110.38550280844943,0.6975658552850951,3.6927910330312805,0.9007424578683869,2.5245911136007733
110.43826834516474,0.6978992997665888,3.704823723859605,0.8999123986269064,2.530154128329369
110.49103388188007,0.6982327442480827,3.716912046524369,0.8990833689506362,2.5357479258367928
110.54379941859538,0.6985661887295765,3.7290562659016286,0.8982553688650975,2.5413726244763435
110.59656495531071,0.6988996332110704,3.7412566482182825,0.8974283983982786,2.5470283432986958
110.64933049202602,0.6992330776925642,3.7535134610584446,0.8966024575806572,2.552715202055002
110.70209602874134,0.699566522174058,3.7658269733698875,0.8957775464452185,2.5584333212000296
110.75486156545666,0.6998999666555519,3.778197455470476,0.8949536650274769,2.5641828218952964
110.80762710217198,0.7002334111370456,3.7906251790546257,0.8941308133654962,2.569963826012226
110.8603926388873,0.7005668556185395,3.8031104171998154,0.8933089914999089,2.5757764561353333
110.91315817560262,0.7009003001000332,3.8156534443730763,0.8924881994739384,2.581620835565398
110.96592371231795,0.7012337445815272,3.8282545364375546,0.8916684373334173,2.587497088322685
111.01868924903326,0.701567189063021,3.8409139706590443,0.89084970512681,2.5934053391501544
111.07145478574859,0.7019006335445148,3.8536320257125998,0.8900320029052315,2.5993457135167066
111.1242203224639,0.7022340780260086,3.8664089816891125,0.8892153307224697,2.6053183376204267
111.17698585917923,0.7025675225075025,3.879245120101968,0.888399688635004,2.611323338391865
111.22975139589454,0.7029009669889963,3.8921407238936716,0.8875850767020282,2.6173608434973064
111.28251693260987,0.7032344114704902,3.90509607744255,0.8867714949854697,2.623430981342089
111.33528246932518,0.7035678559519839,3.91811146656942,0.885958943550011,2.6295338810739035
111.3880480060405,0.7039013004334779,3.931187178544338,0.8851474224631103,2.635669672586142
111.44081354275582,0.7042347449149716,3.9443235020933143,0.8843369317950226,2.641838486521233
111.49357907947115,0.7045681893964655,3.9575207274051043,0.8835274716188205,2.648040454274019
111.54634461618646,0.7049016338779592,3.9707791461379705,0.8827190420104155,2.6542757079951262
111.59911015290179,0.7052350783594532,3.9840990514265178,0.8819116430485786,2.660544380594374
111.6518756896171,0.705568522840947,3.997480737888498,0.8811052748149623,2.6668466057441758
111.70464122633243,0.7059019673224408,4.010924501631692,0.8802999373941203,2.6731825178829833
111.75740676304774,0.7062354118039346,4.024430640260755,0.8794956308735308,2.679552252218717
111.81017229976307,0.7065688562854284,4.037999452884147,0.8786923553436156,2.6859559447322456
111.86293783647838,0.7069023007669223,4.051631240121018,0.8778901108977634,2.692393732180848
111.91570337319371,0.7072357452484161,4.065326304108179,0.8770888976323497,2.6988657521017245
111.96846890990902,0.7075691897299099,4.079084948507038,0.8762887156467597,2.7053721428154933
112.02123444662435,0.7079026342114038,4.092907478510609,0.8754895650434082,2.711913043429733
112.07399998333966,0.7082360786928976,4.106794200850491,0.874691445927763,2.7184885938425136
112.12676552005499,0.7085695231743915,4.120745423803916,0.8738943584083649,2.72509893474597
112.1795310567703,0.7089029676558852,4.134761457200776,0.8730983025968508,2.7317442076298666
112.23229659348563,0.7092364121373791,4.1488426124307125,0.8723032786079743,2.7384245547852046
112.28506213020094,0.709569856618873,4.162989202450177,0.8715092865596287,2.7451401193078175
112.33782766691627,0.7099033011003668,4.177201541789572,0.8707163265728676,2.7518910451020138
112.39059320363158,0.7102367455818606,4.191479946560345,0.8699243987719286,2.7586774768842055
112.44335874034691,0.7105701900633544,4.20582473446217,0.8691335032842532,2.765499560186581
112.49612427706222,0.7109036345448483,4.220236224790088,0.8683436402405111,2.772357441360769
112.54888981377755,0.7112370790263421,4.234714738441722,0.8675548097746205,2.7792512675815457
112.60165535049286,0.7115705235078359,4.249260597924461,0.8667670120237719,2.7861811868505297
112.65442088720819,0.7119039679893298,4.263874127362709,0.8659802471284488,2.793147347999923
112.7071864239235,0.7122374124708236,4.278555652505114,0.8651945152324519,2.8001499006962387
112.75995196063883,0.7125708569523175,4.293305500731852,0.8644098164829197,2.8071889954440765
112.81271749735414,0.7129043014338112,4.308124001061891,0.8636261510303526,2.814264783589884
112.86548303406947,0.7132377459153051,4.323011484160322,0.862843519028634,2.821377417325765
112.91824857078478,0.713571190396799,4.337968282345649,0.8620619206350547,2.828527049693271
112.97101410750011,0.7139046348782928,4.352994729597164,0.8612813560103334,2.835713834587248
113.02377964421542,0.7142380793597866,4.368091161562271,0.8605018253186419,2.8429379267596584
113.07654518093075,0.7145715238412804,4.383257915563895,0.8597233287276259,2.8501994818234615
113.12931071764606,0.7149049683227743,4.3984953306078465,0.8589458664084294,2.8574986562564706
113.18207625436139,0.7152384128042681,4.413803747390262,0.8581694385357167,2.8648356074052637
113.2348417910767,0.7155718572857619,4.429183508305002,0.8573940452876961,2.8722104934890766
113.28760732779202,0.7159053017672556,4.444634957451122,0.856619686846143,2.8796234736037443
113.34037286450734,0.7162387462487496,4.460158440640327,0.8558463633964222,2.887074707725637
113.39313840122266,0.7165721907302434,4.4757543054044335,0.8550740751275132,2.8945643567156143
113.44590393793798,0.7169056352117372,4.491422901002895,0.8543028222320312,2.9020925823230184
113.4986694746533,0.717239079693231,4.507164578430279,0.8535326049062527,2.9096595471896465
113.55143501136862,0.717572524174725,4.522979690423824,0.8527634233501371,2.917265414853783
113.60420054808394,0.7179059686562187,4.5388685914709495,0.8519952777673523,2.9249103497542044
113.65696608479927,0.7182394131377126,4.554831637816845,0.8512281683652962,2.9325945172342425
113.70973162151458,0.7185728576192063,4.570869187472007,0.850462095355123,2.9403180835458276
113.7624971582299,0.7189063021007003,4.5869816002198585,0.8496970589517641,2.94808121585358
113.81526269494522,0.719239746582194,4.6031692376243125,0.8489330593739549,2.9558840822388905
113.86802823166055,0.7195731910636879,4.619432463037422,0.8481700968442569,2.9637268517040436
113.92079376837586,0.7199066355451816,4.63577164160697,0.8474081715890828,2.971609694176328
113.97355930509119,0.7202400800266756,4.652187140284141,0.8466472838387196,2.9795327805121987
114.0263248418065,0.7205735245081694,4.668679327831145,0.8458874338273545,2.9874962825014193
114.07909037852183,0.7209069689896632,4.685248574828912,0.8451286217930974,2.9955003728712537
114.13185591523714,0.721240413471157,4.701895253684734,0.8443708479780073,3.003545225290644
114.18462145195247,0.7215738579526508,4.7186197386399895,0.8436141126281144,3.011631014374437
114.23738698866778,0.7219073024341447,4.735422405777808,0.8428584159934472,3.0197579156875927
114.2901525253831,0.7222407469156386,4.752303633030815,0.8421037583280553,3.0279261057494438
114.34291806209842,0.7225741913971323,4.769263800188818,0.8413501398900355,3.0361357620379383
114.39568359881375,0.7229076358786262,4.786303288906574,0.8405975609415555,3.0443870629939314
114.44844913552906,0.72324108036012,4.803422482711494,0.8398460217488799,3.0526801880254606
114.50121467224439,0.7235745248416139,4.820621767011429,0.8390955225823942,3.061015317512071
114.5539802089597,0.7239079693231076,4.837901529102391,0.8383460637166313,3.0693926328091226
114.60674574567503,0.7242414138046015,4.855262158176362,0.837597645430295,3.0778123162521482
114.65951128239034,0.7245748582860954,4.87270404532903,0.8368502680062871,3.086274551161194
114.71227681910567,0.7249083027675892,4.890227583567608,0.8361039317317311,3.094779521845209
114.76504235582098,0.725241747249083,4.907833167818588,0.8353586368979993,3.1033274136064186
114.81780789253631,0.7255751917305768,4.925521194935577,0.8346143838007367,3.1119184127447452
114.87057342925162,0.7259086362120707,4.943292063707061,0.8338711727398886,3.120552706562216
114.92333896596695,0.7262420806935646,4.961146174864254,0.8331290040197246,3.1292304833674147
114.97610450268226,0.7265755251750583,4.979083931088868,0.8323878779488658,3.137951932479919
115.02887003939759,0.7269089696565522,4.997105737020979,0.8316477948403096,3.1467172442347895
115.0816355761129,0.727242414138046,5.015211999266804,0.830908755011457,3.1555266099870347
115.13440111282823,0.7275758586195399,5.0334031264065695,0.8301707587841376,3.1643802221161326
115.18716664954354,0.7279093031010336,5.0516795290023015,0.8294338064846369,3.173278274030527
115.23993218625887,0.7282427475825275,5.070041619605699,0.8286978984437217,3.182220960172182
115.29269772297418,0.7285761920640214,5.088489812765926,0.8279630349966673,3.191208476021108
115.34546325968951,0.7289096365455152,5.107024525037487,0.8272292164832837,3.200241018099949
115.39822879640482,0.729243081027009,5.125646174988029,0.8264964432479425,3.20931878397854
115.45099433312015,0.7295765255085028,5.14435518320621,0.825764715639603,3.2184419722785202
115.50375986983546,0.7299099699899967,5.163151972309503,0.8250340340118403,3.2276107826779277
115.55652540655079,0.7302434144714905,5.182036966952067,0.8243043987228708,3.236825415915841
115.6092909432661,0.7305768589529843,5.201010593832544,0.8235758101355805,3.246086073797002
115.66205647998143,0.7309103034344782,5.220073281701929,0.8228482686175512,3.255392959196491
115.71482201669674,0.731243747915972,5.239225461371359,0.822121774541089,3.26474627606438
115.76758755341207,0.7315771923974659,5.258467565719982,0.82139632828325,3.2741462294304333
115.82035309012738,0.7319106368789596,5.277800029702734,0.8206719302258697,3.283593025408794
115.8731186268427,0.7322440813604534,5.297223290358191,0.8199485807555887,3.2930868712027137
115.92588416355802,0.7325775258419474,5.316737786816368,0.8192262802638817,3.302627975109276
115.97864970027334,0.7329109703234411,5.336343960306508,0.8185050291470852,3.312216546524135
116.03141523698866,0.733244414804935,5.356042254164913,0.8177848278064248,3.3218527959462896
116.08418077370398,0.7335778592864287,5.375833113842691,0.8170656766480439,3.331536934982839
116.1369463104193,0.7339113037679227,5.3957169869135875,0.8163475760830311,3.341269176353791
116.18971184713462,0.7342447482494164,5.415694323081707,0.8156305265274494,3.3510497338968417
116.24247738384994,0.7345781927309103,5.435765574189322,0.8149145284023637,3.3608788225722153
116.29524292056526,0.734911637212404,5.455931194224581,0.8141995821338698,3.37075665846747
116.34800845728059,0.7352450816938979,5.476191639329289,0.8134856881531227,3.380683458802365
116.4007739939959,0.7355785261753918,5.496547367806597,0.8127728468963658,3.3906594419336975
116.45353953071123,0.7359119706568856,5.516998840128754,0.8120610588049587,3.4006848273601924
116.50630506742654,0.7362454151383794,5.537546518944767,0.8113503243254075,3.410759835727368
116.55907060414187,0.7365788596198732,5.558190869088127,0.8106406439093927,3.4208846888324547
116.61183614085718,0.7369123041013671,5.578932357584438,0.8099320180137991,3.4310596096292834
116.6646016775725,0.737245748582861,5.599771453659108,0.8092244471007445,3.4412848222332326
116.71736721428782,0.7375791930643547,5.620708628744946,0.8085179316376098,3.451560551926144
116.77013275100315,0.7379126375458486,5.641744356489818,0.8078124720970675,3.4618870251612917
116.82289828771846,0.7382460820273424,5.662879112764198,0.8071080689571131,3.4722644695683242
116.87566382443379,0.7385795265088363,5.684113375668794,0.8064047227010924,3.4826931139582618
116.9284293611491,0.73891297099033,5.705447625542054,0.805702433817734,3.4931731883284596
116.98119489786443,0.7392464154718239,5.726882344967743,0.805001202801177,3.5037049238676308
117.03396043457974,0.7395798599533178,5.748418018782409,0.8043010301510032,3.5142885529608336
117.08672597129507,0.7399133044348116,5.77005513408291,0.8036019163722652,3.5249243091945175
117.13949150801038,0.7402467489163054,5.791794180233829,0.8029038619755191,3.535612427361535
117.19225704472571,0.7405801933977992,5.813635648874949,0.8022068674768528,3.5463531434662103
117.24502258144102,0.7409136378792931,5.835580033928615,0.8015109333979186,3.5571466947293726
117.29778811815635,0.741247082360787,5.857627831607155,0.8008160602659619,3.567993319593449
117.35055365487166,0.7415805268422807,5.879779540420176,0.8001222486138544,3.5788932577275183
117.40331919158699,0.7419139713237746,5.902035661181929,0.799429498980123,3.5898467500324256
117.4560847283023,0.7422474158052684,5.924396697018544,0.7987378119089826,3.600854038645858
117.50885026501763,0.7425808602867623,5.9468631533753245,0.7980471879503658,3.6119153669474797
117.56161580173294,0.742914304768256,5.969435538023914,0.797357627659956,3.6230309795640263
117.61438133844827,0.7432477492497499,5.992114361069528,0.796669131599217,3.634201122374462
117.66714687516358,0.7435811937312438,6.014900134958041,0.795981700335427,3.645426042515094
117.71991241187891,0.7439146382127376,6.037793374483142,0.7952953344417081,3.6567059883847444
117.77267794859422,0.7442480826942314,6.06079459679335,0.7946100344970596,3.6680412096498882
117.82544348530955,0.7445815271757252,6.083904321399085,0.7939258010863897,3.6794319572498413
117.87820902202486,0.7449149716572191,6.107123070179599,0.7932426348005478,3.6908784834019146
117.93097455874019,0.745248416138713,6.130451367389967,0.7925605362363564,3.7023810416066207
117.9837400954555,0.7455818606202067,6.1538897396679255,0.7918795059966444,3.7139398866528452
118.03650563217083,0.7459153051017006,6.177438716040772,0.7911995446902785,3.725555274623069
118.08927116888614,0.7462487495831944,6.201098827932113,0.7905206529321976,3.737227462898554
118.14203670560147,0.7465821940646883,6.224870609168665,0.7898428313434438,3.748956710164582
118.19480224231678,0.746915638546182,6.248754595986901,0.7891660805511969,3.760743276415654
118.24756777903211,0.7472490830276759,6.272751327039753,0.7884904011888065,3.772587422960746
118.30033331574742,0.7475825275091698,6.296861343403153,0.7878157938958265,3.7844894124285164
118.35309885246275,0.7479159719906636,6.321085188582621,0.787142259318047,3.796449508772578
118.40586438917806,0.7482494164721574,6.3454234085197,0.7864697981075296,3.8084679772767194
118.45862992589338,0.7485828609536511,6.369876551598427,0.7857984109226395,3.8205450845601825
118.5113954626087,0.748916305435145,6.394445168651673,0.7851280984280802,3.8326810985829116
118.56416099932402,0.7492497499166388,6.419129812967433,0.7844588612949278,3.84487628865081
118.61692653603934,0.7495831943981327,6.443931040295108,0.7837907002006644,3.857130925421031
118.66969207275466,0.7499166388796265,6.468849408851633,0.7831236158292131,3.8694452809072275
118.72245760946998,0.7502500833611203,6.493885479327638,0.7824576088709715,3.881819628484855
118.7752231461853,0.7505835278426142,6.519039814893435,0.7817926800228476,3.894254242896428
118.82798868290062,0.750916972324108,6.5443129812050485,0.7811288299882932,3.906749400256832
118.88075421961594,0.7512504168056018,6.569705546410058,0.7804660594773402,3.919305378058586
118.93351975633126,0.7515838612870956,6.595218081153486,0.7798043692066339,3.9319224551771574
118.98628529304658,0.7519173057685895,6.620851158583485,0.7791437598994698,3.9446009118762353
119.0390508297619,0.7522507502500834,6.646605354357082,0.7784842322858281,3.957341029813045
119.09181636647722,0.7525841947315771,6.6724812466457095,0.7778257871024095,3.970143092043624
119.14458190319255,0.752917639213071,6.698479416140782,0.77716842509267,3.9830073830281467
119.19734743990786,0.7532510836945648,6.724600446059071,0.7765121470068587,3.995934188636194
119.25011297662319,0.7535845281760587,6.750844922148112,0.7758569536020511,4.008923796152083
119.3028785133385,0.7539179726575524,6.77721343269141,0.7752028456421874,4.021976494280137
119.35564405005383,0.7542514171390463,6.803706568513667,0.7745498238981074,4.035092573150017
119.40840958676914,0.7545848616205402,6.830324922985813,0.7738978891475878,4.048272324321984
119.46117512348447,0.754918306102034,6.857069092030045,0.7732470421753779,4.061516040792236
119.51394066019978,0.7552517505835278,6.883939674124672,0.7725972837732372,4.074824016998164
119.5667061969151,0.7555851950650216,6.9109372703089695,0.7719486147399715,4.088196548823682
119.61947173363042,0.7559186395465155,6.938062484187814,0.7713010358814705,4.101633933604485
119.67223727034575,0.7562520840280094,6.965315921936346,0.7706545480107445,4.1151364701333675
119.72500280706106,0.7565855285095031,6.992698192304401,0.7700091519479626,4.128704458665478
119.77776834377639,0.756918972990997,7.020209906620953,0.7693648485204889,4.142338200923631
119.8305338804917,0.7572524174724908,7.0478516787983425,0.7687216385629216,4.156038000103548
119.88329941720703,0.7575858619539847,7.075624125336496,0.7680795229171294,4.169804160879165
119.93606495392234,0.7579193064354784,7.103527865326925,0.7674385024322912,4.183636989407864
119.98883049063767,0.7582527509169723,7.131563520456728,0.766798577964932,4.197536793335761
120.04159602735298,0.7585861953984662,7.159731715012348,0.766159750378964,4.2115038818029324
120.09436156406831,0.75891963987996,7.188033075883335,0.7655220205457224,4.225538565448691
120.14712710078362,0.7592530843614538,7.21646823256587,0.7648853893440061,4.239641156416789
120.19989263749895,0.7595865288429476,7.245037817166268,0.7642498576601148,4.253811968360684
120.25265817421426,0.7599199733244415,7.273742464404253,0.7636154263878897,4.268051316448728
120.30542371092959,0.7602534178059354,7.302582811616207,0.7629820964287511,4.28235951736941
120.3581892476449,0.7605868622874291,7.331559498758173,0.7623498686917392,4.296736889336525
120.41095478436023,0.760920306768923,7.360673168408836,0.7617187440935518,4.311183752094401
120.46372032107554,0.7612537512504168,7.389924465772253,0.7610887235585858,4.325700426923044
120.51648585779087,0.7615871957319107,7.419314038680559,0.7604598080189755,4.340287236643343
120.56925139450618,0.7619206402134044,7.448842537596402,0.759831998414634,4.354944505622193
120.62201693122151,0.7622540846948983,7.478510615615358,0.7592052956932916,4.369672559777666
120.67478246793682,0.762587529176392,7.508318928468072,0.7585797008105383,4.38447172658412
120.72754800465215,0.762920973657886,7.538268134522374,0.7579552147298619,4.399342335077335
120.78031354136746,0.7632544181393798,7.568358894785101,0.757331838422691,4.414284715859588
120.83307907808279,0.7635878626208736,7.598591872903901,0.756709572868434,4.429299201104772
120.8858446147981,0.7639213071023674,7.62896773516874,0.7560884190545214,4.4443861245634295
120.93861015151342,0.7642547515838612,7.659487150513362,0.7554683779764461,4.4595458215678345
120.99137568822874,0.7645881960653551,7.690150790516506,0.754849450637805,4.474778629037014
121.04414122494406,0.7649216405468489,7.7209593294029455,0.7542316380503411,4.490084885481754
121.09690676165938,0.7652550850283427,7.7519134440444395,0.7536149412339844,4.505464931009623
121.1496722983747,0.7655885295098366,7.7830138139603795,0.7529993612168947,4.5209191073299175
121.20243783509002,0.7659219739913304,7.8142611213183875,0.7523848990355023,4.53644775775865
121.25520337180534,0.7662554184728242,7.845656050934593,0.751771555734552,4.552051227223454
121.30796890852066,0.766588862954318,7.877199290273866,0.7511593323671438,4.567729862268526
121.36073444523598,0.7669223074358119,7.90889152944971,0.750548229994777,4.583484011059486
121.4134999819513,0.7672557519173058,7.940733461224104,0.7499382496873916,4.599314023388277
121.46626551866662,0.7675891963987995,7.972725781007009,0.7493293925234128,4.615220250677967
121.51903105538194,0.7679226408802934,8.004869186855803,0.7487216595897923,4.631203045987609
121.57179659209726,0.7682560853617872,8.03716437947438,0.7481150519820533,4.647262764016986
121.62456212881258,0.7685895298432811,8.069612062212174,0.7475095708043329,4.663399761111418
121.6773276655279,0.7689229743247749,8.102212941062827,0.7469052171694266,4.679614395266455
121.73009320224322,0.7692564188062687,8.134967724662786,0.7463019921988312,4.6959070261326215
121.78285873895854,0.7695898632877626,8.167877124289538,0.7456998970227898,4.712278015020053
121.83562427567387,0.7699233077692564,8.200941853859748,0.7450989327803353,4.728727724903183
121.88838981238918,0.7702567522507502,8.234162629927052,0.7444991006193356,4.745256520425316
121.9411553491045,0.770590196732244,8.267540171679736,0.7439004016965366,4.761864767903245
121.99392088581982,0.7709236412137379,8.301075200938037,0.7433028371776095,4.778552835331766
122.04668642253515,0.7712570856952318,8.334768442151365,0.742706408237193,4.795321092388223
122.09945195925046,0.7715905301767255,8.368620622395117,0.7421111160589409,4.812169910436951
122.15221749596579,0.7719239746582194,8.402632471367392,0.7415169618355653,4.829099662533754
122.2049830326811,0.7722574191397132,8.43680472138531,0.7409239467688836,4.846110723430271
122.25774856939643,0.7725908636212071,8.471138107381217,0.7403320720698636,4.863203469578377
122.31051410611174,0.7729243081027009,8.505633366898476,0.7397413389586697,4.8803782791344705
122.36327964282707,0.7732577525841947,8.540291240087148,0.7391517486647081,4.8976355319637985
122.41604517954238,0.7735911970656886,8.575112469699251,0.7385633024266745,4.914975609644658
122.4688107162577,0.7739246415471824,8.610097801083878,0.7379760014925988,4.932398895472635
122.52157625297302,0.7742580860286762,8.64524798218191,0.7373898471198935,4.949905774464722
122.57434178968835,0.77459153051017,8.680563763520578,0.7368048405753992,4.967496633363467
122.62710732640366,0.7749249749916639,8.716045898207579,0.7362209831354322,4.9851718606410005
122.67987286311899,0.7752584194731578,8.751695141925072,0.7356382760858313,5.002931846503089
122.7326383998343,0.7755918639546515,8.787512252923197,0.735056720722006,5.020776982893067
122.78540393654963,0.7759253084361454,8.823497992013456,0.7344763183489827,5.038707663495791
122.83816947326494,0.7762587529176392,8.859653122561634,0.7338970702814541,5.056724283741473
122.89093500998027,0.7765921973991331,8.89597841048055,0.7333189778438254,5.07482724080953
122.94370054669558,0.7769256418806268,8.932474624222348,0.7327420423702642,5.093016933632308
122.99646608341091,0.7772590863621207,8.969142534770596,0.732166265204747,5.111293762898831
123.04923162012622,0.7775925308436145,9.00598291563193,0.7315916477011095,5.12965813105841
123.10199715684155,0.7779259753251084,9.0429965428275,0.7310181912230939,5.148110442324276
123.15476269355686,0.7782594198066022,9.080184194883914,0.7304458971443984,5.166651102677074
123.20752823027219,0.778592864288096,9.117546652824018,0.7298747668487262,5.185280519868383
123.2602937669875,0.7789263087695898,9.155084700157145,0.729304801729835,5.2039991034240805
123.31305930370283,0.7792597532510838,9.192799122869177,0.7287360031915857,5.222807264647743
123.36582484041814,0.7795931977325775,9.230690709412082,0.7281683726479932,5.241705416623884
123.41859037713347,0.7799266422140714,9.268760250693251,0.7276019115232748,5.26069397422122
123.47135591384878,0.7802600866955651,9.307008540064286,0.7270366212519018,5.2797733540957825
123.5241214505641,0.780593531177059,9.345436373309584,0.7264725032786483,5.298943974694037
123.57688698727942,0.7809269756585528,9.384044548634408,0.7259095590586424,5.318206256255885
123.62965252399474,0.7812604201400466,9.422833866652596,0.7253477900574168,5.337560620817591
123.68241806071006,0.7815938646215405,9.461805130373946,0.724787197750959,5.35700749221469
123.73518359742538,0.7819273091030343,9.500959145191075,0.7242277836257631,5.376547296084742
123.7879491341407,0.7822607535845282,9.540296718866012,0.7236695491788799,5.3961804598700915
123.84071467085602,0.7825941980660219,9.579818661516223,0.7231124959179697,5.415907412820472
123.89348020757134,0.7829276425475158,9.619525785600374,0.7225566253613519,5.435728585995606
123.94624574428666,0.7832610870290097,9.659418905903507,0.7220019390380588,5.455644412267647
123.99901128100198,0.7835945315105035,9.699498839521954,0.7214484384878859,5.475655326323624
124.0517768177173,0.7839279759919973,9.739766405847625,0.7208961252614449,5.495761764667707
124.10454235443262,0.7842614204734911,9.780222426552037,0.7203450009202155,5.515964165623483
124.15730789114794,0.784594864954985,9.820867725569716,0.7197950670365982,5.536262969336055
124.21007342786326,0.7849283094364788,9.861703129081315,0.719246325193967,5.556658617774136
124.26283896457858,0.7852617539179726,9.902729465496073,0.7186987769867218,5.577151554731963
124.3156045012939,0.7855951983994665,9.943947565434007,0.7181524240203417,5.5977422258312135
124.36837003800922,0.7859286428809603,9.985358261707427,0.7176072679114387,5.618431078522727
124.42113557472454,0.7862620873624542,10.026962389302149,0.7170633102878099,5.639218562088234
124.47390111143986,0.7865955318439479,10.068760785358032,0.7165205527884927,5.660105127641881
124.52666664815519,0.7869289763254418,10.110754289149208,0.715978997063817,5.6810912281317565
124.5794321848705,0.7872624208069356,10.152943742063608,0.7154386447754604,5.702177318341221
124.63219772158583,0.7875958652884295,10.195329987582161,0.7148994975965015,5.723363854890218
124.68496325830114,0.7879293097699233,10.237913871257296,0.7143615572114749,5.744651296236398
124.73772879501647,0.7882627542514171,10.280696240691091,0.7138248253164249,5.766040102676219
124.79049433173178,0.788596198732911,10.3236779455127,0.7132893036189611,5.787530736345842
124.8432598684471,0.7889296432144048,10.366859837355426,0.7127549938383128,5.809123661222018
124.89602540516242,0.7892630876958986,10.410242769833067,0.712221897705384,5.8308193431227515
124.94879094187775,0.7895965321773925,10.45382759851586,0.7116900169628086,5.85261824970796
125.00155647859306,0.7899299766588863,10.497615180905708,0.7111593533650066,5.874520850479903
125.05432201530839,0.7902634211403802,10.541606376410998,0.710629908678238,5.8965276167835965
125.1070875520237,0.7905968656218739,10.58580204632065,0.7101016846806609,5.9186390218070075
125.15985308873903,0.7909303101033678,10.630203053777779,0.7095746831623851,5.9408555405812145
125.21261862545434,0.7912637545848615,10.674810263752553,0.7090489059255303,5.96317764998035
125.26538416216967,0.7915971990663555,10.719624543014652,0.7085243547842804,5.985605828721505
125.31814969888498,0.7919306435478493,10.764646760104906,0.7080010315649421,6.008140557364414
125.37091523560031,0.7922640880293431,10.809877785306522,0.7074789381059995,6.030782318311089
125.42368077231562,0.7925975325108369,10.85531849061547,0.7069580762581726,6.053531595805233
125.47644630903095,0.7929309769923308,10.900969749710438,0.7064384478844733,6.076388875931605
125.52921184574626,0.7932644214738246,10.946832437921936,0.7059200548602631,6.099354646615148
125.58197738246159,0.7935978659553184,10.99290743220095,0.7054028990733096,6.122429397620073
125.6347429191769,0.7939313104368122,11.03919561108673,0.7048869824238455,6.145613620548695
125.68750845589223,0.7942647549183062,11.085697854674113,0.7043723068246246,6.168907808840224
125.74027399260754,0.7945981993997999,11.132415044579943,0.703858874200981,6.192312457769299
125.79303952932287,0.7949316438812938,11.179348063909039,0.7033466864908862,6.215828064444478
125.84580506603818,0.7952650883627875,11.226497797219224,0.7028357456450078,6.2394551278064645
125.89857060275351,0.7955985328442815,11.273865130485886,0.7023260536267675,6.263194148626275
125.95133613946882,0.7959319773257753,11.321450951065591,0.7018176124124,6.287045629503149
126.00410167618415,0.7962654218072691,11.369256147659197,0.7013104239910112,6.311010074862397
126.05686721289946,0.7965988662887629,11.417281610274014,0.7008044903646371,6.335087990952973
126.10963274961478,0.7969323107702567,11.465528230185425,0.7002998135483032,6.359279885844983
126.1623982863301,0.7972657552517506,11.513996899897624,0.6997963955700829,6.383586269426949
126.21516382304542,0.7975991997332443,11.562688513103584,0.6992942384711575,6.408007653402905
126.26792935976074,0.7979326442147382,11.611603964644397,0.698793344305875,6.432544551289371
126.32069489647606,0.7982660886962321,11.66074415046764,0.6982937151418106,6.4571974784120645
126.37346043319138,0.7985995331777259,11.710109967585142,0.697795353059825,6.481966951902515
126.4262259699067,0.7989329776592197,11.75970231402977,0.6972982601541259,6.5068534906944
126.47899150662202,0.7992664221407135,11.809522088811597,0.6968024385323263,6.531857615519795
126.53175704333734,0.7995998666222074,11.859570191873047,0.6963078903155063,6.556979848905119
126.58452258005266,0.7999333111037013,11.909847524043434,0.6958146176382725,6.582220715167003
126.63728811676798,0.800266755585195,11.960354986992437,0.6953226226488186,6.607580740407841
126.6900536534833,0.8006002000666889,12.01109348318295,0.6948319075089857,6.633060452511257
126.74281919019862,0.8009336445481827,12.062063915822868,0.6943424743943238,6.6586603811372544
126.79558472691394,0.8012670890296766,12.113267188816206,0.6938543254941518,6.68438105771727
126.84835026362926,0.8016005335111703,12.164704206713134,0.6933674630116193,6.710223015448906
126.90111580034458,0.8019339779926642,12.216375874659354,0.6928818891637665,6.7361867892905565
126.9538813370599,0.802267422474158,12.268283098344343,0.6923976061815869,6.762272915955716
127.00664687377522,0.8026008669556519,12.320426783948925,0.6919146163100874,6.788481933907164
127.05941241049054,0.8029343114371457,12.372807838091695,0.691432921808351,6.8148143833508295
127.11217794720586,0.8032677559186395,12.425427167774751,0.690952524949597,6.841270806229531
127.16494348392118,0.8036012004001334,12.478285680328252,0.6904734280212439,6.8678517462163775
127.2177090206365,0.8039346448816272,12.531384283354267,0.6899956333249705,6.89455774870805
127.27047455735182,0.804268089363121,12.584723884669433,0.6895191431767784,6.921389360817733
127.32324009406715,0.8046015338446149,12.638305392246878,0.6890439599070536,6.948347131367912
127.37600563078246,0.8049349783261086,12.692129714156932,0.6885700858606288,6.97543161088283
127.42877116749779,0.8052684228076026,12.746197758507085,0.6880975233968456,7.002643351580792
127.4815367042131,0.8056018672890963,12.80051043338072,0.6876262748896174,7.029982907366118
127.53430224092843,0.8059353117705902,12.85506864677505,0.6871563427274906,7.0574508338209485
127.58706777764374,0.8062687562520839,12.909873306537829,0.6866877293137088,7.085047688196684
127.63983331435907,0.8066022007335779,12.964925320303244,0.6862204370662741,7.11277402940527
127.69259885107438,0.8069356452150717,13.02022559542655,0.6857544684180106,7.14063041801011
127.7453643877897,0.8072690896965655,13.075775038917882,0.6852898258166265,7.1686174162168195
127.79812992450502,0.8076025341780593,13.131574557374757,0.6848265117247782,7.196735587863592
127.85089546122035,0.8079359786595532,13.187625056913767,0.6843645286201316,7.22498549841141
127.90366099793566,0.808269423141047,13.243927443100924,0.6839038789954272,7.25336771493385
127.95642653465099,0.8086028676225409,13.300482620881183,0.6834445653585409,7.281882806106731
128.0091920713663,0.8089363121040346,13.357291494506581,0.6829865902325497,7.310531342197349
128.06195760808163,0.8092697565855286,13.414354967463535,0.6825299561557924,7.339313895053546
128.11472314479695,0.8096032010670224,13.471673942398773,0.682074665681935,7.36823103809236
128.16748868151225,0.8099366455485161,13.52924932104427,0.6816207213800333,7.397283346288458
128.22025421822758,0.8102700900300099,13.587082004141116,0.6811681258345955,7.426471396162293
128.2730197549429,0.8106035345115039,13.645172891361927,0.6807168816456475,7.455795765767806
128.32578529165824,0.8109369789929978,13.703522881232402,0.6802669914287947,7.485257034679983
128.37855082837353,0.8112704234744914,13.762132871051522,0.6798184578152868,7.514855783981993
128.43131636508886,0.8116038679559853,13.821003756810732,0.6793712834520802,7.544592596252096
128.4840819018042,0.8119373124374791,13.880136433111629,0.678925471001903,7.574468055550087
128.53684743851952,0.8122707569189731,13.939531793082729,0.6784810231433176,7.604482747403548
128.58961297523481,0.8126042014004667,13.999190728294854,0.6780379425707852,7.634637258793691
128.64237851195014,0.8129376458819606,14.059114128675455,0.6775962319947283,7.664932178140951
128.69514404866547,0.8132710903634545,14.119302882421382,0.6771558941415959,7.695368095290077
128.74790958538077,0.8136045348449482,14.179757875910694,0.6767169317539268,7.725945601495026
128.8006751220961,0.8139379793264421,14.2404799936132,0.6762793475904121,7.756665289403507
128.85344065881142,0.8142714238079359,14.301470117999438,0.6758431444259607,7.787527753041028
128.90620619552675,0.8146048682894298,14.362729129448699,0.6754083250517624,7.818533587794736
128.95897173224205,0.8149383127709235,14.424257906155557,0.6749748922753515,7.849683390396812
129.01173726895738,0.8152717572524174,14.486057324035295,0.6745428489206698,7.880977758907589
129.0645028056727,0.8156052017339113,14.548128256627685,0.6741121978281321,7.912417292698133
129.11726834238803,0.8159386462154051,14.610471574999776,0.6736829418546884,7.944002592432614
129.17003387910333,0.8162720906968989,14.673088147647151,0.6732550838738882,7.975734260050203
129.22279941581866,0.8166055351783927,14.73597884039404,0.6728286267759435,8.007612898746675
129.27556495253398,0.8169389796598866,14.799144516291733,0.6724035734677931,8.03963911295546
129.3283304892493,0.8172724241413805,14.862586035515989,0.6719799268731662,8.071813508328466
129.3810960259646,0.8176058686228742,14.926304255262842,0.6715576899326452,8.104136691716405
129.43386156267994,0.8179393131043681,14.990300029643253,0.6711368656037293,8.136609271148817
129.48662709939526,0.8182727575858619,15.054574209576007,0.6707174568608982,8.169231855813504
129.5393926361106,0.8186062020673558,15.119127642679569,0.6702994666956754,8.202005056035745
129.5921581728259,0.8189396465488495,15.183961173162308,0.6698828981166914,8.234929483256968
129.64492370954122,0.8192730910303434,15.24907564171152,0.6694677541497461,8.268005750013115
129.69768924625654,0.8196065355118373,15.314471885380671,0.6690540378378729,8.301234469912409
129.75045478297187,0.8199399799933311,15.38015073747554,0.6686417522414013,8.334616257612847
129.80322031968717,0.8202734244748249,15.44611302743873,0.6682309004380197,8.368151728799177
129.8559858564025,0.8206068689563187,15.512359580732909,0.6678214855228376,8.401841500159515
129.90875139311783,0.8209403134378126,15.57889121872225,0.6674135106084496,8.435686189361354
129.96151692983315,0.8212737579193065,15.645708758552749,0.6670069788249967,8.469686415027297
130.01428246654845,0.8216072024008002,15.712813013030846,0.6666018933202297,8.50384279671022
130.06704800326378,0.8219406468822941,15.780204790500791,0.6661982572595697,8.538155954868087
130.1198135399791,0.8222740913637879,15.84788489472012,0.6657960738261728,8.572626510838122
130.17257907669443,0.8226075358452818,15.915854124734027,0.66539534622099,8.607255086810689
130.22534461340973,0.8229409803267755,15.984113274747981,0.6649960776628301,8.642042305802583
130.27811015012506,0.8232744248082694,16.05266313399906,0.6645982713884205,8.676988791629963
130.3308756868404,0.8236078692897633,16.12150448662539,0.66420193065247,8.712095168880591
130.3836412235557,0.8239413137712571,16.190638111534412,0.663807058727729,8.7473620628858
130.436406760271,0.8242747582527509,16.260064782269396,0.6634136589050511,8.782790099691827
130.48917229698634,0.8246082027342447,16.32978526687465,0.6630217344934535,8.818379906030767
130.54193783370167,0.8249416472157386,16.39980032775878,0.6626312888201787,8.854132109290843
130.594703370417,0.8252750916972325,16.47011072155677,0.6622423252307545,8.89004733748634
130.6474689071323,0.8256085361787262,16.540717198990304,0.6618548470890546,8.92612621922692
130.70023444384762,0.8259419806602201,16.61162050472672,0.6614688577773576,8.962369383686525
130.75299998056295,0.8262754251417139,16.682821377236024,0.6610843606964086,8.998777460571576
130.80576551727827,0.8266088696232078,16.754320548646707,0.6607013592654777,9.035351080088816
130.85853105399357,0.8269423141047015,16.826118744599754,0.6603198569224198,9.072090872912515
130.9112965907089,0.8272757585861954,16.898216684101296,0.6599398571237329,9.10899747015125
130.96406212742423,0.8276092030676893,16.97061507937329,0.6595613633446185,9.146071503313943
131.01682766413956,0.8279426475491831,17.043314635703002,0.6591843790790388,9.183313604275542
131.06959320085485,0.8282760920306769,17.116316051290642,0.6588089078397761,9.220724405242038
131.12235873757018,0.8286095365121707,17.189620017095667,0.6584349531584891,9.25830453871503
131.1751242742855,0.8289429809936646,17.263227216681052,0.6580625185857727,9.296054637455546
131.2278898110008,0.8292764254751582,17.337138326056355,0.6576916076912142,9.33397533444744
131.28065534771613,0.8296098699566522,17.411354013519155,0.6573222240634499,9.37206726286025
131.33342088443146,0.8299433144381461,17.485874939494522,0.6569543713102234,9.41033105601128
131.3861864211468,0.8302767589196399,17.560701756373305,0.6565880530584404,9.4487673473273
131.4389519578621,0.8306102034011336,17.635835108348555,0.656223272954226,9.487376770305529
131.49171749457741,0.8309436478826275,17.711275631250583,0.6558600346629792,9.526159958474166
131.54448303129274,0.8312770923641214,17.78702395238003,0.655498341869429,9.565117545352097
131.59724856800807,0.8316105368456153,17.86308069033969,0.6551381982776894,9.604250164408215
131.65001410472337,0.8319439813271089,17.939446454864562,0.6547796076113136,9.64355844902001
131.7027796414387,0.8322774258086029,18.016121846650464,0.6544225736133478,9.683043032431659
131.75554517815402,0.8326108702900967,18.093107457180697,0.6540671000463856,9.722704547711308
131.80831071486935,0.8329443147715906,18.17040386855148,0.6537131906926212,9.76254362770792
131.86107625158465,0.8332777592530842,18.2480116532956,0.6533608493539022,9.802560905007391
131.91384178829998,0.8336112037345781,18.32593137420465,0.653010079851781,9.842757011888144
131.9666073250153,0.8339446482160721,18.404163584149327,0.6526608860275688,9.883132580275891
132.01937286173063,0.8342780926975659,18.482708825898534,0.6523132717423853,9.92368824169795
132.07213839844593,0.8346115371790596,18.56156763193667,0.6519672408772109,9.964424627236804
132.12490393516126,0.8349449816605534,18.640740524279586,0.6516227973329363,10.005342367483136
132.17766947187658,0.8352784261420474,18.720228014288583,0.6512799450304129,10.046442092487988
132.2304350085919,0.8356118706235413,18.800030602483254,0.6509386879105028,10.087724431714486
132.2832005453072,0.8359453151050349,18.880148778352527,0.6505990299341274,10.129190013988776
132.33596608202254,0.8362787595865288,18.960583020164442,0.6502609750823152,10.170839467450406
132.38873161873786,0.8366122040680227,19.04133379477395,0.6499245273562508,10.212673419501849
132.4414971554532,0.8369456485495166,19.12240155742963,0.6495896907773221,10.254692496757539
132.4942626921685,0.8372790930310102,19.20378675157862,0.6492564693871663,10.296897324992116
132.54702822888382,0.8376125375125041,19.28548980867034,0.6489248672477165,10.339288529088126
132.59979376559914,0.8379459819939981,19.36751114795827,0.6485948884412476,10.381866732982791
132.65255930231447,0.8382794264754919,19.44985117630067,0.648266537070421,10.42463255961434
132.70532483902977,0.8386128709569856,19.53251028795962,0.6479398172583294,10.467586630867476
132.7580903757451,0.8389463154384794,19.615488864398845,0.6476147331485392,10.510729567518325
132.81085591246043,0.8392797599199733,19.698787274079645,0.6472912889051353,10.55406198917842
132.86362144917575,0.8396132044014673,19.782405872255907,0.6469694887127625,10.597584514238228
132.91638698589105,0.8399466488829609,19.866345000767367,0.6466493367766677,10.64129775980983
132.96915252260638,0.8402800933644547,19.950604987831838,0.6463308373227402,10.685202341669024
133.0219180593217,0.8406135378459486,20.035186147835535,0.6460139945975532,10.72929887419648
133.07468359603703,0.8409469823274426,20.12008878112257,0.6456988128684024,10.773587970318424
133.12744913275233,0.8412804268089362,20.205313173782795,0.6453852964233457,10.818070241446447
133.18021466946766,0.8416138712904301,20.290859597438633,0.6450734495712408,10.862746297416741
133.232980206183,0.8419473157719239,20.376728309030135,0.6447632766417827,10.907616746428369
133.2857457428983,0.8422807602534179,20.462919550599256,0.644454781985541,10.952682194981044
133.3385112796136,0.8426142047349116,20.54943354907257,0.6441479699739949,10.997943247812037
133.39127681632894,0.8429476492164054,20.636270516043073,0.6438428449995686,11.043400507832498
133.44404235304427,0.8432810936978993,20.723430647550305,0.6435394114756656,11.089054576062795
133.4968078897596,0.8436145381793932,20.81091412385975,0.6432376738367023,11.134906051567356
133.5495734264749,0.8439479826608869,20.89872110924082,0.6429376365381405,11.180955531388632
133.60233896319022,0.8442814271423807,20.98685175174402,0.6426393040565185,11.227203610480464
133.65510449990555,0.8446148716238746,21.07530618297649,0.6423426808894829,11.273650881640458
133.70787003662087,0.8449483161053686,21.164084517877015,0.6420477715558182,11.320297935441864
133.76063557333617,0.8452817605868622,21.253186854489666,0.6417545805954757,11.367145360164562
133.8134011100515,0.8456152050683561,21.342613273736767,0.6414631125696019,11.414193741725441
133.86616664676683,0.8459486495498499,21.432363839190362,0.6411733720605657,11.46144366360779
133.91893218348213,0.8462820940313437,21.522438596843223,0.6408853636719847,11.508895706790168
133.97169772019745,0.8466155385128376,21.612837574878906,0.6405990920287502,11.556550449674504
134.02446325691278,0.8469489829943314,21.703560783440537,0.6403145617770524,11.604408468013238
134.0772287936281,0.8472824274758253,21.79460821439923,0.6400317775844026,11.65247033483596
134.1299943303434,0.847615871957319,21.8859798411214,0.6397507441396568,11.700736620375137
134.18275986705873,0.8479493164388129,21.977675618235654,0.639471466153036,11.749207891991242
134.23552540377406,0.8482827609203067,22.069695481398412,0.6391939483561471,11.797884714096886
134.2882909404894,0.8486162054018006,22.1620393470594,0.6389181955020021,11.84676764808045
134.3410564772047,0.8489496498832944,22.254707112226143,0.6386442123650362,11.895857252228792
134.39382201392002,0.8492830943647882,22.347698654228218,0.6383720037411246,11.9451540816494
134.44658755063534,0.8496165388462821,22.441013830480408,0.6381015744475992,11.99465868819149
134.49935308735067,0.8499499833277759,22.534652478245885,0.6378329293232627,12.044371620366645
134.55211862406597,0.8502834278092697,22.6286144143986,0.6375660732284035,12.094293423268539
134.6048841607813,0.8506168722907635,22.722899435185575,0.6373010110448065,12.14442463849208
134.65764969749662,0.8509503167722574,22.817507315988312,0.6370377476757665,12.194765804051531
134.71041523421195,0.8512837612537513,22.912437811084402,0.6367762880460971,12.24531745429817
134.76318077092725,0.851617205735245,23.007690653408556,0.6365166371021407,12.296080119837029
134.81594630764258,0.8519506502167389,23.103265554313705,0.6362587998117754,12.347054327443084
134.8687118443579,0.8522840946982327,23.199162203331483,0.6360027811644227,12.398240599976411
134.92147738107323,0.8526175391797266,23.295380267933027,0.6357485861710519,12.449639456296905
134.97424291778853,0.8529509836612204,23.391919393289502,0.6354962198641853,12.501251411178082
135.02700845450386,0.8532844281427142,23.488779202032873,0.6352456872978997,12.55307697522034
135.07977399121918,0.8536178726242081,23.585959294016263,0.6349969935478291,12.605116654763217
135.1325395279345,0.8539513171057019,23.68345924607491,0.6347501437111648,12.65737095179719
135.1853050646498,0.8542847615871957,23.781278611787034,0.6345051429066537,12.709840363874621
135.23807060136514,0.8546182060686895,23.879416921235215,0.6342619962745963,12.762525384020137
135.29083613808046,0.8549516505501834,23.97787368076759,0.6340207089768432,12.815426500640035
135.3436016747958,0.8552850950316773,24.076648372759912,0.6337812861967892,12.868544197431264
135.3963672115111,0.855618539513171,24.175740455377728,0.6335437331393677,12.921878953289546
135.44913274822642,0.8559519839946649,24.275149362339405,0.6333080550310419,12.975431242216974
135.50189828494175,0.8562854284761587,24.37487450267915,0.633074257119796,13.029201533228633
135.55466382165707,0.8566188729576526,24.47491526051121,0.6328423446751238,13.083190290258852
135.60742935837237,0.8569523174391463,24.57527099479448,0.6326123229880174,13.137397972066587
135.6601948950877,0.8572857619206402,24.675941039098163,0.6323841973709522,13.191825032140322
135.71296043180303,0.8576192064021341,24.776924701367797,0.6321579731578727,13.24647191860203
135.76572596851835,0.8579526508836279,24.87822126369268,0.6319336557041754,13.301339074110759
135.81849150523365,0.8582860953651217,24.97982998207403,0.6317112503866903,13.35642693576541
135.87125704194898,0.8586195398466155,25.081750086194493,0.6314907626036613,13.41173593500706
135.9240225786643,0.8589529843281094,25.183980779188293,0.631272197774725,13.467266497520342
135.97678811537963,0.8592864288096033,25.286521237413123,0.6310555613408876,13.52301904313453
136.02955365209493,0.859619873291097,25.389370610223054,0.6308408587645005,13.57899398572382
136.08231918881026,0.8599533177725909,25.49252801974314,0.6306280955292335,13.635191733107192
136.1350847255256,0.8602867622540847,25.59599256064494,0.6304172771400484,13.691612686947387
136.18785026224091,0.8606202067355786,25.699763299924157,0.6302084091231683,13.748257242649595
136.2406157989562,0.8609536512170722,25.803839276679586,0.6300014970260478,13.805125789259407
136.29338133567154,0.8612870956985662,25.90821950189411,0.629796546417339,13.862218709360368
136.34614687238687,0.8616205401800601,26.012902958216966,0.629593562886858,13.919536378970706
136.39891240910217,0.8619539846615537,26.117888599748394,0.6293925520455489,13.977079167439761
136.4516779458175,0.8622874291430476,26.223175351826278,0.6291935195254453,14.03484743734393
136.50444348253282,0.8626208736245415,26.328762110814385,0.6289964709796316,14.092841544381788
136.55720901924815,0.8629543181060354,26.434647743893297,0.6288014120822013,14.151061837269037
136.60997455596345,0.863287762587529,26.54083108885329,0.6286083485282141,14.209508657632773
136.66274009267877,0.8636212070690229,26.64731095388991,0.6284172860336509,14.268182339905469
136.7155056293941,0.8639546515505169,26.7540861174014,0.6282282303353677,14.327083211218183
136.76827116610943,0.8642880960320107,26.861155327789287,0.6280411871910467,14.386211591293629
136.82103670282473,0.8646215405135044,26.968517303261223,0.6278561623791471,14.44556779233863
136.87380223954005,0.8649549849949982,27.076170731636918,0.6276731616988512,14.505152118936351
136.92656777625538,0.8652884294764922,27.184114270156364,0.6274921909700126,14.564964867937794
136.9793333129707,0.8656218739579861,27.292346545291508,0.6273132560330995,14.625006328353239
137.032098849686,0.8659553184394797,27.40086615256067,0.627136362749137,14.685276781243115
137.08486438640134,0.8662887629209736,27.509671656346406,0.6269615169996477,14.745776499608715
137.13762992311666,0.8666222074024675,27.618761589716048,0.6267887246865909,14.80650574828225
137.190395459832,0.8669556518839614,27.728134454246124,0.6266179917322985,14.867464783816889
137.2431609965473,0.867289096365455,27.837788719849925,0.6264493240794103,14.928653854376332
137.29592653326262,0.8676225408469489,27.947722824608917,0.6262827276908068,14.990073199624268
137.34869206997794,0.8679559853284428,28.057935174607238,0.6261182085495399,15.051723050613242
137.40145760669327,0.8682894298099367,28.16842414377052,0.625955772658762,15.113603629673621
137.45422314340857,0.8686228742914304,28.27918807370822,0.625795426041653,15.175715150302107
137.5069886801239,0.8689563187729242,28.39022527356028,0.6256371747413447,15.238057817050262
137.55975421683922,0.8692897632544181,28.50153401984726,0.6254810248208452,15.300631825412491
137.61251975355455,0.8696232077359121,28.613112556325206,0.6253269823629584,15.363437361714215
137.66528529026985,0.8699566522174057,28.7249590938445,0.6251750534702033,15.426474602999667
137.71805082698518,0.8702900966988996,28.837071810213416,0.6250252442647317,15.489743716919785
137.7708163637005,0.8706235411803934,28.949448850065604,0.6248775608882421,15.553244861619648
137.82358190041583,0.8709569856618874,29.06208832473275,0.624732009501893,15.616978185626182
137.87634743713113,0.871290430143381,29.174988312121627,0.624588596286214,15.680943827735586
137.92911297384646,0.8716238746248749,29.28814685659631,0.6244473274410137,15.745141916900934
137.98187851056178,0.8719573191063688,29.401561968864712,0.6243082091852868,15.809572572119423
138.0346440472771,0.8722907635878627,29.515231625870793,0.6241712477571189,15.874235902319962
138.0874095839924,0.8726242080693564,29.62915377069153,0.6240364494135884,15.9391320062506
138.14017512070774,0.8729576525508502,29.743326312439535,0.6239038204306669,16.004260972366218
138.19294065742307,0.8732910970323441,29.8577471261704,0.623773367103118,16.06962287871595
138.2457061941384,0.873624541513838,29.972414052796168,0.6236450957443928,16.13521779283106
138.2984717308537,0.8739579859953317,30.087324899003995,0.6235190126865239,16.20104577161275
138.35123726756902,0.8742914304768256,30.20247743718087,0.6233951242800176,16.26710686122034
138.40400280428435,0.8746248749583194,30.317869405343554,0.6232734368937435,16.333401096959275
138.45676834099967,0.8749583194398133,30.433498507074994,0.6231539569148218,16.399928503169694
138.50953387771497,0.875291763921307,30.549362411466436,0.6230366907485092,16.466689093115047
138.5622994144303,0.8756252084028009,30.665458753065987,0.6229216448180813,16.53368286887117
138.61506495114563,0.8759586528842948,30.7817851318328,0.622808825564715,16.60090982121532
138.66783048786095,0.8762920973657886,30.89833911309824,0.6226982394473659,16.668369929515872
138.72059602457625,0.8766255418472824,31.015118227533048,0.6225898929426466,16.736063161622166
138.77336156129158,0.8769589863287762,31.132119971121494,0.6224837925446998,16.80398947375496
138.8261270980069,0.8772924308102701,31.249341805141505,0.622379944765072,16.87214881039691
138.87889263472223,0.877625875291764,31.366781156152175,0.6222783561325829,16.94054110418388
138.93165817143753,0.8779593197732577,31.48443541598775,0.622179033193194,17.009166275796478
138.98442370815286,0.8782927642547516,31.602301941758917,0.6220819825098739,17.078024233852343
139.0371892448682,0.8786262087362454,31.720378055860543,0.6219872106624625,17.147114874798582
139.0899547815835,0.8789596532177392,31.83866104598709,0.6218947242475328,17.216438082805087
139.1427203182988,0.879293097699233,31.957148165155303,0.6218045298782487,17.28599372965848
139.19548585501414,0.8796265421807269,32.07583663173361,0.6217166341842244,17.355781674656328
139.24825139172947,0.8799599866622208,32.19472362947963,0.6216310438113776,17.425801764502392
139.30101692844477,0.8802934311437145,32.31380630758481,0.621547765421783,17.496053833202353
139.3537824651601,0.8806268756252084,32.43308178072705,0.6214668056935229,17.566537701960485
139.40654800187542,0.8809603201067022,32.55254712913034,0.6213881713205354,17.63725317907668
139.45931353859075,0.8812937645881961,32.67219939863289,0.6213118690124612,17.708200059844692
139.51207907530605,0.8816272090696898,32.792035600762745,0.6212379054944872,17.779378126450933
139.56484461202137,0.8819606535511837,32.91205271282163,0.6211662875071886,17.850787147874367
139.6176101487367,0.8822940980326776,33.03224767797632,0.6210970218063685,17.922426879786933
139.67037568545203,0.8826275425141714,33.1526174053587,0.6210301151628962,17.994297064455225
139.72314122216733,0.8829609869956652,33.27315877017357,0.6209655743625417,18.06639743064297
139.77590675888266,0.883294431477159,33.39386861381524,0.62090340620581,18.138727693514657
139.82867229559798,0.8836278759586529,33.51474374399169,0.6208436175077715,18.21128755453987
139.8814378323133,0.8839613204401467,33.635780934857785,0.6207862150978917,18.284076701399027
139.9342033690286,0.8842947649216405,33.75697692715668,0.6207312058198577,18.357094807890007
139.98696890574394,0.8846282094031344,33.87832842837001,0.6206785965314037,18.430341533836142
140.03973444245926,0.8849616538846282,33.99983211287614,0.6206283941041328,18.503816524994956
140.0924999791746,0.8852950983661221,34.121484622117634,0.6205806054233386,18.57751941296855
140.1452655158899,0.8856285428476158,34.2432825647771,0.6205352373878232,18.651449815114947
140.19803105260522,0.8859619873291097,34.36522251696218,0.6204922969097141,18.72560733446097
140.25079658932054,0.8862954318106036,34.4873010223987,0.620451790914278,18.799991559616025
140.30356212603587,0.8866288762920974,34.6095145926333,0.6204137263397344,18.87460206468762
140.35632766275117,0.8869623207735912,34.73185970724467,0.6203781101370647,18.949438409198038
140.4090931994665,0.887295765255085,34.85433281406402,0.6203449492698214,19.024500138002683
140.46185873618182,0.8876292097365789,34.976930329403935,0.6203142507139343,19.09978678120942
140.51462427289715,0.8879626542180727,35.099648638296934,0.6202860214575147,19.175297854099874
140.56738980961245,0.8882960986995665,35.222484094742605,0.6202602685006576,19.251032857051957
140.62015534632778,0.8886295431810604,35.34543302196429,0.6202369988552431,19.326991275464238
140.6729208830431,0.8889629876625542,35.468491712674194,0.6202162195447338,19.40317257968147
140.72568641975843,0.8892964321440481,35.59165642934822,0.620197937603972,19.479576224922187
140.77845195647373,0.8896298766255417,35.714923404509626,0.6201821600789742,19.556201651207683
140.83121749318906,0.8899633211070357,35.83828884102219,0.6201688940267241,19.633048283292975
140.88398302990439,0.8902967655885295,35.961748912391876,0.6201581465149633,19.710115530599083
140.9367485666197,0.8906302100700234,36.08529976307832,0.6201499246219802,19.78740278714747
140.989514103335,0.890963654551517,36.208937508815104,0.6201442354363979,19.864909431496088
141.04227964005034,0.891297099033011,36.33265823693958,0.6201410860569591,19.942634826677462
141.09504517676567,0.8916305435145049,36.456458006731175,0.6201404835923101,20.020578320138288
141.147810713481,0.8919639879959987,36.58033284975955,0.6201424351607825,20.098739243681308
141.2005762501963,0.8922974324774924,36.704278770241395,0.6201469478901734,20.177116913408927
141.25334178691162,0.8926308769589864,36.82829174540685,0.620154028917524,20.25571062966902
141.30610732362695,0.8929643214404802,36.952367725874254,0.6201636853888964,20.33451967700238
141.35887286034227,0.8932977659219741,37.07650263603465,0.6201759244591484,20.41354332409256
141.41163839705757,0.8936312104034677,37.200692374444934,0.6201907532917073,20.492780823717634
141.4644039337729,0.8939646548849617,37.324932814230344,0.6202081790583417,20.57223141270426
141.51716947048823,0.8942980993664555,37.44921980349527,0.6202282089389318,20.651894311883463
141.56993500720353,0.8946315438479492,37.573549165743515,0.620250850121238,20.731768726049033
141.62270054391885,0.894964988329443,37.697916700307466,0.6202761098006683,20.811853843918076
141.67546608063418,0.895298432810937,37.822318182785416,0.6203039951800434,20.892148838093437
141.7282316173495,0.8956318772924309,37.94674936548826,0.6203345134693621,20.97265286502883
141.7809971540648,0.8959653217739245,38.07120597789452,0.620367671885563,21.053365064996033
141.83376269078013,0.8962987662554184,38.19568372711433,0.6204034776522861,21.134284562054603
141.88652822749546,0.8966322107369122,38.32017829836126,0.6204419379996333,21.21541046402361
141.9392937642108,0.8969656552184062,38.444685355433336,0.6204830601639267,21.29674186245613
141.9920593009261,0.8972990996998998,38.569200541201894,0.6205268513874657,21.378277832615915
142.0448248376414,0.8976325441813937,38.69371947810923,0.6205733189182835,21.46001743345678
142.09759037435674,0.8979659886628876,38.81823776867366,0.6206224700099017,21.541959707604025
142.15035591107207,0.8982994331443815,38.94275099600344,0.6206743119210838,21.62410368133878
142.20312144778737,0.8986328776258752,39.06725472431816,0.6207288519155877,21.70644836458463
142.2558869845027,0.898966322107369,39.191744499478496,0.6207860972619171,21.788992750897055
142.30865252121802,0.8992997665888629,39.316215849523,0.6208460552330717,21.871735817455
142.36141805793335,0.8996332110703569,39.44066428521323,0.6209087331062956,21.954676525055493
142.41418359464865,0.8999666555518505,39.56508530058603,0.6209741381628264,22.037813818110624
142.46694913136398,0.9003001000333444,39.689474373513534,0.6210422776876414,22.121146624647437
142.5197146680793,0.9006335445148382,39.813826966269886,0.6211131589692042,22.20467385631004
142.57248020479463,0.9009669889963322,39.93813852610564,0.6211867892992096,22.288394408364876
142.62524574150993,0.9013004334778258,40.06240448582887,0.6212631759723277,22.372307159708413
142.67801127822526,0.9016338779593197,40.186620264393426,0.6213423262859482,22.456410972877848
142.73077681494058,0.9019673224408136,40.310781267493326,0.6214242475399218,22.540704694064107
142.7835423516559,0.9023007669223074,40.434882888164275,0.6215089470363027,22.625187153128092
142.8363078883712,0.9026342114038012,40.55892050739126,0.62159643207909,22.709857163619393
142.88907342508654,0.902967655885295,40.68288949472273,0.6216867099739676,22.794713522798137
142.94183896180186,0.9033011003667889,40.80678520889017,0.6217797880280443,22.879755011659153
142.9946044985172,0.9036345448482828,40.93060299843429,0.6218756735495928,22.964980394959465
143.0473700352325,0.9039679893297765,41.05433820233646,0.6219743738477886,23.05038842124832
143.10013557194782,0.9043014338112704,41.177986150656174,0.6220758962324479,23.135977822900408
143.15290110866314,0.9046348782927642,41.30154216517312,0.622180248013765,23.221747316151443
143.20566664537847,0.9049683227742581,41.425001560035184,0.6222874365020502,23.30769560113713
143.25843218209377,0.9053017672557518,41.548359642411,0.6223974690074658,23.39382136193473
143.3111977188091,0.9056352117372457,41.67161171314764,0.6225103528397633,23.480123266607816
143.36396325552442,0.9059686562187396,41.79475306743233,0.622626095308019,23.566599967253488
143.41672879223975,0.9063021007002334,41.917778995459166,0.6227447037203699,23.653250100052954
143.46949432895505,0.9066355451817272,42.04068478309962,0.6228661853837498,23.74007228532478
143.52225986567038,0.906968989663221,42.16346571257745,0.6229905476036245,23.827065127581346
143.5750254023857,0.9073024341447149,42.28611706314669,0.6231177976837271,23.914227215587786
143.62779093910103,0.9076358786262088,42.408634111773914,0.6232479429257934,24.001557122424302
143.68055647581633,0.9079693231077025,42.531012133823346,0.6233809906292972,24.089053405551187
143.73332201253166,0.9083027675891964,42.65324640374556,0.6235169480911856,24.17671460687704
143.786087549247,0.9086362120706902,42.775332195768414,0.623655822605614,24.26453925282949
143.8388530859623,0.9089696565521841,42.89726478459124,0.623797621463682,24.352525854429285
143.8916186226776,0.9093031010336778,43.01903944608118,0.6239423519531682,24.440672907367105
143.94438415939294,0.9096365455151717,43.14065145797203,0.6240900213582669,24.528978892083558
143.99714969610827,0.9099699899966656,43.26209610056445,0.6242406369593231,24.61744227385164
144.0499152328236,0.9103034344781594,43.38336865742857,0.6243942060325695,24.706061502862617
144.1026807695389,0.9106368789596532,43.50446441610769,0.6245507358498624,24.794835014314536
144.15544630625422,0.910970323441147,43.62537866882361,0.6247102336784197,24.883761228503946
144.20821184296955,0.9113037679226409,43.74610671318239,0.624872706780557,24.97283855092005
144.26097737968485,0.9116372124041346,43.866643852881396,0.6250381624134257,25.06206537234216
144.31374291640017,0.9119706568856285,43.98698539841693,0.6252066078287525,25.151440068940122
144.3665084531155,0.9123041013671224,44.1071266677915,0.6253780502725766,25.240961002377066
144.41927398983083,0.9126375458486162,44.22706298722187,0.6255524969849904,25.33062651991561
144.47203952654613,0.91297099033011,44.34678969184641,0.6257299551998785,25.42043495452656
144.52480506326145,0.9133044348116038,44.46630212643242,0.6259104321446601,25.510384625000768
144.57757059997678,0.9136378792930977,44.58559564608205,0.6260939350400289,25.60047383606331
144.6303361366921,0.9139713237745916,44.704665616938,0.6262804710996963,25.690700878490947
144.6831016734074,0.9143047682560853,44.82350741688749,0.6264700475301344,25.781064029232105
144.73586721012273,0.9146382127375792,44.94211643626524,0.6266626715303198,25.871561551529872
144.78863274683806,0.914971657219073,45.06048807855401,0.6268583502914791,25.962191695047277
144.8413982835534,0.9153051017005669,45.1786177610839,0.6270570909968335,26.05295269599577
144.8941638202687,0.9156385461820606,45.29650091572896,0.6272589008213472,26.14384277726612
144.94692935698401,0.9159719906635545,45.414132989601725,0.6274637869314745,26.234860148562255
144.99969489369934,0.9163054351450484,45.53150944574441,0.6276717564849087,26.326003006537288
145.05246043041467,0.9166388796265422,45.64862576381773,0.6278828166303324,26.41726953493264
145.10522596712997,0.916972324108036,45.76547744078615,0.628096974507169,26.508657904719474
145.1579915038453,0.9173057685895298,45.882059991599945,0.628314237245335,26.600166274242987
145.21075704056062,0.9176392130710237,45.998368949873026,0.6285346119649936,26.691792789368762
145.26352257727595,0.9179726575525176,46.11439986855732,0.6287581057763101,26.783535583632094
145.31628811399125,0.9183061020340112,46.23014832061263,0.6289847257792079,26.875392778389525
145.36905365070658,0.9186395465155052,46.34560989967231,0.6292144790631269,26.96736248297311
145.4218191874219,0.918972990996999,46.46078022070375,0.6294473727067817,27.05944279484659
145.47458472413723,0.9193064354784929,46.57565492066438,0.6296834137779235,27.15163179976446
145.52735026085253,0.9196398799599865,46.69022965915225,0.6299226093331008,27.243927571933067
145.58011579756786,0.9199733244414805,46.804500119051504,0.6301649664174245,27.336328174174305
145.63288133428318,0.9203067689229744,46.918462007171556,0.630410492064332,27.42883165809111
145.6856468709985,0.9206402134044682,47.03211105488109,0.6306591932953546,27.521436064235633
145.7384124077138,0.9209736578859619,47.14544301873548,0.6309110771198859,27.614139422279383
145.79117794442914,0.9213071023674558,47.25845368109828,0.6311661505349524,27.70693975118574
145.84394348114446,0.9216405468489497,47.3711388507556,0.6314244205249844,27.79983505938412
145.8967090178598,0.9219739913304436,47.48349436352419,0.6316858940615904,27.892823344946724
145.9494745545751,0.9223074358119372,47.59551608285228,0.6319505781033325,27.985902595766987
146.00224009129042,0.9226408802934312,47.70719990041353,0.6322184795955036,28.07907078974031
146.05500562800574,0.922974324774925,47.81854173669293,0.6324896054699062,28.17232589494625
146.10777116472107,0.9233077692564189,47.92953754156574,0.6327639626446337,28.265665869833104
146.16053670143637,0.9236412137379125,48.0401832948682,0.6330415580238533,28.359088663404016
146.2133022381517,0.9239746582194064,48.15047500696059,0.6333223984975912,28.452592215405225
146.26606777486703,0.9243081027009004,48.260408719281465,0.6336064909415184,28.546174456515548
146.31883331158235,0.9246415471823942,48.36998050489413,0.6338938422167409,28.639833308538062
146.37159884829765,0.9249749916638879,48.4791864690241,0.6341844591695894,28.733566684593168
146.42436438501298,0.9253084361453817,48.58802274958816,0.6344783486314134,28.827372489313557
146.4771299217283,0.9256418806268757,48.69648551771395,0.6347755174183752,28.921248619040238
146.52989545844363,0.9259753251083696,48.80457097825091,0.635075972331248,29.01519296202057
146.58266099515893,0.9263087695898632,48.91227537027167,0.6353797201552144,29.10920339860747
146.63542653187426,0.926642214071357,49.01959496756431,0.6356867676596687,29.20327780146031
146.6881920685896,0.926975658552851,49.12652607911442,0.63599712159802,29.29741403574669
146.74095760530489,0.9273091030343447,49.233065049577945,0.6363107887074982,29.39160995934597
146.7937231420202,0.9276425475158385,49.33920825974408,0.636627775708963,29.48586342305402
146.84648867873554,0.9279759919973324,49.44495212698769,0.636948089306713,29.580172270788754
146.89925421545087,0.9283094364788264,49.55029310571195,0.637271736188299,29.674534339797308
146.95201975216617,0.92864288096032,49.65522768778053,0.6375987230243395,29.768947460863984
147.0047852888815,0.9289763254418139,49.7597524029395,0.6379290564683376,29.86340945851955
147.05755082559682,0.9293097699233077,49.86386381922819,0.6382627431565007,29.957918151251025
147.11031636231215,0.9296432144048017,49.96755854337994,0.6385997897075623,30.052471351712885
147.16308189902745,0.9299766588862953,50.07083322121164,0.6389402027226068,30.147066866938836
147.21584743574277,0.9303101033677892,50.173684538002824,0.6392839887848968,30.241702498554716
147.2686129724581,0.930643547849283,50.27610921886311,0.639631154459701,30.33637604299164
147.32137850917343,0.9309769923307769,50.37810402908917,0.6399817062941272,30.431085291700377
147.37414404588873,0.9313104368122707,50.47966577451017,0.6403356508169552,30.525828031366057
147.42690958260405,0.9316438812937645,50.58079130182227,0.6406929945384748,30.620602044123764
147.47967511931938,0.9319773257752584,50.68147749891131,0.6410537439503232,30.715405107774178
147.5324406560347,0.9323107702567522,50.78172129516453,0.6414179055253276,30.810234996000208
147.58520619275,0.932644214738246,50.88151966177059,0.6417854857173483,30.905089478583722
147.63797172946533,0.9329776592197399,50.98086961200836,0.6421564909611261,30.999966321622967
147.69073726618066,0.9333111037012337,51.079768201523606,0.6425309276721306,31.094863287749774
147.743502802896,0.9336445481827276,51.17821252859456,0.6429088022464112,31.18977813634756
147.7962683396113,0.9339779926642213,51.27619973438552,0.6432901210604519,31.284708623769166
147.84903387632662,0.9343114371457152,51.3737270031891,0.6436748904710274,31.37965250355521
147.90179941304194,0.934644881627209,51.47079156265621,0.6440631168150621,31.47460752665196
147.95456494975727,0.9349783261087029,51.567390684014754,0.6444548064094909,31.56957144162977
148.00733048647257,0.9353117705901967,51.663521682276354,0.6448499655511243,31.664541994901192
148.0600960231879,0.9356452150716905,51.7591819164315,0.6452486005165142,31.759516930939295
148.11286155990322,0.9359786595531844,51.85436878963249,0.645650717561823,31.854493992495332
148.16562709661855,0.9363121040346782,51.94907974936503,0.6460563229226952,31.94947092081675
148.21839263333385,0.936645548516172,52.04331228760781,0.6464654228141314,32.044445455864626
148.27115817004918,0.9369789929976658,52.13706394098053,0.6468780234303655,32.13941533653112
148.3239237067645,0.9373124374791597,52.230332290879794,0.6472941309447426,32.23437830085604
148.37668924347983,0.9376458819606536,52.32311496360363,0.6477137515096014,32.32933208624352
148.42945478019513,0.9379793264421473,52.41540963046416,0.648136891256158,32.424274429677936
148.48222031691046,0.9383127709236412,52.507214007888784,0.6485635562943933,32.519203067939614
148.53498585362578,0.938646215405135,52.5985258575093,0.6489937527129406,32.61411573781943
148.5877513903411,0.9389796598866289,52.689342986239936,0.6494274865789783,32.70901017633332
148.6405169270564,0.9393131043681227,52.779663246343496,0.6498647639381233,32.8038841209358
148.69328246377174,0.9396465488496165,52.869484535486386,0.6503055908143285,32.898735309733084
148.74604800048706,0.9399799933311104,52.958804796781685,0.6507499732097803,32.9935614816949
148.7988135372024,0.9403134378126042,53.04762201882138,0.651197917104801,33.08836037686597
148.8515790739177,0.940646882294098,53.13593423569698,0.6516494284577521,33.18312973657639
148.90434461063302,0.9409803267755918,53.22373952700924,0.6521045132049413,33.27786730365126
148.95711014734835,0.9413137712570857,53.31103601786629,0.6525631772605301,33.37257082261896
149.00987568406367,0.9416472157385796,53.39782187887109,0.6530254265164455,33.46723803991882
149.06264122077897,0.9419806602200733,53.48409532609776,0.6534912668422925,33.56186670410745
149.1154067574943,0.9423141047015672,53.569854621057246,0.6539607040852721,33.6564545660643
149.16817229420963,0.942647549183061,53.6550980706518,0.6544337440700962,33.75099937919548
149.22093783092495,0.9429809936645549,53.73982402711918,0.6549103925989106,33.845498899636894
149.27370336764025,0.9433144381460487,53.82403088796604,0.6553906554512158,33.9399508864559
149.32646890435558,0.9436478826275425,53.90771709589117,0.655874538383794,34.03435310185182
149.3792344410709,0.9439813271090364,53.99088113869791,0.6563620471306344,34.128703311354805
149.4319999777862,0.9443147715905301,54.073521549196705,0.6568531874028636,34.22299928402359
149.48476551450153,0.944648216072024,54.155636905097644,0.6573479648886776,34.3172387926419
149.53753105121686,0.9449816605535178,54.2372258288925,0.6578463852532752,34.41141961391303
149.5902965879322,0.9453151050350117,54.31828698772746,0.6583484541387938,34.50553952865326
149.64306212464749,0.9456485495165053,54.398819093265836,0.6588541771642481,34.59959632198349
149.6958276613628,0.9459819939979993,54.478820901541404,0.6593635599254711,34.69358778351969
149.74859319807814,0.9463154384794932,54.55829121280193,0.659876607995055,34.78751170756108
149.80135873479347,0.946648882960987,54.637228871343765,0.660393326922297,34.88136589327725
149.85412427150877,0.9469823274424807,54.715632765337055,0.6609137222331449,34.97514814489325
149.9068898082241,0.9473157719239746,54.793501826642164,0.6614377994301475,35.068856271873265
149.95965534493942,0.9476492164054685,54.87083503061678,0.6619655639924025,35.16248808910207
150.01242088165475,0.9479826608869624,54.9476313959148,0.6624970213755115,35.25604141706508
150.06518641837005,0.948316105368456,55.023889984276295,0.6630321770115328,35.349514082026396
150.11795195508537,0.94864954984995,55.09960990030944,0.6635710363089399,35.44290391620522
150.1707174918007,0.9489829943314438,55.17479029126363,0.6641136046525773,35.536208757949915
150.22348302851603,0.9493164388129377,55.24943034679507,0.6646598874036221,35.62942645191061
150.27624856523133,0.9496498832944313,55.32352929872409,0.6652098898995458,35.7225548492096
150.32901410194665,0.9499833277759253,55.397086420784966,0.6657636174540786,35.81559180761005
150.38177963866198,0.9503167722574192,55.470101028367765,0.6663210753571739,35.90853519168219
150.4345451753773,0.950650216738913,55.54257247825314,0.6668822688749758,36.00138287296799
150.4873107120926,0.9509836612204067,55.61450016833965,0.6674472032497886,36.094132730143485
150.54007624880794,0.9513171057019006,55.68588353736417,0.6680158837000475,36.18678264917932
150.59284178552326,0.9516505501833945,55.75672206461505,0.66858831542029,36.27933052349868
150.6456073222386,0.9519839946648884,55.82701526963889,0.6691645035811303,36.371774254133626
150.6983728589539,0.952317439146382,55.89676271194055,0.6697444533292345,36.46411174987895
150.75113839566922,0.9526508836278759,55.96596399067692,0.6703281697872987,36.55634092744419
150.80390393238454,0.9529843281093698,56.03461874434412,0.6709156580540254,36.64845971160295
150.85666946909987,0.9533177725908637,56.102726650459076,0.6715069232041049,36.74046603534052
150.90943500581517,0.9536512170723573,56.170287425234925,0.6721019702881956,36.83235783999896
150.9622005425305,0.9539846615538512,56.237300823251005,0.6727008043329087,36.924133075420286
151.01496607924582,0.9543181060353452,56.30376663711694,0.6733034303407894,37.01578970008683
151.06773161596115,0.954651550516839,56.369684697131724,0.6739098532903046,37.10732568125991
151.12049715267645,0.9549849949983327,56.435054870937485,0.674520078135828,37.19873899511585
151.17326268939178,0.9553184394798265,56.4998770631684,0.67513410980763,37.29002762688007
151.2260282261071,0.9556518839613205,56.564151215094526,0.6757519532118643,37.38118957095827
151.27879376282243,0.9559853284428144,56.62787730426129,0.67637361323056,37.4722228310659
151.33155929953773,0.956318772924308,56.69105534412436,0.6769990947216121,37.56312542035493
151.38432483625306,0.9566522174058019,56.75368538368037,0.6776284025187753,37.6538953615386
151.43709037296838,0.9569856618872958,56.81576750709331,0.6782615414316558,37.74453068701334
151.4898559096837,0.9573191063687897,56.87730183331721,0.6788985162457072,37.83502943897876
151.542621446399,0.9576525508502833,56.93828851571496,0.6795393317222249,37.92538966955508
151.59538698311434,0.9579859953317772,56.998727741673676,0.6801839925983449,38.01560944089842
151.64815251982967,0.9583194398132711,57.058619732216364,0.6808325035870386,38.105686825313214
151.700918056545,0.958652884294765,57.117964741610685,0.6814848693771125,38.19561990536276
151.7536835932603,0.9589863287762587,57.176763056974416,0.6821410946332067,38.285406773977115
151.80644912997562,0.9593197732577525,57.235014997878224,0.6828011839957965,38.37504553455883
151.85921466669095,0.9596532177392464,57.29272091594541,0.6834651420811908,38.464534301085884
151.91198020340624,0.9599866622207401,57.349881194449324,0.6841329734815345,38.553871198212576
151.96474574012157,0.960320106702234,57.40649624790845,0.6848046827648115,38.64305436136814
152.0175112768369,0.9606535511837279,57.462566521678916,0.6854802744748462,38.7320819368524
152.07027681355223,0.9609869956652217,57.51809249154524,0.6861597531313067,38.82095208192968
152.12304235026753,0.9613204401467155,57.57307466330906,0.6868431232297096,38.909662964919846
152.17580788698285,0.9616538846282093,57.62751357237616,0.687530389241425,38.99821276528742
152.22857342369818,0.9619873291097032,57.68140978334173,0.6882215556136794,39.08659967372774
152.2813389604135,0.962320773591197,57.734763889574396,0.6889166267695623,39.17482189225127
152.3341044971288,0.9626542180726908,57.78757651279886,0.6896156071080323,39.26287763426519
152.38687003384413,0.9629876625541847,57.83984830267746,0.690318501003923,39.350765124652966
152.43963557055946,0.9633211070356785,57.89157993639063,0.6910253128079491,39.438482599851056
152.4924011072748,0.9636545515171724,57.94277211821664,0.6917360468467134,39.526028307923745
152.5451666439901,0.9639879959986661,57.993425579110614,0.6924507074227139,39.61340050863532
152.5979321807054,0.96432144048016,58.04354107628305,0.6931692988143521,39.70059747352026
152.65069771742074,0.9646548849616539,58.09311939277778,0.6938918252759383,39.78761748595052
152.70346325413607,0.9649883294431477,58.142161337049835,0.6946182910377012,39.87445884120108
152.75622879085137,0.9653217739246415,58.19066774254306,0.6953487003057945,39.96111984651281
152.8089943275667,0.9656552184061353,58.23863946726795,0.6960830572623062,40.04759882115337
152.86175986428202,0.9659886628876292,58.286077393379266,0.6968213660652646,40.133894096475345
152.91452540099735,0.966322107369123,58.33298242675426,0.6975636308486471,40.22000401597254
152.96729093771265,0.9666555518506168,58.37935549657113,0.6983098557223881,40.30592693533378
153.02005647442797,0.9669889963321107,58.425197554888115,0.6990600447723875,40.391661222494704
153.0728220111433,0.9673224408136045,58.47050957622306,0.6998142020605166,40.47720525768685
153.12558754785863,0.9676558852950984,58.51529255713394,0.700572331624627,40.56255743348503
153.17835308457393,0.9679893297765921,58.55954751580016,0.7013344374785572,40.647716154852176
153.23111862128926,0.968322774258086,58.60327549160501,0.7021005236121418,40.73267983918224
153.28388415800458,0.9686562187395799,58.64647754471897,0.7028705939912151,40.817446916340536
153.3366496947199,0.9689896632210737,58.68915475568455,0.7036446525576203,40.90201582870234
153.3894152314352,0.9693231077025675,58.73130822500226,0.7044227032292145,40.98638503118902
153.44218076815054,0.9696565521840613,58.77293907271822,0.7052047498998766,41.070552991302414
153.49494630486586,0.9699899966655552,58.81404843801307,0.7059907964395101,41.154518189156505
153.5477118415812,0.970323441147049,58.85463747879278,0.7067808466940506,41.23827911750761
153.6004773782965,0.9706568856285428,58.894707371281065,0.7075749044854691,41.321834281782095
153.65324291501182,0.9709903301100367,58.9342593096138,0.7083729736117783,41.40518220010236
153.70600845172714,0.9713237745915305,58.973294505435156,0.7091750578470339,41.48832140331032
153.75877398844247,0.9716572190730244,59.01181418749598,0.7099811609413392,41.57125043498935
153.81153952515777,0.9719906635545181,59.0498196012542,0.7107912866208476,41.65396785148387
153.8643050618731,0.972324108036012,59.08731200847756,0.7116054385877655,41.736472221917325
153.91707059858842,0.9726575525175059,59.124292686848406,0.7124236205203518,41.81876212820769
153.96983613530375,0.9729909969989997,59.16076292957115,0.7132458360729205,41.90083616508148
154.02260167201905,0.9733244414804935,59.19672404498197,0.7140720888758391,41.982692940085634
154.07536720873438,0.9736578859619873,59.23217735616125,0.7149023825355306,42.06433107359769
154.1281327454497,0.9739913304434812,59.26712420054837,0.7157367206344692,42.145749198833684
154.18089828216503,0.974324774924975,59.30156592955943,0.7165751067311795,42.2269459618546
154.23366381888033,0.9746582194064688,59.335503908207556,0.7174175443602332,42.307920021570766
154.28642935559566,0.9749916638879627,59.36893951472619,0.7182640370322464,42.38867004974469
154.33919489231099,0.9753251083694565,59.40187414019507,0.719114588233873,42.469194730991624
154.39196042902628,0.9756585528509502,59.43430918816927,0.7199692014277997,42.54949276277879
154.4447259657416,0.9759919973324441,59.466246074311336,0.7208278800527413,42.629562855422876
154.49749150245694,0.976325441813938,59.49768622602625,0.7216906275234304,42.70940373208534
154.55025703917227,0.9766588862954318,59.528631082099714,0.7225574472306106,42.78901412876659
154.60302257588756,0.9769923307769255,59.559082092339565,0.7234283425410262,42.868392794298046
154.6557881126029,0.9773257752584195,59.589040717220406,0.7243033167974139,42.94753849033295
154.70855364931822,0.9776592197399133,59.61850842753142,0.7251823733184879,43.026449991335056
154.76131918603355,0.9779926642214072,59.647486704027656,0.7260655153989295,43.10512608456614
154.81408472274885,0.9783261087029008,59.675977037084586,0.7269527463093727,43.18356557007167
154.86685025946417,0.9786595531843948,59.70398092635613,0.7278440692963903,43.26176726066521
154.9196157961795,0.9789929976658887,59.73149988043601,0.7287394875824762,43.339729981910786
154.97238133289483,0.9793264421473825,59.75853541652275,0.7296390043660294,43.41745257210423
155.02514686961013,0.9796598866288762,59.78508906008801,0.7305426228213345,43.49493388225277
155.07791240632545,0.97999333111037,59.811162344548755,0.731450346098545,43.572172776053335
155.13067794304078,0.980326775591864,59.83675681094262,0.7323621773236584,43.649168129869146
155.1834434797561,0.9806602200733578,59.86187400760724,0.7332781195984968,43.725918832705126
155.2362090164714,0.9809936645548515,59.886515489863044,0.7341981760006822,43.80242378618181
155.28897455318673,0.9813271090363453,59.91068281969979,0.7351223495836138,43.87868190450807
155.34174008990206,0.9816605535178393,59.93437756546667,0.7360506433764389,43.95469211445208
155.3945056266174,0.9819939979993332,59.957601301566335,0.736983060384028,44.03045335531139
155.4472711633327,0.9823274424808268,59.98035560815245,0.7379196035869445,44.10596457888144
155.500036700048,0.9826608869623207,60.00264207083117,0.7388602759414166,44.181224749423045
155.55280223676334,0.9829943314438147,60.02446228036623,0.7398050803793029,44.25623284362824
155.60556777347867,0.9833277759253085,60.04581783238793,0.7407540198080617,44.33098785058528
155.65833331019397,0.9836612204068022,60.0667103271059,0.741707097110715,44.405488771742206
155.7110988469093,0.983994664888296,60.08714136902566,0.7426643151458151,44.479734620869465
155.76386438362462,0.98432810936979,60.10711256666894,0.7436256767474041,44.553724424021006
155.81662992033995,0.9846615538512838,60.12662553229794,0.7445911847249769,44.62745721949458
155.86939545705525,0.9849949983327775,60.145681881643355,0.7455608418634398,44.70093205779074
155.92216099377058,0.9853284428142713,60.164283233636255,0.7465346509230714,44.77414800157099
155.9749265304859,0.9856618872957653,60.18243121014377,0.7475126146394748,44.84710412561449
156.02769206720123,0.9859953317772592,60.20012743570869,0.7484947357235356,44.91979951677404
156.08045760391653,0.9863287762587528,60.217373537292836,0.7494810168613742,44.99223327393091
156.13322314063186,0.9866622207402467,60.23417114402438,0.7504714607142996,45.06440450794885
156.18598867734718,0.9869956652217405,60.25052188694885,0.751466069918756,45.13631234162678
156.2387542140625,0.9873291097032345,60.26642739878413,0.7524648470862746,45.20795590965088
156.2915197507778,0.9876625541847281,60.281889313679166,0.7534677948034185,45.27933435854556
156.34428528749314,0.987995998666222,60.296909266976655,0.754474915631731,45.350446846623726
156.39705082420846,0.9883294431477159,60.31148889497935,0.7554862121076751,45.42129254393583
156.4498163609238,0.9886628876292098,60.32562983472036,0.7565016867425789,45.49187063221838
156.5025818976391,0.9889963321107035,60.33933372373716,0.7575213420225739,45.56218030484146
156.55534743435442,0.9893297765921973,60.35260219984943,0.7585451804085361,45.6322207667556
156.60811297106974,0.9896632210736912,60.36543690094061,0.7595732043360199,45.701991234437514
156.66087850778507,0.9899966655551852,60.37783946474333,0.7606054162151954,45.77149093583543
156.71364404450037,0.9903301100366788,60.389811528628506,0.7616418184307805,45.84071911031346
156.7664095812157,0.9906635545181727,60.40135472939819,0.7626824133419754,45.909675008595435
156.81917511793102,0.9909969989996665,60.41247070308219,0.7637272032823889,45.97835789270774
156.87194065464635,0.9913304434811605,60.423161084738325,0.764776190559969,46.04676703592172
156.92470619136165,0.9916638879626541,60.4334275082564,0.7658293774569289,46.11490172269527
156.97747172807698,0.991997332444148,60.443271606165915,0.7668867662296727,46.18276124861406
157.0302372647923,0.9923307769256419,60.45269500944728,0.7679483591087164,46.250344920331585
157.0830028015076,0.9926642214071356,60.461699347346794,0.7690141582986096,46.317652055509186
157.13576833822293,0.9929976658886295,60.47028624719516,0.7700841659778576,46.384681982755254
157.18853387493826,0.9933311103701233,60.47845733422962,0.7711583842988347,46.451434041563715
157.24129941165359,0.9936645548516172,60.4862142314196,0.7722368153877028,46.51790758225227
157.29406494836888,0.993997999333111,60.49355855929599,0.7733194613443243,46.58410196589985
157.3468304850842,0.9943314438146048,60.50049193578385,0.774406324242176,46.65001656428385
157.39959602179954,0.9946648882960987,60.50701597603865,0.7754974061282565,46.71565075981652
157.45236155851487,0.9949983327775925,60.51313229228596,0.7765927090229964,46.78100394548117
157.50512709523016,0.9953317772590863,60.5188424936646,0.7776922349201646,46.84607552476781
157.5578926319455,0.9956652217405801,60.524148186073184,0.7787959857867749,46.91086491160849
157.61065816866082,0.995998666222074,60.52905097202008,0.7799039635629851,46.97537153031193
157.66342370537615,0.9963321107035679,60.53355245047667,0.7810161701620015,47.039594815498084
157.71618924209145,0.9966655551850616,60.53765421673401,0.782132607469976,47.10353421203212
157.76895477880677,0.9969989996665555,60.54135786226276,0.7832532773459062,47.16718917495825
157.8217203155221,0.9973324441480493,60.54466497457638,0.7843781816215276,47.23055916943288
157.87448585223743,0.9976658886295432,60.54757713709758,0.7855073221012092,47.29364367065776
157.92725138895273,0.997999333111037,60.55009592902801,0.7866407005618443,47.35644216381264
157.98001692566805,0.9983327775925308,60.55222292522107,0.7877783187527431,47.41895414398784
158.03278246238338,0.9986662220740247,60.55395969605795,0.7889201783955165,47.48117911611621
158.0855479990987,0.9989996665555185,60.555307807326756,0.7900662811839655,47.543116594905115
158.138313535814,0.9993331110370123,60.5562688201047,0.7912166287839634,47.60476610476806
158.19107907252933,0.9996665555185061,60.556844290643404,0.7923712228333414,47.66612717975624
158.24384460924466,1.0,60.55703577025722,0.793530064941765,47.727199363489525
