parameter,label,factor,b,F,G,H,S,a_hat,a_H_dim,tau_mode_H,tau_mean_H,omega_0_dim,T_0,N_star,P_star,G_4,ell_1,a_H_ratio,tau_ratio,omega_ratio,P_star_ratio
K,$K$,0.8,0.2834244590206495,0.9196705760288522,-0.566848918041299,-2.0,-0.0,1.323909311175154,0.20486569853917685,4.881246627086125,9.76249325417225,0.04899887410293203,128.23121800677475,20.0,1.3804157753742474,-1.7886708007870114,-2.824394343681685,0.5798777220609401,1.7245014973948396,0.9345926969706958,0.9695141020105563
K,$K$,0.804,0.2820143870852233,0.9204678854769458,-0.5640287741704466,-2.0,-0.0,1.3414760591267385,0.2075840298174489,4.817326269652864,9.634652539305728,0.049109658624692194,127.94194631237812,20.0,1.3816125283950476,-1.79665653162701,-2.8306042992301594,0.5875720298962265,1.7019189973638025,0.9367057741968569,0.9703546233599845
K,$K$,0.808,0.2806182762580688,0.9212533830299502,-0.5612365525161376,-2.0,-0.0,1.3591057363468095,0.21031209895951433,4.754838190229383,9.509676380458766,0.04921789824447784,127.66057737714448,20.0,1.3827915518866625,-1.804387986216443,-2.8365332542660804,0.5952939010098679,1.6798425085551538,0.9387703105770611,0.9711826926432499
K,$K$,0.812,0.27923592021738863,0.9220273008603481,-0.5584718404347773,-2.0,-0.0,1.376798530681653,0.21304993503327102,4.69373529658122,9.38747059316244,0.04932366488187697,127.38682987622482,20.0,1.3839531943375252,-1.8118736366368853,-2.842193121958379,0.6030434176793102,1.6582553936966866,0.9407876778881695,0.9719985546159227
K,$K$,0.8160000000000001,0.2778671166869112,0.9227898654641025,-0.5557342333738224,-2.0,-0.0,1.394554633012136,0.21579756757619692,4.633972529124572,9.267945058249143,0.04942702812269955,127.12043482731687,20.0,1.3850977957156732,-1.8191216640617716,-2.8475952768504853,0.6108206635111579,1.6371417336337915,0.9427592033931245,0.9728024480494024
K,$K$,0.8200000000000001,0.27651166733721894,0.9235412978263912,-0.5530233346744379,-2.0,-0.0,1.4123742367396128,0.2185550265157979,4.575506754257682,9.151013508515364,0.049528055299800165,126.86113494960779,20.0,1.3862256877175125,-1.8261399681894728,-2.8527505813324727,0.6186257232159997,1.616486289644376,0.9446861713825411,0.9735946059056336
K,$K$,0.8240000000000001,0.27516937768995087,0.9242818135817252,-0.5503387553799017,-2.0,-0.0,1.4302575373157604,0.2213223420968527,4.518296664158699,9.036593328317398,0.04962681157131494,126.6086840608427,20.0,1.3873371940081567,-1.83293617648029,-2.857669410712599,0.6264586824024735,1.5962744680383276,0.9465698246669793,0.9743752555059041
K,$K$,0.8280000000000001,0.2738400570247821,0.925011623168664,-0.5476801140495642,-2.0,-0.0,1.4482047318128413,0.22409954481491448,4.462302682613245,8.92460536522649,0.049723359996345196,126.36284650999887,20.0,1.3884326304536496,-1.839517653185606,-2.862361676964539,0.6343196273890406,1.5764922868872235,0.9484113660205162,0.9751446186939434
K,$K$,0.8320000000000001,0.272523518289086,0.9257309319793382,-0.545047036578172,-2.0,-0.0,1.4662160185311113,0.22688666535555974,4.407486876467046,8.814973752934092,0.049817761608127425,126.1233966432271,20.0,1.3895123053454006,-1.8458915081602258,-2.8668368512229363,0.6422086450320286,1.5571263447413222,0.9502119595763722,0.9759029119935513
K,$K$,0.8360000000000001,0.2712195780101908,0.926439940503974,-0.5424391560203816,-2.0,-0.0,1.484291596641042,0.22968373453902474,4.353812872326375,8.70762574465275,0.04991007548474707,125.8901183008585,20.0,1.390576519617111,-1.8520646054513625,-2.8711039850956115,0.6501258225689229,1.5381637912005643,0.951972732175688,0.9766503467609526
K,$K$,0.8400000000000001,0.2699280562101423,0.9271388444706142,-0.5398561124202846,-2.0,-0.0,1.5024316658557162,0.2324907832695111,4.301245778163888,8.602491556327776,0.0500003588174135,125.66280434354317,20.0,1.3916255670544964,-1.8580435716595618,-2.875171730859479,0.6580712474748751,1.5195922992186033,0.9536947746697864,0.9773871293320932
K,$K$,0.8440000000000001,0.26864877632289047,0.9278278349802136,-0.5372975526457809,-2.0,-0.0,1.5206364261341194,0.23530784248927203,4.249752109497121,8.499504218994241,0.050088666976408715,125.44125620549868,20.0,1.3926597344980618,-1.8638348040690227,-2.879048360599152,0.666045007332743,1.5014000390223174,0.9553791431780602,0.9781134611650549
K,$K$,0.8480000000000001,0.2673815651138202,0.9285070986372839,-0.5347631302276404,-2.0,-0.0,1.5389060774097496,0.23813494313661687,4.199299719849618,8.398599439699236,0.0501750535747103,125.2252834732696,20.0,1.3936793020391993,-1.869444478545749,-2.882741784349705,0.6740471897142207,1.4835756535443387,0.9570268603015026,0.9788295389777828
K,$K$,0.8520000000000001,0.26612625260154876,0.9291768176762567,-0.5322525052030975,-2.0,-0.0,1.5572408193447693,0.24097211610786762,4.14985773520935,8.2997154704187,0.05025957052939008,125.01470348827183,20.0,1.3946845432098567,-1.8748785572036266,-2.8862595672967997,0.6820778820721566,1.4661082352677883,0.9586389162938096,0.9795355548812954
K,$K$,0.856,0.2648826719819154,0.929837170083721,-0.5297653439638308,-2.0,-0.0,1.5756408511058093,0.24381939222266624,4.101396492231255,8.20279298446251,0.050342268120817484,124.80934097169471,20.0,1.3956757251660157,-1.88014279583936,-2.8896089460882006,0.6901371716423538,1.4489873043937773,0.9602162701906105,0.9802316965085484
K,$K$,0.86,0.2636506595540925,0.930488329716692,-0.527301319108185,-2.0,-0.0,1.594106371161927,0.24667680219271004,4.053887479937312,8.107774959874623,0.050423195049769616,124.60902767025856,20.0,1.396653108865211,-1.8852427511382557,-2.8927968443038994,0.6982251453550754,1.432202788244557,0.9617598508987723,0.9809181471391115
K,$K$,0.864,0.2624300546487495,0.9311304664170543,-0.524860109297499,-2.0,-0.0,1.6126375771008241,0.2495443765933128,4.0073032846968095,8.014606569393619,0.050502398492473975,124.41360202161341,20.0,1.3976169492383088,-1.8901837876534267,-2.8958298871334036,0.7063418897545475,1.4157450018255298,0.9632705582462703,0.981595085819816
K,$K$,0.868,0.26122069955820226,0.9317637461223234,-0.5224413991164045,-2.0,-0.0,1.631234665463168,0.252422145837767,3.961617538275366,7.923235076550732,0.05057992415367025,124.22290883810385,20.0,1.3985674953557594,-1.8949710845617536,-2.898714415302869,0.7144874909263904,1.3996046294714266,0.964749263994277,0.9822626874815182
K,$K$,0.872,0.26002243946848574,0.9323883309728577,-0.5200448789369715,-2.0,-0.0,1.6498978315929687,0.25531014015419073,3.916804868761049,7.833609737522098,0.050655816317744684,124.03679900778921,20.0,1.3995049905885204,-1.8996096422003643,-2.901456498293959,0.7226620344320837,1.3837727075089357,0.9661968128124859,0.9829211230521223
K,$K$,0.876,0.25883512239328715,0.9330043794156521,-0.5176702447865743,-2.0,-0.0,1.6686272695038886,0.2582083895648402,3.8728408541848878,7.7456817083697755,0.05073011789801817,123.85512921161663,20.0,1.4004296727638488,-1.9041042883878545,-2.9040619468924245,0.7308656052504092,1.3682406078712377,0.9676140232192212,0.9835705595659984
K,$K$,0.88,0.2576585991096813,0.9336120463048365,-0.5153171982193626,-2.0,-0.0,1.6874231717572017,0.2611169238672246,3.829701978675615,7.65940395735123,0.050802870484201394,123.6777616558797,20.0,1.4013417743161511,-1.9084596845347614,-2.9065363251058915,0.7390982877239969,1.3530000226078622,0.969001688486585,0.9842111602699299
K,$K$,0.884,0.2564927230956104,0.9342114829989985,-0.5129854461912208,-2.0,-0.0,1.7062857293550648,0.26403577261759076,3.7873655909812025,7.574731181962405,0.050874114388154236,123.50456381885621,20.0,1.402241522433061,-1.912680331548104,-2.908884961481159,0.7473601655125768,1.3380429492307102,0.9703605775132621,0.9848430847257086
K,$K$,0.888,0.25533735046905354,0.9348028374554437,-0.5106747009381071,-2.0,-0.0,1.725215131643837,0.2669649651159623,3.74580986522193,7.49161973044386,0.05094388868794175,123.33540821093219,20.0,1.4031291391969243,-1.9167705755349884,-2.9111129598575047,0.755651321550633,1.3233616768484593,0.9716914356648324,0.9854664889095046
K,$K$,0.892,0.2541923399288336,0.9353862543215044,-0.5083846798576672,-2.0,-0.0,1.7442115662285749,0.26990453039290835,3.705013763734418,7.410027527468836,0.05101223127027875,123.17017214732887,20.0,1.4040048417218514,-1.9207346133103937,-2.913225209584781,0.763971838009951,1.3089487730396872,0.9729949855833488,0.9860815253081235
K,$K$,0.896,0.25305755269700847,0.9359618750230008,-0.5061151053940169,-2.0,-0.0,1.7632752188975582,0.27285449719786486,3.6649570018808735,7.329914003761747,0.05107917887141589,123.00873753269518,20.0,1.4048688422864977,-1.9245764977143949,-2.915226395235544,0.7723217962665619,1.294797071420287,0.974271927967189,0.9866883430122625
K,$K$,0.9,0.2519328524627995,0.9365298378499574,-0.503865704925599,-2.0,-0.0,1.782406273555478,0.27581489398879533,3.6256200147067617,7.251240029413523,0.05114476711651478,122.85099065688637,20.0,1.405721348462723,-1.9283001427441333,-2.9171210058389745,0.7807012768714764,1.2808996598639173,0.9755229423220857,0.9872870878068715
K,$K$,0.904,0.25081810532800836,0.9370902780396682,-0.5016362106560167,-2.0,-0.0,1.8016049121660733,0.27878574892331465,3.5869839253335334,7.173967850667067,0.051209030557589776,122.69682200121918,20.0,1.4065625632402696,-1.9319093285058202,-2.91891334366091,0.7891103595255603,1.2672498693354295,0.9767486876848206,0.9878779022587203
K,$K$,0.908,0.24971317975387616,0.9376433278572083,-0.4994263595077523,-2.0,-0.0,1.8208713147004436,0.2817670898506907,3.5490305149898917,7.0980610299797835,0.05127200271002316,122.54612605470327,20.0,1.4073926851476126,-1.935407705992187,-2.9206075325569594,0.7975491230568953,1.2538412633031788,0.977949803319705,0.9884609258012749
K,$K$,0.912,0.24861794650934166,0.9381891166734782,-0.4972358930186833,-2.0,-0.0,1.8402056590947995,0.2847589443053065,3.5117421945764846,7.023484389152969,0.05133371608777098,122.39880113951858,20.0,1.4082119083691,-1.9387988016905624,-2.9222075259175924,0.8060176454022733,1.2406676276930795,0.9791269093900883,0.9890362948169696
K,$K$,0.916,0.24753227862065455,0.9387277710408667,-0.4950645572413091,-2.0,-0.0,1.8596081212129891,0.2877613395008616,3.4751019776824674,6.950203955364935,0.051394202237248506,122.2547492453493,20.0,1.4090204228585255,-1.9420860220269602,-2.923717114230345,0.814516003590783,1.2277229613555942,0.9802806076046804,0.989604142716973
K,$K$,0.92,0.24645605132230383,0.9392594147666179,-0.49291210264460766,-2.0,-0.0,1.8790788748156373,0.29077430232559615,3.439093454965097,6.878186909930194,0.05145349176997933,122.1138758719875,20.0,1.4098184144492476,-1.9452726576512949,-2.9251399322772844,0.8230442737302923,1.2150014670142706,0.9814114818402929,0.9901646000185286
K,$K$,0.924,0.2453891420092203,0.9397841689839788,-0.4907782840184406,-2.0,-0.0,1.8986180915345165,0.2937978593383257,3.4037007698154826,6.807401539630965,0.051511614394041595,121.97608987976834,20.0,1.410606064960985,-1.9483618875688866,-2.9264794659876405,0.8316025309962236,1.2024975426686637,0.9825200987416376,0.9907177944199604
K,$K$,0.928,0.24433143019021505,0.9403021522212041,-0.4886628603804301,-2.0,-0.0,1.9182259408525788,0.2968320367653506,3.3689085952353333,6.7378171904706665,0.05156859894436926,121.84130334736665,20.0,1.4113835523033906,-1.9513567831232481,-2.9277390589628522,0.8401908496228064,1.190205773425095,0.983607008299284,0.9912638508734174
K,$K$,0.932,0.24328279744261758,0.9408134804684943,-0.48656559488523515,-2.0,-0.0,1.9379025900869384,0.2998768604978231,3.3347021118598756,6.669404223719751,0.05162447341192016,121.70943143661762,20.0,1.4121510505765245,-1.9542603118352135,-2.928921918693024,0.8488093028956251,1.1781209237323431,0.9846727444060057,0.9918028916554384
K,$K$,0.936,0.24224312736807643,0.9413182672429339,-0.48448625473615287,-2.0,-0.0,1.957648204378172,0.30293235609009145,3.3010669870556915,6.602133974111383,0.05167926497180553,121.58039226385053,20.0,1.412908730168325,-1.9570753411030346,-2.9300311224775375,0.857457963146931,1.1662379299970924,0.9857178253933141,0.9923350364354103
K,$K$,0.9400000000000001,0.24121230554948886,0.9418166236515,-0.4824246110989777,-2.0,-0.0,1.9774629466818807,0.3059985487583943,3.267989355039605,6.53597871007921,0.051733000010370185,121.45410677749376,20.0,1.4136567578491865,-1.9598046417683936,-2.9310696230682063,0.8661369017519479,1.1545518935601118,0.9867427545479814,0.9928604023419924
K,$K$,0.944,0.24019021950902497,0.9423086584522063,-0.48038043901804994,-2.0,-0.0,1.9973469777644872,0.30907546338021,3.235455797957819,6.470911595915638,0.05178570415129452,121.33049864153526,20.0,1.4143952968637337,-1.9624508915528005,-2.9320402540472537,0.8748461891270294,1.1430580740116798,0.9877480206099021,0.9933791040275727
K,$K$,0.948,0.23917675866721477,0.9427944781134449,-0.47835351733442955,-2.0,-0.0,2.017300456201728,0.312163124494024,3.203453327874234,6.406906655748468,0.051837402280739533,121.20949412455681,20.0,1.4151245070198923,-1.9650166783689451,-2.9329457349546377,0.8835858947290006,1.1317518828282156,0.9887340982517037,0.9938912537308268
K,$K$,0.952,0.23817181430306678,0.9432741868715855,-0.47634362860613355,-2.0,-0.0,2.037323538380716,0.3152615562996471,3.1719693696161566,6.343938739232313,0.05188811857158662,121.09102199400598,20.0,1.4158445447753483,-1.9675045035113132,-2.9337886761765226,0.8923560870560597,1.120628877311819,0.9897014485410911,0.9943969613374393
K,$K$,0.956,0.23717527951518785,0.9437478867868925,-0.4743505590303757,-2.0,-0.0,2.0574163785040325,0.3183707826588495,3.140991744432626,6.281983488865252,0.05193787650679041,120.97501341546216,20.0,1.4165555633214746,-1.9699167847303942,-2.934571583607981,0.9011568336495718,1.1096847548169013,0.9906505193862725,0.9948963344390496
K,$K$,0.96,0.23618704918387456,0.944215677797814,-0.47237409836774913,-2.0,-0.0,2.0775791285966387,0.3214908270964297,3.1105086544197253,6.221017308839451,0.05198669890189165,120.86140185659988,20.0,1.4172577126648216,-1.972255859194555,-2.9352968631004757,0.9099882010970946,1.0989153472477842,0.9915817459653645,0.9953894783904854
K,$K$,0.964,0.23520701993414894,0.9446776577736968,-0.4704140398682979,-2.0,-0.0,2.0978119385141207,0.32462171280149055,3.0805086676734716,6.161017335346943,0.05203460792670686,120.7501229956367,20.0,1.4179511397062405,-1.9745239863436732,-2.9359668247058908,0.9188502550359908,1.0883166158133466,0.9924955511400961,0.9958764963653335
K,$K$,0.968,0.2342350900997103,0.9451339225659806,-0.4684701801994206,-2.0,-0.0,2.118114955956239,0.32776346262953626,3.0509807041252723,6.101961408250545,0.052081625126278806,120.64111463390726,20.0,1.4186359883177249,-1.9767233506380586,-2.9365836867237585,0.9277430601593635,1.0778846460228164,0.9933923458554124,0.9963574894099083
K,$K$,0.972,0.23327115968777734,0.9455845660579195,-0.4665423193755547,-2.0,-0.0,2.13848832647503,0.33091609910372555,3.0219140220390135,6.043828044078027,0.05212777144098353,120.53431661265428,20.0,1.4193123994170431,-1.9788560642073993,-2.9371495795703253,0.9366666802196026,1.0676156429153099,0.994272529522991,0.9968325564956693
K,$K$,0.976,0.23231513034479467,0.946029680212881,-0.46463026068958935,-2.0,-0.0,2.158932193493481,0.33407964441776167,2.9932982051115773,5.986596410223155,0.0521730672260289,120.42967073334984,20.0,1.4199805110402335,-1.9809241694018638,-2.9376665494646645,0.9456211780365664,1.0575059265025584,0.9951364903931537,0.9973017945701361
K,$K$,0.98,0.23136690532297918,0.9464693551212676,-0.46273381064595837,-2.0,-0.0,2.179446698319284,0.337254120438021,2.9651231501670425,5.930246300334085,0.05221753227017741,120.32712068180312,20.0,1.4206404584120347,-1.9829296412503257,-2.9381365619535873,0.9546066155036056,1.0475519274213776,0.9959846059119793,0.9977652986063549
K,$K$,0.984,0.23042638944768246,0.946903679046105,-0.4608527788953649,-2.0,-0.0,2.2000319801623474,0.3404395487062621,2.937379055401168,5.874758110802336,0.05226118581383201,120.22661195560951,20.0,1.4212923740143113,-1.984874389828318,-2.9385615052759766,0.9636230535952314,1.0377501827805469,0.9968172430662693,0.9982231616509557
K,$K$,0.988,0.22949348908554612,0.9473327384673423,-0.45898697817109224,-2.0,-0.0,2.220688176153088,0.3436359504424573,2.9100564091516743,5.820112818303349,0.05230404656647483,120.12809179484978,20.0,1.4219363876525495,-1.9867602625392455,-2.9389431935766095,0.9726705523751312,1.0280973321934481,0.9976347587161697,0.9986754748708548
K,$K$,0.992,0.22856811211342698,0.9477566181249039,-0.45713622422685396,-2.0,-0.0,2.24141542136177,0.3468433465477843,2.883145979166796,5.766291958333592,0.052346132723487884,120.03150911586445,20.0,1.4225726265204761,-1.9885890463120381,-2.9392833699765237,0.9817491710046353,1.0185901139867408,0.998437499916005,0.9991223275986388
K,$K$,0.996,0.22765016788807188,0.9481754010605327,-0.45530033577614376,-2.0,-0.0,2.262213848818746,0.3500617576077592,2.856638802346671,5.713277604693342,0.052387461982379625,119.93681444794782,20.0,1.4232012152628668,-1.990362469718321,-2.939583709506821,0.9908589677515861,1.0092253615760842,0.9992258042237793,0.9995638073766773
K,$K$,1.0,0.22673956721651956,0.9485891686584654,-0.4534791344330391,-2.0,-0.0,2.283083589536524,0.35329120389565033,2.83052617493235,5.6610523498647,0.05242805155845166,119.84395987278886,20.0,1.4238222760365966,-1.9920822050119444,-2.93984582191163,1.0,1.0,1.0,1.0
K,$K$,1.004,0.2258362223272107,0.9489980006849746,-0.4516724446544214,-2.0,-0.0,2.3040247725280394,0.3565317053753064,2.8047996431266635,5.609599286253327,0.05246791819986298,119.75289896666787,20.0,1.4244359285699946,-1.993749870094401,-2.940071254331028,1.0091723242580735,0.9909110426063094,1.0007604066950089,1.0004309895579848
K,$K$,1.008,0.22494004684178528,0.9494019753268155,-0.44988009368357057,-2.0,-0.0,2.325037524834736,0.35978328170550156,2.77945099410857,5.55890198821714,0.05250707820227329,119.6635867449116,20.0,1.42504229022055,-1.9953670304072884,-2.9402614938584306,1.0183759961704815,0.9819555878775788,1.0015073351282857,1.000856858474886
K,$K$,1.012,0.224050955747549,0.9498011692286098,-0.448101911495098,-2.0,-0.0,2.346121971544853,0.3630459522427652,2.7544722474451664,5.508944494890333,0.052545547422856276,119.57597960900726,20.0,1.4256414760310274,-1.996935200756777,-2.940417969994275,1.0276110705263868,0.9731308163970604,1.0022410877557335,1.0012776875492457
K,$K$,1.016,0.22316886537059014,0.9501956575292034,-0.44633773074118027,-2.0,-0.0,2.36727823581889,0.3663197360453225,2.729855646861124,5.459711293722248,0.05258334129390244,119.49003529580163,20.0,1.426233598784037,-1.998455847070673,-2.9405420569871374,1.0368776012705947,0.9644339879409057,1.0029619589291363,1.0016935559922218
K,$K$,1.02,0.22229369334952898,0.9505855138970256,-0.44458738669905795,-2.0,-0.0,2.3885064389131045,0.36960465187673053,2.7055936523588917,5.411187304717783,0.05262047483592349,119.405712828918,20.0,1.426818769055109,-1.9999303880915889,-2.9406350760748072,1.0461756415138448,0.9558624386943024,1.0036702351461086,1.0021045414648615
K,$K$,1.024,0.22142535860988238,0.950970810564485,-0.44285071721976477,-2.0,-0.0,2.4098067002036916,0.37290071820961984,2.68167893266933,5.36335786533866,0.05265696267030778,119.32297247221496,20.0,1.4273970952643227,-2.00136019700834,-2.940698297627915,1.0555052435434014,0.9474135785843502,1.0043661952914826,1.002510720114365
K,$K$,1.028,0.22056378133902682,0.95135161836143,-0.44112756267805364,-2.0,-0.0,2.4311791372112386,0.3762079532294787,2.658104358017178,5.316208716034356,0.05269281903154007,119.24177568519711,20.0,1.4279686837265286,-2.002746603027885,-2.9407329432008766,1.0648664588337646,0.9390848887241635,1.0050501108703844,1.0029121666093568
K,$K$,1.032,0.21970888296174373,0.9517280067477027,-0.43941776592348747,-2.0,-0.0,2.4526238656253776,0.3795263748384678,2.6348629931862186,5.269725986372437,0.05272805777900145,119.1620850802856,20.0,1.428533638700213,-2.004090892890034,-2.9407401874944945,1.0742593380574694,0.9308739189628559,1.0057222462333033,1.0033089541742044
K,$K$,1.036,0.21886058611633163,0.9521000438448158,-0.43772117223266327,-2.0,-0.0,2.4741409993296237,0.38285600065926395,2.6119480908697703,5.223896181739541,0.05276269240836602,119.08386438185873,20.0,1.429092062435043,-2.005394312327084,-2.940721160234288,1.0836839310959636,0.9227782855363267,1.00638285879347,1.0037011546224122
K,$K$,1.04,0.21801881463126882,0.9524677964667765,-0.43603762926253764,-2.0,-0.0,2.4957306504263124,0.38619684803891885,2.5893530852929834,5.178706170585967,0.05279673606260851,119.00707838698078,20.0,1.4296440552181349,-2.006658067470418,-2.9406769479684507,1.093140287050531,0.9147956688140746,1.0070321992368114,1.0040888383891169
K,$K$,1.044,0.21718349350241337,0.9528313301500871,-0.43436698700482673,-2.0,-0.0,2.5173929292616184,0.3895489340527306,2.5670715860940767,5.134143172188153,0.052830201542638094,118.9316929277388,20.0,1.4301897154190826,-2.0078833262060747,-2.9406085957891217,1.1026284542532498,0.906923811137493,1.0076705117247793,1.004472074562712
K,$K$,1.048,0.21635454887072478,0.9531907091829451,-0.43270909774144956,-2.0,-0.0,2.539127944450609,0.3929122755081206,2.5450973724523718,5.0901947449047436,0.05286310131757189,118.85767483511287,20.0,1.430729139533789,-2.009071219481183,-2.9405171089804734,1.1121484802779662,0.8991605147453547,1.0082980340903036,1.0048509309156328
K,$K$,1.052,0.21553190800049388,0.9535459966336667,-0.43106381600098775,-2.0,-0.0,2.5609358029022977,0.3962868889485102,2.5234243874516133,5.046848774903227,0.052895447534661764,118.78499190430875,20.0,1.4312624222271275,-2.01022284256311,-2.940403454596959,1.1217004119512675,0.8915036397824244,1.0089149980271346,1.0052254739343183
K,$K$,1.056,0.2147154992580678,0.9538972543783587,-0.4294309985161356,-2.0,-0.0,2.582816609844653,0.39967279065719113,2.502046732667683,5.004093465335366,0.05292725202888708,118.71361286148573,20.0,1.4317896563744772,-2.0113392562530987,-2.940268562974908,1.131284295363437,0.8839511023873441,1.0095216292728113,1.0055957688483839
K,$K$,1.06,0.2139052520910562,0.9542445431278617,-0.4278105041821124,-2.0,-0.0,2.604770468849568,0.40306999666118865,2.480958662970335,4.96191732594067,0.05295852633222613,118.64350733181496,20.0,1.4323109331021657,-2.012421488056084,-2.9401133291804387,1.1409001758793893,0.8765008728561325,1.0101181477855046,1.0059618796590248
K,$K$,1.064,0.21310109700800708,0.9545879224539839,-0.42620219401601417,-2.0,-0.0,2.6267974818577113,0.4064785227351078,2.4601545815292085,4.920309163058417,0.052989281682617496,118.57464580880911,20.0,1.4328263418268457,-2.0134705333083422,-2.9399386143966146,1.1505480981495568,0.8691509738778539,1.010704767914942,1.0063238691666723
K,$K$,1.068,0.21230296555853892,0.9549274508150498,-0.42460593111707784,-2.0,-0.0,2.648897749203278,0.4098983844049628,2.439629035014788,4.879258070029576,0.05301952903262335,118.50699962486446,20.0,1.433335970293841,-2.0144873562645564,-2.9397452472525507,1.1602281061207294,0.8618994788391581,1.0112816985676505,1.0066817989979249
K,$K$,1.072,0.21151079031391748,0.955263185580782,-0.42302158062783496,-2.0,-0.0,2.6710713696386117,0.4133295969519877,2.4193767089854923,4.838753417970985,0.053049279057805175,118.44054092296165,20.0,1.4338399046144967,-2.015472891145793,-2.9395340250970508,1.1699402430468395,0.854744510194581,1.011849143366713,1.0070357296317807
K,$K$,1.076,0.2107245048480665,0.9555951830565372,-0.421449009696133,-2.0,-0.0,2.6933184403586523,0.4167721754164189,2.3993924234525674,4.798784846905135,0.053078542164822745,118.37524262947264,20.0,1.4343382293025562,-2.0164280431498796,-2.9393057152192776,1.1796845514996706,0.8476842378996595,1.012407300806246,1.0073857204251868
K,$K$,1.08,0.20994404371899958,0.9559234985069148,-0.41988808743799916,-2.0,-0.0,2.7156390570251823,0.42022613460124775,2.379671128614833,4.759342257229666,0.0531073284992657,118.3110784280264,20.0,1.434831027309596,-2.0173536894255943,-2.9390610560188604,1.1894610733794766,0.8407168779040554,1.0129563644007773,1.0077318296379263
K,$K$,1.084,0.20916934245066376,0.956248186178757,-0.41833868490132753,-2.0,-0.0,2.738033313790983,0.4236914890759581,2.3602079007556442,4.7204158015112885,0.053135647953229316,118.24802273438215,20.0,1.435318380059551,-2.0182506800119557,-2.938800758127477,1.1992698499255632,0.8338406907019872,1.0134965228297443,1.0080741144568657
K,$K$,1.088,0.20840033751518341,0.9565692993235576,-0.41680067503036683,-2.0,-0.0,2.7605013033236494,0.42716825318021145,2.3409979382951134,4.681995876590227,0.053163510172640906,118.186050672272,20.0,1.4358003674823487,-2.019119838744024,-2.9385255054843733,1.2091109217267175,0.827053979937516,1.0140279600772362,1.0084126310195785
K,$K$,1.092,0.2076369663154941,0.9568868902192984,-0.4152739326309882,-2.0,-0.0,2.783043116829272,0.43065644102751205,2.3220365579905864,4.644073115981173,0.05319092456434831,118.12513805016555,20.0,1.4362770680466843,-2.0199619641263715,-2.938235956367576,1.2189843287315827,0.8203550910622063,1.0145508555671983,1.0087474344373635
K,$K$,1.096,0.20687916716835725,0.9572010101917269,-0.4137583343367145,-2.0,-0.0,2.8056588440758587,0.4341560665088306,2.30331919127902,4.60663838255804,0.05321790030297791,118.06526133891829,20.0,1.4367485587919606,-2.02077783017547,-2.9379327443828607,1.2288901102589151,0.8137424100429206,1.015065384294239,1.0090785788176782
K,$K$,1.1,0.20612687928774504,0.9575117096350954,-0.41225375857549007,-2.0,-0.0,2.8283485734165184,0.4376671432961923,2.284841380755072,4.569682761510144,0.0532444463375706,118.00639765026564,20.0,1.4372149153594151,-2.0215681872321483,-2.9376164794123163,1.2388283050077398,0.8072143621175594,1.0155717169502045,1.0094061172859992
K,$K$,1.104,0.20538004276858654,0.9578190380323736,-0.4107600855371731,-2.0,-0.0,2.8511123918123897,0.4411896848462246,2.266598776779079,4.533197553558158,0.05327057139800371,117.94852471612583,20.0,1.4376762120224609,-2.0223337627452316,-2.937287748524251,1.2487989510673931,0.8007694105966892,1.0160700200466677,1.009730102007133
K,$K$,1.108,0.20463859857086603,0.958123043974952,-0.40927719714173205,-2.0,-0.0,2.8739503848553127,0.44472370440366565,2.2485871342093398,4.4971742684186795,0.05329628400120653,117.8916208686772,20.0,1.4381325217162586,-2.023075262027444,-2.9369471168461363,1.2588020859274527,0.7944060557090878,1.016560456033482,1.0100505842059844
K,$K$,1.112,0.2039024885040643,0.95842377518185,-0.4078049770081286,-2.0,-0.0,2.8968626367902353,0.44826921500483136,2.2308023092534297,4.461604618506859,0.05332159245717683,117.83566502117661,20.0,1.4385839160665508,-2.023793368984583,-2.936595128402156,1.2688377464875524,0.788122833489341,1.017043183413539,1.010367614187808
K,$K$,1.116,0.2031716552119351,0.9587212785184426,-0.4063433104238702,-2.0,-0.0,2.919849230537332,0.45182622948103834,2.2132402564335116,4.426480512867023,0.05334650487480519,117.7806366494883,20.0,1.4390304654177677,-2.024488746818989,-2.936232306916947,1.2789059690670697,0.7819183147057132,1.01751835685386,1.010681241357949
K,$K$,1.12,0.20244604215760675,0.9590156000147205,-0.4048920843152135,-2.0,-0.0,2.942910247713822,0.4553947604619799,2.1958970256608565,4.391794051321713,0.05337102916751381,117.72651577429338,20.0,1.439472238860437,-2.025162038708248,-2.9358591565869614,1.2890067894146817,0.7757911038266018,1.01798612729315,1.0109915142410921
K,$K$,1.124,0.20172559360900316,0.9593067848830953,-0.4034511872180063,-2.0,-0.0,2.9660457686557566,0.4589748203790977,2.1787687594148055,4.357537518829611,0.053395173058719096,117.67328294394547,20.0,1.4399093042579083,-2.025813868460002,-2.9354761628206454,1.2991402427179097,0.7697398380238891,1.0184466420459894,1.0112984805000327
K,$K$,1.1280000000000001,0.20101025462457406,0.9595948775357639,-0.4020205092491481,-2.0,-0.0,2.9892558724384224,0.4625664214687388,2.161851690022818,4.323703380045636,0.05341894408711167,117.62091921797315,20.0,1.4403417282724185,-2.0264448411439893,-2.935083792949784,1.3093063636120543,0.7637631862120077,1.018900044903543,1.0116021869539829
K,$K$,1.1320000000000001,0.2002999710393282,0.9598799216016443,-0.4005999420786564,-2.0,-0.0,3.012540636900425,0.4661695757758824,2.1451421370337647,4.290284274067529,0.053442349611806016,117.56940615110156,20.0,1.4407695763905097,-2.0270555437012523,-2.934682496909427,1.3195051861907447,0.7578598481199468,1.0193464762317843,1.0119026795964228
K,$K$,1.136,0.1995946894511616,0.9601619599428943,-0.3991893789023232,-2.0,-0.0,3.035900138657439,0.4697842951562681,2.1286365046906517,4.257273009381303,0.05346539681723883,117.51872577804755,20.0,1.441192912947827,-2.027646545533859,-2.934272707898233,1.3297367440119614,0.7520285533983895,1.0197860730649249,1.012200003612518
K,$K$,1.14,0.1988943572074733,0.960441034671026,-0.3977887144149466,-2.0,-0.0,3.059334453131737,0.4734105912809643,2.112331279480206,4.224662558960412,0.053488092718057184,117.46886059854644,20.0,1.4416118011533026,-2.0282183990712155,-2.933854843000625,1.34000107011097,0.7462680607540013,1.0202189691986492,1.0124942033961046
K,$K$,1.144,0.1981989223920626,0.9607171871626251,-0.3963978447841252,-2.0,-0.0,3.0828436545655507,0.477048475638437,2.0962230277786627,4.192446055557325,0.053510444163714296,117.41979356322081,20.0,1.4420263031127523,-2.0287716403194676,-2.933429303795972,1.3502981970061734,0.740577157117709,1.0206452952777747,1.0127853225662609
K,$K$,1.148,0.1975083338122993,0.9609904580746893,-0.3950166676245986,-2.0,-0.0,3.106427816043222,0.4806979595379763,2.080308393572446,4.160616787144892,0.053532457843002416,117.37150805977618,20.0,1.4424364798518987,-2.029306789390256,-2.9329964769370673,1.3606281567088134,0.7349546568394357,1.0210651788827105,1.0130734039834783
K,$K$,1.152,0.19682254098656216,0.961260887359593,-0.3936450819731243,-2.0,-0.0,3.1300870095109317,0.4843590541127501,2.0645840962585122,4.1291681925170245,0.05355414028842714,117.32398789972471,20.0,1.4428423913388315,-2.0298243510114933,-2.9325567347072847,1.3709909807316136,0.729399400910983,1.0214787446128912,1.0133584897654362
K,$K$,1.156,0.19614149413193738,0.9615285142796912,-0.39228298826387475,-2.0,-0.0,3.153821305795377,0.48803177032269396,2.049046928520217,4.098093857040434,0.05357549788044028,117.27721730559027,20.0,1.443244096505929,-2.0303248150206445,-2.9321104355564196,1.381386700096958,0.723910256215592,1.0218861141675146,1.0136406213023972
K,$K$,1.16,0.19546514415217206,0.9617933774215706,-0.3909302883043441,-2.0,-0.0,3.177630774622928,0.49171611895747575,2.033693754274672,4.067387508549344,0.05359653685154955,117.23118089854587,20.0,1.4436416532712484,-2.0308086568408346,-2.9316579246149157,1.3918153453452842,0.7184861148027637,1.0222874064239285,1.013919839272231
K,$K$,1.164,0.19479344262587592,0.9620555147099595,-0.38958688525175184,-2.0,-0.0,3.2015154846382288,0.4954121106393734,2.0185215066894733,4.0370430133789466,0.05361726329030024,117.1858636864866,20.0,1.4440351185594045,-2.0312763379406222,-2.931199534188176,1.4022769465432277,0.713125893187586,1.0226827375135759,1.0141961836550788
K,$K$,1.168,0.1941263417949654,0.9623149634213043,-0.3882526835899308,-2.0,-0.0,3.225475503422539,0.49911975582611395,2.0035271862658655,4.007054372531731,0.053637683145135874,117.14125105251449,20.0,1.4444245483219478,-2.0317283062779743,-2.930735584231545,1.4127715332916588,0.7078285316735324,1.0230722208956327,1.0144696937476638
K,$K$,1.172,0.19346379455334434,0.9625717601970214,-0.3869275891066887,-2.0,-0.0,3.24951089751178,0.5028390648136654,1.9887078589857874,3.977415717971575,0.05365780222814143,117.0973287438206,20.0,1.444809997557255,-2.0321649967290107,-2.9302663828068,1.4232991347335842,0.70259299369783,1.0234559674284047,1.0147404081772626
K,$K$,1.176,0.192805754435816,0.9628259410564358,-0.385611508871632,-2.0,-0.0,3.2736217324142993,0.5065700477389858,1.974060654520296,3.948121309040592,0.0536776262186735,117.05408286094769,20.0,1.4451915203299517,-2.0325868315021074,-2.9297922265209224,1.4338597795619294,0.6974182651985109,1.023834085438569,1.0150083649153456
K,$K$,1.18,0.19215217560721998,0.9630775414094122,-0.38430435121443995,-2.0,-0.0,3.2978080726288432,0.510312714582805,1.9595827644967225,3.919165528993445,0.05369716066688483,117.01149984741078,20.0,1.445569169789868,-2.0329942205377427,-2.929313400947485,1.4444534960274111,0.6923033540022138,1.0242066807883992,1.0152736012908907
K,$K$,1.184,0.1915030128517902,0.9633265960686871,-0.3830060257035804,-2.0,-0.0,3.3220699816590304,0.5140670751718633,1.945271440824486,3.890542881648972,0.0537164109971168,116.9695664797269,20.0,1.4459429981905527,-2.033387561895393,-2.9288301810341317,1.455080311944875,0.687247289232709,1.024573856940473,1.015536154003386
K,$K$,1.188,0.19085822156272692,0.963573139261913,-0.38171644312545383,-2.0,-0.0,3.346407522036272,0.5178331391824589,1.9311239940703162,3.8622479881406324,0.053735382511261164,116.92826985762757,20.0,1.4463130569073486,-2.033767242125548,-2.928342831487992,1.4657402547033365,0.6822491207368787,1.0249357150217946,1.015796059135525
K,$K$,1.192,0.19021775773197952,0.9638172046434179,-0.38043551546395904,-2.0,-0.0,3.370820755329558,0.5216109161419618,1.9171377918936032,3.8342755837872065,0.053754080391917564,116.88759739482629,20.0,1.4466793964550448,-2.034133636631628,-2.927851607155541,1.4764333512702656,0.6773079185319398,1.025292353884018,1.0160533521656046
K,$K$,1.196,0.18958157794023375,0.9640588253056911,-0.3791631558804675,-2.0,-0.0,3.395309742165836,0.5254004154319679,1.9033102575258358,3.8066205150516716,0.05377250970554445,116.84753680990514,20.0,1.4470420665051171,-2.0344871100175745,-2.9273567533801415,1.4871596282005157,0.6724227722682428,1.025643870163549,1.016308067979633
K,$K$,1.2,0.18894963934709963,0.964298033790601,-0.37789927869419926,-2.0,-0.0,3.419874542245067,0.5292016462906284,1.8896388683016632,3.7792777366033263,0.05379067540547638,116.80807611759232,20.0,1.4474011159025642,-2.034828016424651,-2.926858506349435,1.4979191116429147,0.6675927907103089,1.0259903583390952,1.0165602408831547
eps,$\varepsilon$,0.8,0.22673956721651956,0.9485891686584654,-0.4534791344330391,-2.0,-0.0,2.87903126815617,0.3564079484226322,2.805773564887475,5.61154712977495,0.047207186944802304,133.09806649835528,20.0,1.1390578208292774,-2.0322541668430483,-2.6646544892200485,1.0088220269641992,0.9912551205976866,0.9004184886056913,0.8
eps,$\varepsilon$,0.804,0.22673956721651956,0.9485891686584654,-0.4534791344330391,-2.0,-0.0,2.8642054925569984,0.35634546342993706,2.8062655558308105,5.612531111661621,0.04731876062598259,132.78423238603398,20.0,1.1447531099334238,-2.031451052991431,-2.67060751604762,1.0086451615568353,0.9914289366703634,0.9025466180681393,0.8040000000000002
eps,$\varepsilon$,0.808,0.22673956721651956,0.9485891686584654,-0.4534791344330391,-2.0,-0.0,2.8495265554269573,0.35628298451527834,2.806757671463026,5.613515342926052,0.04743001013175399,132.47278020236067,20.0,1.15044839903757,-2.030647920789553,-2.6765403240454133,1.0084683133535124,0.9916027967945246,0.9046685642870899,0.8079999999999999
eps,$\varepsilon$,0.812,0.22673956721651956,0.9485891686584654,-0.4534791344330391,-2.0,-0.0,2.834992286763498,0.35622051168168295,2.807249911800687,5.614499823601374,0.047540937750103526,132.16368049378463,20.0,1.1561436881417166,-2.02984477056741,-2.6824530474996546,1.0082914823627984,0.9917767009760229,0.9067843709030551,0.8120000000000002
eps,$\varepsilon$,0.8160000000000001,0.22673956721651956,0.9485891686584654,-0.4534791344330391,-2.0,-0.0,2.8206005591131444,0.3561580449321778,2.8077422768603397,5.6154845537206795,0.04765154574116529,131.85690431342417,20.0,1.161838977245863,-2.0290416026538365,-2.688345819071179,1.0081146685932612,0.9919506492207038,0.908894081025287,0.8160000000000002
eps,$\varepsilon$,0.8200000000000001,0.22673956721651956,0.9485891686584654,-0.4534791344330391,-2.0,-0.0,2.8063492865337127,0.35609558426979077,2.8082347666585052,5.6164695333170105,0.04776183633769574,131.5524232099221,20.0,1.1675342663500095,-2.028238417376505,-2.6942187698230806,1.007937872053471,0.9921246415344039,0.9109977372408434,0.8200000000000002
eps,$\varepsilon$,0.8240000000000001,0.22673956721651956,0.9485891686584654,-0.4534791344330391,-2.0,-0.0,2.792236423586762,0.35603312969755113,2.8087273812116766,5.617454762423353,0.04787181174553859,131.2502092165991,20.0,1.1732295554541559,-2.0274352150619315,-2.7000720292477642,1.0077610927520027,0.9922986779229505,0.9130953816234548,0.8240000000000002
eps,$\varepsilon$,0.8280000000000001,0.22673956721651956,0.9485891686584654,-0.4534791344330391,-2.0,-0.0,2.7782599643592336,0.35597068121848824,2.809220120536327,5.618440241072654,0.04798147414407944,130.9502348408961,20.0,1.178924844558302,-2.026631996035482,-2.705905725293419,1.0075843306974304,0.9924727583921629,0.9151870557421962,0.8280000000000001
eps,$\varepsilon$,0.8320000000000001,0.22673956721651956,0.9485891686584654,-0.4534791344330391,-2.0,-0.0,2.7644179415133303,0.355908238835633,2.8097129846489004,5.619425969297801,0.04809082568669075,130.6524730540959,20.0,1.1846201336624487,-2.025828760621378,-2.71171998438991,1.0074075858983333,0.9926468829478509,0.917272800669974,0.8320000000000002
eps,$\varepsilon$,0.8360000000000001,0.22673956721651956,0.9485891686584654,-0.4534791344330391,-2.0,-0.0,2.7507084253636584,0.35584580255201664,2.8102059735658185,5.620411947131637,0.04819986850116706,130.35689728131626,20.0,1.190315422766595,-2.0250255091426963,-2.7175149314741103,1.0072308583632918,0.9928210515958161,0.9193526569918276,0.8360000000000002
eps,$\varepsilon$,0.8400000000000001,0.22673956721651956,0.9485891686584654,-0.4534791344330391,-2.0,-0.0,2.737129522980744,0.3557833723706718,2.810699087303476,5.621398174606952,0.04830860469015098,130.06348139176504,20.0,1.1960107118707413,-2.0242222419213793,-2.7232906900147036,1.0070541481008894,0.9929952643418506,0.9214266648130546,0.8400000000000001
eps,$\varepsilon$,0.8440000000000001,0.22673956721651956,0.9485891686584654,-0.4534791344330391,-2.0,-0.0,2.7236793773200354,0.3557209482946313,2.8111923258782463,5.622384651756493,0.04841703633154997,129.77219968925021,20.0,1.2017060009748877,-2.0234189592782412,-2.7290473820364514,1.0068774551197108,0.993169521191739,0.9234948637671603,0.8440000000000001
eps,$\varepsilon$,0.8480000000000001,0.22673956721651956,0.9485891686584654,-0.4534791344330391,-2.0,-0.0,2.7103561663755698,0.3556585303269297,2.8116856893064717,5.623371378612943,0.04852516547894447,129.48302690293596,20.0,1.207401290079034,-2.022615661532967,-2.7347851281439324,1.0067007794283453,0.9933438221512548,0.9255572930236422,0.8480000000000001
eps,$\varepsilon$,0.8520000000000001,0.22673956721651956,0.9485891686584654,-0.4534791344330391,-2.0,-0.0,2.697158102357461,0.3555961184706017,2.8121791776044747,5.624358355208949,0.048632994161987145,129.19593817833845,20.0,1.2130965791831803,-2.021812349004122,-2.7405040475448024,1.0065241210353828,0.9935181672261647,0.9276139912956056,0.852
eps,$\varepsilon$,0.856,0.22673956721651956,0.9485891686584654,-0.4534791344330391,-2.0,-0.0,2.6840834308924504,0.3555337127286814,2.8126727907885645,5.625345581577129,0.04874052438679376,128.91090906855354,20.0,1.2187918682873269,-2.0210090220091557,-2.74620425807256,1.0063474799494114,0.9936925564222305,0.9296649968472182,0.8560000000000001
eps,$\varepsilon$,0.86,0.22673956721651956,0.9485891686584654,-0.4534791344330391,-2.0,-0.0,2.6711304302468193,0.3554713131042078,2.8131665288749925,5.626333057749985,0.0488477581363264,128.62791552570755,20.0,1.224487157391473,-2.020205680864402,-2.751885876208799,1.006170856179033,0.9938669897451938,0.9317103475010201,0.86
eps,$\varepsilon$,0.864,0.22673956721651956,0.9485891686584654,-0.4534791344330391,-2.0,-0.0,2.65829741057079,0.3554089196002177,2.8136603918800116,5.627320783760023,0.04895469737076771,128.3469338926291,20.0,1.2301824464956195,-2.019402325885091,-2.757549017105069,1.0059942497328433,0.9940414672007966,0.9337500806450619,0.864
eps,$\varepsilon$,0.868,0.22673956721651956,0.9485891686584654,-0.4534791344330391,-2.0,-0.0,2.6455827131638974,0.355346532219749,2.8141543798198443,5.628308759639689,0.04906134402788814,128.06794089472984,20.0,1.235877735599766,-2.0185989573853527,-2.76319379460423,1.0058176606194411,0.99421598879477,0.9357842332399097,0.8680000000000002
eps,$\varepsilon$,0.872,0.22673956721651956,0.9485891686584654,-0.4534791344330391,-2.0,-0.0,2.6329847097605605,0.3552841509658412,2.814648492710684,5.629296985421368,0.04916770002340546,127.79091363209142,20.0,1.2415730247039123,-2.017795575678215,-2.7688203212613636,1.00564108884743,0.9943905545328351,0.9378128418255014,0.872
eps,$\varepsilon$,0.876,0.22673956721651956,0.9485891686584654,-0.4534791344330391,-2.0,-0.0,2.6205018018352106,0.35522177584153414,2.8151427305687027,5.630285461137405,0.04927376725133664,127.51582957175135,20.0,1.247268313808059,-2.016992181075617,-2.774428708364292,1.0054645344254143,0.9945651644207053,0.9398359425278597,0.8760000000000002
eps,$\varepsilon$,0.88,0.22673956721651956,0.9485891686584654,-0.4534791344330391,-2.0,-0.0,2.608132419926387,0.3551594068498686,2.815637093410046,5.631274186820092,0.04937954758434276,127.24266654018223,20.0,1.252963602912205,-2.016188773888409,-2.7800190659536463,1.0052879973620006,0.9947398184640849,0.9418535710656699,0.88
eps,$\varepsilon$,0.884,0.22673956721651956,0.9485891686584654,-0.4534791344330391,-2.0,-0.0,2.5958750229791794,0.35509704399388653,2.8161315812508323,5.632263162501665,0.049485042874066826,126.97140271595799,20.0,1.2586588920163515,-2.0153853544263582,-2.785591502842535,1.0051114776658,0.9949145166686679,0.9438657627567238,0.8840000000000001
eps,$\varepsilon$,0.888,0.22673956721651956,0.9485891686584654,-0.4534791344330391,-2.0,-0.0,2.583728097705437,0.35503468727663035,2.816626194107157,5.633252388214314,0.04959025495146466,126.70201662260281,20.0,1.2643541811204977,-2.0145819229981528,-2.7911461266358204,1.0049349753454235,0.9950892590401411,0.945872552524231,0.8879999999999999
eps,$\varepsilon$,0.892,0.22673956721651956,0.9485891686584654,-0.4534791344330391,-2.0,-0.0,2.571690157961198,0.3549723367011436,2.8171209319950887,5.6342418639901775,0.049695185627129226,126.43448712161599,20.0,1.2700494702246443,-2.0137784799114082,-2.7966830437489985,1.0047584904094862,0.9952640455841814,0.9478739749030043,0.8920000000000001
eps,$\varepsilon$,0.896,0.22673956721651956,0.9485891686584654,-0.4534791344330391,-2.0,-0.0,2.559759744140792,0.35490999227047043,2.8176157949306715,5.635231589861343,0.049799836691608305,126.16879340566906,20.0,1.275744759328791,-2.0129750254726715,-2.802202359426707,1.0045820228666045,0.9954388763064568,0.94987006404552,0.8960000000000002
eps,$\varepsilon$,0.9,0.22673956721651956,0.9485891686584654,-0.4534791344330391,-2.0,-0.0,2.5479354225870994,0.35484765398765594,2.8181107829299243,5.636221565859849,0.04990420991571597,125.90491499196881,20.0,1.2814400484329371,-2.0121715599874204,-2.8077041777608467,1.0044055727253978,0.9956137512126266,0.9518608537278583,0.9000000000000001
eps,$\varepsilon$,0.904,0.22673956721651956,0.9485891686584654,-0.4534791344330391,-2.0,-0.0,2.53621578501747,0.35478532185574635,2.818605896008838,5.637211792017676,0.05000830705083773,125.64283171578253,20.0,1.2871353375370835,-2.011368083760078,-2.8131886017083727,1.0042291399944883,0.9957886703083406,0.9538463773555236,0.9040000000000001
eps,$\varepsilon$,0.908,0.22673956721651956,0.9485891686584654,-0.4534791344330391,-2.0,-0.0,2.5245994479648104,0.3547229958777881,2.8191011341833834,5.638202268366767,0.050112129829229614,125.38252372412045,20.0,1.2928306266412297,-2.0105645970940103,-2.818655733108704,1.0040527246824993,0.9959636335992408,0.9558266679691492,0.908
eps,$\varepsilon$,0.912,0.22673956721651956,0.9485891686584654,-0.4534791344330391,-2.0,-0.0,2.5130850522333885,0.35466067605682916,2.8195964974694987,5.639192994938997,0.050215679964311484,125.12397146957036,20.0,1.2985259157453763,-2.0097611002915325,-2.824105672700804,1.003876326798058,0.9961386410909582,0.9578017582500921,0.9120000000000001
eps,$\varepsilon$,0.916,0.22673956721651956,0.9485891686584654,-0.4534791344330391,-2.0,-0.0,2.5016712623688866,0.35459836239591774,2.8200919858831033,5.640183971766207,0.050318959150954405,124.86715570428115,20.0,1.3042212048495225,-2.0089575936539137,-2.829538520139922,1.0036999463497922,0.9963136927891169,0.9597716805259138,0.916
eps,$\varepsilon$,0.92,0.22673956721651956,0.9485891686584654,-0.4534791344330391,-2.0,-0.0,2.4903567661422863,0.35453605489810336,2.820587599440086,5.641175198880172,0.05042196906576254,124.61205747408994,20.0,1.3099164939536692,-2.0081540774813806,-2.8349543740140097,1.003523583346334,0.9964887886993303,0.9617364667757573,0.9200000000000002
eps,$\varepsilon$,0.924,0.22673956721651956,0.9485891686584654,-0.4534791344330391,-2.0,-0.0,2.4791402740471553,0.3544737535664361,2.8210833381563134,5.642166676312627,0.05052471136734946,124.3586581127896,20.0,1.3156117830578156,-2.007350552073122,-2.840353331859813,1.0033472377963168,0.996663928827204,0.9636961486356177,0.9240000000000002
eps,$\varepsilon$,0.928,0.22673956721651956,0.9485891686584654,-0.4534791344330391,-2.0,-0.0,2.4680205188099356,0.35441145840396704,2.821579202047624,5.643158404095248,0.050627187696609115,124.10693923653237,20.0,1.3213070721619617,-2.0065470177272946,-2.845735490178662,1.0031709097083765,0.9968391131783334,0.9656507574035099,0.928
eps,$\varepsilon$,0.932,0.22673956721651956,0.9485891686584654,-0.4534791344330391,-2.0,-0.0,2.456996254912846,0.354349169413748,2.822075191129832,5.644150382259664,0.050729399676981604,123.85688273836548,20.0,1.3270023612661082,-2.0057434747410308,-2.85110094445195,1.0029945990911513,0.9970143417583058,0.9676003240445386,0.932
eps,$\varepsilon$,0.936,0.22673956721651956,0.9485891686584654,-0.4534791344330391,-2.0,-0.0,2.446066258129013,0.3542868865988318,2.822571305418724,5.645142610837448,0.05083134891471374,123.608470782896,20.0,1.3326976503702546,-2.0049399234104315,-2.8564497891563043,1.0028183059532825,0.9971896145726984,0.9695448791958677,0.936
eps,$\varepsilon$,0.9400000000000001,0.22673956721651956,0.9485891686584654,-0.4534791344330391,-2.0,-0.0,2.4352293250694728,0.3542246099622719,2.823067544930063,5.646135089860126,0.05093303699911473,123.36168580108024,20.0,1.3383929394744012,-2.004136364030582,-2.8617821177784886,1.002642030303413,0.9973649316270798,0.9714844531715974,0.9400000000000003
eps,$\varepsilon$,0.944,0.22673956721651956,0.9485891686584654,-0.4534791344330391,-2.0,-0.0,2.4244842727416898,0.35416233950712267,2.8235639096795855,5.647127819359171,0.05103446550280692,123.11651048513495,20.0,1.344088228578547,-2.0033327968955543,-2.8670980228300107,1.0024657721501882,0.9975402929270101,0.9734190759675468,0.9439999999999998
eps,$\varepsilon$,0.948,0.22673956721651956,0.9485891686584654,-0.4534791344330391,-2.0,-0.0,2.413829938119252,0.3541000752364392,2.824060399683003,5.648120799366006,0.05113563598197178,122.87292778356695,20.0,1.3497835176826938,-2.0025292222984086,-2.8723975958614525,1.0022895315022555,0.9977156984780395,0.9753487772659456,0.9480000000000002
eps,$\varepsilon$,0.952,0.22673956721651956,0.9485891686584654,-0.4534791344330391,-2.0,-0.0,2.4032651777224188,0.3540378171532778,2.8245570149559986,5.649114029911997,0.05123654997659129,122.63092089631752,20.0,1.35547880678684,-2.001725640531195,-2.8776809274765163,1.002113308368266,0.9978911482857091,0.9772735864400383,0.952
eps,$\varepsilon$,0.956,0.22673956721651956,0.9485891686584654,-0.4534791344330391,-2.0,-0.0,2.3927888672091893,0.3539755652606953,2.825053755514231,5.650107511028462,0.051337209010684656,122.39047327001914,20.0,1.3611740958909864,-2.0009220518849684,-2.882948107345846,1.0019371027568722,0.998066642355551,0.9791935325585992,0.956
eps,$\varepsilon$,0.96,0.22673956721651956,0.9485891686584654,-0.4534791344330391,-2.0,-0.0,2.382399900976601,0.3539133195617492,2.825550621373335,5.65110124274667,0.05143761459254072,122.15156859336065,20.0,1.3668693849951328,-2.000118456649779,-2.88819922422054,1.0017609146767283,0.9982421806930883,0.9811086443903658,0.96
eps,$\varepsilon$,0.964,0.22673956721651956,0.9485891686584654,-0.4534791344330391,-2.0,-0.0,2.3720971917719553,0.3538510800594984,2.826047612548914,5.652095225097828,0.05153776821494596,121.91419079255864,20.0,1.372564674099279,-1.9993148551146886,-2.893434365945453,1.0015847441364927,0.9984177633038341,0.9830189504083872,0.9639999999999999
eps,$\varepsilon$,0.968,0.22673956721651956,0.9485891686584654,-0.4534791344330391,-2.0,-0.0,2.361879670313676,0.353788846757002,2.8265447290565513,5.653089458113103,0.05163767135540829,121.67832402693183,20.0,1.3782599632034258,-1.9985112475677669,-2.8986536194722237,1.001408591144824,0.9985933901932937,0.9849244787942923,0.9680000000000002
eps,$\varepsilon$,0.972,0.22673956721651956,0.9485891686584654,-0.4534791344330391,-2.0,-0.0,2.3517462849215387,0.3537266196573205,2.8270419709118,5.6540839418236,0.05173732547637662,121.44395268457592,20.0,1.383955252307572,-1.9977076342961022,-2.9038570708720814,1.0012324557103855,0.998769061366962,0.9868252574424788,0.9720000000000001
eps,$\varepsilon$,0.976,0.22673956721651956,0.9485891686584654,-0.4534791344330391,-2.0,-0.0,2.3416960011559804,0.35366439876351474,2.82753933813019,5.65507867626038,0.05183673202545651,121.2110613781358,20.0,1.3896505414117184,-1.9969040155857984,-2.9090448053483957,1.0010563378418407,0.9989447768303251,0.9887213139642259,0.9760000000000001
eps,$\varepsilon$,0.98,0.22673956721651956,0.9485891686584654,-0.4534791344330391,-2.0,-0.0,2.3317278014662537,0.35360218407864663,2.828036830727223,5.656073661454446,0.051935892435621724,120.9796349406732,20.0,1.3953458305158646,-1.9961003917219844,-2.914216907249017,1.0008802375478563,0.9991205365888601,0.990612675691729,0.98
eps,$\varepsilon$,0.984,0.22673956721651956,0.9485891686584654,-0.4534791344330391,-2.0,-0.0,2.321840684847157,0.3535399756057787,2.828534448718378,5.657068897436756,0.05203480812542203,120.74965842162652,20.0,1.401041119620011,-1.9952967629888194,-2.9193734600783814,1.000704154837101,0.9992963406480353,0.992499369682064,0.984
eps,$\varepsilon$,0.988,0.22673956721651956,0.9485891686584654,-0.4534791344330391,-2.0,-0.0,2.3120336665041092,0.3534777733479752,2.829032192119098,5.658064384238196,0.052133480499187146,120.52111708286102,20.0,1.4067364087241576,-1.9944931296694908,-2.924514546509388,1.0005280897182482,0.9994721890133069,0.9943814227210771,0.9880000000000001
eps,$\varepsilon$,0.992,0.22673956721651956,0.9485891686584654,-0.4534791344330391,-2.0,-0.0,2.3023057775263105,0.3534155773082998,2.8295300609448133,5.659060121889627,0.05223191094722696,120.29399639480673,20.0,1.412431697828304,-1.993689492046225,-2.929640248395079,1.00035204219997,0.999648081690126,0.9962588613272033,0.9920000000000001
eps,$\varepsilon$,0.996,0.22673956721651956,0.9485891686584654,-0.4534791344330391,-2.0,-0.0,2.2926560645678418,0.35335338748982387,2.8300280552108723,5.660056110421745,0.052330100846028633,120.06828203268066,20.0,1.4181269869324504,-1.9928858504002815,-2.9347506467800617,1.0001760122909595,0.999824018683915,0.9981317117552266,0.9960000000000001
eps,$\varepsilon$,1.0,0.22673956721651956,0.9485891686584654,-0.4534791344330391,-2.0,-0.0,2.283083589536524,0.35329120389565033,2.83052617493235,5.6610523498647,0.05242805155845166,119.84395987278886,20.0,1.4238222760365966,-1.9920822050119444,-2.93984582191163,1.0,1.0,1.0,1.0
eps,$\varepsilon$,1.004,0.22673956721651956,0.9485891686584654,-0.4534791344330391,-2.0,-0.0,2.2735874292882525,0.3532290265286334,2.831024420126295,5.66204884025259,0.05252576443389615,119.62101598896282,20.0,1.429517565140743,-1.9912785561607351,-2.9449258532523257,0.9998240053351702,1.000176025644404,1.0018637517996554,1.004
eps,$\varepsilon$,1.008,0.22673956721651956,0.9485891686584654,-0.4534791344330391,-2.0,-0.0,2.264166675335385,0.3531668553921548,2.8315227908055096,5.663045581611019,0.05262324080854797,119.39943664889151,20.0,1.4352128542448892,-1.9904749041248238,-2.9499908194866116,0.9996480283060423,1.00035209562165,1.0037229926402795,1.0079999999999998
eps,$\varepsilon$,1.012,0.22673956721651956,0.9485891686584654,-0.4534791344330391,-2.0,-0.0,2.2548204335507527,0.35310469048913146,2.8320212869865005,5.664042573973001,0.05272048200548652,119.17920831083651,20.0,1.440908143349036,-1.9896712491817954,-2.95504079853688,0.9994720689208725,1.0005282099375699,1.0055777477579695,1.0120000000000002
eps,$\varepsilon$,1.016,0.22673956721651956,0.9485891686584654,-0.4534791344330391,-2.0,-0.0,2.245547823888913,0.35304253182263473,2.832519908684517,5.665039817369034,0.0528174893349112,118.96031762014366,20.0,1.4466034324531825,-1.9888675916081784,-2.960075867570596,0.9992961271883547,1.0007043685975505,1.0074280421431523,1.0160000000000002
eps,$\varepsilon$,1.02,0.22673956721651956,0.9485891686584654,-0.4534791344330391,-2.0,-0.0,2.2363479801090596,0.3529803793957365,2.8330186559147843,5.666037311829569,0.05291426409430645,118.74275140596077,20.0,1.4522987215573286,-1.9880639316795652,-2.9650961030114056,0.9991202031171836,1.0008805716069713,1.009273900543733,1.02
eps,$\varepsilon$,1.024,0.22673956721651956,0.9485891686584654,-0.4534791344330391,-2.0,-0.0,2.227220049505401,0.352918233211509,2.8335175286925045,5.667035057385009,0.05301080756861506,118.52649667800068,20.0,1.457994010661475,-1.9872602696706174,-2.9701015805492523,0.9989442967160556,1.0010568189712028,1.0111153474684003,1.024
eps,$\varepsilon$,1.028,0.22673956721651956,0.9485891686584654,-0.4534791344330391,-2.0,-0.0,2.2181631926438343,0.3528560932730248,2.834016527032858,5.668033054065716,0.053107121030408586,118.31154062337328,20.0,1.4636892997656212,-1.986456605855072,-2.9750923751503118,0.9987684079936674,1.0012331106956083,1.0129524071898768,1.028
eps,$\varepsilon$,1.032,0.22673956721651956,0.9485891686584654,-0.4534791344330391,-2.0,-0.0,2.2091765831047407,0.3527939595833569,2.8345156509510008,5.6690313019020016,0.05320320574005477,118.09787060348513,20.0,1.4693845888697679,-1.9856529405057417,-2.980068561066742,0.9985925369587172,1.0014094467855421,1.0147851037481126,1.032
eps,$\varepsilon$,1.036,0.22673956721651956,0.9485891686584654,-0.4534791344330391,-2.0,-0.0,2.200259407231746,0.3527318321455795,2.8350149004620597,5.6700298009241195,0.053299062945882124,117.8854741510052,20.0,1.4750798779739143,-1.9848492738945203,-2.9850302118462766,0.9984166836199069,1.0015858272463483,1.0166134609534245,1.036
eps,$\varepsilon$,1.04,0.22673956721651956,0.9485891686584654,-0.4534791344330391,-2.0,-0.0,2.1914108638862686,0.352669710962767,2.835514275581139,5.671028551162278,0.05339469388434149,117.67433896689482,20.0,1.4807751670780607,-1.9840456062923857,-2.9899774003416466,0.9982408479859383,1.0017622520833633,1.018437502389577,1.04
eps,$\varepsilon$,1.044,0.22673956721651956,0.9485891686584654,-0.4534791344330391,-2.0,-0.0,2.182630164207716,0.35260759603799435,2.8360137763233197,5.6720275526466395,0.053490099780164946,117.46445291750045,20.0,1.4864704561822069,-1.9832419379694064,-2.9949101987198485,0.9980650300655153,1.0019387213019153,1.0202572514168147,1.044
eps,$\varepsilon$,1.048,0.22673956721651956,0.9485891686584654,-0.4534791344330391,-2.0,-0.0,2.173916531379177,0.35254548737433794,2.83651340270365,5.6730268054073,0.05358528184652203,117.25580403170723,20.0,1.4921657452863533,-1.9824382691947449,-2.9998286784712422,0.9978892298673457,1.0021152349073201,1.0220727311748403,1.048
eps,$\varepsilon$,1.052,0.22673956721651956,0.9485891686584654,-0.4534791344330391,-2.0,-0.0,2.1652692003984466,0.35248338497487414,2.8370131547371584,5.674026309474317,0.0536802412851731,117.0483804981527,20.0,1.4978610343905,-1.9816346002366556,-3.004732910418497,0.9977134474001373,1.0022917929048876,1.0238839645857405,1.0520000000000003
eps,$\varepsilon$,1.056,0.22673956721651956,0.9485891686584654,-0.4534791344330391,-2.0,-0.0,2.1566874178542714,0.35242128884268087,2.837513032438841,5.675026064877682,0.05377497928662031,116.84217066249802,20.0,1.5035563234946463,-1.9808309313624988,-3.009622964725392,0.9975376826726022,1.0024683952999156,1.0256909743568663,1.0560000000000003
eps,$\varepsilon$,1.06,0.22673956721651956,0.9485891686584654,-0.4534791344330391,-2.0,-0.0,2.148170441707647,0.3523591989808364,2.8380130358236695,5.676026071647339,0.05386949703025583,116.63716302475652,20.0,1.5092516125987927,-1.9800272628387356,-3.014498910905456,0.9973619356934535,1.0026450420976936,1.0274937829836592,1.0600000000000003
eps,$\varepsilon$,1.064,0.22673956721651956,0.9485891686584654,-0.4534791344330391,-2.0,-0.0,2.1397175410780527,0.35229711539241976,2.8385131649065913,5.677026329813183,0.05396379568450762,116.43334623667727,20.0,1.5149469017029389,-1.9792235949309396,-3.019360817830482,0.9971862064714065,1.0028217333035023,1.029292412752432,1.064
eps,$\varepsilon$,1.068,0.22673956721651956,0.9485891686584654,-0.4534791344330391,-2.0,-0.0,2.131327996034496,0.3522350380805109,2.8390134197025243,5.678026839405049,0.054057876406982876,116.23070909918248,20.0,1.5206421908070853,-1.9784199279037917,-3.024208753738863,0.997010495015179,1.002998468922612,1.0310868857431053,1.068
eps,$\varepsilon$,1.072,0.22673956721651956,0.9485891686584654,-0.4534791344330391,-2.0,-0.0,2.123001097391228,0.35217296704819073,2.839513800226358,5.679027600452716,0.05415174034460889,116.02924055985788,20.0,1.5263374799112315,-1.9776162620210913,-3.0290427862438265,0.9968348013334918,1.003175248960283,1.0328772238318926,1.0719999999999998
eps,$\varepsilon$,1.076,0.22673956721651956,0.9485891686584654,-0.4534791344330391,-2.0,-0.0,2.1147361465080174,0.352110902298541,2.8400143064929564,5.680028612985913,0.05424538863377156,115.82892971049455,20.0,1.532032769015378,-1.9768125975457576,-3.03386298234151,0.9966591254350675,1.003352073421767,1.0346634486939452,1.076
eps,$\varepsilon$,1.08,0.22673956721651956,0.9485891686584654,-0.4534791344330391,-2.0,-0.0,2.106532455094862,0.35204884383464374,2.840514938517159,5.681029877034318,0.05433882240045179,115.62976578468042,20.0,1.5377280581195247,-1.9760089347398344,-3.038669408418908,0.9964834673286304,1.0035289423123062,1.0364455818059504,1.0800000000000003
eps,$\varepsilon$,1.084,0.22673956721651956,0.9485891686584654,-0.4534791344330391,-2.0,-0.0,2.0983893450206854,0.35198679165952496,2.8410156963142383,5.682031392628477,0.05443204276035482,115.43173815545093,20.0,1.543423347223671,-1.9752052738645258,-3.0434621302619886,0.9963078270227451,1.0037058556372966,1.0382236444486006,1.084
eps,$\varepsilon$,1.088,0.22673956721651956,0.9485891686584654,-0.4534791344330391,-2.0,-0.0,2.090306148128585,0.35192474577648947,2.8415165798971946,5.683033159794389,0.05452505081906866,115.23483633292118,20.0,1.5491186363278173,-1.9744016151799963,-3.0482412130615812,0.9961322045267663,1.0038828134013307,1.039997657709615,1.088
eps,$\varepsilon$,1.092,0.22673956721651956,0.9485891686584654,-0.4534791344330391,-2.0,-0.0,2.0822822060484363,0.35186270618832405,2.8420175892831896,5.684035178566379,0.05461784767213059,115.0390499621547,20.0,1.5548139254319635,-1.9735979589458679,-3.0530067214252217,0.9959565998485821,1.0040598156104719,1.041767642485007,1.092
eps,$\varepsilon$,1.096,0.22673956721651956,0.9485891686584654,-0.4534791344330391,-2.0,-0.0,2.0743168700240093,0.3518006728982653,2.842518724485734,5.685037448971468,0.05471043440523121,114.84436882078222,20.0,1.5605092145361101,-1.9727943054206194,-3.0577587193793767,0.9957810129973536,1.0042368622694935,1.0435336194829772,1.096
eps,$\varepsilon$,1.1,0.22673956721651956,0.9485891686584654,-0.4534791344330391,-2.0,-0.0,2.0664095007345944,0.3517386459093907,2.843019985519601,5.686039971039202,0.05480281209429178,114.65078281692844,20.0,1.5662045036402565,-1.9719906548619761,-3.0624972703800384,0.9956054439817918,1.0044139533836143,1.045295609225388,1.1
eps,$\varepsilon$,1.104,0.22673956721651956,0.9485891686584654,-0.4534791344330391,-2.0,-0.0,2.0585594681250328,0.35167662522478343,2.843521372399498,5.687042744798996,0.054894981805600436,114.45828198705351,20.0,1.571899792744403,-1.971187007526804,-3.06722243731903,0.9954298928106238,1.0045910889580305,1.0470536320503616,1.104
eps,$\varepsilon$,1.108,0.22673956721651956,0.9485891686584654,-0.4534791344330391,-2.0,-0.0,2.05076615123845,0.3516146108475294,2.8440228851400886,5.688045770280177,0.05498694459593344,114.26685649386417,20.0,1.5775950818485491,-1.9703833636711159,-3.071934282531097,0.995254359492584,1.0047682689979227,1.0488077081145937,1.108
eps,$\varepsilon$,1.112,0.22673956721651956,0.9485891686584654,-0.4534791344330391,-2.0,-0.0,2.043028938052617,0.35155260278071665,2.8445245237559993,5.689049047511999,0.05507870151267453,114.07649662426628,20.0,1.5832903709526955,-1.9695797235500794,-3.0766328678008765,0.9950788440364137,1.0049454935084583,1.0505578573956287,1.112
eps,$\varepsilon$,1.116,0.22673956721651956,0.9485891686584654,-0.4534791344330391,-2.0,-0.0,2.0353472253198235,0.3514906010274346,2.845026288261824,5.690052576523648,0.055170253593932225,113.88719278735793,20.0,1.5889856600568422,-1.968776087418017,-3.0813182543697564,0.9949033464508572,1.0051227624947934,1.052304099694098,1.1160000000000003
eps,$\varepsilon$,1.12,0.22673956721651956,0.9485891686584654,-0.4534791344330391,-2.0,-0.0,2.0277204184101882,0.35142860559077355,2.8455281786721294,5.691056357344259,0.05526160186865548,113.69893551246159,20.0,1.5946809491609886,-1.9679724555284155,-3.0859905029426176,0.9947278667446616,1.0053000759620738,1.0540464546359254,1.1200000000000003
eps,$\varepsilon$,1.124,0.22673956721651956,0.9485891686584654,-0.4534791344330391,-2.0,-0.0,2.020147931158321,0.35136661647382483,2.8460301950014517,5.692060390002903,0.05535274735674738,113.51171544719504,20.0,1.600376238265135,-1.9671688281339201,-3.0906496736944584,0.9945524049265774,1.0054774339154353,1.0557849416744964,1.1240000000000003
eps,$\varepsilon$,1.1280000000000001,0.22673956721651956,0.9485891686584654,-0.4534791344330391,-2.0,-0.0,2.012629185713235,0.3513046336796805,2.8465323372643008,5.6930646745286015,0.055443691069176994,113.32552335558012,20.0,1.6060715273692812,-1.9663652054863494,-3.0952958262769443,0.9943769610053564,1.0056548363600042,1.0575195800927908,1.1280000000000001
eps,$\varepsilon$,1.1320000000000001,0.22673956721651956,0.9485891686584654,-0.4534791344330391,-2.0,-0.0,2.005163612391241,0.3512426572113958,2.8470346054754643,5.6940692109509286,0.05553443400808656,113.14035011619404,20.0,1.6117668164734276,-1.9655615878367125,-3.0999290198250176,0.9942015349896467,1.0058322833010047,1.059250389005428,1.1320000000000001
eps,$\varepsilon$,1.136,0.22673956721651956,0.9485891686584654,-0.4534791344330391,-2.0,-0.0,1.9977506495332273,0.3511806870721781,2.847536999648475,5.69507399929695,0.05562497716691511,112.95618672031975,20.0,1.6174621055775737,-1.9647579754351074,-3.1045493129622064,0.9940261268885268,1.0060097747432177,1.060977387361024,1.136
eps,$\varepsilon$,1.14,0.22673956721651956,0.9485891686584654,-0.4534791344330391,-2.0,-0.0,1.990389743361588,0.35111872326498245,2.84803951979889,5.69607903959778,0.055715321530472456,112.77302427022906,20.0,1.62315739468172,-1.9639543685309546,-3.1091567638090374,0.9938507367103611,1.0061873106921397,1.0627005939436036,1.14
eps,$\varepsilon$,1.144,0.22673956721651956,0.9485891686584654,-0.4534791344330391,-2.0,-0.0,1.9830803478452763,0.35105676579301504,2.8485421659402097,5.697084331880419,0.05580546807508493,112.59085397735058,20.0,1.6288526837858666,-1.9631507673727162,-3.1137514299864364,0.9936753644642247,1.00636489115254,1.0644200273753794,1.1440000000000001
eps,$\varepsilon$,1.148,0.22673956721651956,0.9485891686584654,-0.4534791344330391,-2.0,-0.0,1.9758219245623667,0.35099481465929233,2.8490449380874514,5.698089876174903,0.05589541776866303,112.40966716062661,20.0,1.634547972890013,-1.9623471722081467,-3.118333368624147,0.9935000101586557,1.0065425161297243,1.066135706118043,1.1480000000000001
eps,$\varepsilon$,1.152,0.22673956721651956,0.9485891686584654,-0.4534791344330391,-2.0,-0.0,1.9686139425701892,0.35093286986703986,2.8495478362539144,5.699095672507829,0.05598517157083563,112.22945524476499,20.0,1.6402432619941594,-1.9615435832840769,-3.122902636364504,0.9933246738027844,1.006720185628391,1.0678476484753234,1.1520000000000001
eps,$\varepsilon$,1.156,0.22673956721651956,0.9485891686584654,-0.4534791344330391,-2.0,-0.0,1.961455878272571,0.3508709314190915,2.8500508604560575,5.700101720912115,0.05607473043300102,112.05020975868686,20.0,1.6459385510983056,-1.9607400008467322,-3.1274592893715205,0.9931493554046318,1.0068978996543547,1.0695558725939625,1.156
eps,$\varepsilon$,1.16,0.22673956721651956,0.9485891686584654,-0.4534791344330391,-2.0,-0.0,1.9543472152981993,0.3508089993187915,2.850554010706172,5.701108021412344,0.05616409529849934,111.87192233375951,20.0,1.651633840202452,-1.9599364251412759,-3.1320033833317917,0.9929740549736642,1.007075658211958,1.0712603964670018,1.16
eps,$\varepsilon$,1.164,0.22673956721651956,0.9485891686584654,-0.4534791344330391,-2.0,-0.0,1.9472874443718504,0.35074707356916024,2.851057287019161,5.702114574038322,0.056253267102641426,111.6945847023444,20.0,1.6573291293065981,-1.9591328564122361,-3.136534973464641,0.9927987725184306,1.007253461306466,1.0729612379343347,1.1639999999999997
eps,$\varepsilon$,1.168,0.22673956721651956,0.9485891686584654,-0.4534791344330391,-2.0,-0.0,1.940276063195113,0.35068515417329754,2.8515606894092573,5.703121378818515,0.056342246772837355,111.51818869617239,20.0,1.6630244184107448,-1.9583292949033058,-3.141054114525534,0.9926235080477053,1.0074313089429072,1.0746584146851572,1.168
eps,$\varepsilon$,1.172,0.22673956721651956,0.9485891686584654,-0.4534791344330391,-2.0,-0.0,1.9333125763268988,0.35062324113430443,2.852064217890665,5.70412843578133,0.056431035228684236,111.34272624482716,20.0,1.6687197075148914,-1.9575257408573785,-3.1455608608119787,0.9924482615702657,1.0076092011262994,1.0763519442596428,1.1720000000000002
eps,$\varepsilon$,1.176,0.22673956721651956,0.9485891686584654,-0.4534791344330391,-2.0,-0.0,1.9263964950668158,0.3505613344552821,2.8525678724775645,5.705135744955129,0.05651963338205875,111.16818937424463,20.0,1.6744149966190376,-1.956722194516563,-3.150055266168957,0.9922730330948898,1.0077871378616527,1.0780418440507067,1.176
eps,$\varepsilon$,1.18,0.22673956721651956,0.9485891686584654,-0.4534791344330391,-2.0,-0.0,1.9195273373409232,0.3504994341393328,2.8530716531841063,5.7061433063682125,0.05660804213720854,110.99457020524015,20.0,1.680110285723184,-1.9559186561221804,-3.1545373839942403,0.9920978226303588,1.0079651191539662,1.0797281313057503,1.18
eps,$\varepsilon$,1.184,0.22673956721651956,0.9485891686584654,-0.4534791344330391,-2.0,-0.0,1.9127046275897934,0.3504375401895588,2.8535755600244186,5.707151120048837,0.056696262390842,110.82186095206326,20.0,1.6858055748273302,-1.955115125914769,-3.1590072672436373,0.9919226301854535,1.0081431450082314,1.0814108231283732,1.184
eps,$\varepsilon$,1.188,0.22673956721651956,0.9485891686584654,-0.4534791344330391,-2.0,-0.0,1.9059278966588369,0.3503756526090619,2.854079593012613,5.708159186025226,0.05678429503221674,110.65005392097942,20.0,1.6915008639314768,-1.9543116041340878,-3.163464968436167,0.9917474557689537,1.0083212154294336,1.0830899364800604,1.188
eps,$\varepsilon$,1.192,0.22673956721651956,0.9485891686584654,-0.4534791344330391,-2.0,-0.0,1.8991966816908294,0.3503137714009417,2.8545837521627955,5.709167504325591,0.05687214094322673,110.47914150887776,20.0,1.6971961530356232,-1.9535080910191196,-3.167910539659151,0.9915722993896332,1.0084993304225567,1.0847654881818445,1.192
eps,$\varepsilon$,1.196,0.22673956721651956,0.9485891686584654,-0.4534791344330391,-2.0,-0.0,1.8925105260205928,0.3502518965682935,2.8550880374890877,5.710176074978175,0.05695980099848784,110.30911620190511,20.0,1.7028914421397696,-1.9527045868080777,-3.172344032573246,0.9913971610562528,1.0086774899925894,1.0864374949159374,1.196
eps,$\varepsilon$,1.2,0.22673956721651956,0.9485891686584654,-0.4534791344330391,-2.0,-0.0,1.8858689790727672,0.35019002811438865,2.855592449004152,5.711184898008304,0.05704727606543767,110.13997057409513,20.0,1.708586731243916,-1.951901091738328,-3.1767654984164064,0.9912220407780725,1.0088556941440054,1.088105973227635,1.2
beta,$\beta$,0.8,0.2834244590206495,0.9196705760288522,-0.566848918041299,-2.0,-0.0,1.3239093111751534,0.20486569853917674,4.881246627086128,9.762493254172256,0.04899887410293202,128.23121800677475,25.0,1.3804157753742474,-1.7886708007870107,-2.8243943436816847,0.5798777220609398,1.7245014973948407,0.9345926969706956,0.9695141020105563
beta,$\beta$,0.804,0.28201438708522336,0.9204678854769458,-0.5640287741704467,-2.0,-0.0,1.341476059126738,0.2075840298174488,4.817326269652866,9.634652539305732,0.049109658624692194,127.94194631237812,24.875621890547265,1.3816125283950476,-1.796656531627009,-2.8306042992301577,0.5875720298962263,1.7019189973638031,0.9367057741968569,0.9703546233599845
beta,$\beta$,0.808,0.2806182762580688,0.9212533830299502,-0.5612365525161376,-2.0,-0.0,1.3591057363468095,0.21031209895951433,4.754838190229383,9.509676380458766,0.04921789824447784,127.66057737714448,24.752475247524753,1.3827915518866625,-1.8043879862164434,-2.836533254266081,0.5952939010098679,1.6798425085551538,0.9387703105770611,0.9711826926432499
beta,$\beta$,0.812,0.27923592021738863,0.9220273008603481,-0.5584718404347773,-2.0,-0.0,1.376798530681653,0.21304993503327102,4.69373529658122,9.38747059316244,0.04932366488187697,127.38682987622482,24.630541871921178,1.3839531943375252,-1.8118736366368853,-2.842193121958379,0.6030434176793102,1.6582553936966866,0.9407876778881695,0.9719985546159227
beta,$\beta$,0.8160000000000001,0.2778671166869112,0.9227898654641025,-0.5557342333738224,-2.0,-0.0,1.394554633012136,0.21579756757619692,4.633972529124572,9.267945058249143,0.04942702812269955,127.12043482731687,24.509803921568626,1.3850977957156732,-1.8191216640617716,-2.8475952768504853,0.6108206635111579,1.6371417336337915,0.9427592033931245,0.9728024480494024
beta,$\beta$,0.8200000000000001,0.27651166733721894,0.9235412978263912,-0.5530233346744379,-2.0,-0.0,1.4123742367396128,0.2185550265157979,4.575506754257682,9.151013508515364,0.049528055299800165,126.86113494960779,24.39024390243902,1.3862256877175125,-1.8261399681894728,-2.8527505813324727,0.6186257232159997,1.616486289644376,0.9446861713825411,0.9735946059056336
beta,$\beta$,0.8240000000000001,0.27516937768995087,0.9242818135817252,-0.5503387553799017,-2.0,-0.0,1.4302575373157602,0.22132234209685267,4.5182966641587,9.0365933283174,0.04962681157131493,126.60868406084272,24.271844660194173,1.3873371940081567,-1.8329361764802905,-2.8576694107126,0.6264586824024734,1.5962744680383278,0.9465698246669791,0.9743752555059041
beta,$\beta$,0.8280000000000001,0.2738400570247821,0.925011623168664,-0.5476801140495642,-2.0,-0.0,1.4482047318128415,0.2240995448149145,4.462302682613244,8.924605365226489,0.049723359996345196,126.36284650999887,24.154589371980673,1.3884326304536496,-1.839517653185606,-2.862361676964539,0.6343196273890407,1.576492286887223,0.9484113660205162,0.9751446186939434
beta,$\beta$,0.8320000000000001,0.272523518289086,0.9257309319793382,-0.545047036578172,-2.0,-0.0,1.4662160185311113,0.22688666535555974,4.407486876467046,8.814973752934092,0.049817761608127425,126.1233966432271,24.038461538461537,1.3895123053454006,-1.8458915081602254,-2.8668368512229354,0.6422086450320286,1.5571263447413222,0.9502119595763722,0.9759029119935513
beta,$\beta$,0.8360000000000001,0.27121957801019086,0.926439940503974,-0.5424391560203817,-2.0,-0.0,1.4842915966410413,0.22968373453902463,4.353812872326378,8.707625744652756,0.04991007548474707,125.8901183008585,23.923444976076553,1.390576519617111,-1.852064605451362,-2.871103985095611,0.6501258225689226,1.5381637912005652,0.951972732175688,0.9766503467609526
beta,$\beta$,0.8400000000000001,0.2699280562101423,0.9271388444706142,-0.5398561124202846,-2.0,-0.0,1.5024316658557162,0.2324907832695111,4.301245778163888,8.602491556327776,0.0500003588174135,125.66280434354317,23.809523809523807,1.3916255670544964,-1.8580435716595614,-2.875171730859478,0.6580712474748751,1.5195922992186033,0.9536947746697864,0.9773871293320932
beta,$\beta$,0.8440000000000001,0.26864877632289047,0.9278278349802136,-0.5372975526457809,-2.0,-0.0,1.5206364261341194,0.23530784248927203,4.249752109497121,8.499504218994241,0.050088666976408715,125.44125620549868,23.696682464454973,1.3926597344980618,-1.8638348040690231,-2.8790483605991524,0.666045007332743,1.5014000390223174,0.9553791431780602,0.9781134611650549
beta,$\beta$,0.8480000000000001,0.2673815651138202,0.9285070986372839,-0.5347631302276404,-2.0,-0.0,1.5389060774097496,0.23813494313661687,4.199299719849618,8.398599439699236,0.0501750535747103,125.2252834732696,23.584905660377355,1.3936793020391993,-1.8694444785457491,-2.8827417843497054,0.6740471897142207,1.4835756535443387,0.9570268603015026,0.9788295389777828
beta,$\beta$,0.8520000000000001,0.26612625260154876,0.9291768176762567,-0.5322525052030975,-2.0,-0.0,1.5572408193447693,0.24097211610786762,4.14985773520935,8.2997154704187,0.05025957052939008,125.01470348827183,23.474178403755865,1.3946845432098567,-1.8748785572036266,-2.8862595672967997,0.6820778820721566,1.4661082352677883,0.9586389162938096,0.9795355548812954
beta,$\beta$,0.856,0.2648826719819154,0.929837170083721,-0.5297653439638308,-2.0,-0.0,1.5756408511058093,0.24381939222266624,4.101396492231255,8.20279298446251,0.050342268120817484,124.80934097169471,23.364485981308412,1.3956757251660157,-1.8801427958393593,-2.8896089460881997,0.6901371716423538,1.4489873043937773,0.9602162701906105,0.9802316965085484
beta,$\beta$,0.86,0.26365065955409256,0.9304883297166919,-0.5273013191081851,-2.0,-0.0,1.594106371161926,0.24667680219270993,4.0538874799373135,8.107774959874627,0.050423195049769616,124.60902767025856,23.255813953488374,1.396653108865211,-1.885242751138255,-2.892796844303898,0.6982251453550751,1.4322027882445574,0.9617598508987723,0.9809181471391115
beta,$\beta$,0.864,0.2624300546487495,0.9311304664170543,-0.524860109297499,-2.0,-0.0,1.6126375771008241,0.2495443765933128,4.0073032846968095,8.014606569393619,0.050502398492473975,124.41360202161341,23.14814814814815,1.3976169492383088,-1.8901837876534267,-2.8958298871334036,0.7063418897545475,1.4157450018255298,0.9632705582462703,0.981595085819816
beta,$\beta$,0.868,0.26122069955820226,0.9317637461223234,-0.5224413991164045,-2.0,-0.0,1.6312346654631682,0.252422145837767,3.961617538275366,7.923235076550732,0.05057992415367025,124.22290883810385,23.04147465437788,1.3985674953557594,-1.8949710845617531,-2.898714415302868,0.7144874909263904,1.3996046294714266,0.964749263994277,0.9822626874815182
beta,$\beta$,0.872,0.26002243946848574,0.9323883309728577,-0.5200448789369715,-2.0,-0.0,1.6498978315929689,0.2553101401541908,3.916804868761048,7.833609737522096,0.050655816317744684,124.03679900778921,22.93577981651376,1.3995049905885204,-1.8996096422003643,-2.901456498293959,0.7226620344320838,1.3837727075089352,0.9661968128124859,0.9829211230521223
beta,$\beta$,0.876,0.25883512239328715,0.9330043794156521,-0.5176702447865743,-2.0,-0.0,1.6686272695038886,0.2582083895648402,3.8728408541848878,7.7456817083697755,0.05073011789801817,123.85512921161663,22.831050228310502,1.4004296727638488,-1.9041042883878545,-2.9040619468924245,0.7308656052504092,1.3682406078712377,0.9676140232192212,0.9835705595659984
beta,$\beta$,0.88,0.2576585991096813,0.9336120463048365,-0.5153171982193626,-2.0,-0.0,1.6874231717572017,0.2611169238672246,3.829701978675615,7.65940395735123,0.050802870484201394,123.6777616558797,22.727272727272727,1.4013417743161511,-1.9084596845347612,-2.906536325105891,0.7390982877239969,1.3530000226078622,0.969001688486585,0.9842111602699299
beta,$\beta$,0.884,0.25649272309561033,0.9342114829989986,-0.5129854461912207,-2.0,-0.0,1.706285729355065,0.2640357726175908,3.7873655909812016,7.574731181962403,0.050874114388154236,123.50456381885621,22.624434389140273,1.4022415224330613,-1.9126803315481036,-2.9088849614811587,0.747360165512577,1.33804294923071,0.9703605775132621,0.9848430847257087
beta,$\beta$,0.888,0.2553373504690536,0.9348028374554437,-0.5106747009381072,-2.0,-0.0,1.725215131643836,0.26696496511596207,3.745809865221933,7.491619730443866,0.05094388868794174,123.33540821093221,22.52252252252252,1.4031291391969243,-1.9167705755349884,-2.911112959857505,0.7556513215506323,1.3233616768484604,0.9716914356648322,0.9854664889095046
beta,$\beta$,0.892,0.2541923399288336,0.9353862543215044,-0.5083846798576672,-2.0,-0.0,1.7442115662285755,0.26990453039290846,3.7050137637344167,7.410027527468833,0.05101223127027876,123.17017214732883,22.42152466367713,1.4040048417218514,-1.9207346133103937,-2.91322520958478,0.7639718380099513,1.3089487730396867,0.9729949855833492,0.9860815253081235
beta,$\beta$,0.896,0.25305755269700847,0.9359618750230008,-0.5061151053940169,-2.0,-0.0,1.7632752188975582,0.27285449719786486,3.6649570018808735,7.329914003761747,0.05107917887141589,123.00873753269518,22.321428571428573,1.4048688422864977,-1.9245764977143953,-2.915226395235545,0.7723217962665619,1.294797071420287,0.974271927967189,0.9866883430122625
beta,$\beta$,0.9,0.2519328524627995,0.9365298378499574,-0.503865704925599,-2.0,-0.0,1.782406273555478,0.27581489398879533,3.6256200147067617,7.251240029413523,0.05114476711651478,122.85099065688637,22.22222222222222,1.405721348462723,-1.9283001427441333,-2.9171210058389745,0.7807012768714764,1.2808996598639173,0.9755229423220857,0.9872870878068715
beta,$\beta$,0.904,0.25081810532800836,0.9370902780396682,-0.5016362106560167,-2.0,-0.0,1.8016049121660733,0.27878574892331465,3.5869839253335334,7.173967850667067,0.051209030557589776,122.69682200121918,22.123893805309734,1.4065625632402696,-1.9319093285058206,-2.9189133436609103,0.7891103595255603,1.2672498693354295,0.9767486876848206,0.9878779022587203
beta,$\beta$,0.908,0.24971317975387616,0.9376433278572083,-0.4994263595077523,-2.0,-0.0,1.8208713147004436,0.2817670898506907,3.5490305149898917,7.0980610299797835,0.05127200271002316,122.54612605470327,22.026431718061673,1.4073926851476126,-1.935407705992187,-2.9206075325569594,0.7975491230568953,1.2538412633031788,0.977949803319705,0.9884609258012749
beta,$\beta$,0.912,0.2486179465093416,0.9381891166734782,-0.4972358930186832,-2.0,-0.0,1.8402056590947997,0.28475894430530657,3.5117421945764837,7.0234843891529675,0.05133371608777097,122.39880113951861,21.929824561403507,1.4082119083691,-1.9387988016905628,-2.9222075259175933,0.8060176454022734,1.240667627693079,0.9791269093900882,0.9890362948169696
beta,$\beta$,0.916,0.24753227862065455,0.9387277710408667,-0.4950645572413091,-2.0,-0.0,1.8596081212129891,0.2877613395008616,3.4751019776824674,6.950203955364935,0.051394202237248506,122.2547492453493,21.83406113537118,1.4090204228585255,-1.9420860220269598,-2.9237171142303446,0.814516003590783,1.2277229613555942,0.9802806076046804,0.989604142716973
beta,$\beta$,0.92,0.2464560513223039,0.9392594147666179,-0.4929121026446078,-2.0,-0.0,1.8790788748156364,0.29077430232559603,3.439093454965098,6.878186909930196,0.05145349176997932,122.11387587198752,21.73913043478261,1.4098184144492476,-1.9452726576512949,-2.925139932277285,0.823044273730292,1.215001467014271,0.9814114818402928,0.9901646000185286
beta,$\beta$,0.924,0.2453891420092203,0.9397841689839788,-0.4907782840184406,-2.0,-0.0,1.8986180915345159,0.2937978593383256,3.4037007698154835,6.807401539630967,0.05151161439404159,121.97608987976835,21.645021645021647,1.410606064960985,-1.948361887568886,-2.9264794659876396,0.8316025309962233,1.202497542668664,0.9825200987416375,0.9907177944199604
beta,$\beta$,0.928,0.24433143019021505,0.9403021522212041,-0.4886628603804301,-2.0,-0.0,1.9182259408525788,0.2968320367653506,3.3689085952353333,6.7378171904706665,0.05156859894436926,121.84130334736665,21.551724137931032,1.4113835523033906,-1.951356783123248,-2.927739058962852,0.8401908496228064,1.190205773425095,0.983607008299284,0.9912638508734174
beta,$\beta$,0.932,0.24328279744261755,0.9408134804684943,-0.4865655948852351,-2.0,-0.0,1.9379025900869384,0.2998768604978231,3.3347021118598756,6.669404223719751,0.05162447341192015,121.70943143661765,21.459227467811157,1.4121510505765245,-1.9542603118352135,-2.9289219186930247,0.8488093028956251,1.1781209237323431,0.9846727444060054,0.9918028916554384
beta,$\beta$,0.936,0.24224312736807643,0.9413182672429339,-0.48448625473615287,-2.0,-0.0,1.957648204378172,0.30293235609009145,3.3010669870556915,6.602133974111383,0.05167926497180553,121.58039226385053,21.367521367521366,1.412908730168325,-1.9570753411030342,-2.9300311224775366,0.857457963146931,1.1662379299970924,0.9857178253933141,0.9923350364354103
beta,$\beta$,0.9400000000000001,0.24121230554948886,0.9418166236515,-0.4824246110989777,-2.0,-0.0,1.9774629466818803,0.30599854875839416,3.267989355039606,6.535978710079212,0.05173300001037018,121.45410677749378,21.27659574468085,1.4136567578491865,-1.9598046417683945,-2.931069623068208,0.8661369017519476,1.1545518935601122,0.9867427545479813,0.9928604023419924
beta,$\beta$,0.944,0.24019021950902497,0.9423086584522063,-0.48038043901804994,-2.0,-0.0,1.9973469777644868,0.30907546338020997,3.2354557979578193,6.470911595915639,0.05178570415129452,121.33049864153526,21.186440677966104,1.4143952968637337,-1.9624508915528,-2.9320402540472528,0.8748461891270293,1.14305807401168,0.9877480206099021,0.9933791040275727
beta,$\beta$,0.948,0.23917675866721477,0.9427944781134449,-0.47835351733442955,-2.0,-0.0,2.017300456201728,0.312163124494024,3.203453327874234,6.406906655748468,0.051837402280739533,121.20949412455681,21.09704641350211,1.4151245070198923,-1.9650166783689451,-2.9329457349546377,0.8835858947290006,1.1317518828282156,0.9887340982517037,0.9938912537308268
beta,$\beta$,0.952,0.2381718143030668,0.9432741868715855,-0.4763436286061336,-2.0,-0.0,2.0373235383807153,0.31526155629964703,3.171969369616157,6.343938739232314,0.05188811857158662,121.09102199400598,21.00840336134454,1.4158445447753483,-1.967504503511313,-2.933788676176522,0.8923560870560595,1.1206288773118191,0.9897014485410911,0.9943969613374393
beta,$\beta$,0.956,0.23717527951518785,0.9437478867868925,-0.4743505590303757,-2.0,-0.0,2.0574163785040325,0.3183707826588495,3.140991744432626,6.281983488865252,0.05193787650679041,120.97501341546216,20.92050209205021,1.4165555633214746,-1.9699167847303953,-2.934571583607983,0.9011568336495718,1.1096847548169013,0.9906505193862725,0.9948963344390496
beta,$\beta$,0.96,0.23618704918387456,0.944215677797814,-0.47237409836774913,-2.0,-0.0,2.0775791285966387,0.3214908270964297,3.1105086544197253,6.221017308839451,0.05198669890189165,120.86140185659988,20.833333333333332,1.4172577126648216,-1.972255859194555,-2.9352968631004757,0.9099882010970946,1.0989153472477842,0.9915817459653645,0.9953894783904854
beta,$\beta$,0.964,0.23520701993414894,0.9446776577736968,-0.4704140398682979,-2.0,-0.0,2.0978119385141207,0.32462171280149055,3.0805086676734716,6.161017335346943,0.05203460792670686,120.7501229956367,20.74688796680498,1.4179511397062405,-1.9745239863436728,-2.93596682470589,0.9188502550359908,1.0883166158133466,0.9924955511400961,0.9958764963653335
beta,$\beta$,0.968,0.2342350900997103,0.9451339225659806,-0.4684701801994206,-2.0,-0.0,2.118114955956239,0.32776346262953626,3.0509807041252723,6.101961408250545,0.052081625126278806,120.64111463390726,20.66115702479339,1.4186359883177249,-1.9767233506380582,-2.9365836867237576,0.9277430601593635,1.0778846460228164,0.9933923458554124,0.9963574894099083
beta,$\beta$,0.972,0.23327115968777734,0.9455845660579195,-0.4665423193755547,-2.0,-0.0,2.13848832647503,0.33091609910372555,3.0219140220390135,6.043828044078027,0.05212777144098353,120.53431661265428,20.5761316872428,1.4193123994170431,-1.9788560642073993,-2.9371495795703253,0.9366666802196026,1.0676156429153099,0.994272529522991,0.9968325564956693
beta,$\beta$,0.976,0.23231513034479467,0.946029680212881,-0.46463026068958935,-2.0,-0.0,2.158932193493481,0.33407964441776167,2.9932982051115773,5.986596410223155,0.0521730672260289,120.42967073334984,20.491803278688526,1.4199805110402335,-1.9809241694018633,-2.9376665494646637,0.9456211780365664,1.0575059265025584,0.9951364903931537,0.9973017945701361
beta,$\beta$,0.98,0.23136690532297918,0.9464693551212676,-0.46273381064595837,-2.0,-0.0,2.179446698319284,0.337254120438021,2.9651231501670425,5.930246300334085,0.05221753227017741,120.32712068180312,20.408163265306122,1.4206404584120347,-1.9829296412503257,-2.9381365619535873,0.9546066155036056,1.0475519274213776,0.9959846059119793,0.9977652986063549
beta,$\beta$,0.984,0.23042638944768246,0.946903679046105,-0.4608527788953649,-2.0,-0.0,2.2000319801623474,0.3404395487062621,2.937379055401168,5.874758110802336,0.05226118581383201,120.22661195560951,20.32520325203252,1.4212923740143113,-1.984874389828318,-2.9385615052759766,0.9636230535952314,1.0377501827805469,0.9968172430662693,0.9982231616509557
beta,$\beta$,0.988,0.22949348908554612,0.9473327384673423,-0.45898697817109224,-2.0,-0.0,2.220688176153088,0.3436359504424573,2.9100564091516743,5.820112818303349,0.05230404656647483,120.12809179484978,20.242914979757085,1.4219363876525495,-1.9867602625392455,-2.9389431935766095,0.9726705523751312,1.0280973321934481,0.9976347587161697,0.9986754748708548
beta,$\beta$,0.992,0.22856811211342698,0.9477566181249039,-0.45713622422685396,-2.0,-0.0,2.24141542136177,0.3468433465477843,2.883145979166796,5.766291958333592,0.052346132723487884,120.03150911586445,20.161290322580644,1.4225726265204761,-1.9885890463120377,-2.939283369976523,0.9817491710046353,1.0185901139867408,0.998437499916005,0.9991223275986388
beta,$\beta$,0.996,0.22765016788807188,0.9481754010605327,-0.45530033577614376,-2.0,-0.0,2.262213848818746,0.3500617576077592,2.856638802346671,5.713277604693342,0.052387461982379625,119.93681444794782,20.080321285140563,1.4232012152628668,-1.990362469718321,-2.939583709506821,0.9908589677515861,1.0092253615760842,0.9992258042237793,0.9995638073766773
beta,$\beta$,1.0,0.22673956721651956,0.9485891686584654,-0.4534791344330391,-2.0,-0.0,2.283083589536524,0.35329120389565033,2.83052617493235,5.6610523498647,0.05242805155845166,119.84395987278886,20.0,1.4238222760365966,-1.9920822050119444,-2.93984582191163,1.0,1.0,1.0,1.0
beta,$\beta$,1.004,0.2258362223272107,0.9489980006849746,-0.4516724446544214,-2.0,-0.0,2.3040247725280394,0.3565317053753064,2.8047996431266635,5.609599286253327,0.05246791819986298,119.75289896666787,19.920318725099598,1.4244359285699946,-1.9937498700944019,-2.9400712543310292,1.0091723242580735,0.9909110426063094,1.0007604066950089,1.0004309895579848
beta,$\beta$,1.008,0.22494004684178528,0.9494019753268155,-0.44988009368357057,-2.0,-0.0,2.325037524834736,0.35978328170550156,2.77945099410857,5.55890198821714,0.05250707820227329,119.6635867449116,19.841269841269842,1.42504229022055,-1.9953670304072884,-2.9402614938584306,1.0183759961704815,0.9819555878775788,1.0015073351282857,1.000856858474886
beta,$\beta$,1.012,0.22405095574754896,0.9498011692286099,-0.4481019114950979,-2.0,-0.0,2.3461219715448545,0.36304595224276537,2.754472247445165,5.50894449489033,0.05254554742285628,119.57597960900725,19.76284584980237,1.4256414760310276,-1.996935200756777,-2.9404179699942747,1.0276110705263872,0.97313081639706,1.0022410877557337,1.001277687549246
beta,$\beta$,1.016,0.22316886537059014,0.9501956575292034,-0.44633773074118027,-2.0,-0.0,2.36727823581889,0.3663197360453225,2.729855646861124,5.459711293722248,0.05258334129390244,119.49003529580163,19.68503937007874,1.426233598784037,-1.9984558470706726,-2.9405420569871366,1.0368776012705947,0.9644339879409057,1.0029619589291363,1.0016935559922218
beta,$\beta$,1.02,0.22229369334952898,0.9505855138970256,-0.44458738669905795,-2.0,-0.0,2.3885064389131045,0.36960465187673053,2.7055936523588917,5.411187304717783,0.05262047483592349,119.405712828918,19.6078431372549,1.426818769055109,-1.9999303880915889,-2.9406350760748072,1.0461756415138448,0.9558624386943024,1.0036702351461086,1.0021045414648615
beta,$\beta$,1.024,0.2214253586098824,0.950970810564485,-0.4428507172197648,-2.0,-0.0,2.409806700203691,0.3729007182096198,2.6816789326693304,5.363357865338661,0.05265696267030779,119.32297247221494,19.53125,1.4273970952643227,-2.00136019700834,-2.9406982976279146,1.0555052435434011,0.9474135785843504,1.0043661952914829,1.002510720114365
beta,$\beta$,1.028,0.2205637813390268,0.95135161836143,-0.4411275626780536,-2.0,-0.0,2.4311791372112386,0.3762079532294787,2.658104358017178,5.316208716034356,0.05269281903154006,119.24177568519714,19.455252918287936,1.4279686837265286,-2.002746603027885,-2.9407329432008775,1.0648664588337646,0.9390848887241635,1.005050110870384,1.0029121666093568
beta,$\beta$,1.032,0.21970888296174373,0.9517280067477027,-0.43941776592348747,-2.0,-0.0,2.4526238656253776,0.3795263748384678,2.6348629931862186,5.269725986372437,0.05272805777900145,119.1620850802856,19.37984496124031,1.428533638700213,-2.004090892890034,-2.9407401874944945,1.0742593380574694,0.9308739189628559,1.0057222462333033,1.0033089541742044
beta,$\beta$,1.036,0.21886058611633163,0.9521000438448158,-0.43772117223266327,-2.0,-0.0,2.4741409993296237,0.38285600065926395,2.6119480908697703,5.223896181739541,0.05276269240836602,119.08386438185873,19.305019305019304,1.429092062435043,-2.0053943123270837,-2.940721160234287,1.0836839310959636,0.9227782855363267,1.00638285879347,1.0037011546224122
beta,$\beta$,1.04,0.2180188146312688,0.9524677964667765,-0.4360376292625376,-2.0,-0.0,2.495730650426313,0.3861968480389189,2.589353085292983,5.178706170585966,0.052796736062608506,119.0070783869808,19.23076923076923,1.4296440552181349,-2.0066580674704175,-2.9406769479684502,1.0931402870505311,0.9147956688140745,1.0070321992368112,1.0040888383891169
beta,$\beta$,1.044,0.21718349350241337,0.9528313301500871,-0.43436698700482673,-2.0,-0.0,2.517392929261618,0.3895489340527305,2.567071586094077,5.134143172188154,0.05283020154263809,118.93169292773881,19.157088122605366,1.4301897154190826,-2.0078833262060747,-2.940608595789122,1.1026284542532494,0.9069238111374931,1.007670511724779,1.004472074562712
beta,$\beta$,1.048,0.21635454887072478,0.9531907091829451,-0.43270909774144956,-2.0,-0.0,2.539127944450609,0.3929122755081206,2.5450973724523718,5.0901947449047436,0.05286310131757189,118.85767483511287,19.083969465648853,1.430729139533789,-2.009071219481183,-2.9405171089804734,1.1121484802779662,0.8991605147453547,1.0082980340903036,1.0048509309156328
beta,$\beta$,1.052,0.2155319080004939,0.9535459966336667,-0.4310638160009878,-2.0,-0.0,2.5609358029022964,0.39628688894851005,2.5234243874516147,5.046848774903229,0.05289544753466175,118.78499190430878,19.011406844106464,1.4312624222271275,-2.010222842563111,-2.9404034545969613,1.121700411951267,0.891503639782425,1.0089149980271341,1.0052254739343183
beta,$\beta$,1.056,0.21471549925806774,0.9538972543783587,-0.4294309985161355,-2.0,-0.0,2.5828166098446537,0.39967279065719125,2.5020467326676825,5.004093465335365,0.052927252028887074,118.71361286148574,18.939393939393938,1.4317896563744772,-2.0113392562530987,-2.9402685629749086,1.1312842953634372,0.883951102387344,1.0095216292728113,1.0055957688483839
beta,$\beta$,1.06,0.21390525209105615,0.9542445431278617,-0.4278105041821123,-2.0,-0.0,2.6047704688495683,0.4030699966611887,2.480958662970335,4.96191732594067,0.05295852633222612,118.64350733181497,18.867924528301884,1.4323109331021657,-2.0124214880560842,-2.9401133291804395,1.1409001758793895,0.8765008728561325,1.0101181477855044,1.0059618796590248
beta,$\beta$,1.064,0.2131010970080071,0.9545879224539839,-0.4262021940160142,-2.0,-0.0,2.626797481857711,0.40647852273510776,2.460154581529209,4.920309163058418,0.052989281682617496,118.57464580880911,18.796992481203006,1.4328263418268457,-2.013470533308342,-2.9399386143966137,1.1505480981495568,0.8691509738778541,1.010704767914942,1.0063238691666723
beta,$\beta$,1.068,0.2123029655585389,0.9549274508150498,-0.4246059311170778,-2.0,-0.0,2.648897749203279,0.40989838440496296,2.439629035014787,4.879258070029574,0.05301952903262336,118.50699962486445,18.726591760299623,1.433335970293841,-2.0144873562645564,-2.9397452472525503,1.1602281061207298,0.8618994788391579,1.0112816985676505,1.0066817989979249
beta,$\beta$,1.072,0.21151079031391748,0.955263185580782,-0.42302158062783496,-2.0,-0.0,2.6710713696386117,0.4133295969519877,2.4193767089854923,4.838753417970985,0.053049279057805175,118.44054092296165,18.65671641791045,1.4338399046144967,-2.0154728911457918,-2.939534025097049,1.1699402430468395,0.854744510194581,1.011849143366713,1.0070357296317807
beta,$\beta$,1.076,0.21072450484806649,0.9555951830565372,-0.42144900969613297,-2.0,-0.0,2.693318440358653,0.41677217541641903,2.399392423452567,4.798784846905134,0.053078542164822745,118.37524262947264,18.587360594795538,1.4343382293025562,-2.0164280431498804,-2.939305715219279,1.1796845514996708,0.8476842378996594,1.012407300806246,1.0073857204251868
beta,$\beta$,1.08,0.2099440437189996,0.9559234985069148,-0.4198880874379992,-2.0,-0.0,2.7156390570251823,0.42022613460124775,2.379671128614833,4.759342257229666,0.05310732849926571,118.31107842802639,18.51851851851852,1.434831027309596,-2.017353689425594,-2.939061056018859,1.1894610733794766,0.8407168779040554,1.0129563644007773,1.0077318296379263
beta,$\beta$,1.084,0.20916934245066376,0.956248186178757,-0.41833868490132753,-2.0,-0.0,2.738033313790983,0.4236914890759581,2.3602079007556442,4.7204158015112885,0.053135647953229316,118.24802273438215,18.450184501845015,1.435318380059551,-2.018250680011956,-2.9388007581274778,1.1992698499255632,0.8338406907019872,1.0134965228297443,1.0080741144568657
beta,$\beta$,1.088,0.2084003375151834,0.9565692993235576,-0.4168006750303668,-2.0,-0.0,2.76050130332365,0.4271682531802115,2.340997938295113,4.681995876590226,0.0531635101726409,118.18605067227202,18.382352941176467,1.4358003674823487,-2.019119838744024,-2.9385255054843737,1.2091109217267177,0.8270539799375158,1.0140279600772362,1.0084126310195785
beta,$\beta$,1.092,0.2076369663154941,0.9568868902192984,-0.4152739326309882,-2.0,-0.0,2.783043116829272,0.43065644102751205,2.3220365579905864,4.644073115981173,0.05319092456434831,118.12513805016555,18.315018315018314,1.4362770680466843,-2.019961964126371,-2.938235956367575,1.2189843287315827,0.8203550910622063,1.0145508555671983,1.0087474344373635
beta,$\beta$,1.096,0.20687916716835725,0.9572010101917269,-0.4137583343367145,-2.0,-0.0,2.805658844075859,0.43415606650883065,2.3033191912790194,4.606638382558039,0.05321790030297791,118.06526133891829,18.24817518248175,1.4367485587919606,-2.02077783017547,-2.9379327443828607,1.2288901102589154,0.8137424100429205,1.015065384294239,1.0090785788176782
beta,$\beta$,1.1,0.20612687928774504,0.9575117096350954,-0.41225375857549007,-2.0,-0.0,2.8283485734165184,0.4376671432961923,2.284841380755072,4.569682761510144,0.0532444463375706,118.00639765026564,18.18181818181818,1.4372149153594151,-2.021568187232148,-2.937616479412316,1.2388283050077398,0.8072143621175594,1.0155717169502045,1.0094061172859992
beta,$\beta$,1.104,0.20538004276858654,0.9578190380323736,-0.4107600855371731,-2.0,-0.0,2.8511123918123897,0.4411896848462246,2.266598776779079,4.533197553558158,0.05327057139800371,117.94852471612583,18.115942028985504,1.4376762120224609,-2.022333762745232,-2.9372877485242515,1.2487989510673931,0.8007694105966892,1.0160700200466677,1.009730102007133
beta,$\beta$,1.108,0.20463859857086603,0.958123043974952,-0.40927719714173205,-2.0,-0.0,2.8739503848553127,0.44472370440366565,2.2485871342093398,4.4971742684186795,0.05329628400120653,117.8916208686772,18.050541516245488,1.4381325217162586,-2.023075262027444,-2.9369471168461363,1.2588020859274527,0.7944060557090878,1.016560456033482,1.0100505842059844
beta,$\beta$,1.112,0.2039024885040643,0.95842377518185,-0.4078049770081286,-2.0,-0.0,2.8968626367902353,0.44826921500483136,2.2308023092534297,4.461604618506859,0.05332159245717683,117.83566502117661,17.985611510791365,1.4385839160665508,-2.023793368984583,-2.936595128402156,1.2688377464875524,0.788122833489341,1.017043183413539,1.010367614187808
beta,$\beta$,1.116,0.2031716552119351,0.9587212785184426,-0.4063433104238702,-2.0,-0.0,2.919849230537331,0.45182622948103823,2.213240256433512,4.426480512867024,0.05334650487480518,117.78063664948832,17.921146953405017,1.4390304654177677,-2.0244887468189887,-2.936232306916947,1.2789059690670692,0.7819183147057134,1.01751835685386,1.010681241357949
beta,$\beta$,1.12,0.20244604215760675,0.9590156000147205,-0.4048920843152135,-2.0,-0.0,2.9429102477138214,0.45539476046197985,2.195897025660857,4.391794051321714,0.05337102916751381,117.72651577429338,17.857142857142854,1.439472238860437,-2.025162038708247,-2.93585915658696,1.2890067894146815,0.7757911038266019,1.01798612729315,1.0109915142410921
beta,$\beta$,1.124,0.20172559360900316,0.9593067848830953,-0.4034511872180063,-2.0,-0.0,2.9660457686557566,0.4589748203790977,2.1787687594148055,4.357537518829611,0.053395173058719096,117.67328294394547,17.79359430604982,1.4399093042579083,-2.025813868460002,-2.9354761628206454,1.2991402427179097,0.7697398380238891,1.0184466420459894,1.0112984805000327
beta,$\beta$,1.1280000000000001,0.20101025462457406,0.9595948775357639,-0.4020205092491481,-2.0,-0.0,2.9892558724384224,0.4625664214687388,2.161851690022818,4.323703380045636,0.05341894408711167,117.62091921797315,17.73049645390071,1.4403417282724185,-2.026444841143989,-2.9350837929497837,1.3093063636120543,0.7637631862120077,1.018900044903543,1.0116021869539829
beta,$\beta$,1.1320000000000001,0.2002999710393282,0.9598799216016443,-0.4005999420786564,-2.0,-0.0,3.012540636900425,0.4661695757758824,2.1451421370337647,4.290284274067529,0.053442349611806016,117.56940615110156,17.667844522968196,1.4407695763905097,-2.0270555437012514,-2.9346824969094256,1.3195051861907447,0.7578598481199468,1.0193464762317843,1.0119026795964228
beta,$\beta$,1.136,0.1995946894511616,0.9601619599428943,-0.3991893789023232,-2.0,-0.0,3.035900138657439,0.4697842951562681,2.1286365046906517,4.257273009381303,0.05346539681723883,117.51872577804755,17.605633802816904,1.441192912947827,-2.027646545533859,-2.934272707898233,1.3297367440119614,0.7520285533983895,1.0197860730649249,1.012200003612518
beta,$\beta$,1.14,0.1988943572074733,0.960441034671026,-0.3977887144149466,-2.0,-0.0,3.059334453131737,0.4734105912809643,2.112331279480206,4.224662558960412,0.053488092718057184,117.46886059854644,17.54385964912281,1.4416118011533026,-2.0282183990712155,-2.933854843000625,1.34000107011097,0.7462680607540013,1.0202189691986492,1.0124942033961046
beta,$\beta$,1.144,0.1981989223920626,0.9607171871626251,-0.3963978447841252,-2.0,-0.0,3.0828436545655507,0.477048475638437,2.0962230277786627,4.192446055557325,0.053510444163714296,117.41979356322081,17.482517482517487,1.4420263031127523,-2.028771640319467,-2.9334293037959718,1.3502981970061734,0.740577157117709,1.0206452952777747,1.0127853225662609
beta,$\beta$,1.148,0.1975083338122993,0.9609904580746893,-0.3950166676245986,-2.0,-0.0,3.106427816043222,0.4806979595379763,2.080308393572446,4.160616787144892,0.053532457843002416,117.37150805977618,17.421602787456447,1.4424364798518987,-2.0293067893902554,-2.932996476937067,1.3606281567088134,0.7349546568394357,1.0210651788827105,1.0130734039834783
beta,$\beta$,1.152,0.19682254098656213,0.961260887359593,-0.39364508197312426,-2.0,-0.0,3.1300870095109325,0.4843590541127502,2.064584096258512,4.129168192517024,0.05355414028842714,117.32398789972471,17.36111111111111,1.4428423913388315,-2.0298243510114933,-2.9325567347072847,1.3709909807316139,0.7293994009109829,1.0214787446128912,1.0133584897654362
beta,$\beta$,1.156,0.19614149413193738,0.9615285142796912,-0.39228298826387475,-2.0,-0.0,3.153821305795377,0.48803177032269396,2.049046928520217,4.098093857040434,0.05357549788044028,117.27721730559027,17.301038062283737,1.443244096505929,-2.0303248150206428,-2.932110435556417,1.381386700096958,0.723910256215592,1.0218861141675146,1.0136406213023972
beta,$\beta$,1.16,0.19546514415217203,0.9617933774215706,-0.39093028830434406,-2.0,-0.0,3.177630774622928,0.49171611895747575,2.033693754274672,4.067387508549344,0.053596536851549546,117.23118089854589,17.24137931034483,1.4436416532712484,-2.0308086568408337,-2.9316579246149153,1.3918153453452842,0.7184861148027637,1.0222874064239285,1.013919839272231
beta,$\beta$,1.164,0.19479344262587592,0.9620555147099595,-0.38958688525175184,-2.0,-0.0,3.2015154846382288,0.4954121106393734,2.0185215066894733,4.0370430133789466,0.05361726329030024,117.1858636864866,17.182130584192443,1.4440351185594045,-2.031276337940623,-2.931199534188177,1.4022769465432277,0.713125893187586,1.0226827375135759,1.0141961836550788
beta,$\beta$,1.168,0.1941263417949654,0.9623149634213043,-0.3882526835899308,-2.0,-0.0,3.225475503422539,0.49911975582611395,2.0035271862658655,4.007054372531731,0.053637683145135874,117.14125105251449,17.123287671232877,1.4444245483219478,-2.031728306277975,-2.930735584231546,1.4127715332916588,0.7078285316735324,1.0230722208956327,1.0144696937476638
beta,$\beta$,1.172,0.19346379455334436,0.9625717601970214,-0.38692758910668873,-2.0,-0.0,3.2495108975117795,0.5028390648136652,1.9887078589857878,3.9774157179715757,0.05365780222814143,117.0973287438206,17.064846416382256,1.444809997557255,-2.0321649967290107,-2.9302663828068,1.4232991347335837,0.7025929936978302,1.0234559674284047,1.0147404081772626
beta,$\beta$,1.176,0.19280575443581596,0.9628259410564358,-0.3856115088716319,-2.0,-0.0,3.2736217324142998,0.506570047738986,1.9740606545202957,3.9481213090405913,0.0536776262186735,117.05408286094769,17.006802721088437,1.4451915203299517,-2.0325868315021065,-2.929792226520921,1.4338597795619297,0.6974182651985107,1.023834085438569,1.0150083649153456
beta,$\beta$,1.18,0.19215217560721998,0.9630775414094122,-0.38430435121443995,-2.0,-0.0,3.2978080726288432,0.510312714582805,1.9595827644967225,3.919165528993445,0.05369716066688483,117.01149984741078,16.949152542372882,1.445569169789868,-2.032994220537743,-2.929313400947486,1.4444534960274111,0.6923033540022138,1.0242066807883992,1.0152736012908907
beta,$\beta$,1.184,0.1915030128517902,0.9633265960686871,-0.3830060257035804,-2.0,-0.0,3.3220699816590304,0.5140670751718633,1.945271440824486,3.890542881648972,0.0537164109971168,116.9695664797269,16.891891891891895,1.4459429981905527,-2.0333875618953936,-2.928830181034132,1.455080311944875,0.687247289232709,1.024573856940473,1.015536154003386
beta,$\beta$,1.188,0.1908582215627269,0.963573139261913,-0.3817164431254538,-2.0,-0.0,3.346407522036273,0.517833139182459,1.931123994070316,3.862247988140632,0.05373538251126117,116.92826985762755,16.835016835016834,1.4463130569073486,-2.033767242125546,-2.9283428314879885,1.4657402547033367,0.6822491207368786,1.0249357150217946,1.015796059135525
beta,$\beta$,1.192,0.19021775773197952,0.9638172046434179,-0.38043551546395904,-2.0,-0.0,3.370820755329558,0.5216109161419618,1.9171377918936032,3.8342755837872065,0.053754080391917564,116.88759739482629,16.778523489932887,1.4466793964550448,-2.0341336366316276,-2.9278516071555405,1.4764333512702656,0.6773079185319398,1.025292353884018,1.0160533521656046
beta,$\beta$,1.196,0.18958157794023375,0.9640588253056911,-0.3791631558804675,-2.0,-0.0,3.395309742165837,0.525400415431968,1.9033102575258354,3.8066205150516708,0.05377250970554446,116.84753680990511,16.722408026755854,1.4470420665051171,-2.0344871100175737,-2.9273567533801397,1.487159628200516,0.6724227722682427,1.025643870163549,1.016308067979633
beta,$\beta$,1.2,0.18894963934709966,0.964298033790601,-0.3778992786941993,-2.0,-0.0,3.419874542245066,0.5292016462906282,1.8896388683016638,3.7792777366033277,0.05379067540547638,116.80807611759232,16.666666666666668,1.4474011159025642,-2.0348280164246497,-2.9268585063494332,1.497919111642914,0.6675927907103091,1.0259903583390952,1.0165602408831547
gamma,$\gamma$,0.8,0.18139165377321564,0.9670970679414179,-0.3627833075464313,-2.0,-0.0,2.9736542785645765,0.46015218402791824,2.1731940751569447,4.3463881503138895,0.04813755766366705,130.52563553555538,16.0,1.4516024364605005,-2.0191208868216988,-3.2453331510135506,1.3024728013433102,0.7677703511110914,0.9181641551183497,1.0195109747132443
gamma,$\gamma$,0.804,0.18229861204208173,0.9667672160475306,-0.36459722408416345,-2.0,-0.0,2.9568527371288273,0.4575522631015261,2.1855426814446997,4.371085362889399,0.04823721935575943,130.25595983963754,16.080000000000002,1.4511073322680565,-2.018862983694959,-3.238214379459339,1.2951136571084028,0.7721330050929257,0.9200650781763288,1.0191632457861326
gamma,$\gamma$,0.808,0.1832055703109478,0.9664357190070404,-0.3664111406218956,-2.0,-0.0,2.9402029000413212,0.45497581736109416,2.197919014245859,4.395838028491718,0.04833631140900009,129.98892807550214,16.16,1.4506097587280196,-2.0185956961618374,-3.2311480200474083,1.2878209600018173,0.7765054546080605,0.9219551360803535,1.0188137825501575
gamma,$\gamma$,0.812,0.1841125285798139,0.9661025768199472,-0.3682250571596278,-2.0,-0.0,2.923702483022634,0.45242249333037143,2.210323347627573,4.420646695255146,0.04843483443653991,129.72451295176646,16.240000000000002,1.450109715840389,-2.018318901312045,-3.2241332646128615,1.2805937094997728,0.7808877964820093,0.9238343405255154,1.018462585005319
gamma,$\gamma$,0.8160000000000001,0.18501948684867997,0.9657677894862511,-0.37003897369735994,-2.0,-0.0,2.907349246690373,0.4498919444806084,2.222755957887801,4.445511915775602,0.04853278901827172,129.4626876855167,16.32,1.4496072036051655,-2.0180324752371916,-3.2171693161716126,1.2734309247435736,0.7852801283284107,0.9257027025725504,1.0181096531516172
gamma,$\gamma$,0.8200000000000001,0.18592644511754605,0.9654313570059522,-0.3718528902350921,-2.0,-0.0,2.8911409954686933,0.447383831061812,2.235217123575118,4.470434247150236,0.04863017570132734,129.20342599148967,16.400000000000002,1.4491022220223488,-2.017736293025071,-3.210255388641916,1.2663316440619714,0.789682548556026,0.927560232657319,1.017754986989052
gamma,$\gamma$,0.8240000000000001,0.18683340338641213,0.9650932793790502,-0.37366680677282427,-2.0,-0.0,2.875075576523726,0.4448978199380109,2.2477071255132994,4.495414251026599,0.048726995000514285,128.94670207168062,16.48,1.448594771091939,-2.017430228755205,-3.203390706578271,1.2592949245048795,0.7940951563774251,0.9294069405991352,1.0173985865176234
gamma,$\gamma$,0.8280000000000001,0.18774036165527822,0.9647535566055453,-0.37548072331055643,-2.0,-0.0,2.8591508787340403,0.44243358442794156,2.26022624682297,4.52045249364594,0.0488232473987776,128.69249060513945,16.560000000000002,1.4480848508139357,-2.0171141554937266,-3.1965745049087078,1.2523198413924304,0.7985180518166344,0.9312428356095764,1.0170404517373315
gamma,$\gamma$,0.8320000000000001,0.1886473199241443,0.9644121886854375,-0.3772946398482886,-2.0,-0.0,2.8433648316892604,0.4399908041500912,2.272774772944747,4.545549545889494,0.0489189333476385,128.4407667380773,16.64,1.4475724611883392,-2.016787945288672,-3.1898060286802066,1.2454054878763663,0.8029513357173129,0.9330679263008492,1.016680582648176
gamma,$\gamma$,0.8360000000000001,0.18955427819301038,0.9640691756187268,-0.37910855638602076,-2.0,-0.0,2.8277154047176816,0.4375691648722282,2.2853529916624806,4.570705983324961,0.04901405326762511,128.19150607423384,16.720000000000002,1.4470576022151496,-2.0164514691653883,-3.1830845328105486,1.2385509745141308,0.8073951097509638,0.9348822206940056,1.0163189792501572
gamma,$\gamma$,0.8400000000000001,0.19046123646187646,0.9637245174054132,-0.3809224729237529,-2.0,-0.0,2.8122006059417144,0.4351683583652387,2.297961193126766,4.595922386253532,0.049108607548694165,127.94468466550241,16.8,1.4465402738943667,-2.016104597122037,-3.176409281846468,1.231755428855149,0.8118494764252402,0.9366857262269861,1.0159556415432751
gamma,$\gamma$,0.8440000000000001,0.19136819473074254,0.9633782140454966,-0.3827363894614851,-2.0,-0.0,2.7968184813601837,0.43278808226111887,2.310599669878753,4.621199339757506,0.04920259655064321,127.70027900280493,16.880000000000003,1.4460204762259905,-2.0157471981252684,-3.169779549728059,1.225017995038872,0.816314539092357,0.9384784497624823,1.0155905695275296
gamma,$\gamma$,0.8480000000000001,0.19227515299960862,0.9630302655389771,-0.38455030599921725,-2.0,-0.0,2.781567113956637,0.43042803991499184,2.3232687168742463,4.646537433748493,0.04929602060351403,127.45826600720979,16.96,1.4454982092100213,-2.0153791401060097,-3.1631946195591403,1.2183378334042105,0.8207904019576052,0.9402603975956316,1.0152237632029206
gamma,$\gamma$,0.8520000000000001,0.1931821112684747,0.9626806718858547,-0.3863642225369494,-2.0,-0.0,2.7664446228327844,0.42808794027101355,2.335968631508098,4.671937263016196,0.04938888000798739,127.21862302128417,17.040000000000003,1.4449734728464585,-2.0150002899554105,-3.156653783383458,1.2117141201099801,0.8252771700879707,0.9420315754615461,1.014855222569448
gamma,$\gamma$,0.856,0.19408906953734073,0.9623294330861293,-0.38817813907468146,-2.0,-0.0,2.7514491623662605,0.4257674977320422,2.3486997136389034,4.697399427277807,0.04948117503576918,126.98132780067506,17.12,1.4444462671353027,-2.0146105135209056,-3.1501563419665,1.2051460467659953,0.8297749494208574,0.9437919885426788,1.0144849476271123
gamma,$\gamma$,0.86,0.1949960278062068,0.961976549139801,-0.3899920556124136,-2.0,-0.0,2.7365789213919043,0.4234664320329474,2.361462265613998,4.722924531227996,0.04957290592996856,126.74635850591079,17.2,1.4439165920765535,-2.014209675602453,-3.1437016045828163,1.1986328200744685,0.8342838467729193,0.9455416414760346,1.014112938375913
gamma,$\gamma$,0.864,0.1959029860750729,0.9616220200468698,-0.3918059721501458,-2.0,-0.0,2.721832122405815,0.421184468117443,2.374256592294757,4.748513184589514,0.04966407290546782,126.51369369441771,17.28,1.4433844476702113,-2.0137976399488893,-3.1372888888086212,1.192173661481382,0.838803969848999,0.9472805383602269,1.0137391948158507
gamma,$\gamma$,0.868,0.19680994434393898,0.9612658458073357,-0.39361988868787795,-2.0,-0.0,2.707207020791424,0.4189213360183273,2.3870830010822157,4.774166002164431,0.04975467614928463,126.28331231274481,17.36,1.4428498339162756,-2.0133742692544505,-3.1309175203195543,1.1857678068375057,0.8433354272511779,0.9490086827623853,1.0133637169469245
gamma,$\gamma$,0.872,0.19771690261280506,0.9609080264211985,-0.3954338052256101,-2.0,-0.0,2.692701904066901,0.41667677074102444,2.399941801942989,4.799883603885978,0.0498447158209266,126.05519368899039,17.44,1.4423127508147469,-2.012939425155436,-3.1245868326934434,1.1794145060687555,0.847878328487935,0.9507260777249195,1.0129865047691353
gamma,$\gamma$,0.876,0.19862386088167114,0.9605485618884586,-0.3972477217633423,-2.0,-0.0,2.6783150911531703,0.41445051215031503,2.4128333074355446,4.825666614871089,0.049934192052738254,125.82931752542562,17.52,1.4417731983656248,-2.012492968227023,-3.1182961672179177,1.1731130228555846,0.8524327839834274,0.952432725772137,1.0126075582824825
gamma,$\gamma$,0.88,0.19953081915053722,0.9601874522091156,-0.39906163830107444,-2.0,-0.0,2.6640449316620054,0.41224230486017366,2.4257578327367075,4.851515665473415,0.050023104950241634,125.60566389130621,17.6,1.4412311765689094,-2.0120347579802234,-3.112044872702666,1.166862634321163,0.856998905086855,0.9541286289167399,1.0122268774869663
gamma,$\gamma$,0.884,0.2004377774194033,0.9598246973831698,-0.4008755548388066,-2.0,-0.0,2.6498898052033275,0.4100518981265785,2.4387156956686273,4.877431391337255,0.050111454592468525,125.38421321587249,17.68,1.440686685424601,-2.0115646528590263,-3.105832305296395,1.1606626307279737,0.8615768040819878,0.9558137886661613,1.0118444623825866
gamma,$\gamma$,0.888,0.20134473568826938,0.959460297410621,-0.40268947137653877,-2.0,-0.0,2.6358481207113695,0.4078790457432394,2.451707216725965,4.90341443345193,0.05019924103228691,125.1649462815264,17.76,1.4401397249326995,-2.0110825102376584,-3.0996578283080933,1.1545123151826684,0.8661665941967702,0.9574882060287923,1.0114603129693438
gamma,$\gamma$,0.892,0.20225169395713546,0.9590942522914692,-0.40450338791427093,-2.0,-0.0,2.621918315788947,0.405723505940129,2.4647327191034525,4.929465438206905,0.0502864642967205,124.94784421718337,17.84,1.4395902950932042,-2.010588186418032,-3.093520812032672,1.148411003348856,0.8707683896130585,0.9591518815200766,1.0110744292472373
gamma,$\gamma$,0.896,0.20315865222600155,0.9587265620257146,-0.4063173044520031,-2.0,-0.0,2.608098856069316,0.4035850412847341,2.4777925287237985,4.955585057447597,0.050373124387261575,124.73288849179438,17.92,1.4390383959061162,-2.010081536627336,-3.087420633580767,1.142358023167593,0.8753823054764786,0.9608048151684778,1.0106868112162677
gamma,$\gamma$,0.9,0.20406561049486763,0.958357226613357,-0.40813122098973525,-2.0,-0.0,2.594388234595077,0.401463418585946,2.4908869742659214,4.981773948531843,0.05045922128017778,124.5200609080317,18.0,1.4384840273714345,-2.009562415015796,-3.081356676712606,1.1363527145853425,0.8800084579064011,0.9624470065213305,1.0102974588764344
gamma,$\gamma$,0.904,0.2049725687637337,0.9579862460543964,-0.4099451375274674,-2.0,-0.0,2.5807849712135966,0.39935840880050555,2.5040163871935333,5.0080327743870665,0.050544754926812645,124.30934359613492,18.080000000000002,1.4379271894891599,-2.009030674654593,-3.0753283316758186,1.1303944292891646,0.8846469640060403,0.964078454650573,1.0099063722277377
gamma,$\gamma$,0.908,0.2058795270325998,0.957613620348833,-0.4117590540651996,-2.0,-0.0,2.567287611988421,0.3972697869419242,2.517181101784081,5.034362203568162,0.05062972525388007,124.10071900791259,18.160000000000004,1.4373678822592921,-2.008486167533952,-3.069334995047083,1.1244825304489143,0.8892979418726775,0.9656991581583639,1.0095135512701778
gamma,$\gamma$,0.912,0.20678648530146587,0.9572393494966667,-0.41357297060293174,-2.0,-0.0,2.5538947286262133,0.3951973319918061,2.5303814551580364,5.060762910316073,0.05071413216375313,123.89416991089442,18.240000000000002,1.4368061056818309,-2.007928744561386,-3.0633760695774868,1.118616392466237,0.8939615106080102,0.9673091151825909,1.0091189960037543
gamma,$\gamma$,0.916,0.2076934435703319,0.9568634334978974,-0.4153868871406638,-2.0,-0.0,2.540604917918728,0.39314082681349766,2.543617787308543,5.087235574617086,0.0507979755347471,123.68967938263067,18.32,1.4362418597567765,-2.0073582555601255,-3.0574509640415233,1.1127954007301508,0.8986377903286255,0.9689083234022687,1.0087227064284676
gamma,$\gamma$,0.92,0.20860040183919798,0.9564858723525251,-0.41720080367839596,-2.0,-0.0,2.527416801199358,0.39110005806799225,2.5568904411314386,5.113780882262877,0.050881255221396963,123.48723080513419,18.4,1.435675144484129,-2.0067745492676963,-3.0515590930895797,1.107018951379014,0.9033269021766064,0.9704967800428328,1.0083246825443175
gamma,$\gamma$,0.924,0.20950736010806406,0.95610666606055,-0.4190147202161281,-2.0,-0.0,2.5143290238138434,0.38907481613202555,2.57019976245563,5.14039952491126,0.05096397105472961,123.2868078594611,18.48,1.435105959863888,-2.0061774733346818,-3.045699877103854,1.1012864510686895,0.9080289683302639,0.9720744818813309,1.007924924351304
gamma,$\gamma$,0.928,0.21041431837693014,0.9557258146219719,-0.4208286367538603,-2.0,-0.0,2.5013402546046706,0.3870648950182905,2.5835461000738538,5.1670922001477075,0.05104612284253064,123.08839452042689,18.56,1.4345343058960538,-2.0055668743236605,-3.0398727420576077,1.0955973167467132,0.912744112015004,0.9736414252515122,1.0075234318494268
gamma,$\gamma$,0.932,0.21132127664579622,0.9553433180367908,-0.42264255329159245,-2.0,-0.0,2.4884491854087853,0.38507009229771166,2.5969298057738115,5.193859611547623,0.05112771036960624,122.89197505145341,18.64,1.4339601825806265,-2.0049425977082915,-3.0340771193775984,1.0899509754322887,0.9174724575143273,0.9751976060488214,1.0071202050386865
gamma,$\gamma$,0.936,0.2122282349146623,0.9549591763050069,-0.4244564698293246,-2.0,-0.0,2.4756545305682147,0.3830902090237172,2.610351234369683,5.220702468739366,0.05120873339804001,122.69753399954377,18.72,1.433383589917606,-2.004304487872614,-3.028312445809711,1.0843468640019367,0.9222141301809621,0.9767430197352986,1.0067152439190827
gamma,$\gamma$,0.9400000000000001,0.2131351931835284,0.9545733894266201,-0.4262703863670568,-2.0,-0.0,2.462955026453201,0.3811250496584477,2.623810743734028,5.247621487468056,0.05128919166744488,122.50505619038158,18.8,1.4328045279069923,-2.003652388110485,-3.022578163287583,1.0787844289806279,0.9269692564481363,0.978277661344384,1.0063085484906158
gamma,$\gamma$,0.944,0.21404215145239447,0.9541859574016303,-0.42808430290478894,-2.0,-0.0,2.45034943099749,0.37917442200084456,2.6373086948300872,5.2746173896601745,0.051369084895210436,122.31452672355118,18.88,1.4322229965487854,-2.0029861406252216,-3.0168737188042423,1.073263126338235,0.9317379638409878,0.9798015254856345,1.0059001187532852
gamma,$\gamma$,0.948,0.21494910972126055,0.9537968802300375,-0.4298982194425211,-2.0,-0.0,2.4378365232454087,0.37723813711656423,2.650845451744467,5.301690903488934,0.05144841277674556,122.12593096787538,18.96,1.4316389958429847,-2.0023055865294053,-3.0111985642865857,1.0677824212911537,0.9365203809881119,0.9813146063493527,1.005489954707091
gamma,$\gamma$,0.952,0.21585606799012658,0.9534061579118418,-0.43171213598025315,-2.0,-0.0,2.4254151029103994,0.3753160092696639,2.6644213817202287,5.328842763440457,0.05152717498571679,121.93925455686772,19.04,1.4310525257895912,-2.0016105658448677,-3.005552156472679,1.062341788108936,0.9413166376332517,0.9828168977111329,1.0050780563520336
gamma,$\gamma$,0.956,0.21676302625899266,0.9530137904470433,-0.4335260525179853,-2.0,-0.0,2.413083989944636,0.3734078558560028,2.6780368551904004,5.356073710380801,0.05160537117428192,121.75448338429698,19.119999999999997,1.4304635863886046,-2.000900917502879,-2.9999339567918186,1.0569407099257817,0.9461268646471379,0.9843083929363169,1.004664423688113
gamma,$\gamma$,0.96,0.21766998452785874,0.9526197778356418,-0.4353399690557175,-2.0,-0.0,2.400842024119464,0.37151349733831823,2.69169224581187,5.38338449162374,0.05168300097331994,121.57160359985915,19.2,1.4298721776400245,-2.00017647934448,-2.9943434312471653,1.0515786785567696,0.9509511940394624,0.9857890849843796,1.0042490567153286
gamma,$\gamma$,0.964,0.21857694279672482,0.9522241200776372,-0.43715388559344964,-2.0,-0.0,2.388688064616281,0.36963275718291716,2.705387930499726,5.410775860999452,0.05176006399265631,121.3906016049563,19.279999999999998,1.4292782995438513,-1.9994370881210302,-2.988780050301038,1.0462551943186607,0.9557897589710103,0.9872589664132261,1.0038319554336812
gamma,$\gamma$,0.968,0.2194839010655909,0.9518268171730299,-0.4389678021311818,-2.0,-0.0,2.376620989627612,0.3677654617979455,2.719124289461992,5.438248578923984,0.05183655982128464,121.21146404857761,19.36,1.4286819521000846,-1.9986825794949277,-2.9832432887626648,1.040969765855168,0.9606426937659319,0.9887180293834195,1.00341311984317
gamma,$\gamma$,0.972,0.22039085933445698,0.9514278691218196,-0.44078171866891397,-2.0,-0.0,2.3646396959680493,0.36591144047318386,2.7329017062348067,5.465803412469613,0.05191248802758424,121.03417782328118,19.439999999999998,1.4280831353087253,-1.9979127880405116,-2.977732625678391,1.0357219099665473,0.9655101339241717,0.9901662656623311,1.002992549943796
gamma,$\gamma$,0.976,0.22129781760332307,0.9510272759240064,-0.44259563520664613,-2.0,-0.0,2.3527430986947917,0.3640705253213281,2.7467205677180306,5.493441135436061,0.0519878481595339,120.85873006127358,19.52,1.4274818491697723,-1.9971275472451633,-2.9722475442242753,1.03051115144339,0.9703922161340471,0.9916036666282175,1.002570245735558
gamma,$\gamma$,0.98,0.22220477587218915,0.9506250375795902,-0.4444095517443783,-2.0,-0.0,2.3409301307375077,0.36224255122071414,2.7605812642112846,5.521162528422569,0.05206263974492209,120.68510813058445,19.599999999999998,1.426878093683226,-1.9963266895105771,-2.966787531600963,1.0253370229045038,0.9752890782849811,0.9930302232742299,1.0021462072184568
gamma,$\gamma$,0.984,0.22311173414105523,0.9502211540885711,-0.44622346828211046,-2.0,-0.0,2.3291997425372566,0.3604273557594427,2.7744841894504324,5.548968378900865,0.05213686229155347,120.51329963133408,19.68,1.4262718688490865,-1.9955100461542412,-2.9613520789308416,1.0201990646387564,0.9802008594803908,0.9944459262123532,1.0017204343924921
gamma,$\gamma$,0.988,0.2240186924099213,0.9498156254509491,-0.4480373848198426,-2.0,-0.0,2.317550901694203,0.35862477918086605,2.7884297406445184,5.576859481289037,0.05221051528745194,120.34329239209139,19.759999999999998,1.425663174667354,-1.9946774474110873,-2.95594068115735,1.0150968244507754,0.9851277000507379,0.9958507656772789,1.0012929272576643
gamma,$\gamma$,0.992,0.2249256506787874,0.949408451666724,-0.4498513013575748,-2.0,-0.0,2.305982592623892,0.3568346643303989,2.8024183185131477,5.604836637026295,0.052283598201060315,120.17507446632017,19.84,1.425052011138028,-1.9938287224353473,-2.9505528369464433,1.010029857510393,0.990069741566734,0.9972447315302134,1.000863685813973
gamma,$\gamma$,0.996,0.22583260894765347,0.9489996327358963,-0.45166521789530695,-2.0,-0.0,2.294493816221835,0.3550568566036154,2.816450327324329,5.632900654648658,0.05235611048143667,120.0086341289112,19.919999999999998,1.4244383782611092,-1.992963699302598,-2.9451880485901154,1.0049977262057352,0.9950271268527107,0.9986278132626236,1.0004327100614183
gamma,$\gamma$,1.0,0.22673956721651956,0.9485891686584654,-0.4534791344330391,-2.0,-0.0,2.283083589536524,0.35329120389565033,2.83052617493235,5.6610523498647,0.05242805155845166,119.84395987278886,20.0,1.4238222760365966,-1.9920822050119444,-2.93984582191163,1.0,1.0,1.0,1.0
gamma,$\gamma$,1.004,0.22764652548538564,0.9481770594344316,-0.4552930509707713,-2.0,-0.0,2.271750945447801,0.35153755655142904,2.8446462728192246,5.689292545638449,0.05249942084295322,119.68104040566674,20.080000000000002,1.4232037044644912,-1.9911840654887165,-2.9345256661748333,0.995036255290581,1.0049885063815784,1.001361280504998,0.9995655556297185
gamma,$\gamma$,1.008,0.22855348375425172,0.947763305063795,-0.45710696750850344,-2.0,-0.0,2.260494932360272,0.3497957673182256,2.8588110361274133,5.7176220722548265,0.05257021772701547,119.5198646466838,20.16,1.4225826635447922,-1.990269105586461,-2.9292270939891583,0.9901060752747833,1.0099927926636254,1.0027116431821868,0.9991293769505735
gamma,$\gamma$,1.012,0.2294604420231178,0.9473479055465553,-0.4589208840462356,-2.0,-0.0,2.2493146138924667,0.34806569129756193,2.873020883707548,5.746041767415096,0.05264044158404712,119.36042172343267,20.240000000000002,1.4219591532775002,-1.9893371490905294,-2.923949621226265,0.9852090498136721,1.0150130068223848,1.0040510760801145,0.9986914639625651
gamma,$\gamma$,1.016,0.23036740029198388,0.9469308608827128,-0.46073480058396776,-2.0,-0.0,2.238209068583609,0.3463471858998334,2.8872762381537256,5.774552476307451,0.052710091769019425,119.20270096878401,20.32,1.421333173662615,-1.9883880187206158,-2.9186927669297837,0.9803447753036388,1.020049298156634,1.0053795668956593,0.9982518166656934
gamma,$\gamma$,1.02,0.23127435856084996,0.9465121710722674,-0.4625487171216999,-2.0,-0.0,2.2271773896024536,0.34464011079925244,2.9015775258454597,5.803155051690919,0.05277916761863289,119.0466919179188,20.400000000000002,1.4207047247001365,-1.9874215361340966,-2.9134560532309934,0.9755128545488693,1.0251018173025048,1.0066971029772063,0.9978104350599584
gamma,$\gamma$,1.024,0.23218131682971604,0.9460918361152191,-0.4643626336594321,-2.0,-0.0,2.2162186844639526,0.3429443278900054,2.9159251769888903,5.831850353977781,0.052847668451493114,118.89238430540574,20.48,1.4200738063900646,-1.986437521929443,-2.90823900526536,0.9707128966372426,1.0301707162480422,1.0080036713280032,0.9973673191453597
gamma,$\gamma$,1.028,0.23308827509858213,0.9456698560115677,-0.46617655019716425,-2.0,-0.0,2.2053320747525746,0.34125970124343763,2.930319625658495,5.86063925131699,0.052915593568284035,118.73976806234926,20.560000000000002,1.4194404187323997,-1.9854357956498252,-2.903041151090729,0.965944516819144,1.0352561483479412,1.0092992586094642,0.9969224689218977
gamma,$\gamma$,1.032,0.2339952333674482,0.9452462307613134,-0.4679904667348964,-2.0,-0.0,2.1945166958520845,0.3395860970662391,2.944761309839318,5.889522619678636,0.05298294225193863,118.58883331360644,20.64,1.4188045617271412,-1.9844161757869219,-2.897862021607151,0.9612073363891074,1.040358268338465,1.0105838511444265,0.9964758843895722
gamma,$\gamma$,1.036,0.2349021916363143,0.9448209603644563,-0.4698043832726286,-2.0,-0.0,2.183771696681623,0.3379233836596044,2.9592506714697078,5.9185013429394155,0.053049713767807184,118.43957037507127,20.720000000000002,1.4181662353742899,-1.9833784797849487,-2.8927011504783153,0.956500982570217,1.0454772323525447,1.0118574349203582,0.9960275655483836
gamma,$\gamma$,1.04,0.23580914990518037,0.9443940448209962,-0.47161829981036074,-2.0,-0.0,2.173096239437906,0.3362714313793399,2.9737881564845856,5.947576312969171,0.05311590736382322,118.29196975102433,20.8,1.4175254396738453,-1.9823225240448556,-2.887558074054461,0.9518250884011891,1.050613197935066,1.013119995592525,0.9955775123983315
gamma,$\gamma$,1.044,0.23671610817404645,0.9439654841309332,-0.4734322163480929,-2.0,-0.0,2.162489499343383,0.33463011259689307,2.988374214859242,5.976748429718484,0.053181522270667095,118.14602213154684,20.880000000000003,1.4168821746258073,-1.9812481239287543,-2.8824323312968367,0.9471792926260653,1.0557663240583404,1.0143715184871098,0.9951257249394159
gamma,$\gamma$,1.048,0.23762306644291253,0.9435352782942672,-0.47524613288582507,-2.0,-0.0,2.1519506644002053,0.33299930166128094,3.0030093006536585,6.006018601307317,0.05324655770192751,118.0017183899972,20.96,1.416236440230176,-1.9801550937645354,-2.8773234637035827,0.9425632395864493,1.060936771137766,1.0156119886042931,0.9946722031716367
gamma,$\gamma$,1.052,0.23853002471177856,0.9431034273109983,-0.4770600494235571,-2.0,-0.0,2.1414789351498333,0.33137887486189066,3.01769387205739,6.03538774411478,0.05331101285426064,117.85904958054894,21.04,1.4155882364869514,-1.9790432468506955,-2.8722310152370523,0.9379765791162131,1.0661247010476818,1.0168413906212892,0.9942169470949943
gamma,$\gamma$,1.056,0.23943698298064464,0.9426699311811265,-0.4788739659612893,-2.0,-0.0,2.1310735244381487,0.3297687103921324,3.0324283914349746,6.064856782869949,0.05337488690754756,117.71800693578804,21.12,1.414937563396134,-1.9779123954613727,-2.8671545322524996,0.9334189664386163,1.0713302771374125,1.0180597088953474,0.9937599567094888
gamma,$\gamma$,1.06,0.24034394124951072,0.9422347899046517,-0.48068788249902145,-2.0,-0.0,2.1207336571859154,0.3281686883139201,3.047213325371915,6.09442665074383,0.05343817902504931,117.57858186436935,21.2,1.414284420957723,-1.9767623508515826,-2.86209356342812,0.9288900620657667,1.0765536642475118,1.0192669274667105,0.9933012320151196
gamma,$\gamma$,1.064,0.2412508995183768,0.941798003481574,-0.4825017990367536,-2.0,-0.0,2.110458570164461,0.3265786905229592,3.06204914472121,6.12409828944242,0.0535008883535604,117.44076594872934,21.28,1.4136288091717188,-1.975592923262663,-2.857047659696381,0.9243895317003673,1.0817950287262028,1.0204630300615432,0.9928407730118869
gamma,$\gamma$,1.068,0.2421578577872429,0.9413595719118935,-0.4843157155744858,-2.0,-0.0,2.1002475117761663,0.32499860071477926,3.076936324650844,6.153872649301688,0.05356301402355669,117.3045509428629,21.36,1.4129707280381216,-1.974403921927956,-2.8520163741768676,0.9199170461395701,1.0870545384461543,1.021648000094752,0.992378579699791
gamma,$\gamma$,1.072,0.24306481605610897,0.9409194951956099,-0.48612963211221794,-2.0,-0.0,2.090099741841743,0.32342830435181685,3.091875344689147,6.183750689378294,0.053624555149365954,117.16992877010146,21.44,1.4123101775569311,-1.9731951550785338,-2.846999262108823,0.915472281181804,1.0923323628205075,1.0228218206732387,0.9919146520788318
gamma,$\gamma$,1.076,0.24397177432497505,0.9404777733327234,-0.4879435486499501,-2.0,-0.0,2.080014531386895,0.3218676886304023,3.1068666887787257,6.2137333775574515,0.05368551082926516,117.03689152110074,21.52,1.4116471577281473,-1.9719664299496074,-2.841995880789395,0.9110549175333292,1.0976286728219289,1.0239844745977555,0.991448990149009
gamma,$\gamma$,1.08,0.24487873259384113,0.9400344063232341,-0.48975746518768226,-2.0,-0.0,2.0699911624423932,0.3203166424498232,3.1219108453181525,6.243821690636305,0.05374588014569071,116.90543145163035,21.6,1.4109816685517702,-1.9707175527863983,-2.837005789505864,0.9066646407206712,1.1029436409973374,1.0251359443669161,0.9909815939103228
gamma,$\gamma$,1.084,0.2457856908627072,0.9395893941671417,-0.4915713817254144,-2.0,-0.0,2.060028927840633,0.3187750563808431,3.1370083072161457,6.274016614432291,0.05380566216534105,116.77554098064616,21.68,1.4103137100277998,-1.9694483288509097,-2.832028549475659,0.9023011410015119,1.1082774414870482,1.0262762121791518,0.9905124633627732
gamma,$\gamma$,1.088,0.2466926491315733,0.9391427368644465,-0.4933852982631466,-2.0,-0.0,2.0501271310208313,0.3172428226355565,3.152159571940211,6.304319143880422,0.05386485593933233,116.64721268829348,21.76,1.4096432821562364,-1.968158562428566,-2.8270637237840783,0.8979641132793635,1.1136302500419548,1.0274052599356813,0.9900415985063603
gamma,$\gamma$,1.092,0.24759960740043938,0.9386944344151483,-0.49519921480087875,-2.0,-0.0,2.040285085837569,0.3157198350377629,3.1673651415673363,6.334730283134673,0.053923460503340015,116.52043931398666,21.84,1.4089703849370796,-1.9668480568351356,-2.8221108773238655,0.8936532570197115,1.119002244041441,1.028523069243211,0.989568999341084
gamma,$\gamma$,1.096,0.24850656566930546,0.9382444868192472,-0.4970131313386109,-2.0,-0.0,2.030502116373598,0.31420598899399965,3.182625522835266,6.365251045670532,0.053981474877739195,116.39521375453633,21.92,1.4082950183703296,-1.9655166144238916,-2.8171695767358624,0.8893682761680218,1.1243936025114947,1.0296296214166119,0.9890946658669443
gamma,$\gamma$,1.1,0.24941352393817154,0.9377928940767432,-0.4988270478763431,-2.0,-0.0,2.0207775567567703,0.31270118146521286,3.197941227194395,6.39588245438879,0.054038898067743785,116.27152906232308,22.0,1.4076171824559864,-1.9641640365929598,-2.81223939035064,0.8851088790695556,1.1298045061430413,1.0307248974815744,0.9886185980839411
gamma,$\gamma$,1.104,0.2503204822070376,0.9373396561876361,-0.5006409644140752,-2.0,-0.0,2.011110750980986,0.3112053109390507,3.213312770860293,6.426625541720586,0.054095729063544366,116.1493784435172,22.080000000000002,1.4069368771940496,-1.9627901237929093,-2.807319888131163,0.8808747783909436,1.135235137310501,1.0318088781772372,0.9881407959920744
gamma,$\gamma$,1.108,0.2512274404759037,0.9368847731519263,-0.5024548809518073,-2.0,-0.0,2.001501052731076,0.3097182774027649,3.2287406748668452,6.4574813497336905,0.054151966840445105,116.02875525634262,22.160000000000004,1.40625410258452,-1.9613946755345595,-2.8024106416164067,0.8766656910434846,1.1406856800905623,1.0328815439587997,0.9876612595913445
gamma,$\gamma$,1.112,0.2521343987447698,0.9364282449696134,-0.5042687974895396,-2.0,-0.0,1.9919478252114902,0.30823998231670163,3.2442254651200586,6.488450930240117,0.054207610358999334,115.90965300938555,22.240000000000002,1.405568858627397,-1.9599774903969922,-2.7975112238659148,0.8724813381081086,1.1461563202811917,1.0339428750001067,0.9871799888817512
gamma,$\gamma$,1.116,0.25304135701363584,0.9359700716406977,-0.5060827140272717,-2.0,-0.0,1.9824504409787287,0.3067703285883714,3.259767672452487,6.519535344904974,0.054262658565144326,115.79206535994528,22.320000000000004,1.4048811453226808,-1.9585383660358102,-2.7926212094052905,0.8683214447619829,1.151647245420861,1.0349928511962203,0.9866969838632944
gamma,$\gamma$,1.12,0.25394831528250195,0.935510253165179,-0.5078966305650039,-2.0,-0.0,1.9730082817772778,0.3053092205470613,3.275367832678532,6.550735665357064,0.05431711039033325,115.67598611243129,22.400000000000002,1.4041909626703715,-1.9570770991916089,-2.7877401741726664,0.8641857402066505,1.1571586448080855,1.0360314521659362,0.9862122445359742
gamma,$\gamma$,1.124,0.254855273551368,0.9350487895430574,-0.509710547102736,-2.0,-0.0,1.963620738379746,0.303856563919097,3.291026486649319,6.582052973298638,0.05437096475167554,115.56140921678161,22.480000000000004,1.4034983106704688,-1.9555934856986454,-2.7828676954655274,0.8600739575980086,1.1626907095208103,1.0370586572544611,0.9857257708997907
gamma,$\gamma$,1.1280000000000001,0.2557622318202341,0.9345856807743328,-0.5115244636404682,-2.0,-0.0,1.9542872104288591,0.3024122658033929,3.3067441803108917,6.613488360621783,0.05442422055205379,115.44832876696991,22.560000000000002,1.4028031893229729,-1.9540873204938267,-2.7780033518896703,0.8559858339771028,1.1682436324369703,1.0380744455356425,0.9852375629547437
gamma,$\gamma$,1.1320000000000001,0.25666919008910016,0.9341209268590054,-0.5133383801782003,-2.0,-0.0,1.9450071062849412,0.30097623464785067,3.3225214647595807,6.645042929519161,0.05447687668026969,115.33673899948849,22.640000000000004,1.4021055986278836,-1.952558397625801,-2.77314672330728,0.8519211102033222,1.1738176082540517,1.039078795814752,0.9847476207008333
gamma,$\gamma$,1.136,0.25757614835796616,0.933654527797075,-0.5151522967159323,-2.0,-0.0,1.935779842875099,0.2995483802260214,3.3383588963006887,6.676717792601377,0.05452893201116696,115.22663429191782,22.719999999999995,1.4014055385852016,-1.9510065102643799,-2.7682973907870965,0.8478795308883416,1.1794128335098248,1.0400716866308304,0.9842559441380597
gamma,$\gamma$,1.14,0.25848310662683227,0.9331864835885416,-0.5169662132536645,-2.0,-0.0,1.9266048455462481,0.29812861361436305,3.3542570365068194,6.708514073013639,0.05458038540576245,115.1180091615151,22.799999999999997,1.4007030091949257,-1.9494314507101473,-2.7634549365548433,0.8438608443317475,1.1850295066029506,1.041053096259188,0.9837625332664225
gamma,$\gamma$,1.144,0.2593900648956983,0.9327167942334054,-0.5187801297913966,-2.0,-0.0,1.9174815479211718,0.2967168471699659,3.37021645227707,6.74043290455414,0.054631235711375174,115.01085826384333,22.879999999999995,1.3999980104570569,-1.947833010404322,-2.758618943944521,0.8398648024579901,1.1906678278138936,1.0420230027138657,0.9832673880859218
gamma,$\gamma$,1.148,0.26029702316456443,0.9322454597316662,-0.5205940463291289,-2.0,-0.0,1.9084093917576135,0.29531299450874837,3.386237715896975,6.77247543179395,0.054681481761754754,114.9051763914372,22.959999999999997,1.399290542371595,-1.946210979938838,-2.7537889973504184,0.8358911607546655,1.1963279993260993,1.0429813837500856,0.982770508596558
gamma,$\gamma$,1.152,0.2612039814334305,0.9317724800833241,-0.522407962866861,-2.0,-0.0,1.899387826810359,0.29391697048411536,3.4023214050991473,6.8046428101982945,0.054731122377209056,114.80095847250537,23.04,1.3985806049385396,-1.9445651490666933,-2.748964682179899,0.8319396782121073,1.2020102252474183,1.0439282168666848,0.9822718947983308
gamma,$\gamma$,1.156,0.2621109397022966,0.931297855288379,-0.5242218794045932,-2.0,-0.0,1.8904163106961969,0.29252869116606156,3.418468103124708,6.836936206249416,0.05478015636473139,114.69819956966812,23.119999999999997,1.397868198157891,-1.9428953067125114,-2.7441455848068603,0.8280101172642389,1.2077147116318083,1.0448634793085412,0.98177154669124
gamma,$\gamma$,1.16,0.26301789797116265,0.9308215853468311,-0.5260357959423253,-2.0,-0.0,1.8814943087626859,0.2911480738208643,3.434678398783684,6.869356797567368,0.05482858251814154,114.59689487869986,23.2,1.3971533220296493,-1.9412012409833315,-2.7393312925251374,0.8241022437310923,1.2134416665006724,1.0457871480692649,0.9812694642752858
gamma,$\gamma$,1.164,0.26392485624002876,0.9303436702586801,-0.5278497124800575,-2.0,-0.0,1.8726212939558122,0.28977503689060424,3.4509528865232086,6.901905773046417,0.054876399618168224,114.49703972742735,23.279999999999998,1.3964359765538144,-1.9394827391797784,-2.734521393505685,0.8202158267608426,1.2191912998669538,1.0466991998927695,0.9807656475504684
gamma,$\gamma$,1.168,0.2648318145088948,0.9298641100239263,-0.5296636290177896,-2.0,-0.0,1.8637967466975203,0.2884094999742144,3.4672921664834417,6.9345843329668835,0.0549236064326391,114.39862957443593,23.36,1.395716161730386,-1.9377395878072288,-2.7297154767486562,0.8163506387761646,1.2249638237548928,1.0475996112768975,0.9802600965167872
gamma,$\gamma$,1.172,0.2657387727777609,0.9293829046425696,-0.5314775455555218,-2.0,-0.0,1.8550201547585292,0.2870513838077991,3.4836968445676253,6.967393689135251,0.054970201716559836,114.30166000803976,23.439999999999998,1.3949938775593644,-1.9359715725874773,-2.7249131320420075,0.8125064554185274,1.2307594522247747,1.0484883584749272,0.979752811174243
gamma,$\gamma$,1.176,0.266645731046627,0.9289000541146099,-0.533291462093254,-2.0,-0.0,1.846291013138073,0.28570061024602483,3.500167532504995,7.00033506500999,0.05501618421225848,114.20612674514771,23.52,1.3942691240407499,-1.9341784784705247,-2.7201139499172635,0.8086830554955188,1.2365784013951575,1.0493654174983276,0.9792437915228352
gamma,$\gamma$,1.18,0.2675526893154931,0.9284155584400472,-0.5351053786309862,-2.0,-0.0,1.8376088239447803,0.2843571022436871,3.5167048479169845,7.033409695833969,0.05506155264950896,114.11202563020387,23.599999999999998,1.3935419011745416,-1.9323600896466562,-2.715317521606968,0.8048802209286707,1.2424208894662614,1.0502307641191133,0.9787330375625639
gamma,$\gamma$,1.184,0.26845964758435914,0.9279294176188817,-0.5369192951687183,-2.0,-0.0,1.8289730962801956,0.2830207838376863,3.5333094143838726,7.066618828767745,0.055106305745657225,114.01935263415379,23.68,1.3928122089607409,-1.93051618955878,-2.7105234390025923,0.8010977367024417,1.2482871367435135,1.0510843738722504,0.9782205492934297
gamma,$\gamma$,1.188,0.26936660585322525,0.9274416316511132,-0.5387332117064505,-2.0,-0.0,1.820383346124704,0.28169158012937506,3.5499818615122285,7.099963723024457,0.05515044220574758,113.92810385344065,23.759999999999998,1.392080047399346,-1.9286465609150285,-2.705731294613005,0.7973353908142495,1.254177365661377,1.0519262220580665,0.9777063267154315
gamma,$\gamma$,1.192,0.2702735641220913,0.9269522005367418,-0.5405471282441826,-2.0,-0.0,1.8118390962258095,0.28036941726727044,3.5667228250031293,7.133445650006259,0.05519396072264903,113.83827550903155,23.84,1.3913454164903585,-1.9267509857016238,-2.700940681523504,0.7935929742255389,1.2600918008074504,1.0527562837446605,0.9771903698285702
gamma,$\gamma$,1.196,0.2711805223909574,0.9264611242757674,-0.5423610447819148,-2.0,-0.0,1.8033398759887005,0.27905422243011946,3.583532946721203,7.167065893442406,0.0552368599771819,113.74986394547305,23.919999999999998,1.3906083162337775,-1.9248292451960198,-2.696151193355395,0.7898702808138471,1.2660306689468612,1.053574533770318,0.9766726786328455
gamma,$\gamma$,1.2,0.27208748065982347,0.9259684028681902,-0.5441749613196469,-2.0,-0.0,1.794885221369062,0.27774592381031277,3.600412874764464,7.200825749528928,0.05527913863824455,113.66286562997566,24.0,1.3898687466296034,-1.9228811199803149,-2.691362424226107,0.7861671073258565,1.2719941990469368,1.0543809467459273,0.9761532531282573
alpha,$\alpha$,0.8,0.22673956721651956,0.9485891686584654,-0.4534791344330391,-2.0,-0.0,2.283083589536524,0.35329120389565033,2.83052617493235,5.6610523498647,0.05242805155845166,119.84395987278886,20.0,1.7797778450457455,-1.9920822050119444,-2.93984582191163,1.0,1.0,1.0,1.2499999999999998
alpha,$\alpha$,0.804,0.22673956721651956,0.9485891686584654,-0.4534791344330391,-2.0,-0.0,2.283083589536524,0.35329120389565033,2.83052617493235,5.6610523498647,0.05242805155845166,119.84395987278886,20.0,1.7709232289012395,-1.9920822050119453,-2.9398458219116312,1.0,1.0,1.0,1.243781094527363
alpha,$\alpha$,0.808,0.22673956721651956,0.9485891686584654,-0.4534791344330391,-2.0,-0.0,2.283083589536524,0.35329120389565033,2.83052617493235,5.6610523498647,0.05242805155845166,119.84395987278886,20.0,1.7621562822235106,-1.9920822050119444,-2.93984582191163,1.0,1.0,1.0,1.2376237623762376
alpha,$\alpha$,0.812,0.22673956721651956,0.9485891686584654,-0.4534791344330391,-2.0,-0.0,2.283083589536524,0.35329120389565033,2.83052617493235,5.6610523498647,0.05242805155845166,119.84395987278886,20.0,1.7534757094046753,-1.9920822050119449,-2.939845821911631,1.0,1.0,1.0,1.231527093596059
alpha,$\alpha$,0.8160000000000001,0.22673956721651956,0.9485891686584654,-0.4534791344330391,-2.0,-0.0,2.283083589536524,0.35329120389565033,2.83052617493235,5.6610523498647,0.05242805155845166,119.84395987278886,20.0,1.7448802402409271,-1.9920822050119444,-2.93984582191163,1.0,1.0,1.0,1.2254901960784312
alpha,$\alpha$,0.8200000000000001,0.22673956721651956,0.9485891686584654,-0.4534791344330391,-2.0,-0.0,2.283083589536524,0.35329120389565033,2.83052617493235,5.6610523498647,0.05242805155845166,119.84395987278886,20.0,1.7363686293129226,-1.9920822050119453,-2.9398458219116312,1.0,1.0,1.0,1.2195121951219512
alpha,$\alpha$,0.8240000000000001,0.22673956721651956,0.9485891686584654,-0.4534791344330391,-2.0,-0.0,2.283083589536524,0.35329120389565033,2.83052617493235,5.6610523498647,0.05242805155845166,119.84395987278886,20.0,1.7279396553842192,-1.9920822050119444,-2.93984582191163,1.0,1.0,1.0,1.2135922330097089
alpha,$\alpha$,0.8280000000000001,0.22673956721651956,0.9485891686584654,-0.4534791344330391,-2.0,-0.0,2.283083589536524,0.35329120389565033,2.83052617493235,5.6610523498647,0.05242805155845166,119.84395987278886,20.0,1.7195921208171456,-1.9920822050119453,-2.9398458219116312,1.0,1.0,1.0,1.2077294685990339
alpha,$\alpha$,0.8320000000000001,0.22673956721651956,0.9485891686584654,-0.4534791344330391,-2.0,-0.0,2.283083589536524,0.35329120389565033,2.83052617493235,5.6610523498647,0.05242805155845166,119.84395987278886,20.0,1.7113248510055246,-1.9920822050119444,-2.93984582191163,1.0,1.0,1.0,1.2019230769230769
alpha,$\alpha$,0.8360000000000001,0.22673956721651956,0.9485891686584654,-0.4534791344330391,-2.0,-0.0,2.283083589536524,0.35329120389565033,2.83052617493235,5.6610523498647,0.05242805155845166,119.84395987278886,20.0,1.70313669382368,-1.9920822050119444,-2.93984582191163,1.0,1.0,1.0,1.1961722488038278
alpha,$\alpha$,0.8400000000000001,0.22673956721651956,0.9485891686584654,-0.4534791344330391,-2.0,-0.0,2.283083589536524,0.35329120389565033,2.83052617493235,5.6610523498647,0.05242805155845166,119.84395987278886,20.0,1.6950265190911862,-1.9920822050119444,-2.93984582191163,1.0,1.0,1.0,1.1904761904761902
alpha,$\alpha$,0.8440000000000001,0.22673956721651956,0.9485891686584654,-0.4534791344330391,-2.0,-0.0,2.283083589536524,0.35329120389565033,2.83052617493235,5.6610523498647,0.05242805155845166,119.84395987278886,20.0,1.6869932180528395,-1.9920822050119453,-2.9398458219116312,1.0,1.0,1.0,1.1848341232227488
alpha,$\alpha$,0.8480000000000001,0.22673956721651956,0.9485891686584654,-0.4534791344330391,-2.0,-0.0,2.283083589536524,0.35329120389565033,2.83052617493235,5.6610523498647,0.05242805155845166,119.84395987278886,20.0,1.679035702873345,-1.9920822050119444,-2.93984582191163,1.0,1.0,1.0,1.1792452830188678
alpha,$\alpha$,0.8520000000000001,0.22673956721651956,0.9485891686584654,-0.4534791344330391,-2.0,-0.0,2.283083589536524,0.35329120389565033,2.83052617493235,5.6610523498647,0.05242805155845166,119.84395987278886,20.0,1.6711529061462398,-1.9920822050119444,-2.93984582191163,1.0,1.0,1.0,1.1737089201877933
alpha,$\alpha$,0.856,0.22673956721651956,0.9485891686584654,-0.4534791344330391,-2.0,-0.0,2.283083589536524,0.35329120389565033,2.83052617493235,5.6610523498647,0.05242805155845166,119.84395987278886,20.0,1.663343780416585,-1.9920822050119449,-2.939845821911631,1.0,1.0,1.0,1.1682242990654206
alpha,$\alpha$,0.86,0.22673956721651956,0.9485891686584654,-0.4534791344330391,-2.0,-0.0,2.283083589536524,0.35329120389565033,2.83052617493235,5.6610523498647,0.05242805155845166,119.84395987278886,20.0,1.655607297716973,-1.9920822050119453,-2.9398458219116312,1.0,1.0,1.0,1.1627906976744187
alpha,$\alpha$,0.864,0.22673956721651956,0.9485891686584654,-0.4534791344330391,-2.0,-0.0,2.283083589536524,0.35329120389565033,2.83052617493235,5.6610523498647,0.05242805155845166,119.84395987278886,20.0,1.6479424491164314,-1.9920822050119444,-2.93984582191163,1.0,1.0,1.0,1.1574074074074074
alpha,$\alpha$,0.868,0.22673956721651956,0.9485891686584654,-0.4534791344330391,-2.0,-0.0,2.283083589536524,0.35329120389565033,2.83052617493235,5.6610523498647,0.05242805155845166,119.84395987278886,20.0,1.6403482442817934,-1.9920822050119449,-2.939845821911631,1.0,1.0,1.0,1.1520737327188941
alpha,$\alpha$,0.872,0.22673956721651956,0.9485891686584654,-0.4534791344330391,-2.0,-0.0,2.283083589536524,0.35329120389565033,2.83052617493235,5.6610523498647,0.05242805155845166,119.84395987278886,20.0,1.6328237110511428,-1.9920822050119453,-2.9398458219116312,1.0,1.0,1.0,1.146788990825688
alpha,$\alpha$,0.876,0.22673956721651956,0.9485891686584654,-0.4534791344330391,-2.0,-0.0,2.283083589536524,0.35329120389565033,2.83052617493235,5.6610523498647,0.05242805155845166,119.84395987278886,20.0,1.625367895018946,-1.9920822050119444,-2.93984582191163,1.0,1.0,1.0,1.1415525114155252
alpha,$\alpha$,0.88,0.22673956721651956,0.9485891686584654,-0.4534791344330391,-2.0,-0.0,2.283083589536524,0.35329120389565033,2.83052617493235,5.6610523498647,0.05242805155845166,119.84395987278886,20.0,1.617979859132496,-1.9920822050119449,-2.939845821911631,1.0,1.0,1.0,1.1363636363636362
alpha,$\alpha$,0.884,0.22673956721651956,0.9485891686584654,-0.4534791344330391,-2.0,-0.0,2.283083589536524,0.35329120389565033,2.83052617493235,5.6610523498647,0.05242805155845166,119.84395987278886,20.0,1.6106586832993175,-1.9920822050119444,-2.93984582191163,1.0,1.0,1.0,1.1312217194570136
alpha,$\alpha$,0.888,0.22673956721651956,0.9485891686584654,-0.4534791344330391,-2.0,-0.0,2.283083589536524,0.35329120389565033,2.83052617493235,5.6610523498647,0.05242805155845166,119.84395987278886,20.0,1.6034034640051764,-1.9920822050119444,-2.93984582191163,1.0,1.0,1.0,1.1261261261261262
alpha,$\alpha$,0.892,0.22673956721651956,0.9485891686584654,-0.4534791344330391,-2.0,-0.0,2.283083589536524,0.35329120389565033,2.83052617493235,5.6610523498647,0.05242805155845166,119.84395987278886,20.0,1.5962133139423729,-1.9920822050119449,-2.939845821911631,1.0,1.0,1.0,1.1210762331838564
alpha,$\alpha$,0.896,0.22673956721651956,0.9485891686584654,-0.4534791344330391,-2.0,-0.0,2.283083589536524,0.35329120389565033,2.83052617493235,5.6610523498647,0.05242805155845166,119.84395987278886,20.0,1.5890873616479873,-1.9920822050119444,-2.93984582191163,1.0,1.0,1.0,1.1160714285714286
alpha,$\alpha$,0.9,0.22673956721651956,0.9485891686584654,-0.4534791344330391,-2.0,-0.0,2.283083589536524,0.35329120389565033,2.83052617493235,5.6610523498647,0.05242805155845166,119.84395987278886,20.0,1.582024751151774,-1.9920822050119444,-2.93984582191163,1.0,1.0,1.0,1.1111111111111112
alpha,$\alpha$,0.904,0.22673956721651956,0.9485891686584654,-0.4534791344330391,-2.0,-0.0,2.283083589536524,0.35329120389565033,2.83052617493235,5.6610523498647,0.05242805155845166,119.84395987278886,20.0,1.5750246416334035,-1.9920822050119444,-2.93984582191163,1.0,1.0,1.0,1.106194690265487
alpha,$\alpha$,0.908,0.22673956721651956,0.9485891686584654,-0.4534791344330391,-2.0,-0.0,2.283083589536524,0.35329120389565033,2.83052617493235,5.6610523498647,0.05242805155845166,119.84395987278886,20.0,1.5680862070887627,-1.9920822050119453,-2.9398458219116312,1.0,1.0,1.0,1.1013215859030836
alpha,$\alpha$,0.912,0.22673956721651956,0.9485891686584654,-0.4534791344330391,-2.0,-0.0,2.283083589536524,0.35329120389565033,2.83052617493235,5.6610523498647,0.05242805155845166,119.84395987278886,20.0,1.5612086360050401,-1.9920822050119444,-2.93984582191163,1.0,1.0,1.0,1.0964912280701755
alpha,$\alpha$,0.916,0.22673956721651956,0.9485891686584654,-0.4534791344330391,-2.0,-0.0,2.283083589536524,0.35329120389565033,2.83052617493235,5.6610523498647,0.05242805155845166,119.84395987278886,20.0,1.5543911310443195,-1.9920822050119444,-2.93984582191163,1.0,1.0,1.0,1.091703056768559
alpha,$\alpha$,0.92,0.22673956721651956,0.9485891686584654,-0.4534791344330391,-2.0,-0.0,2.283083589536524,0.35329120389565033,2.83052617493235,5.6610523498647,0.05242805155845166,119.84395987278886,20.0,1.547632908735431,-1.9920822050119444,-2.93984582191163,1.0,1.0,1.0,1.0869565217391304
alpha,$\alpha$,0.924,0.22673956721651956,0.9485891686584654,-0.4534791344330391,-2.0,-0.0,2.283083589536524,0.35329120389565033,2.83052617493235,5.6610523498647,0.05242805155845166,119.84395987278886,20.0,1.540933199173806,-1.9920822050119453,-2.9398458219116312,1.0,1.0,1.0,1.0822510822510822
alpha,$\alpha$,0.928,0.22673956721651956,0.9485891686584654,-0.4534791344330391,-2.0,-0.0,2.283083589536524,0.35329120389565033,2.83052617493235,5.6610523498647,0.05242805155845166,119.84395987278886,20.0,1.5342912457290911,-1.9920822050119444,-2.93984582191163,1.0,1.0,1.0,1.0775862068965516
alpha,$\alpha$,0.932,0.22673956721651956,0.9485891686584654,-0.4534791344330391,-2.0,-0.0,2.283083589536524,0.35329120389565033,2.83052617493235,5.6610523498647,0.05242805155845166,119.84395987278886,20.0,1.5277063047602966,-1.9920822050119444,-2.93984582191163,1.0,1.0,1.0,1.0729613733905579
alpha,$\alpha$,0.936,0.22673956721651956,0.9485891686584654,-0.4534791344330391,-2.0,-0.0,2.283083589536524,0.35329120389565033,2.83052617493235,5.6610523498647,0.05242805155845166,119.84395987278886,20.0,1.5211776453382442,-1.9920822050119444,-2.93984582191163,1.0,1.0,1.0,1.0683760683760684
alpha,$\alpha$,0.9400000000000001,0.22673956721651956,0.9485891686584654,-0.4534791344330391,-2.0,-0.0,2.283083589536524,0.35329120389565033,2.83052617493235,5.6610523498647,0.05242805155845166,119.84395987278886,20.0,1.5147045489751028,-1.9920822050119444,-2.93984582191163,1.0,1.0,1.0,1.0638297872340425
alpha,$\alpha$,0.944,0.22673956721651956,0.9485891686584654,-0.4534791344330391,-2.0,-0.0,2.283083589536524,0.35329120389565033,2.83052617493235,5.6610523498647,0.05242805155845166,119.84395987278886,20.0,1.5082863093608014,-1.9920822050119444,-2.93984582191163,1.0,1.0,1.0,1.0593220338983051
alpha,$\alpha$,0.948,0.22673956721651956,0.9485891686584654,-0.4534791344330391,-2.0,-0.0,2.283083589536524,0.35329120389565033,2.83052617493235,5.6610523498647,0.05242805155845166,119.84395987278886,20.0,1.5019222321061148,-1.9920822050119444,-2.93984582191163,1.0,1.0,1.0,1.0548523206751057
alpha,$\alpha$,0.952,0.22673956721651956,0.9485891686584654,-0.4534791344330391,-2.0,-0.0,2.283083589536524,0.35329120389565033,2.83052617493235,5.6610523498647,0.05242805155845166,119.84395987278886,20.0,1.4956116344922235,-1.9920822050119444,-2.93984582191163,1.0,1.0,1.0,1.050420168067227
alpha,$\alpha$,0.956,0.22673956721651956,0.9485891686584654,-0.4534791344330391,-2.0,-0.0,2.283083589536524,0.35329120389565033,2.83052617493235,5.6610523498647,0.05242805155845166,119.84395987278886,20.0,1.4893538452265658,-1.9920822050119444,-2.93984582191163,1.0,1.0,1.0,1.0460251046025106
alpha,$\alpha$,0.96,0.22673956721651956,0.9485891686584654,-0.4534791344330391,-2.0,-0.0,2.283083589536524,0.35329120389565033,2.83052617493235,5.6610523498647,0.05242805155845166,119.84395987278886,20.0,1.4831482042047883,-1.9920822050119444,-2.93984582191163,1.0,1.0,1.0,1.0416666666666667
alpha,$\alpha$,0.964,0.22673956721651956,0.9485891686584654,-0.4534791344330391,-2.0,-0.0,2.283083589536524,0.35329120389565033,2.83052617493235,5.6610523498647,0.05242805155845166,119.84395987278886,20.0,1.4769940622786273,-1.9920822050119449,-2.939845821911631,1.0,1.0,1.0,1.037344398340249
alpha,$\alpha$,0.968,0.22673956721651956,0.9485891686584654,-0.4534791344330391,-2.0,-0.0,2.283083589536524,0.35329120389565033,2.83052617493235,5.6610523498647,0.05242805155845166,119.84395987278886,20.0,1.470890781029542,-1.9920822050119453,-2.9398458219116312,1.0,1.0,1.0,1.0330578512396695
alpha,$\alpha$,0.972,0.22673956721651956,0.9485891686584654,-0.4534791344330391,-2.0,-0.0,2.283083589536524,0.35329120389565033,2.83052617493235,5.6610523498647,0.05242805155845166,119.84395987278886,20.0,1.464837732547939,-1.9920822050119444,-2.93984582191163,1.0,1.0,1.0,1.02880658436214
alpha,$\alpha$,0.976,0.22673956721651956,0.9485891686584654,-0.4534791344330391,-2.0,-0.0,2.283083589536524,0.35329120389565033,2.83052617493235,5.6610523498647,0.05242805155845166,119.84395987278886,20.0,1.4588342992178245,-1.9920822050119444,-2.93984582191163,1.0,1.0,1.0,1.0245901639344264
alpha,$\alpha$,0.98,0.22673956721651956,0.9485891686584654,-0.4534791344330391,-2.0,-0.0,2.283083589536524,0.35329120389565033,2.83052617493235,5.6610523498647,0.05242805155845166,119.84395987278886,20.0,1.4528798735067312,-1.9920822050119444,-2.93984582191163,1.0,1.0,1.0,1.0204081632653061
alpha,$\alpha$,0.984,0.22673956721651956,0.9485891686584654,-0.4534791344330391,-2.0,-0.0,2.283083589536524,0.35329120389565033,2.83052617493235,5.6610523498647,0.05242805155845166,119.84395987278886,20.0,1.446973857760769,-1.9920822050119453,-2.9398458219116312,1.0,1.0,1.0,1.016260162601626
alpha,$\alpha$,0.988,0.22673956721651956,0.9485891686584654,-0.4534791344330391,-2.0,-0.0,2.283083589536524,0.35329120389565033,2.83052617493235,5.6610523498647,0.05242805155845166,119.84395987278886,20.0,1.4411156640046525,-1.9920822050119444,-2.93984582191163,1.0,1.0,1.0,1.0121457489878543
alpha,$\alpha$,0.992,0.22673956721651956,0.9485891686584654,-0.4534791344330391,-2.0,-0.0,2.283083589536524,0.35329120389565033,2.83052617493235,5.6610523498647,0.05242805155845166,119.84395987278886,20.0,1.435304713746569,-1.9920822050119453,-2.9398458219116312,1.0,1.0,1.0,1.0080645161290323
alpha,$\alpha$,0.996,0.22673956721651956,0.9485891686584654,-0.4534791344330391,-2.0,-0.0,2.283083589536524,0.35329120389565033,2.83052617493235,5.6610523498647,0.05242805155845166,119.84395987278886,20.0,1.4295404377877476,-1.9920822050119444,-2.93984582191163,1.0,1.0,1.0,1.0040160642570282
alpha,$\alpha$,1.0,0.22673956721651956,0.9485891686584654,-0.4534791344330391,-2.0,-0.0,2.283083589536524,0.35329120389565033,2.83052617493235,5.6610523498647,0.05242805155845166,119.84395987278886,20.0,1.4238222760365966,-1.9920822050119444,-2.93984582191163,1.0,1.0,1.0,1.0
alpha,$\alpha$,1.004,0.22673956721651956,0.9485891686584654,-0.4534791344330391,-2.0,-0.0,2.283083589536524,0.35329120389565033,2.83052617493235,5.6610523498647,0.05242805155845166,119.84395987278886,20.0,1.4181496773272875,-1.9920822050119444,-2.93984582191163,1.0,1.0,1.0,0.9960159362549801
alpha,$\alpha$,1.008,0.22673956721651956,0.9485891686584654,-0.4534791344330391,-2.0,-0.0,2.283083589536524,0.35329120389565033,2.83052617493235,5.6610523498647,0.05242805155845166,119.84395987278886,20.0,1.4125220992426555,-1.9920822050119444,-2.93984582191163,1.0,1.0,1.0,0.9920634920634921
alpha,$\alpha$,1.012,0.22673956721651956,0.9485891686584654,-0.4534791344330391,-2.0,-0.0,2.283083589536524,0.35329120389565033,2.83052617493235,5.6610523498647,0.05242805155845166,119.84395987278886,20.0,1.406939007941301,-1.9920822050119453,-2.9398458219116312,1.0,1.0,1.0,0.9881422924901185
alpha,$\alpha$,1.016,0.22673956721651956,0.9485891686584654,-0.4534791344330391,-2.0,-0.0,2.283083589536524,0.35329120389565033,2.83052617493235,5.6610523498647,0.05242805155845166,119.84395987278886,20.0,1.4013998779887762,-1.9920822050119444,-2.93984582191163,1.0,1.0,1.0,0.984251968503937
alpha,$\alpha$,1.02,0.22673956721651956,0.9485891686584654,-0.4534791344330391,-2.0,-0.0,2.283083589536524,0.35329120389565033,2.83052617493235,5.6610523498647,0.05242805155845166,119.84395987278886,20.0,1.3959041921927418,-1.9920822050119444,-2.93984582191163,1.0,1.0,1.0,0.9803921568627451
alpha,$\alpha$,1.024,0.22673956721651956,0.9485891686584654,-0.4534791344330391,-2.0,-0.0,2.283083589536524,0.35329120389565033,2.83052617493235,5.6610523498647,0.05242805155845166,119.84395987278886,20.0,1.3904514414419888,-1.9920822050119449,-2.939845821911631,1.0,1.0,1.0,0.9765625
alpha,$\alpha$,1.028,0.22673956721651956,0.9485891686584654,-0.4534791344330391,-2.0,-0.0,2.283083589536524,0.35329120389565033,2.83052617493235,5.6610523498647,0.05242805155845166,119.84395987278886,20.0,1.3850411245492185,-1.9920822050119444,-2.93984582191163,1.0,1.0,1.0,0.9727626459143969
alpha,$\alpha$,1.032,0.22673956721651956,0.9485891686584654,-0.4534791344330391,-2.0,-0.0,2.283083589536524,0.35329120389565033,2.83052617493235,5.6610523498647,0.05242805155845166,119.84395987278886,20.0,1.3796727480974773,-1.9920822050119453,-2.9398458219116312,1.0,1.0,1.0,0.9689922480620154
alpha,$\alpha$,1.036,0.22673956721651956,0.9485891686584654,-0.4534791344330391,-2.0,-0.0,2.283083589536524,0.35329120389565033,2.83052617493235,5.6610523498647,0.05242805155845166,119.84395987278886,20.0,1.3743458262901511,-1.9920822050119444,-2.93984582191163,1.0,1.0,1.0,0.9652509652509652
alpha,$\alpha$,1.04,0.22673956721651956,0.9485891686584654,-0.4534791344330391,-2.0,-0.0,2.283083589536524,0.35329120389565033,2.83052617493235,5.6610523498647,0.05242805155845166,119.84395987278886,20.0,1.3690598808044199,-1.992082205011944,-2.9398458219116295,1.0,1.0,1.0,0.9615384615384616
alpha,$\alpha$,1.044,0.22673956721651956,0.9485891686584654,-0.4534791344330391,-2.0,-0.0,2.283083589536524,0.35329120389565033,2.83052617493235,5.6610523498647,0.05242805155845166,119.84395987278886,20.0,1.363814440648081,-1.9920822050119444,-2.93984582191163,1.0,1.0,1.0,0.9578544061302682
alpha,$\alpha$,1.048,0.22673956721651956,0.9485891686584654,-0.4534791344330391,-2.0,-0.0,2.283083589536524,0.35329120389565033,2.83052617493235,5.6610523498647,0.05242805155845166,119.84395987278886,20.0,1.3586090420196533,-1.9920822050119444,-2.93984582191163,1.0,1.0,1.0,0.9541984732824428
alpha,$\alpha$,1.052,0.22673956721651956,0.9485891686584654,-0.4534791344330391,-2.0,-0.0,2.283083589536524,0.35329120389565033,2.83052617493235,5.6610523498647,0.05242805155845166,119.84395987278886,20.0,1.3534432281716697,-1.9920822050119449,-2.939845821911631,1.0,1.0,1.0,0.9505703422053231
alpha,$\alpha$,1.056,0.22673956721651956,0.9485891686584654,-0.4534791344330391,-2.0,-0.0,2.283083589536524,0.35329120389565033,2.83052617493235,5.6610523498647,0.05242805155845166,119.84395987278886,20.0,1.3483165492770801,-1.9920822050119444,-2.93984582191163,1.0,1.0,1.0,0.9469696969696969
alpha,$\alpha$,1.06,0.22673956721651956,0.9485891686584654,-0.4534791344330391,-2.0,-0.0,2.283083589536524,0.35329120389565033,2.83052617493235,5.6610523498647,0.05242805155845166,119.84395987278886,20.0,1.343228562298676,-1.9920822050119444,-2.93984582191163,1.0,1.0,1.0,0.9433962264150942
alpha,$\alpha$,1.064,0.22673956721651956,0.9485891686584654,-0.4534791344330391,-2.0,-0.0,2.283083589536524,0.35329120389565033,2.83052617493235,5.6610523498647,0.05242805155845166,119.84395987278886,20.0,1.3381788308614628,-1.9920822050119444,-2.93984582191163,1.0,1.0,1.0,0.9398496240601503
alpha,$\alpha$,1.068,0.22673956721651956,0.9485891686584654,-0.4534791344330391,-2.0,-0.0,2.283083589536524,0.35329120389565033,2.83052617493235,5.6610523498647,0.05242805155845166,119.84395987278886,20.0,1.3331669251278995,-1.9920822050119444,-2.93984582191163,1.0,1.0,1.0,0.9363295880149813
alpha,$\alpha$,1.072,0.22673956721651956,0.9485891686584654,-0.4534791344330391,-2.0,-0.0,2.283083589536524,0.35329120389565033,2.83052617493235,5.6610523498647,0.05242805155845166,119.84395987278886,20.0,1.3281924216759295,-1.9920822050119444,-2.93984582191163,1.0,1.0,1.0,0.9328358208955223
alpha,$\alpha$,1.076,0.22673956721651956,0.9485891686584654,-0.4534791344330391,-2.0,-0.0,2.283083589536524,0.35329120389565033,2.83052617493235,5.6610523498647,0.05242805155845166,119.84395987278886,20.0,1.3232549033797367,-1.9920822050119449,-2.939845821911631,1.0,1.0,1.0,0.9293680297397771
alpha,$\alpha$,1.08,0.22673956721651956,0.9485891686584654,-0.4534791344330391,-2.0,-0.0,2.283083589536524,0.35329120389565033,2.83052617493235,5.6610523498647,0.05242805155845166,119.84395987278886,20.0,1.318353959293145,-1.9920822050119453,-2.9398458219116312,1.0,1.0,1.0,0.9259259259259259
alpha,$\alpha$,1.084,0.22673956721651956,0.9485891686584654,-0.4534791344330391,-2.0,-0.0,2.283083589536524,0.35329120389565033,2.83052617493235,5.6610523498647,0.05242805155845166,119.84395987278886,20.0,1.3134891845356056,-1.9920822050119444,-2.93984582191163,1.0,1.0,1.0,0.9225092250922509
alpha,$\alpha$,1.088,0.22673956721651956,0.9485891686584654,-0.4534791344330391,-2.0,-0.0,2.283083589536524,0.35329120389565033,2.83052617493235,5.6610523498647,0.05242805155845166,119.84395987278886,20.0,1.3086601801806954,-1.9920822050119444,-2.93984582191163,1.0,1.0,1.0,0.9191176470588235
alpha,$\alpha$,1.092,0.22673956721651956,0.9485891686584654,-0.4534791344330391,-2.0,-0.0,2.283083589536524,0.35329120389565033,2.83052617493235,5.6610523498647,0.05242805155845166,119.84395987278886,20.0,1.3038665531470663,-1.9920822050119444,-2.93984582191163,1.0,1.0,1.0,0.9157509157509156
alpha,$\alpha$,1.096,0.22673956721651956,0.9485891686584654,-0.4534791344330391,-2.0,-0.0,2.283083589536524,0.35329120389565033,2.83052617493235,5.6610523498647,0.05242805155845166,119.84395987278886,20.0,1.299107916091785,-1.9920822050119444,-2.93984582191163,1.0,1.0,1.0,0.9124087591240875
alpha,$\alpha$,1.1,0.22673956721651956,0.9485891686584654,-0.4534791344330391,-2.0,-0.0,2.283083589536524,0.35329120389565033,2.83052617493235,5.6610523498647,0.05242805155845166,119.84395987278886,20.0,1.2943838873059967,-1.9920822050119449,-2.939845821911631,1.0,1.0,1.0,0.909090909090909
alpha,$\alpha$,1.104,0.22673956721651956,0.9485891686584654,-0.4534791344330391,-2.0,-0.0,2.283083589536524,0.35329120389565033,2.83052617493235,5.6610523498647,0.05242805155845166,119.84395987278886,20.0,1.2896940906128591,-1.9920822050119449,-2.939845821911631,1.0,1.0,1.0,0.9057971014492753
alpha,$\alpha$,1.108,0.22673956721651956,0.9485891686584654,-0.4534791344330391,-2.0,-0.0,2.283083589536524,0.35329120389565033,2.83052617493235,5.6610523498647,0.05242805155845166,119.84395987278886,20.0,1.2850381552676864,-1.9920822050119444,-2.93984582191163,1.0,1.0,1.0,0.9025270758122743
alpha,$\alpha$,1.112,0.22673956721651956,0.9485891686584654,-0.4534791344330391,-2.0,-0.0,2.283083589536524,0.35329120389565033,2.83052617493235,5.6610523498647,0.05242805155845166,119.84395987278886,20.0,1.2804157158602487,-1.9920822050119444,-2.93984582191163,1.0,1.0,1.0,0.8992805755395683
alpha,$\alpha$,1.116,0.22673956721651956,0.9485891686584654,-0.4534791344330391,-2.0,-0.0,2.283083589536524,0.35329120389565033,2.83052617493235,5.6610523498647,0.05242805155845166,119.84395987278886,20.0,1.2758264122191725,-1.9920822050119444,-2.93984582191163,1.0,1.0,1.0,0.8960573476702508
alpha,$\alpha$,1.12,0.22673956721651956,0.9485891686584654,-0.4534791344330391,-2.0,-0.0,2.283083589536524,0.35329120389565033,2.83052617493235,5.6610523498647,0.05242805155845166,119.84395987278886,20.0,1.2712698893183898,-1.9920822050119444,-2.93984582191163,1.0,1.0,1.0,0.8928571428571428
alpha,$\alpha$,1.124,0.22673956721651956,0.9485891686584654,-0.4534791344330391,-2.0,-0.0,2.283083589536524,0.35329120389565033,2.83052617493235,5.6610523498647,0.05242805155845166,119.84395987278886,20.0,1.266745797185584,-1.9920822050119444,-2.93984582191163,1.0,1.0,1.0,0.889679715302491
alpha,$\alpha$,1.1280000000000001,0.22673956721651956,0.9485891686584654,-0.4534791344330391,-2.0,-0.0,2.283083589536524,0.35329120389565033,2.83052617493235,5.6610523498647,0.05242805155845166,119.84395987278886,20.0,1.2622537908125855,-1.9920822050119444,-2.93984582191163,1.0,1.0,1.0,0.8865248226950353
alpha,$\alpha$,1.1320000000000001,0.22673956721651956,0.9485891686584654,-0.4534791344330391,-2.0,-0.0,2.283083589536524,0.35329120389565033,2.83052617493235,5.6610523498647,0.05242805155845166,119.84395987278886,20.0,1.2577935300676648,-1.9920822050119449,-2.939845821911631,1.0,1.0,1.0,0.8833922261484098
alpha,$\alpha$,1.136,0.22673956721651956,0.9485891686584654,-0.4534791344330391,-2.0,-0.0,2.283083589536524,0.35329120389565033,2.83052617493235,5.6610523498647,0.05242805155845166,119.84395987278886,20.0,1.2533646796096802,-1.9920822050119444,-2.93984582191163,1.0,1.0,1.0,0.8802816901408451
alpha,$\alpha$,1.14,0.22673956721651956,0.9485891686584654,-0.4534791344330391,-2.0,-0.0,2.283083589536524,0.35329120389565033,2.83052617493235,5.6610523498647,0.05242805155845166,119.84395987278886,20.0,1.2489669088040323,-1.9920822050119449,-2.939845821911631,1.0,1.0,1.0,0.8771929824561404
alpha,$\alpha$,1.144,0.22673956721651956,0.9485891686584654,-0.4534791344330391,-2.0,-0.0,2.283083589536524,0.35329120389565033,2.83052617493235,5.6610523498647,0.05242805155845166,119.84395987278886,20.0,1.2445998916403818,-1.9920822050119444,-2.93984582191163,1.0,1.0,1.0,0.8741258741258742
alpha,$\alpha$,1.148,0.22673956721651956,0.9485891686584654,-0.4534791344330391,-2.0,-0.0,2.283083589536524,0.35329120389565033,2.83052617493235,5.6610523498647,0.05242805155845166,119.84395987278886,20.0,1.2402633066520878,-1.9920822050119444,-2.93984582191163,1.0,1.0,1.0,0.8710801393728225
alpha,$\alpha$,1.152,0.22673956721651956,0.9485891686584654,-0.4534791344330391,-2.0,-0.0,2.283083589536524,0.35329120389565033,2.83052617493235,5.6610523498647,0.05242805155845166,119.84395987278886,20.0,1.2359568368373235,-1.9920822050119449,-2.939845821911631,1.0,1.0,1.0,0.8680555555555556
alpha,$\alpha$,1.156,0.22673956721651956,0.9485891686584654,-0.4534791344330391,-2.0,-0.0,2.283083589536524,0.35329120389565033,2.83052617493235,5.6610523498647,0.05242805155845166,119.84395987278886,20.0,1.2316801695818311,-1.9920822050119444,-2.93984582191163,1.0,1.0,1.0,0.865051903114187
alpha,$\alpha$,1.16,0.22673956721651956,0.9485891686584654,-0.4534791344330391,-2.0,-0.0,2.283083589536524,0.35329120389565033,2.83052617493235,5.6610523498647,0.05242805155845166,119.84395987278886,20.0,1.227432996583273,-1.9920822050119449,-2.939845821911631,1.0,1.0,1.0,0.8620689655172414
alpha,$\alpha$,1.164,0.22673956721651956,0.9485891686584654,-0.4534791344330391,-2.0,-0.0,2.283083589536524,0.35329120389565033,2.83052617493235,5.6610523498647,0.05242805155845166,119.84395987278886,20.0,1.223215013777145,-1.9920822050119444,-2.93984582191163,1.0,1.0,1.0,0.859106529209622
alpha,$\alpha$,1.168,0.22673956721651956,0.9485891686584654,-0.4534791344330391,-2.0,-0.0,2.283083589536524,0.35329120389565033,2.83052617493235,5.6610523498647,0.05242805155845166,119.84395987278886,20.0,1.2190259212642096,-1.9920822050119444,-2.93984582191163,1.0,1.0,1.0,0.8561643835616439
alpha,$\alpha$,1.172,0.22673956721651956,0.9485891686584654,-0.4534791344330391,-2.0,-0.0,2.283083589536524,0.35329120389565033,2.83052617493235,5.6610523498647,0.05242805155845166,119.84395987278886,20.0,1.214865423239417,-1.9920822050119444,-2.93984582191163,1.0,1.0,1.0,0.8532423208191127
alpha,$\alpha$,1.176,0.22673956721651956,0.9485891686584654,-0.4534791344330391,-2.0,-0.0,2.283083589536524,0.35329120389565033,2.83052617493235,5.6610523498647,0.05242805155845166,119.84395987278886,20.0,1.210733227922276,-1.9920822050119449,-2.939845821911631,1.0,1.0,1.0,0.8503401360544217
alpha,$\alpha$,1.18,0.22673956721651956,0.9485891686584654,-0.4534791344330391,-2.0,-0.0,2.283083589536524,0.35329120389565033,2.83052617493235,5.6610523498647,0.05242805155845166,119.84395987278886,20.0,1.2066290474886414,-1.9920822050119449,-2.939845821911631,1.0,1.0,1.0,0.8474576271186443
alpha,$\alpha$,1.184,0.22673956721651956,0.9485891686584654,-0.4534791344330391,-2.0,-0.0,2.283083589536524,0.35329120389565033,2.83052617493235,5.6610523498647,0.05242805155845166,119.84395987278886,20.0,1.2025525980038823,-1.9920822050119444,-2.93984582191163,1.0,1.0,1.0,0.8445945945945946
alpha,$\alpha$,1.188,0.22673956721651956,0.9485891686584654,-0.4534791344330391,-2.0,-0.0,2.283083589536524,0.35329120389565033,2.83052617493235,5.6610523498647,0.05242805155845166,119.84395987278886,20.0,1.1985035993574047,-1.9920822050119444,-2.93984582191163,1.0,1.0,1.0,0.8417508417508418
alpha,$\alpha$,1.192,0.22673956721651956,0.9485891686584654,-0.4534791344330391,-2.0,-0.0,2.283083589536524,0.35329120389565033,2.83052617493235,5.6610523498647,0.05242805155845166,119.84395987278886,20.0,1.194481775198487,-1.9920822050119453,-2.9398458219116312,1.0,1.0,1.0,0.8389261744966443
alpha,$\alpha$,1.196,0.22673956721651956,0.9485891686584654,-0.4534791344330391,-2.0,-0.0,2.283083589536524,0.35329120389565033,2.83052617493235,5.6610523498647,0.05242805155845166,119.84395987278886,20.0,1.1904868528734085,-1.9920822050119444,-2.93984582191163,1.0,1.0,1.0,0.8361204013377926
alpha,$\alpha$,1.2,0.22673956721651956,0.9485891686584654,-0.4534791344330391,-2.0,-0.0,2.283083589536524,0.35329120389565033,2.83052617493235,5.6610523498647,0.05242805155845166,119.84395987278886,20.0,1.1865185633638307,-1.9920822050119444,-2.93984582191163,1.0,1.0,1.0,0.8333333333333335
